{"id": "RWvi4Vx4CDc", "uploader": "MIT OpenCourseWare", "uploader_id": "MIT", "uploader_url": "http://www.youtube.com/user/MIT", "channel_id": "UCEBb1b_L6zDS3xTUrIALZOw", "channel_url": "http://www.youtube.com/channel/UCEBb1b_L6zDS3xTUrIALZOw", "upload_date": "20090506", "license": null, "creator": null, "title": "Lec 34 | MIT 18.06 Linear Algebra, Spring 2005", "alt_title": null, "thumbnail": "https://i.ytimg.com/vi/RWvi4Vx4CDc/hqdefault.jpg", "description": "Lecture 34: Final Course Review.\nView the complete course at: http://ocw.mit.edu/18-06S05\n\nLicense: Creative Commons BY-NC-SA\nMore information at http://ocw.mit.edu/terms\nMore courses at http://ocw.mit.edu", "categories": ["Education"], "tags": ["matrix theory", "linear algebra", "systems of equations", "vector spaces", "determinants", "eigenvalues", "similarity", "positive definite matrices", "least-squares approximations", "networks", "Fourier transforms", "Markov processes"], "subtitles": {"en": [{"url": "https://www.youtube.com/api/timedtext?lang=en&v=RWvi4Vx4CDc&fmt=ttml&name=CC", "ext": "ttml"}, {"url": "https://www.youtube.com/api/timedtext?lang=en&v=RWvi4Vx4CDc&fmt=vtt&name=CC", "ext": "vtt"}]}, "automatic_captions": {"af": [{"url": "https://www.youtube.com/api/timedtext?hl=en&v=RWvi4Vx4CDc&xoaf=1&expire=1542508249&caps=asr&sparams=asr_langs%2Ccaps%2Cv%2Cxoaf%2Cxorp%2Cexpire&xorp=True&asr_langs=pt%2Cen%2Cfr%2Ces%2Cnl%2Cja%2Cko%2Cru%2Cde%2Cit&signature=E8A0E84F95DAF50FC665884D2D3841EC3FB5F568.31524DCB2F079E0BD74022D057A3E5D471F6F04D&key=yttt1&kind=asr&lang=en&tlang=af&fmt=ttml", "ext": "ttml"}, {"url": "https://www.youtube.com/api/timedtext?hl=en&v=RWvi4Vx4CDc&xoaf=1&expire=1542508249&caps=asr&sparams=asr_langs%2Ccaps%2Cv%2Cxoaf%2Cxorp%2Cexpire&xorp=True&asr_langs=pt%2Cen%2Cfr%2Ces%2Cnl%2Cja%2Cko%2Cru%2Cde%2Cit&signature=E8A0E84F95DAF50FC665884D2D3841EC3FB5F568.31524DCB2F079E0BD74022D057A3E5D471F6F04D&key=yttt1&kind=asr&lang=en&tlang=af&fmt=vtt", "ext": "vtt"}], "sq": [{"url": "https://www.youtube.com/api/timedtext?hl=en&v=RWvi4Vx4CDc&xoaf=1&expire=1542508249&caps=asr&sparams=asr_langs%2Ccaps%2Cv%2Cxoaf%2Cxorp%2Cexpire&xorp=True&asr_langs=pt%2Cen%2Cfr%2Ces%2Cnl%2Cja%2Cko%2Cru%2Cde%2Cit&signature=E8A0E84F95DAF50FC665884D2D3841EC3FB5F568.31524DCB2F079E0BD74022D057A3E5D471F6F04D&key=yttt1&kind=asr&lang=en&tlang=sq&fmt=ttml", "ext": "ttml"}, {"url": "https://www.youtube.com/api/timedtext?hl=en&v=RWvi4Vx4CDc&xoaf=1&expire=1542508249&caps=asr&sparams=asr_langs%2Ccaps%2Cv%2Cxoaf%2Cxorp%2Cexpire&xorp=True&asr_langs=pt%2Cen%2Cfr%2Ces%2Cnl%2Cja%2Cko%2Cru%2Cde%2Cit&signature=E8A0E84F95DAF50FC665884D2D3841EC3FB5F568.31524DCB2F079E0BD74022D057A3E5D471F6F04D&key=yttt1&kind=asr&lang=en&tlang=sq&fmt=vtt", "ext": "vtt"}], "am": [{"url": "https://www.youtube.com/api/timedtext?hl=en&v=RWvi4Vx4CDc&xoaf=1&expire=1542508249&caps=asr&sparams=asr_langs%2Ccaps%2Cv%2Cxoaf%2Cxorp%2Cexpire&xorp=True&asr_langs=pt%2Cen%2Cfr%2Ces%2Cnl%2Cja%2Cko%2Cru%2Cde%2Cit&signature=E8A0E84F95DAF50FC665884D2D3841EC3FB5F568.31524DCB2F079E0BD74022D057A3E5D471F6F04D&key=yttt1&kind=asr&lang=en&tlang=am&fmt=ttml", "ext": "ttml"}, {"url": "https://www.youtube.com/api/timedtext?hl=en&v=RWvi4Vx4CDc&xoaf=1&expire=1542508249&caps=asr&sparams=asr_langs%2Ccaps%2Cv%2Cxoaf%2Cxorp%2Cexpire&xorp=True&asr_langs=pt%2Cen%2Cfr%2Ces%2Cnl%2Cja%2Cko%2Cru%2Cde%2Cit&signature=E8A0E84F95DAF50FC665884D2D3841EC3FB5F568.31524DCB2F079E0BD74022D057A3E5D471F6F04D&key=yttt1&kind=asr&lang=en&tlang=am&fmt=vtt", "ext": "vtt"}], "ar": [{"url": "https://www.youtube.com/api/timedtext?hl=en&v=RWvi4Vx4CDc&xoaf=1&expire=1542508249&caps=asr&sparams=asr_langs%2Ccaps%2Cv%2Cxoaf%2Cxorp%2Cexpire&xorp=True&asr_langs=pt%2Cen%2Cfr%2Ces%2Cnl%2Cja%2Cko%2Cru%2Cde%2Cit&signature=E8A0E84F95DAF50FC665884D2D3841EC3FB5F568.31524DCB2F079E0BD74022D057A3E5D471F6F04D&key=yttt1&kind=asr&lang=en&tlang=ar&fmt=ttml", "ext": "ttml"}, {"url": "https://www.youtube.com/api/timedtext?hl=en&v=RWvi4Vx4CDc&xoaf=1&expire=1542508249&caps=asr&sparams=asr_langs%2Ccaps%2Cv%2Cxoaf%2Cxorp%2Cexpire&xorp=True&asr_langs=pt%2Cen%2Cfr%2Ces%2Cnl%2Cja%2Cko%2Cru%2Cde%2Cit&signature=E8A0E84F95DAF50FC665884D2D3841EC3FB5F568.31524DCB2F079E0BD74022D057A3E5D471F6F04D&key=yttt1&kind=asr&lang=en&tlang=ar&fmt=vtt", "ext": "vtt"}], "hy": [{"url": "https://www.youtube.com/api/timedtext?hl=en&v=RWvi4Vx4CDc&xoaf=1&expire=1542508249&caps=asr&sparams=asr_langs%2Ccaps%2Cv%2Cxoaf%2Cxorp%2Cexpire&xorp=True&asr_langs=pt%2Cen%2Cfr%2Ces%2Cnl%2Cja%2Cko%2Cru%2Cde%2Cit&signature=E8A0E84F95DAF50FC665884D2D3841EC3FB5F568.31524DCB2F079E0BD74022D057A3E5D471F6F04D&key=yttt1&kind=asr&lang=en&tlang=hy&fmt=ttml", "ext": "ttml"}, {"url": "https://www.youtube.com/api/timedtext?hl=en&v=RWvi4Vx4CDc&xoaf=1&expire=1542508249&caps=asr&sparams=asr_langs%2Ccaps%2Cv%2Cxoaf%2Cxorp%2Cexpire&xorp=True&asr_langs=pt%2Cen%2Cfr%2Ces%2Cnl%2Cja%2Cko%2Cru%2Cde%2Cit&signature=E8A0E84F95DAF50FC665884D2D3841EC3FB5F568.31524DCB2F079E0BD74022D057A3E5D471F6F04D&key=yttt1&kind=asr&lang=en&tlang=hy&fmt=vtt", "ext": "vtt"}], "az": [{"url": "https://www.youtube.com/api/timedtext?hl=en&v=RWvi4Vx4CDc&xoaf=1&expire=1542508249&caps=asr&sparams=asr_langs%2Ccaps%2Cv%2Cxoaf%2Cxorp%2Cexpire&xorp=True&asr_langs=pt%2Cen%2Cfr%2Ces%2Cnl%2Cja%2Cko%2Cru%2Cde%2Cit&signature=E8A0E84F95DAF50FC665884D2D3841EC3FB5F568.31524DCB2F079E0BD74022D057A3E5D471F6F04D&key=yttt1&kind=asr&lang=en&tlang=az&fmt=ttml", "ext": "ttml"}, {"url": "https://www.youtube.com/api/timedtext?hl=en&v=RWvi4Vx4CDc&xoaf=1&expire=1542508249&caps=asr&sparams=asr_langs%2Ccaps%2Cv%2Cxoaf%2Cxorp%2Cexpire&xorp=True&asr_langs=pt%2Cen%2Cfr%2Ces%2Cnl%2Cja%2Cko%2Cru%2Cde%2Cit&signature=E8A0E84F95DAF50FC665884D2D3841EC3FB5F568.31524DCB2F079E0BD74022D057A3E5D471F6F04D&key=yttt1&kind=asr&lang=en&tlang=az&fmt=vtt", "ext": "vtt"}], "bn": [{"url": "https://www.youtube.com/api/timedtext?hl=en&v=RWvi4Vx4CDc&xoaf=1&expire=1542508249&caps=asr&sparams=asr_langs%2Ccaps%2Cv%2Cxoaf%2Cxorp%2Cexpire&xorp=True&asr_langs=pt%2Cen%2Cfr%2Ces%2Cnl%2Cja%2Cko%2Cru%2Cde%2Cit&signature=E8A0E84F95DAF50FC665884D2D3841EC3FB5F568.31524DCB2F079E0BD74022D057A3E5D471F6F04D&key=yttt1&kind=asr&lang=en&tlang=bn&fmt=ttml", "ext": "ttml"}, {"url": "https://www.youtube.com/api/timedtext?hl=en&v=RWvi4Vx4CDc&xoaf=1&expire=1542508249&caps=asr&sparams=asr_langs%2Ccaps%2Cv%2Cxoaf%2Cxorp%2Cexpire&xorp=True&asr_langs=pt%2Cen%2Cfr%2Ces%2Cnl%2Cja%2Cko%2Cru%2Cde%2Cit&signature=E8A0E84F95DAF50FC665884D2D3841EC3FB5F568.31524DCB2F079E0BD74022D057A3E5D471F6F04D&key=yttt1&kind=asr&lang=en&tlang=bn&fmt=vtt", "ext": "vtt"}], "eu": [{"url": "https://www.youtube.com/api/timedtext?hl=en&v=RWvi4Vx4CDc&xoaf=1&expire=1542508249&caps=asr&sparams=asr_langs%2Ccaps%2Cv%2Cxoaf%2Cxorp%2Cexpire&xorp=True&asr_langs=pt%2Cen%2Cfr%2Ces%2Cnl%2Cja%2Cko%2Cru%2Cde%2Cit&signature=E8A0E84F95DAF50FC665884D2D3841EC3FB5F568.31524DCB2F079E0BD74022D057A3E5D471F6F04D&key=yttt1&kind=asr&lang=en&tlang=eu&fmt=ttml", "ext": "ttml"}, {"url": "https://www.youtube.com/api/timedtext?hl=en&v=RWvi4Vx4CDc&xoaf=1&expire=1542508249&caps=asr&sparams=asr_langs%2Ccaps%2Cv%2Cxoaf%2Cxorp%2Cexpire&xorp=True&asr_langs=pt%2Cen%2Cfr%2Ces%2Cnl%2Cja%2Cko%2Cru%2Cde%2Cit&signature=E8A0E84F95DAF50FC665884D2D3841EC3FB5F568.31524DCB2F079E0BD74022D057A3E5D471F6F04D&key=yttt1&kind=asr&lang=en&tlang=eu&fmt=vtt", "ext": "vtt"}], "be": [{"url": "https://www.youtube.com/api/timedtext?hl=en&v=RWvi4Vx4CDc&xoaf=1&expire=1542508249&caps=asr&sparams=asr_langs%2Ccaps%2Cv%2Cxoaf%2Cxorp%2Cexpire&xorp=True&asr_langs=pt%2Cen%2Cfr%2Ces%2Cnl%2Cja%2Cko%2Cru%2Cde%2Cit&signature=E8A0E84F95DAF50FC665884D2D3841EC3FB5F568.31524DCB2F079E0BD74022D057A3E5D471F6F04D&key=yttt1&kind=asr&lang=en&tlang=be&fmt=ttml", "ext": "ttml"}, {"url": "https://www.youtube.com/api/timedtext?hl=en&v=RWvi4Vx4CDc&xoaf=1&expire=1542508249&caps=asr&sparams=asr_langs%2Ccaps%2Cv%2Cxoaf%2Cxorp%2Cexpire&xorp=True&asr_langs=pt%2Cen%2Cfr%2Ces%2Cnl%2Cja%2Cko%2Cru%2Cde%2Cit&signature=E8A0E84F95DAF50FC665884D2D3841EC3FB5F568.31524DCB2F079E0BD74022D057A3E5D471F6F04D&key=yttt1&kind=asr&lang=en&tlang=be&fmt=vtt", "ext": "vtt"}], "bs": [{"url": "https://www.youtube.com/api/timedtext?hl=en&v=RWvi4Vx4CDc&xoaf=1&expire=1542508249&caps=asr&sparams=asr_langs%2Ccaps%2Cv%2Cxoaf%2Cxorp%2Cexpire&xorp=True&asr_langs=pt%2Cen%2Cfr%2Ces%2Cnl%2Cja%2Cko%2Cru%2Cde%2Cit&signature=E8A0E84F95DAF50FC665884D2D3841EC3FB5F568.31524DCB2F079E0BD74022D057A3E5D471F6F04D&key=yttt1&kind=asr&lang=en&tlang=bs&fmt=ttml", "ext": "ttml"}, {"url": "https://www.youtube.com/api/timedtext?hl=en&v=RWvi4Vx4CDc&xoaf=1&expire=1542508249&caps=asr&sparams=asr_langs%2Ccaps%2Cv%2Cxoaf%2Cxorp%2Cexpire&xorp=True&asr_langs=pt%2Cen%2Cfr%2Ces%2Cnl%2Cja%2Cko%2Cru%2Cde%2Cit&signature=E8A0E84F95DAF50FC665884D2D3841EC3FB5F568.31524DCB2F079E0BD74022D057A3E5D471F6F04D&key=yttt1&kind=asr&lang=en&tlang=bs&fmt=vtt", "ext": "vtt"}], "bg": [{"url": "https://www.youtube.com/api/timedtext?hl=en&v=RWvi4Vx4CDc&xoaf=1&expire=1542508249&caps=asr&sparams=asr_langs%2Ccaps%2Cv%2Cxoaf%2Cxorp%2Cexpire&xorp=True&asr_langs=pt%2Cen%2Cfr%2Ces%2Cnl%2Cja%2Cko%2Cru%2Cde%2Cit&signature=E8A0E84F95DAF50FC665884D2D3841EC3FB5F568.31524DCB2F079E0BD74022D057A3E5D471F6F04D&key=yttt1&kind=asr&lang=en&tlang=bg&fmt=ttml", "ext": "ttml"}, {"url": "https://www.youtube.com/api/timedtext?hl=en&v=RWvi4Vx4CDc&xoaf=1&expire=1542508249&caps=asr&sparams=asr_langs%2Ccaps%2Cv%2Cxoaf%2Cxorp%2Cexpire&xorp=True&asr_langs=pt%2Cen%2Cfr%2Ces%2Cnl%2Cja%2Cko%2Cru%2Cde%2Cit&signature=E8A0E84F95DAF50FC665884D2D3841EC3FB5F568.31524DCB2F079E0BD74022D057A3E5D471F6F04D&key=yttt1&kind=asr&lang=en&tlang=bg&fmt=vtt", "ext": "vtt"}], "my": [{"url": "https://www.youtube.com/api/timedtext?hl=en&v=RWvi4Vx4CDc&xoaf=1&expire=1542508249&caps=asr&sparams=asr_langs%2Ccaps%2Cv%2Cxoaf%2Cxorp%2Cexpire&xorp=True&asr_langs=pt%2Cen%2Cfr%2Ces%2Cnl%2Cja%2Cko%2Cru%2Cde%2Cit&signature=E8A0E84F95DAF50FC665884D2D3841EC3FB5F568.31524DCB2F079E0BD74022D057A3E5D471F6F04D&key=yttt1&kind=asr&lang=en&tlang=my&fmt=ttml", "ext": "ttml"}, {"url": "https://www.youtube.com/api/timedtext?hl=en&v=RWvi4Vx4CDc&xoaf=1&expire=1542508249&caps=asr&sparams=asr_langs%2Ccaps%2Cv%2Cxoaf%2Cxorp%2Cexpire&xorp=True&asr_langs=pt%2Cen%2Cfr%2Ces%2Cnl%2Cja%2Cko%2Cru%2Cde%2Cit&signature=E8A0E84F95DAF50FC665884D2D3841EC3FB5F568.31524DCB2F079E0BD74022D057A3E5D471F6F04D&key=yttt1&kind=asr&lang=en&tlang=my&fmt=vtt", "ext": "vtt"}], "ca": [{"url": "https://www.youtube.com/api/timedtext?hl=en&v=RWvi4Vx4CDc&xoaf=1&expire=1542508249&caps=asr&sparams=asr_langs%2Ccaps%2Cv%2Cxoaf%2Cxorp%2Cexpire&xorp=True&asr_langs=pt%2Cen%2Cfr%2Ces%2Cnl%2Cja%2Cko%2Cru%2Cde%2Cit&signature=E8A0E84F95DAF50FC665884D2D3841EC3FB5F568.31524DCB2F079E0BD74022D057A3E5D471F6F04D&key=yttt1&kind=asr&lang=en&tlang=ca&fmt=ttml", "ext": "ttml"}, {"url": "https://www.youtube.com/api/timedtext?hl=en&v=RWvi4Vx4CDc&xoaf=1&expire=1542508249&caps=asr&sparams=asr_langs%2Ccaps%2Cv%2Cxoaf%2Cxorp%2Cexpire&xorp=True&asr_langs=pt%2Cen%2Cfr%2Ces%2Cnl%2Cja%2Cko%2Cru%2Cde%2Cit&signature=E8A0E84F95DAF50FC665884D2D3841EC3FB5F568.31524DCB2F079E0BD74022D057A3E5D471F6F04D&key=yttt1&kind=asr&lang=en&tlang=ca&fmt=vtt", "ext": "vtt"}], "ceb": [{"url": "https://www.youtube.com/api/timedtext?hl=en&v=RWvi4Vx4CDc&xoaf=1&expire=1542508249&caps=asr&sparams=asr_langs%2Ccaps%2Cv%2Cxoaf%2Cxorp%2Cexpire&xorp=True&asr_langs=pt%2Cen%2Cfr%2Ces%2Cnl%2Cja%2Cko%2Cru%2Cde%2Cit&signature=E8A0E84F95DAF50FC665884D2D3841EC3FB5F568.31524DCB2F079E0BD74022D057A3E5D471F6F04D&key=yttt1&kind=asr&lang=en&tlang=ceb&fmt=ttml", "ext": "ttml"}, {"url": "https://www.youtube.com/api/timedtext?hl=en&v=RWvi4Vx4CDc&xoaf=1&expire=1542508249&caps=asr&sparams=asr_langs%2Ccaps%2Cv%2Cxoaf%2Cxorp%2Cexpire&xorp=True&asr_langs=pt%2Cen%2Cfr%2Ces%2Cnl%2Cja%2Cko%2Cru%2Cde%2Cit&signature=E8A0E84F95DAF50FC665884D2D3841EC3FB5F568.31524DCB2F079E0BD74022D057A3E5D471F6F04D&key=yttt1&kind=asr&lang=en&tlang=ceb&fmt=vtt", "ext": "vtt"}], "zh-Hans": [{"url": "https://www.youtube.com/api/timedtext?hl=en&v=RWvi4Vx4CDc&xoaf=1&expire=1542508249&caps=asr&sparams=asr_langs%2Ccaps%2Cv%2Cxoaf%2Cxorp%2Cexpire&xorp=True&asr_langs=pt%2Cen%2Cfr%2Ces%2Cnl%2Cja%2Cko%2Cru%2Cde%2Cit&signature=E8A0E84F95DAF50FC665884D2D3841EC3FB5F568.31524DCB2F079E0BD74022D057A3E5D471F6F04D&key=yttt1&kind=asr&lang=en&tlang=zh-Hans&fmt=ttml", "ext": "ttml"}, {"url": "https://www.youtube.com/api/timedtext?hl=en&v=RWvi4Vx4CDc&xoaf=1&expire=1542508249&caps=asr&sparams=asr_langs%2Ccaps%2Cv%2Cxoaf%2Cxorp%2Cexpire&xorp=True&asr_langs=pt%2Cen%2Cfr%2Ces%2Cnl%2Cja%2Cko%2Cru%2Cde%2Cit&signature=E8A0E84F95DAF50FC665884D2D3841EC3FB5F568.31524DCB2F079E0BD74022D057A3E5D471F6F04D&key=yttt1&kind=asr&lang=en&tlang=zh-Hans&fmt=vtt", "ext": "vtt"}], "zh-Hant": [{"url": "https://www.youtube.com/api/timedtext?hl=en&v=RWvi4Vx4CDc&xoaf=1&expire=1542508249&caps=asr&sparams=asr_langs%2Ccaps%2Cv%2Cxoaf%2Cxorp%2Cexpire&xorp=True&asr_langs=pt%2Cen%2Cfr%2Ces%2Cnl%2Cja%2Cko%2Cru%2Cde%2Cit&signature=E8A0E84F95DAF50FC665884D2D3841EC3FB5F568.31524DCB2F079E0BD74022D057A3E5D471F6F04D&key=yttt1&kind=asr&lang=en&tlang=zh-Hant&fmt=ttml", "ext": "ttml"}, {"url": "https://www.youtube.com/api/timedtext?hl=en&v=RWvi4Vx4CDc&xoaf=1&expire=1542508249&caps=asr&sparams=asr_langs%2Ccaps%2Cv%2Cxoaf%2Cxorp%2Cexpire&xorp=True&asr_langs=pt%2Cen%2Cfr%2Ces%2Cnl%2Cja%2Cko%2Cru%2Cde%2Cit&signature=E8A0E84F95DAF50FC665884D2D3841EC3FB5F568.31524DCB2F079E0BD74022D057A3E5D471F6F04D&key=yttt1&kind=asr&lang=en&tlang=zh-Hant&fmt=vtt", "ext": "vtt"}], "co": [{"url": "https://www.youtube.com/api/timedtext?hl=en&v=RWvi4Vx4CDc&xoaf=1&expire=1542508249&caps=asr&sparams=asr_langs%2Ccaps%2Cv%2Cxoaf%2Cxorp%2Cexpire&xorp=True&asr_langs=pt%2Cen%2Cfr%2Ces%2Cnl%2Cja%2Cko%2Cru%2Cde%2Cit&signature=E8A0E84F95DAF50FC665884D2D3841EC3FB5F568.31524DCB2F079E0BD74022D057A3E5D471F6F04D&key=yttt1&kind=asr&lang=en&tlang=co&fmt=ttml", "ext": "ttml"}, {"url": "https://www.youtube.com/api/timedtext?hl=en&v=RWvi4Vx4CDc&xoaf=1&expire=1542508249&caps=asr&sparams=asr_langs%2Ccaps%2Cv%2Cxoaf%2Cxorp%2Cexpire&xorp=True&asr_langs=pt%2Cen%2Cfr%2Ces%2Cnl%2Cja%2Cko%2Cru%2Cde%2Cit&signature=E8A0E84F95DAF50FC665884D2D3841EC3FB5F568.31524DCB2F079E0BD74022D057A3E5D471F6F04D&key=yttt1&kind=asr&lang=en&tlang=co&fmt=vtt", "ext": "vtt"}], "hr": [{"url": "https://www.youtube.com/api/timedtext?hl=en&v=RWvi4Vx4CDc&xoaf=1&expire=1542508249&caps=asr&sparams=asr_langs%2Ccaps%2Cv%2Cxoaf%2Cxorp%2Cexpire&xorp=True&asr_langs=pt%2Cen%2Cfr%2Ces%2Cnl%2Cja%2Cko%2Cru%2Cde%2Cit&signature=E8A0E84F95DAF50FC665884D2D3841EC3FB5F568.31524DCB2F079E0BD74022D057A3E5D471F6F04D&key=yttt1&kind=asr&lang=en&tlang=hr&fmt=ttml", "ext": "ttml"}, {"url": "https://www.youtube.com/api/timedtext?hl=en&v=RWvi4Vx4CDc&xoaf=1&expire=1542508249&caps=asr&sparams=asr_langs%2Ccaps%2Cv%2Cxoaf%2Cxorp%2Cexpire&xorp=True&asr_langs=pt%2Cen%2Cfr%2Ces%2Cnl%2Cja%2Cko%2Cru%2Cde%2Cit&signature=E8A0E84F95DAF50FC665884D2D3841EC3FB5F568.31524DCB2F079E0BD74022D057A3E5D471F6F04D&key=yttt1&kind=asr&lang=en&tlang=hr&fmt=vtt", "ext": "vtt"}], "cs": [{"url": "https://www.youtube.com/api/timedtext?hl=en&v=RWvi4Vx4CDc&xoaf=1&expire=1542508249&caps=asr&sparams=asr_langs%2Ccaps%2Cv%2Cxoaf%2Cxorp%2Cexpire&xorp=True&asr_langs=pt%2Cen%2Cfr%2Ces%2Cnl%2Cja%2Cko%2Cru%2Cde%2Cit&signature=E8A0E84F95DAF50FC665884D2D3841EC3FB5F568.31524DCB2F079E0BD74022D057A3E5D471F6F04D&key=yttt1&kind=asr&lang=en&tlang=cs&fmt=ttml", "ext": "ttml"}, {"url": "https://www.youtube.com/api/timedtext?hl=en&v=RWvi4Vx4CDc&xoaf=1&expire=1542508249&caps=asr&sparams=asr_langs%2Ccaps%2Cv%2Cxoaf%2Cxorp%2Cexpire&xorp=True&asr_langs=pt%2Cen%2Cfr%2Ces%2Cnl%2Cja%2Cko%2Cru%2Cde%2Cit&signature=E8A0E84F95DAF50FC665884D2D3841EC3FB5F568.31524DCB2F079E0BD74022D057A3E5D471F6F04D&key=yttt1&kind=asr&lang=en&tlang=cs&fmt=vtt", "ext": "vtt"}], "da": [{"url": "https://www.youtube.com/api/timedtext?hl=en&v=RWvi4Vx4CDc&xoaf=1&expire=1542508249&caps=asr&sparams=asr_langs%2Ccaps%2Cv%2Cxoaf%2Cxorp%2Cexpire&xorp=True&asr_langs=pt%2Cen%2Cfr%2Ces%2Cnl%2Cja%2Cko%2Cru%2Cde%2Cit&signature=E8A0E84F95DAF50FC665884D2D3841EC3FB5F568.31524DCB2F079E0BD74022D057A3E5D471F6F04D&key=yttt1&kind=asr&lang=en&tlang=da&fmt=ttml", "ext": "ttml"}, {"url": "https://www.youtube.com/api/timedtext?hl=en&v=RWvi4Vx4CDc&xoaf=1&expire=1542508249&caps=asr&sparams=asr_langs%2Ccaps%2Cv%2Cxoaf%2Cxorp%2Cexpire&xorp=True&asr_langs=pt%2Cen%2Cfr%2Ces%2Cnl%2Cja%2Cko%2Cru%2Cde%2Cit&signature=E8A0E84F95DAF50FC665884D2D3841EC3FB5F568.31524DCB2F079E0BD74022D057A3E5D471F6F04D&key=yttt1&kind=asr&lang=en&tlang=da&fmt=vtt", "ext": "vtt"}], "nl": [{"url": "https://www.youtube.com/api/timedtext?hl=en&v=RWvi4Vx4CDc&xoaf=1&expire=1542508249&caps=asr&sparams=asr_langs%2Ccaps%2Cv%2Cxoaf%2Cxorp%2Cexpire&xorp=True&asr_langs=pt%2Cen%2Cfr%2Ces%2Cnl%2Cja%2Cko%2Cru%2Cde%2Cit&signature=E8A0E84F95DAF50FC665884D2D3841EC3FB5F568.31524DCB2F079E0BD74022D057A3E5D471F6F04D&key=yttt1&kind=asr&lang=en&tlang=nl&fmt=ttml", "ext": "ttml"}, {"url": "https://www.youtube.com/api/timedtext?hl=en&v=RWvi4Vx4CDc&xoaf=1&expire=1542508249&caps=asr&sparams=asr_langs%2Ccaps%2Cv%2Cxoaf%2Cxorp%2Cexpire&xorp=True&asr_langs=pt%2Cen%2Cfr%2Ces%2Cnl%2Cja%2Cko%2Cru%2Cde%2Cit&signature=E8A0E84F95DAF50FC665884D2D3841EC3FB5F568.31524DCB2F079E0BD74022D057A3E5D471F6F04D&key=yttt1&kind=asr&lang=en&tlang=nl&fmt=vtt", "ext": "vtt"}], "en": [{"url": "https://www.youtube.com/api/timedtext?hl=en&v=RWvi4Vx4CDc&xoaf=1&expire=1542508249&caps=asr&sparams=asr_langs%2Ccaps%2Cv%2Cxoaf%2Cxorp%2Cexpire&xorp=True&asr_langs=pt%2Cen%2Cfr%2Ces%2Cnl%2Cja%2Cko%2Cru%2Cde%2Cit&signature=E8A0E84F95DAF50FC665884D2D3841EC3FB5F568.31524DCB2F079E0BD74022D057A3E5D471F6F04D&key=yttt1&kind=asr&lang=en&tlang=en&fmt=ttml", "ext": "ttml"}, {"url": "https://www.youtube.com/api/timedtext?hl=en&v=RWvi4Vx4CDc&xoaf=1&expire=1542508249&caps=asr&sparams=asr_langs%2Ccaps%2Cv%2Cxoaf%2Cxorp%2Cexpire&xorp=True&asr_langs=pt%2Cen%2Cfr%2Ces%2Cnl%2Cja%2Cko%2Cru%2Cde%2Cit&signature=E8A0E84F95DAF50FC665884D2D3841EC3FB5F568.31524DCB2F079E0BD74022D057A3E5D471F6F04D&key=yttt1&kind=asr&lang=en&tlang=en&fmt=vtt", "ext": "vtt"}], "eo": [{"url": "https://www.youtube.com/api/timedtext?hl=en&v=RWvi4Vx4CDc&xoaf=1&expire=1542508249&caps=asr&sparams=asr_langs%2Ccaps%2Cv%2Cxoaf%2Cxorp%2Cexpire&xorp=True&asr_langs=pt%2Cen%2Cfr%2Ces%2Cnl%2Cja%2Cko%2Cru%2Cde%2Cit&signature=E8A0E84F95DAF50FC665884D2D3841EC3FB5F568.31524DCB2F079E0BD74022D057A3E5D471F6F04D&key=yttt1&kind=asr&lang=en&tlang=eo&fmt=ttml", "ext": "ttml"}, {"url": "https://www.youtube.com/api/timedtext?hl=en&v=RWvi4Vx4CDc&xoaf=1&expire=1542508249&caps=asr&sparams=asr_langs%2Ccaps%2Cv%2Cxoaf%2Cxorp%2Cexpire&xorp=True&asr_langs=pt%2Cen%2Cfr%2Ces%2Cnl%2Cja%2Cko%2Cru%2Cde%2Cit&signature=E8A0E84F95DAF50FC665884D2D3841EC3FB5F568.31524DCB2F079E0BD74022D057A3E5D471F6F04D&key=yttt1&kind=asr&lang=en&tlang=eo&fmt=vtt", "ext": "vtt"}], "et": [{"url": "https://www.youtube.com/api/timedtext?hl=en&v=RWvi4Vx4CDc&xoaf=1&expire=1542508249&caps=asr&sparams=asr_langs%2Ccaps%2Cv%2Cxoaf%2Cxorp%2Cexpire&xorp=True&asr_langs=pt%2Cen%2Cfr%2Ces%2Cnl%2Cja%2Cko%2Cru%2Cde%2Cit&signature=E8A0E84F95DAF50FC665884D2D3841EC3FB5F568.31524DCB2F079E0BD74022D057A3E5D471F6F04D&key=yttt1&kind=asr&lang=en&tlang=et&fmt=ttml", "ext": "ttml"}, {"url": "https://www.youtube.com/api/timedtext?hl=en&v=RWvi4Vx4CDc&xoaf=1&expire=1542508249&caps=asr&sparams=asr_langs%2Ccaps%2Cv%2Cxoaf%2Cxorp%2Cexpire&xorp=True&asr_langs=pt%2Cen%2Cfr%2Ces%2Cnl%2Cja%2Cko%2Cru%2Cde%2Cit&signature=E8A0E84F95DAF50FC665884D2D3841EC3FB5F568.31524DCB2F079E0BD74022D057A3E5D471F6F04D&key=yttt1&kind=asr&lang=en&tlang=et&fmt=vtt", "ext": "vtt"}], "fil": [{"url": "https://www.youtube.com/api/timedtext?hl=en&v=RWvi4Vx4CDc&xoaf=1&expire=1542508249&caps=asr&sparams=asr_langs%2Ccaps%2Cv%2Cxoaf%2Cxorp%2Cexpire&xorp=True&asr_langs=pt%2Cen%2Cfr%2Ces%2Cnl%2Cja%2Cko%2Cru%2Cde%2Cit&signature=E8A0E84F95DAF50FC665884D2D3841EC3FB5F568.31524DCB2F079E0BD74022D057A3E5D471F6F04D&key=yttt1&kind=asr&lang=en&tlang=fil&fmt=ttml", "ext": "ttml"}, {"url": "https://www.youtube.com/api/timedtext?hl=en&v=RWvi4Vx4CDc&xoaf=1&expire=1542508249&caps=asr&sparams=asr_langs%2Ccaps%2Cv%2Cxoaf%2Cxorp%2Cexpire&xorp=True&asr_langs=pt%2Cen%2Cfr%2Ces%2Cnl%2Cja%2Cko%2Cru%2Cde%2Cit&signature=E8A0E84F95DAF50FC665884D2D3841EC3FB5F568.31524DCB2F079E0BD74022D057A3E5D471F6F04D&key=yttt1&kind=asr&lang=en&tlang=fil&fmt=vtt", "ext": "vtt"}], "fi": [{"url": "https://www.youtube.com/api/timedtext?hl=en&v=RWvi4Vx4CDc&xoaf=1&expire=1542508249&caps=asr&sparams=asr_langs%2Ccaps%2Cv%2Cxoaf%2Cxorp%2Cexpire&xorp=True&asr_langs=pt%2Cen%2Cfr%2Ces%2Cnl%2Cja%2Cko%2Cru%2Cde%2Cit&signature=E8A0E84F95DAF50FC665884D2D3841EC3FB5F568.31524DCB2F079E0BD74022D057A3E5D471F6F04D&key=yttt1&kind=asr&lang=en&tlang=fi&fmt=ttml", "ext": "ttml"}, {"url": "https://www.youtube.com/api/timedtext?hl=en&v=RWvi4Vx4CDc&xoaf=1&expire=1542508249&caps=asr&sparams=asr_langs%2Ccaps%2Cv%2Cxoaf%2Cxorp%2Cexpire&xorp=True&asr_langs=pt%2Cen%2Cfr%2Ces%2Cnl%2Cja%2Cko%2Cru%2Cde%2Cit&signature=E8A0E84F95DAF50FC665884D2D3841EC3FB5F568.31524DCB2F079E0BD74022D057A3E5D471F6F04D&key=yttt1&kind=asr&lang=en&tlang=fi&fmt=vtt", "ext": "vtt"}], "fr": [{"url": "https://www.youtube.com/api/timedtext?hl=en&v=RWvi4Vx4CDc&xoaf=1&expire=1542508249&caps=asr&sparams=asr_langs%2Ccaps%2Cv%2Cxoaf%2Cxorp%2Cexpire&xorp=True&asr_langs=pt%2Cen%2Cfr%2Ces%2Cnl%2Cja%2Cko%2Cru%2Cde%2Cit&signature=E8A0E84F95DAF50FC665884D2D3841EC3FB5F568.31524DCB2F079E0BD74022D057A3E5D471F6F04D&key=yttt1&kind=asr&lang=en&tlang=fr&fmt=ttml", "ext": "ttml"}, {"url": "https://www.youtube.com/api/timedtext?hl=en&v=RWvi4Vx4CDc&xoaf=1&expire=1542508249&caps=asr&sparams=asr_langs%2Ccaps%2Cv%2Cxoaf%2Cxorp%2Cexpire&xorp=True&asr_langs=pt%2Cen%2Cfr%2Ces%2Cnl%2Cja%2Cko%2Cru%2Cde%2Cit&signature=E8A0E84F95DAF50FC665884D2D3841EC3FB5F568.31524DCB2F079E0BD74022D057A3E5D471F6F04D&key=yttt1&kind=asr&lang=en&tlang=fr&fmt=vtt", "ext": "vtt"}], "gl": [{"url": "https://www.youtube.com/api/timedtext?hl=en&v=RWvi4Vx4CDc&xoaf=1&expire=1542508249&caps=asr&sparams=asr_langs%2Ccaps%2Cv%2Cxoaf%2Cxorp%2Cexpire&xorp=True&asr_langs=pt%2Cen%2Cfr%2Ces%2Cnl%2Cja%2Cko%2Cru%2Cde%2Cit&signature=E8A0E84F95DAF50FC665884D2D3841EC3FB5F568.31524DCB2F079E0BD74022D057A3E5D471F6F04D&key=yttt1&kind=asr&lang=en&tlang=gl&fmt=ttml", "ext": "ttml"}, {"url": "https://www.youtube.com/api/timedtext?hl=en&v=RWvi4Vx4CDc&xoaf=1&expire=1542508249&caps=asr&sparams=asr_langs%2Ccaps%2Cv%2Cxoaf%2Cxorp%2Cexpire&xorp=True&asr_langs=pt%2Cen%2Cfr%2Ces%2Cnl%2Cja%2Cko%2Cru%2Cde%2Cit&signature=E8A0E84F95DAF50FC665884D2D3841EC3FB5F568.31524DCB2F079E0BD74022D057A3E5D471F6F04D&key=yttt1&kind=asr&lang=en&tlang=gl&fmt=vtt", "ext": "vtt"}], "ka": [{"url": "https://www.youtube.com/api/timedtext?hl=en&v=RWvi4Vx4CDc&xoaf=1&expire=1542508249&caps=asr&sparams=asr_langs%2Ccaps%2Cv%2Cxoaf%2Cxorp%2Cexpire&xorp=True&asr_langs=pt%2Cen%2Cfr%2Ces%2Cnl%2Cja%2Cko%2Cru%2Cde%2Cit&signature=E8A0E84F95DAF50FC665884D2D3841EC3FB5F568.31524DCB2F079E0BD74022D057A3E5D471F6F04D&key=yttt1&kind=asr&lang=en&tlang=ka&fmt=ttml", "ext": "ttml"}, {"url": "https://www.youtube.com/api/timedtext?hl=en&v=RWvi4Vx4CDc&xoaf=1&expire=1542508249&caps=asr&sparams=asr_langs%2Ccaps%2Cv%2Cxoaf%2Cxorp%2Cexpire&xorp=True&asr_langs=pt%2Cen%2Cfr%2Ces%2Cnl%2Cja%2Cko%2Cru%2Cde%2Cit&signature=E8A0E84F95DAF50FC665884D2D3841EC3FB5F568.31524DCB2F079E0BD74022D057A3E5D471F6F04D&key=yttt1&kind=asr&lang=en&tlang=ka&fmt=vtt", "ext": "vtt"}], "de": [{"url": "https://www.youtube.com/api/timedtext?hl=en&v=RWvi4Vx4CDc&xoaf=1&expire=1542508249&caps=asr&sparams=asr_langs%2Ccaps%2Cv%2Cxoaf%2Cxorp%2Cexpire&xorp=True&asr_langs=pt%2Cen%2Cfr%2Ces%2Cnl%2Cja%2Cko%2Cru%2Cde%2Cit&signature=E8A0E84F95DAF50FC665884D2D3841EC3FB5F568.31524DCB2F079E0BD74022D057A3E5D471F6F04D&key=yttt1&kind=asr&lang=en&tlang=de&fmt=ttml", "ext": "ttml"}, {"url": "https://www.youtube.com/api/timedtext?hl=en&v=RWvi4Vx4CDc&xoaf=1&expire=1542508249&caps=asr&sparams=asr_langs%2Ccaps%2Cv%2Cxoaf%2Cxorp%2Cexpire&xorp=True&asr_langs=pt%2Cen%2Cfr%2Ces%2Cnl%2Cja%2Cko%2Cru%2Cde%2Cit&signature=E8A0E84F95DAF50FC665884D2D3841EC3FB5F568.31524DCB2F079E0BD74022D057A3E5D471F6F04D&key=yttt1&kind=asr&lang=en&tlang=de&fmt=vtt", "ext": "vtt"}], "el": [{"url": "https://www.youtube.com/api/timedtext?hl=en&v=RWvi4Vx4CDc&xoaf=1&expire=1542508249&caps=asr&sparams=asr_langs%2Ccaps%2Cv%2Cxoaf%2Cxorp%2Cexpire&xorp=True&asr_langs=pt%2Cen%2Cfr%2Ces%2Cnl%2Cja%2Cko%2Cru%2Cde%2Cit&signature=E8A0E84F95DAF50FC665884D2D3841EC3FB5F568.31524DCB2F079E0BD74022D057A3E5D471F6F04D&key=yttt1&kind=asr&lang=en&tlang=el&fmt=ttml", "ext": "ttml"}, {"url": "https://www.youtube.com/api/timedtext?hl=en&v=RWvi4Vx4CDc&xoaf=1&expire=1542508249&caps=asr&sparams=asr_langs%2Ccaps%2Cv%2Cxoaf%2Cxorp%2Cexpire&xorp=True&asr_langs=pt%2Cen%2Cfr%2Ces%2Cnl%2Cja%2Cko%2Cru%2Cde%2Cit&signature=E8A0E84F95DAF50FC665884D2D3841EC3FB5F568.31524DCB2F079E0BD74022D057A3E5D471F6F04D&key=yttt1&kind=asr&lang=en&tlang=el&fmt=vtt", "ext": "vtt"}], "gu": [{"url": "https://www.youtube.com/api/timedtext?hl=en&v=RWvi4Vx4CDc&xoaf=1&expire=1542508249&caps=asr&sparams=asr_langs%2Ccaps%2Cv%2Cxoaf%2Cxorp%2Cexpire&xorp=True&asr_langs=pt%2Cen%2Cfr%2Ces%2Cnl%2Cja%2Cko%2Cru%2Cde%2Cit&signature=E8A0E84F95DAF50FC665884D2D3841EC3FB5F568.31524DCB2F079E0BD74022D057A3E5D471F6F04D&key=yttt1&kind=asr&lang=en&tlang=gu&fmt=ttml", "ext": "ttml"}, {"url": "https://www.youtube.com/api/timedtext?hl=en&v=RWvi4Vx4CDc&xoaf=1&expire=1542508249&caps=asr&sparams=asr_langs%2Ccaps%2Cv%2Cxoaf%2Cxorp%2Cexpire&xorp=True&asr_langs=pt%2Cen%2Cfr%2Ces%2Cnl%2Cja%2Cko%2Cru%2Cde%2Cit&signature=E8A0E84F95DAF50FC665884D2D3841EC3FB5F568.31524DCB2F079E0BD74022D057A3E5D471F6F04D&key=yttt1&kind=asr&lang=en&tlang=gu&fmt=vtt", "ext": "vtt"}], "ht": [{"url": "https://www.youtube.com/api/timedtext?hl=en&v=RWvi4Vx4CDc&xoaf=1&expire=1542508249&caps=asr&sparams=asr_langs%2Ccaps%2Cv%2Cxoaf%2Cxorp%2Cexpire&xorp=True&asr_langs=pt%2Cen%2Cfr%2Ces%2Cnl%2Cja%2Cko%2Cru%2Cde%2Cit&signature=E8A0E84F95DAF50FC665884D2D3841EC3FB5F568.31524DCB2F079E0BD74022D057A3E5D471F6F04D&key=yttt1&kind=asr&lang=en&tlang=ht&fmt=ttml", "ext": "ttml"}, {"url": "https://www.youtube.com/api/timedtext?hl=en&v=RWvi4Vx4CDc&xoaf=1&expire=1542508249&caps=asr&sparams=asr_langs%2Ccaps%2Cv%2Cxoaf%2Cxorp%2Cexpire&xorp=True&asr_langs=pt%2Cen%2Cfr%2Ces%2Cnl%2Cja%2Cko%2Cru%2Cde%2Cit&signature=E8A0E84F95DAF50FC665884D2D3841EC3FB5F568.31524DCB2F079E0BD74022D057A3E5D471F6F04D&key=yttt1&kind=asr&lang=en&tlang=ht&fmt=vtt", "ext": "vtt"}], "ha": [{"url": "https://www.youtube.com/api/timedtext?hl=en&v=RWvi4Vx4CDc&xoaf=1&expire=1542508249&caps=asr&sparams=asr_langs%2Ccaps%2Cv%2Cxoaf%2Cxorp%2Cexpire&xorp=True&asr_langs=pt%2Cen%2Cfr%2Ces%2Cnl%2Cja%2Cko%2Cru%2Cde%2Cit&signature=E8A0E84F95DAF50FC665884D2D3841EC3FB5F568.31524DCB2F079E0BD74022D057A3E5D471F6F04D&key=yttt1&kind=asr&lang=en&tlang=ha&fmt=ttml", "ext": "ttml"}, {"url": "https://www.youtube.com/api/timedtext?hl=en&v=RWvi4Vx4CDc&xoaf=1&expire=1542508249&caps=asr&sparams=asr_langs%2Ccaps%2Cv%2Cxoaf%2Cxorp%2Cexpire&xorp=True&asr_langs=pt%2Cen%2Cfr%2Ces%2Cnl%2Cja%2Cko%2Cru%2Cde%2Cit&signature=E8A0E84F95DAF50FC665884D2D3841EC3FB5F568.31524DCB2F079E0BD74022D057A3E5D471F6F04D&key=yttt1&kind=asr&lang=en&tlang=ha&fmt=vtt", "ext": "vtt"}], "haw": [{"url": "https://www.youtube.com/api/timedtext?hl=en&v=RWvi4Vx4CDc&xoaf=1&expire=1542508249&caps=asr&sparams=asr_langs%2Ccaps%2Cv%2Cxoaf%2Cxorp%2Cexpire&xorp=True&asr_langs=pt%2Cen%2Cfr%2Ces%2Cnl%2Cja%2Cko%2Cru%2Cde%2Cit&signature=E8A0E84F95DAF50FC665884D2D3841EC3FB5F568.31524DCB2F079E0BD74022D057A3E5D471F6F04D&key=yttt1&kind=asr&lang=en&tlang=haw&fmt=ttml", "ext": "ttml"}, {"url": "https://www.youtube.com/api/timedtext?hl=en&v=RWvi4Vx4CDc&xoaf=1&expire=1542508249&caps=asr&sparams=asr_langs%2Ccaps%2Cv%2Cxoaf%2Cxorp%2Cexpire&xorp=True&asr_langs=pt%2Cen%2Cfr%2Ces%2Cnl%2Cja%2Cko%2Cru%2Cde%2Cit&signature=E8A0E84F95DAF50FC665884D2D3841EC3FB5F568.31524DCB2F079E0BD74022D057A3E5D471F6F04D&key=yttt1&kind=asr&lang=en&tlang=haw&fmt=vtt", "ext": "vtt"}], "iw": [{"url": "https://www.youtube.com/api/timedtext?hl=en&v=RWvi4Vx4CDc&xoaf=1&expire=1542508249&caps=asr&sparams=asr_langs%2Ccaps%2Cv%2Cxoaf%2Cxorp%2Cexpire&xorp=True&asr_langs=pt%2Cen%2Cfr%2Ces%2Cnl%2Cja%2Cko%2Cru%2Cde%2Cit&signature=E8A0E84F95DAF50FC665884D2D3841EC3FB5F568.31524DCB2F079E0BD74022D057A3E5D471F6F04D&key=yttt1&kind=asr&lang=en&tlang=iw&fmt=ttml", "ext": "ttml"}, {"url": "https://www.youtube.com/api/timedtext?hl=en&v=RWvi4Vx4CDc&xoaf=1&expire=1542508249&caps=asr&sparams=asr_langs%2Ccaps%2Cv%2Cxoaf%2Cxorp%2Cexpire&xorp=True&asr_langs=pt%2Cen%2Cfr%2Ces%2Cnl%2Cja%2Cko%2Cru%2Cde%2Cit&signature=E8A0E84F95DAF50FC665884D2D3841EC3FB5F568.31524DCB2F079E0BD74022D057A3E5D471F6F04D&key=yttt1&kind=asr&lang=en&tlang=iw&fmt=vtt", "ext": "vtt"}], "hi": [{"url": "https://www.youtube.com/api/timedtext?hl=en&v=RWvi4Vx4CDc&xoaf=1&expire=1542508249&caps=asr&sparams=asr_langs%2Ccaps%2Cv%2Cxoaf%2Cxorp%2Cexpire&xorp=True&asr_langs=pt%2Cen%2Cfr%2Ces%2Cnl%2Cja%2Cko%2Cru%2Cde%2Cit&signature=E8A0E84F95DAF50FC665884D2D3841EC3FB5F568.31524DCB2F079E0BD74022D057A3E5D471F6F04D&key=yttt1&kind=asr&lang=en&tlang=hi&fmt=ttml", "ext": "ttml"}, {"url": "https://www.youtube.com/api/timedtext?hl=en&v=RWvi4Vx4CDc&xoaf=1&expire=1542508249&caps=asr&sparams=asr_langs%2Ccaps%2Cv%2Cxoaf%2Cxorp%2Cexpire&xorp=True&asr_langs=pt%2Cen%2Cfr%2Ces%2Cnl%2Cja%2Cko%2Cru%2Cde%2Cit&signature=E8A0E84F95DAF50FC665884D2D3841EC3FB5F568.31524DCB2F079E0BD74022D057A3E5D471F6F04D&key=yttt1&kind=asr&lang=en&tlang=hi&fmt=vtt", "ext": "vtt"}], "hmn": [{"url": "https://www.youtube.com/api/timedtext?hl=en&v=RWvi4Vx4CDc&xoaf=1&expire=1542508249&caps=asr&sparams=asr_langs%2Ccaps%2Cv%2Cxoaf%2Cxorp%2Cexpire&xorp=True&asr_langs=pt%2Cen%2Cfr%2Ces%2Cnl%2Cja%2Cko%2Cru%2Cde%2Cit&signature=E8A0E84F95DAF50FC665884D2D3841EC3FB5F568.31524DCB2F079E0BD74022D057A3E5D471F6F04D&key=yttt1&kind=asr&lang=en&tlang=hmn&fmt=ttml", "ext": "ttml"}, {"url": "https://www.youtube.com/api/timedtext?hl=en&v=RWvi4Vx4CDc&xoaf=1&expire=1542508249&caps=asr&sparams=asr_langs%2Ccaps%2Cv%2Cxoaf%2Cxorp%2Cexpire&xorp=True&asr_langs=pt%2Cen%2Cfr%2Ces%2Cnl%2Cja%2Cko%2Cru%2Cde%2Cit&signature=E8A0E84F95DAF50FC665884D2D3841EC3FB5F568.31524DCB2F079E0BD74022D057A3E5D471F6F04D&key=yttt1&kind=asr&lang=en&tlang=hmn&fmt=vtt", "ext": "vtt"}], "hu": [{"url": "https://www.youtube.com/api/timedtext?hl=en&v=RWvi4Vx4CDc&xoaf=1&expire=1542508249&caps=asr&sparams=asr_langs%2Ccaps%2Cv%2Cxoaf%2Cxorp%2Cexpire&xorp=True&asr_langs=pt%2Cen%2Cfr%2Ces%2Cnl%2Cja%2Cko%2Cru%2Cde%2Cit&signature=E8A0E84F95DAF50FC665884D2D3841EC3FB5F568.31524DCB2F079E0BD74022D057A3E5D471F6F04D&key=yttt1&kind=asr&lang=en&tlang=hu&fmt=ttml", "ext": "ttml"}, {"url": "https://www.youtube.com/api/timedtext?hl=en&v=RWvi4Vx4CDc&xoaf=1&expire=1542508249&caps=asr&sparams=asr_langs%2Ccaps%2Cv%2Cxoaf%2Cxorp%2Cexpire&xorp=True&asr_langs=pt%2Cen%2Cfr%2Ces%2Cnl%2Cja%2Cko%2Cru%2Cde%2Cit&signature=E8A0E84F95DAF50FC665884D2D3841EC3FB5F568.31524DCB2F079E0BD74022D057A3E5D471F6F04D&key=yttt1&kind=asr&lang=en&tlang=hu&fmt=vtt", "ext": "vtt"}], "is": [{"url": "https://www.youtube.com/api/timedtext?hl=en&v=RWvi4Vx4CDc&xoaf=1&expire=1542508249&caps=asr&sparams=asr_langs%2Ccaps%2Cv%2Cxoaf%2Cxorp%2Cexpire&xorp=True&asr_langs=pt%2Cen%2Cfr%2Ces%2Cnl%2Cja%2Cko%2Cru%2Cde%2Cit&signature=E8A0E84F95DAF50FC665884D2D3841EC3FB5F568.31524DCB2F079E0BD74022D057A3E5D471F6F04D&key=yttt1&kind=asr&lang=en&tlang=is&fmt=ttml", "ext": "ttml"}, {"url": "https://www.youtube.com/api/timedtext?hl=en&v=RWvi4Vx4CDc&xoaf=1&expire=1542508249&caps=asr&sparams=asr_langs%2Ccaps%2Cv%2Cxoaf%2Cxorp%2Cexpire&xorp=True&asr_langs=pt%2Cen%2Cfr%2Ces%2Cnl%2Cja%2Cko%2Cru%2Cde%2Cit&signature=E8A0E84F95DAF50FC665884D2D3841EC3FB5F568.31524DCB2F079E0BD74022D057A3E5D471F6F04D&key=yttt1&kind=asr&lang=en&tlang=is&fmt=vtt", "ext": "vtt"}], "ig": [{"url": "https://www.youtube.com/api/timedtext?hl=en&v=RWvi4Vx4CDc&xoaf=1&expire=1542508249&caps=asr&sparams=asr_langs%2Ccaps%2Cv%2Cxoaf%2Cxorp%2Cexpire&xorp=True&asr_langs=pt%2Cen%2Cfr%2Ces%2Cnl%2Cja%2Cko%2Cru%2Cde%2Cit&signature=E8A0E84F95DAF50FC665884D2D3841EC3FB5F568.31524DCB2F079E0BD74022D057A3E5D471F6F04D&key=yttt1&kind=asr&lang=en&tlang=ig&fmt=ttml", "ext": "ttml"}, {"url": "https://www.youtube.com/api/timedtext?hl=en&v=RWvi4Vx4CDc&xoaf=1&expire=1542508249&caps=asr&sparams=asr_langs%2Ccaps%2Cv%2Cxoaf%2Cxorp%2Cexpire&xorp=True&asr_langs=pt%2Cen%2Cfr%2Ces%2Cnl%2Cja%2Cko%2Cru%2Cde%2Cit&signature=E8A0E84F95DAF50FC665884D2D3841EC3FB5F568.31524DCB2F079E0BD74022D057A3E5D471F6F04D&key=yttt1&kind=asr&lang=en&tlang=ig&fmt=vtt", "ext": "vtt"}], "id": [{"url": "https://www.youtube.com/api/timedtext?hl=en&v=RWvi4Vx4CDc&xoaf=1&expire=1542508249&caps=asr&sparams=asr_langs%2Ccaps%2Cv%2Cxoaf%2Cxorp%2Cexpire&xorp=True&asr_langs=pt%2Cen%2Cfr%2Ces%2Cnl%2Cja%2Cko%2Cru%2Cde%2Cit&signature=E8A0E84F95DAF50FC665884D2D3841EC3FB5F568.31524DCB2F079E0BD74022D057A3E5D471F6F04D&key=yttt1&kind=asr&lang=en&tlang=id&fmt=ttml", "ext": "ttml"}, {"url": "https://www.youtube.com/api/timedtext?hl=en&v=RWvi4Vx4CDc&xoaf=1&expire=1542508249&caps=asr&sparams=asr_langs%2Ccaps%2Cv%2Cxoaf%2Cxorp%2Cexpire&xorp=True&asr_langs=pt%2Cen%2Cfr%2Ces%2Cnl%2Cja%2Cko%2Cru%2Cde%2Cit&signature=E8A0E84F95DAF50FC665884D2D3841EC3FB5F568.31524DCB2F079E0BD74022D057A3E5D471F6F04D&key=yttt1&kind=asr&lang=en&tlang=id&fmt=vtt", "ext": "vtt"}], "ga": [{"url": "https://www.youtube.com/api/timedtext?hl=en&v=RWvi4Vx4CDc&xoaf=1&expire=1542508249&caps=asr&sparams=asr_langs%2Ccaps%2Cv%2Cxoaf%2Cxorp%2Cexpire&xorp=True&asr_langs=pt%2Cen%2Cfr%2Ces%2Cnl%2Cja%2Cko%2Cru%2Cde%2Cit&signature=E8A0E84F95DAF50FC665884D2D3841EC3FB5F568.31524DCB2F079E0BD74022D057A3E5D471F6F04D&key=yttt1&kind=asr&lang=en&tlang=ga&fmt=ttml", "ext": "ttml"}, {"url": "https://www.youtube.com/api/timedtext?hl=en&v=RWvi4Vx4CDc&xoaf=1&expire=1542508249&caps=asr&sparams=asr_langs%2Ccaps%2Cv%2Cxoaf%2Cxorp%2Cexpire&xorp=True&asr_langs=pt%2Cen%2Cfr%2Ces%2Cnl%2Cja%2Cko%2Cru%2Cde%2Cit&signature=E8A0E84F95DAF50FC665884D2D3841EC3FB5F568.31524DCB2F079E0BD74022D057A3E5D471F6F04D&key=yttt1&kind=asr&lang=en&tlang=ga&fmt=vtt", "ext": "vtt"}], "it": [{"url": "https://www.youtube.com/api/timedtext?hl=en&v=RWvi4Vx4CDc&xoaf=1&expire=1542508249&caps=asr&sparams=asr_langs%2Ccaps%2Cv%2Cxoaf%2Cxorp%2Cexpire&xorp=True&asr_langs=pt%2Cen%2Cfr%2Ces%2Cnl%2Cja%2Cko%2Cru%2Cde%2Cit&signature=E8A0E84F95DAF50FC665884D2D3841EC3FB5F568.31524DCB2F079E0BD74022D057A3E5D471F6F04D&key=yttt1&kind=asr&lang=en&tlang=it&fmt=ttml", "ext": "ttml"}, {"url": "https://www.youtube.com/api/timedtext?hl=en&v=RWvi4Vx4CDc&xoaf=1&expire=1542508249&caps=asr&sparams=asr_langs%2Ccaps%2Cv%2Cxoaf%2Cxorp%2Cexpire&xorp=True&asr_langs=pt%2Cen%2Cfr%2Ces%2Cnl%2Cja%2Cko%2Cru%2Cde%2Cit&signature=E8A0E84F95DAF50FC665884D2D3841EC3FB5F568.31524DCB2F079E0BD74022D057A3E5D471F6F04D&key=yttt1&kind=asr&lang=en&tlang=it&fmt=vtt", "ext": "vtt"}], "ja": [{"url": "https://www.youtube.com/api/timedtext?hl=en&v=RWvi4Vx4CDc&xoaf=1&expire=1542508249&caps=asr&sparams=asr_langs%2Ccaps%2Cv%2Cxoaf%2Cxorp%2Cexpire&xorp=True&asr_langs=pt%2Cen%2Cfr%2Ces%2Cnl%2Cja%2Cko%2Cru%2Cde%2Cit&signature=E8A0E84F95DAF50FC665884D2D3841EC3FB5F568.31524DCB2F079E0BD74022D057A3E5D471F6F04D&key=yttt1&kind=asr&lang=en&tlang=ja&fmt=ttml", "ext": "ttml"}, {"url": "https://www.youtube.com/api/timedtext?hl=en&v=RWvi4Vx4CDc&xoaf=1&expire=1542508249&caps=asr&sparams=asr_langs%2Ccaps%2Cv%2Cxoaf%2Cxorp%2Cexpire&xorp=True&asr_langs=pt%2Cen%2Cfr%2Ces%2Cnl%2Cja%2Cko%2Cru%2Cde%2Cit&signature=E8A0E84F95DAF50FC665884D2D3841EC3FB5F568.31524DCB2F079E0BD74022D057A3E5D471F6F04D&key=yttt1&kind=asr&lang=en&tlang=ja&fmt=vtt", "ext": "vtt"}], "jv": [{"url": "https://www.youtube.com/api/timedtext?hl=en&v=RWvi4Vx4CDc&xoaf=1&expire=1542508249&caps=asr&sparams=asr_langs%2Ccaps%2Cv%2Cxoaf%2Cxorp%2Cexpire&xorp=True&asr_langs=pt%2Cen%2Cfr%2Ces%2Cnl%2Cja%2Cko%2Cru%2Cde%2Cit&signature=E8A0E84F95DAF50FC665884D2D3841EC3FB5F568.31524DCB2F079E0BD74022D057A3E5D471F6F04D&key=yttt1&kind=asr&lang=en&tlang=jv&fmt=ttml", "ext": "ttml"}, {"url": "https://www.youtube.com/api/timedtext?hl=en&v=RWvi4Vx4CDc&xoaf=1&expire=1542508249&caps=asr&sparams=asr_langs%2Ccaps%2Cv%2Cxoaf%2Cxorp%2Cexpire&xorp=True&asr_langs=pt%2Cen%2Cfr%2Ces%2Cnl%2Cja%2Cko%2Cru%2Cde%2Cit&signature=E8A0E84F95DAF50FC665884D2D3841EC3FB5F568.31524DCB2F079E0BD74022D057A3E5D471F6F04D&key=yttt1&kind=asr&lang=en&tlang=jv&fmt=vtt", "ext": "vtt"}], "kn": [{"url": "https://www.youtube.com/api/timedtext?hl=en&v=RWvi4Vx4CDc&xoaf=1&expire=1542508249&caps=asr&sparams=asr_langs%2Ccaps%2Cv%2Cxoaf%2Cxorp%2Cexpire&xorp=True&asr_langs=pt%2Cen%2Cfr%2Ces%2Cnl%2Cja%2Cko%2Cru%2Cde%2Cit&signature=E8A0E84F95DAF50FC665884D2D3841EC3FB5F568.31524DCB2F079E0BD74022D057A3E5D471F6F04D&key=yttt1&kind=asr&lang=en&tlang=kn&fmt=ttml", "ext": "ttml"}, {"url": "https://www.youtube.com/api/timedtext?hl=en&v=RWvi4Vx4CDc&xoaf=1&expire=1542508249&caps=asr&sparams=asr_langs%2Ccaps%2Cv%2Cxoaf%2Cxorp%2Cexpire&xorp=True&asr_langs=pt%2Cen%2Cfr%2Ces%2Cnl%2Cja%2Cko%2Cru%2Cde%2Cit&signature=E8A0E84F95DAF50FC665884D2D3841EC3FB5F568.31524DCB2F079E0BD74022D057A3E5D471F6F04D&key=yttt1&kind=asr&lang=en&tlang=kn&fmt=vtt", "ext": "vtt"}], "kk": [{"url": "https://www.youtube.com/api/timedtext?hl=en&v=RWvi4Vx4CDc&xoaf=1&expire=1542508249&caps=asr&sparams=asr_langs%2Ccaps%2Cv%2Cxoaf%2Cxorp%2Cexpire&xorp=True&asr_langs=pt%2Cen%2Cfr%2Ces%2Cnl%2Cja%2Cko%2Cru%2Cde%2Cit&signature=E8A0E84F95DAF50FC665884D2D3841EC3FB5F568.31524DCB2F079E0BD74022D057A3E5D471F6F04D&key=yttt1&kind=asr&lang=en&tlang=kk&fmt=ttml", "ext": "ttml"}, {"url": "https://www.youtube.com/api/timedtext?hl=en&v=RWvi4Vx4CDc&xoaf=1&expire=1542508249&caps=asr&sparams=asr_langs%2Ccaps%2Cv%2Cxoaf%2Cxorp%2Cexpire&xorp=True&asr_langs=pt%2Cen%2Cfr%2Ces%2Cnl%2Cja%2Cko%2Cru%2Cde%2Cit&signature=E8A0E84F95DAF50FC665884D2D3841EC3FB5F568.31524DCB2F079E0BD74022D057A3E5D471F6F04D&key=yttt1&kind=asr&lang=en&tlang=kk&fmt=vtt", "ext": "vtt"}], "km": [{"url": "https://www.youtube.com/api/timedtext?hl=en&v=RWvi4Vx4CDc&xoaf=1&expire=1542508249&caps=asr&sparams=asr_langs%2Ccaps%2Cv%2Cxoaf%2Cxorp%2Cexpire&xorp=True&asr_langs=pt%2Cen%2Cfr%2Ces%2Cnl%2Cja%2Cko%2Cru%2Cde%2Cit&signature=E8A0E84F95DAF50FC665884D2D3841EC3FB5F568.31524DCB2F079E0BD74022D057A3E5D471F6F04D&key=yttt1&kind=asr&lang=en&tlang=km&fmt=ttml", "ext": "ttml"}, {"url": "https://www.youtube.com/api/timedtext?hl=en&v=RWvi4Vx4CDc&xoaf=1&expire=1542508249&caps=asr&sparams=asr_langs%2Ccaps%2Cv%2Cxoaf%2Cxorp%2Cexpire&xorp=True&asr_langs=pt%2Cen%2Cfr%2Ces%2Cnl%2Cja%2Cko%2Cru%2Cde%2Cit&signature=E8A0E84F95DAF50FC665884D2D3841EC3FB5F568.31524DCB2F079E0BD74022D057A3E5D471F6F04D&key=yttt1&kind=asr&lang=en&tlang=km&fmt=vtt", "ext": "vtt"}], "ko": [{"url": "https://www.youtube.com/api/timedtext?hl=en&v=RWvi4Vx4CDc&xoaf=1&expire=1542508249&caps=asr&sparams=asr_langs%2Ccaps%2Cv%2Cxoaf%2Cxorp%2Cexpire&xorp=True&asr_langs=pt%2Cen%2Cfr%2Ces%2Cnl%2Cja%2Cko%2Cru%2Cde%2Cit&signature=E8A0E84F95DAF50FC665884D2D3841EC3FB5F568.31524DCB2F079E0BD74022D057A3E5D471F6F04D&key=yttt1&kind=asr&lang=en&tlang=ko&fmt=ttml", "ext": "ttml"}, {"url": "https://www.youtube.com/api/timedtext?hl=en&v=RWvi4Vx4CDc&xoaf=1&expire=1542508249&caps=asr&sparams=asr_langs%2Ccaps%2Cv%2Cxoaf%2Cxorp%2Cexpire&xorp=True&asr_langs=pt%2Cen%2Cfr%2Ces%2Cnl%2Cja%2Cko%2Cru%2Cde%2Cit&signature=E8A0E84F95DAF50FC665884D2D3841EC3FB5F568.31524DCB2F079E0BD74022D057A3E5D471F6F04D&key=yttt1&kind=asr&lang=en&tlang=ko&fmt=vtt", "ext": "vtt"}], "ku": [{"url": "https://www.youtube.com/api/timedtext?hl=en&v=RWvi4Vx4CDc&xoaf=1&expire=1542508249&caps=asr&sparams=asr_langs%2Ccaps%2Cv%2Cxoaf%2Cxorp%2Cexpire&xorp=True&asr_langs=pt%2Cen%2Cfr%2Ces%2Cnl%2Cja%2Cko%2Cru%2Cde%2Cit&signature=E8A0E84F95DAF50FC665884D2D3841EC3FB5F568.31524DCB2F079E0BD74022D057A3E5D471F6F04D&key=yttt1&kind=asr&lang=en&tlang=ku&fmt=ttml", "ext": "ttml"}, {"url": "https://www.youtube.com/api/timedtext?hl=en&v=RWvi4Vx4CDc&xoaf=1&expire=1542508249&caps=asr&sparams=asr_langs%2Ccaps%2Cv%2Cxoaf%2Cxorp%2Cexpire&xorp=True&asr_langs=pt%2Cen%2Cfr%2Ces%2Cnl%2Cja%2Cko%2Cru%2Cde%2Cit&signature=E8A0E84F95DAF50FC665884D2D3841EC3FB5F568.31524DCB2F079E0BD74022D057A3E5D471F6F04D&key=yttt1&kind=asr&lang=en&tlang=ku&fmt=vtt", "ext": "vtt"}], "ky": [{"url": "https://www.youtube.com/api/timedtext?hl=en&v=RWvi4Vx4CDc&xoaf=1&expire=1542508249&caps=asr&sparams=asr_langs%2Ccaps%2Cv%2Cxoaf%2Cxorp%2Cexpire&xorp=True&asr_langs=pt%2Cen%2Cfr%2Ces%2Cnl%2Cja%2Cko%2Cru%2Cde%2Cit&signature=E8A0E84F95DAF50FC665884D2D3841EC3FB5F568.31524DCB2F079E0BD74022D057A3E5D471F6F04D&key=yttt1&kind=asr&lang=en&tlang=ky&fmt=ttml", "ext": "ttml"}, {"url": "https://www.youtube.com/api/timedtext?hl=en&v=RWvi4Vx4CDc&xoaf=1&expire=1542508249&caps=asr&sparams=asr_langs%2Ccaps%2Cv%2Cxoaf%2Cxorp%2Cexpire&xorp=True&asr_langs=pt%2Cen%2Cfr%2Ces%2Cnl%2Cja%2Cko%2Cru%2Cde%2Cit&signature=E8A0E84F95DAF50FC665884D2D3841EC3FB5F568.31524DCB2F079E0BD74022D057A3E5D471F6F04D&key=yttt1&kind=asr&lang=en&tlang=ky&fmt=vtt", "ext": "vtt"}], "lo": [{"url": "https://www.youtube.com/api/timedtext?hl=en&v=RWvi4Vx4CDc&xoaf=1&expire=1542508249&caps=asr&sparams=asr_langs%2Ccaps%2Cv%2Cxoaf%2Cxorp%2Cexpire&xorp=True&asr_langs=pt%2Cen%2Cfr%2Ces%2Cnl%2Cja%2Cko%2Cru%2Cde%2Cit&signature=E8A0E84F95DAF50FC665884D2D3841EC3FB5F568.31524DCB2F079E0BD74022D057A3E5D471F6F04D&key=yttt1&kind=asr&lang=en&tlang=lo&fmt=ttml", "ext": "ttml"}, {"url": "https://www.youtube.com/api/timedtext?hl=en&v=RWvi4Vx4CDc&xoaf=1&expire=1542508249&caps=asr&sparams=asr_langs%2Ccaps%2Cv%2Cxoaf%2Cxorp%2Cexpire&xorp=True&asr_langs=pt%2Cen%2Cfr%2Ces%2Cnl%2Cja%2Cko%2Cru%2Cde%2Cit&signature=E8A0E84F95DAF50FC665884D2D3841EC3FB5F568.31524DCB2F079E0BD74022D057A3E5D471F6F04D&key=yttt1&kind=asr&lang=en&tlang=lo&fmt=vtt", "ext": "vtt"}], "la": [{"url": "https://www.youtube.com/api/timedtext?hl=en&v=RWvi4Vx4CDc&xoaf=1&expire=1542508249&caps=asr&sparams=asr_langs%2Ccaps%2Cv%2Cxoaf%2Cxorp%2Cexpire&xorp=True&asr_langs=pt%2Cen%2Cfr%2Ces%2Cnl%2Cja%2Cko%2Cru%2Cde%2Cit&signature=E8A0E84F95DAF50FC665884D2D3841EC3FB5F568.31524DCB2F079E0BD74022D057A3E5D471F6F04D&key=yttt1&kind=asr&lang=en&tlang=la&fmt=ttml", "ext": "ttml"}, {"url": "https://www.youtube.com/api/timedtext?hl=en&v=RWvi4Vx4CDc&xoaf=1&expire=1542508249&caps=asr&sparams=asr_langs%2Ccaps%2Cv%2Cxoaf%2Cxorp%2Cexpire&xorp=True&asr_langs=pt%2Cen%2Cfr%2Ces%2Cnl%2Cja%2Cko%2Cru%2Cde%2Cit&signature=E8A0E84F95DAF50FC665884D2D3841EC3FB5F568.31524DCB2F079E0BD74022D057A3E5D471F6F04D&key=yttt1&kind=asr&lang=en&tlang=la&fmt=vtt", "ext": "vtt"}], "lv": [{"url": "https://www.youtube.com/api/timedtext?hl=en&v=RWvi4Vx4CDc&xoaf=1&expire=1542508249&caps=asr&sparams=asr_langs%2Ccaps%2Cv%2Cxoaf%2Cxorp%2Cexpire&xorp=True&asr_langs=pt%2Cen%2Cfr%2Ces%2Cnl%2Cja%2Cko%2Cru%2Cde%2Cit&signature=E8A0E84F95DAF50FC665884D2D3841EC3FB5F568.31524DCB2F079E0BD74022D057A3E5D471F6F04D&key=yttt1&kind=asr&lang=en&tlang=lv&fmt=ttml", "ext": "ttml"}, {"url": "https://www.youtube.com/api/timedtext?hl=en&v=RWvi4Vx4CDc&xoaf=1&expire=1542508249&caps=asr&sparams=asr_langs%2Ccaps%2Cv%2Cxoaf%2Cxorp%2Cexpire&xorp=True&asr_langs=pt%2Cen%2Cfr%2Ces%2Cnl%2Cja%2Cko%2Cru%2Cde%2Cit&signature=E8A0E84F95DAF50FC665884D2D3841EC3FB5F568.31524DCB2F079E0BD74022D057A3E5D471F6F04D&key=yttt1&kind=asr&lang=en&tlang=lv&fmt=vtt", "ext": "vtt"}], "lt": [{"url": "https://www.youtube.com/api/timedtext?hl=en&v=RWvi4Vx4CDc&xoaf=1&expire=1542508249&caps=asr&sparams=asr_langs%2Ccaps%2Cv%2Cxoaf%2Cxorp%2Cexpire&xorp=True&asr_langs=pt%2Cen%2Cfr%2Ces%2Cnl%2Cja%2Cko%2Cru%2Cde%2Cit&signature=E8A0E84F95DAF50FC665884D2D3841EC3FB5F568.31524DCB2F079E0BD74022D057A3E5D471F6F04D&key=yttt1&kind=asr&lang=en&tlang=lt&fmt=ttml", "ext": "ttml"}, {"url": "https://www.youtube.com/api/timedtext?hl=en&v=RWvi4Vx4CDc&xoaf=1&expire=1542508249&caps=asr&sparams=asr_langs%2Ccaps%2Cv%2Cxoaf%2Cxorp%2Cexpire&xorp=True&asr_langs=pt%2Cen%2Cfr%2Ces%2Cnl%2Cja%2Cko%2Cru%2Cde%2Cit&signature=E8A0E84F95DAF50FC665884D2D3841EC3FB5F568.31524DCB2F079E0BD74022D057A3E5D471F6F04D&key=yttt1&kind=asr&lang=en&tlang=lt&fmt=vtt", "ext": "vtt"}], "lb": [{"url": "https://www.youtube.com/api/timedtext?hl=en&v=RWvi4Vx4CDc&xoaf=1&expire=1542508249&caps=asr&sparams=asr_langs%2Ccaps%2Cv%2Cxoaf%2Cxorp%2Cexpire&xorp=True&asr_langs=pt%2Cen%2Cfr%2Ces%2Cnl%2Cja%2Cko%2Cru%2Cde%2Cit&signature=E8A0E84F95DAF50FC665884D2D3841EC3FB5F568.31524DCB2F079E0BD74022D057A3E5D471F6F04D&key=yttt1&kind=asr&lang=en&tlang=lb&fmt=ttml", "ext": "ttml"}, {"url": "https://www.youtube.com/api/timedtext?hl=en&v=RWvi4Vx4CDc&xoaf=1&expire=1542508249&caps=asr&sparams=asr_langs%2Ccaps%2Cv%2Cxoaf%2Cxorp%2Cexpire&xorp=True&asr_langs=pt%2Cen%2Cfr%2Ces%2Cnl%2Cja%2Cko%2Cru%2Cde%2Cit&signature=E8A0E84F95DAF50FC665884D2D3841EC3FB5F568.31524DCB2F079E0BD74022D057A3E5D471F6F04D&key=yttt1&kind=asr&lang=en&tlang=lb&fmt=vtt", "ext": "vtt"}], "mk": [{"url": "https://www.youtube.com/api/timedtext?hl=en&v=RWvi4Vx4CDc&xoaf=1&expire=1542508249&caps=asr&sparams=asr_langs%2Ccaps%2Cv%2Cxoaf%2Cxorp%2Cexpire&xorp=True&asr_langs=pt%2Cen%2Cfr%2Ces%2Cnl%2Cja%2Cko%2Cru%2Cde%2Cit&signature=E8A0E84F95DAF50FC665884D2D3841EC3FB5F568.31524DCB2F079E0BD74022D057A3E5D471F6F04D&key=yttt1&kind=asr&lang=en&tlang=mk&fmt=ttml", "ext": "ttml"}, {"url": "https://www.youtube.com/api/timedtext?hl=en&v=RWvi4Vx4CDc&xoaf=1&expire=1542508249&caps=asr&sparams=asr_langs%2Ccaps%2Cv%2Cxoaf%2Cxorp%2Cexpire&xorp=True&asr_langs=pt%2Cen%2Cfr%2Ces%2Cnl%2Cja%2Cko%2Cru%2Cde%2Cit&signature=E8A0E84F95DAF50FC665884D2D3841EC3FB5F568.31524DCB2F079E0BD74022D057A3E5D471F6F04D&key=yttt1&kind=asr&lang=en&tlang=mk&fmt=vtt", "ext": "vtt"}], "mg": [{"url": "https://www.youtube.com/api/timedtext?hl=en&v=RWvi4Vx4CDc&xoaf=1&expire=1542508249&caps=asr&sparams=asr_langs%2Ccaps%2Cv%2Cxoaf%2Cxorp%2Cexpire&xorp=True&asr_langs=pt%2Cen%2Cfr%2Ces%2Cnl%2Cja%2Cko%2Cru%2Cde%2Cit&signature=E8A0E84F95DAF50FC665884D2D3841EC3FB5F568.31524DCB2F079E0BD74022D057A3E5D471F6F04D&key=yttt1&kind=asr&lang=en&tlang=mg&fmt=ttml", "ext": "ttml"}, {"url": "https://www.youtube.com/api/timedtext?hl=en&v=RWvi4Vx4CDc&xoaf=1&expire=1542508249&caps=asr&sparams=asr_langs%2Ccaps%2Cv%2Cxoaf%2Cxorp%2Cexpire&xorp=True&asr_langs=pt%2Cen%2Cfr%2Ces%2Cnl%2Cja%2Cko%2Cru%2Cde%2Cit&signature=E8A0E84F95DAF50FC665884D2D3841EC3FB5F568.31524DCB2F079E0BD74022D057A3E5D471F6F04D&key=yttt1&kind=asr&lang=en&tlang=mg&fmt=vtt", "ext": "vtt"}], "ms": [{"url": "https://www.youtube.com/api/timedtext?hl=en&v=RWvi4Vx4CDc&xoaf=1&expire=1542508249&caps=asr&sparams=asr_langs%2Ccaps%2Cv%2Cxoaf%2Cxorp%2Cexpire&xorp=True&asr_langs=pt%2Cen%2Cfr%2Ces%2Cnl%2Cja%2Cko%2Cru%2Cde%2Cit&signature=E8A0E84F95DAF50FC665884D2D3841EC3FB5F568.31524DCB2F079E0BD74022D057A3E5D471F6F04D&key=yttt1&kind=asr&lang=en&tlang=ms&fmt=ttml", "ext": "ttml"}, {"url": "https://www.youtube.com/api/timedtext?hl=en&v=RWvi4Vx4CDc&xoaf=1&expire=1542508249&caps=asr&sparams=asr_langs%2Ccaps%2Cv%2Cxoaf%2Cxorp%2Cexpire&xorp=True&asr_langs=pt%2Cen%2Cfr%2Ces%2Cnl%2Cja%2Cko%2Cru%2Cde%2Cit&signature=E8A0E84F95DAF50FC665884D2D3841EC3FB5F568.31524DCB2F079E0BD74022D057A3E5D471F6F04D&key=yttt1&kind=asr&lang=en&tlang=ms&fmt=vtt", "ext": "vtt"}], "ml": [{"url": "https://www.youtube.com/api/timedtext?hl=en&v=RWvi4Vx4CDc&xoaf=1&expire=1542508249&caps=asr&sparams=asr_langs%2Ccaps%2Cv%2Cxoaf%2Cxorp%2Cexpire&xorp=True&asr_langs=pt%2Cen%2Cfr%2Ces%2Cnl%2Cja%2Cko%2Cru%2Cde%2Cit&signature=E8A0E84F95DAF50FC665884D2D3841EC3FB5F568.31524DCB2F079E0BD74022D057A3E5D471F6F04D&key=yttt1&kind=asr&lang=en&tlang=ml&fmt=ttml", "ext": "ttml"}, {"url": "https://www.youtube.com/api/timedtext?hl=en&v=RWvi4Vx4CDc&xoaf=1&expire=1542508249&caps=asr&sparams=asr_langs%2Ccaps%2Cv%2Cxoaf%2Cxorp%2Cexpire&xorp=True&asr_langs=pt%2Cen%2Cfr%2Ces%2Cnl%2Cja%2Cko%2Cru%2Cde%2Cit&signature=E8A0E84F95DAF50FC665884D2D3841EC3FB5F568.31524DCB2F079E0BD74022D057A3E5D471F6F04D&key=yttt1&kind=asr&lang=en&tlang=ml&fmt=vtt", "ext": "vtt"}], "mt": [{"url": "https://www.youtube.com/api/timedtext?hl=en&v=RWvi4Vx4CDc&xoaf=1&expire=1542508249&caps=asr&sparams=asr_langs%2Ccaps%2Cv%2Cxoaf%2Cxorp%2Cexpire&xorp=True&asr_langs=pt%2Cen%2Cfr%2Ces%2Cnl%2Cja%2Cko%2Cru%2Cde%2Cit&signature=E8A0E84F95DAF50FC665884D2D3841EC3FB5F568.31524DCB2F079E0BD74022D057A3E5D471F6F04D&key=yttt1&kind=asr&lang=en&tlang=mt&fmt=ttml", "ext": "ttml"}, {"url": "https://www.youtube.com/api/timedtext?hl=en&v=RWvi4Vx4CDc&xoaf=1&expire=1542508249&caps=asr&sparams=asr_langs%2Ccaps%2Cv%2Cxoaf%2Cxorp%2Cexpire&xorp=True&asr_langs=pt%2Cen%2Cfr%2Ces%2Cnl%2Cja%2Cko%2Cru%2Cde%2Cit&signature=E8A0E84F95DAF50FC665884D2D3841EC3FB5F568.31524DCB2F079E0BD74022D057A3E5D471F6F04D&key=yttt1&kind=asr&lang=en&tlang=mt&fmt=vtt", "ext": "vtt"}], "mi": [{"url": "https://www.youtube.com/api/timedtext?hl=en&v=RWvi4Vx4CDc&xoaf=1&expire=1542508249&caps=asr&sparams=asr_langs%2Ccaps%2Cv%2Cxoaf%2Cxorp%2Cexpire&xorp=True&asr_langs=pt%2Cen%2Cfr%2Ces%2Cnl%2Cja%2Cko%2Cru%2Cde%2Cit&signature=E8A0E84F95DAF50FC665884D2D3841EC3FB5F568.31524DCB2F079E0BD74022D057A3E5D471F6F04D&key=yttt1&kind=asr&lang=en&tlang=mi&fmt=ttml", "ext": "ttml"}, {"url": "https://www.youtube.com/api/timedtext?hl=en&v=RWvi4Vx4CDc&xoaf=1&expire=1542508249&caps=asr&sparams=asr_langs%2Ccaps%2Cv%2Cxoaf%2Cxorp%2Cexpire&xorp=True&asr_langs=pt%2Cen%2Cfr%2Ces%2Cnl%2Cja%2Cko%2Cru%2Cde%2Cit&signature=E8A0E84F95DAF50FC665884D2D3841EC3FB5F568.31524DCB2F079E0BD74022D057A3E5D471F6F04D&key=yttt1&kind=asr&lang=en&tlang=mi&fmt=vtt", "ext": "vtt"}], "mr": [{"url": "https://www.youtube.com/api/timedtext?hl=en&v=RWvi4Vx4CDc&xoaf=1&expire=1542508249&caps=asr&sparams=asr_langs%2Ccaps%2Cv%2Cxoaf%2Cxorp%2Cexpire&xorp=True&asr_langs=pt%2Cen%2Cfr%2Ces%2Cnl%2Cja%2Cko%2Cru%2Cde%2Cit&signature=E8A0E84F95DAF50FC665884D2D3841EC3FB5F568.31524DCB2F079E0BD74022D057A3E5D471F6F04D&key=yttt1&kind=asr&lang=en&tlang=mr&fmt=ttml", "ext": "ttml"}, {"url": "https://www.youtube.com/api/timedtext?hl=en&v=RWvi4Vx4CDc&xoaf=1&expire=1542508249&caps=asr&sparams=asr_langs%2Ccaps%2Cv%2Cxoaf%2Cxorp%2Cexpire&xorp=True&asr_langs=pt%2Cen%2Cfr%2Ces%2Cnl%2Cja%2Cko%2Cru%2Cde%2Cit&signature=E8A0E84F95DAF50FC665884D2D3841EC3FB5F568.31524DCB2F079E0BD74022D057A3E5D471F6F04D&key=yttt1&kind=asr&lang=en&tlang=mr&fmt=vtt", "ext": "vtt"}], "mn": [{"url": "https://www.youtube.com/api/timedtext?hl=en&v=RWvi4Vx4CDc&xoaf=1&expire=1542508249&caps=asr&sparams=asr_langs%2Ccaps%2Cv%2Cxoaf%2Cxorp%2Cexpire&xorp=True&asr_langs=pt%2Cen%2Cfr%2Ces%2Cnl%2Cja%2Cko%2Cru%2Cde%2Cit&signature=E8A0E84F95DAF50FC665884D2D3841EC3FB5F568.31524DCB2F079E0BD74022D057A3E5D471F6F04D&key=yttt1&kind=asr&lang=en&tlang=mn&fmt=ttml", "ext": "ttml"}, {"url": "https://www.youtube.com/api/timedtext?hl=en&v=RWvi4Vx4CDc&xoaf=1&expire=1542508249&caps=asr&sparams=asr_langs%2Ccaps%2Cv%2Cxoaf%2Cxorp%2Cexpire&xorp=True&asr_langs=pt%2Cen%2Cfr%2Ces%2Cnl%2Cja%2Cko%2Cru%2Cde%2Cit&signature=E8A0E84F95DAF50FC665884D2D3841EC3FB5F568.31524DCB2F079E0BD74022D057A3E5D471F6F04D&key=yttt1&kind=asr&lang=en&tlang=mn&fmt=vtt", "ext": "vtt"}], "ne": [{"url": "https://www.youtube.com/api/timedtext?hl=en&v=RWvi4Vx4CDc&xoaf=1&expire=1542508249&caps=asr&sparams=asr_langs%2Ccaps%2Cv%2Cxoaf%2Cxorp%2Cexpire&xorp=True&asr_langs=pt%2Cen%2Cfr%2Ces%2Cnl%2Cja%2Cko%2Cru%2Cde%2Cit&signature=E8A0E84F95DAF50FC665884D2D3841EC3FB5F568.31524DCB2F079E0BD74022D057A3E5D471F6F04D&key=yttt1&kind=asr&lang=en&tlang=ne&fmt=ttml", "ext": "ttml"}, {"url": "https://www.youtube.com/api/timedtext?hl=en&v=RWvi4Vx4CDc&xoaf=1&expire=1542508249&caps=asr&sparams=asr_langs%2Ccaps%2Cv%2Cxoaf%2Cxorp%2Cexpire&xorp=True&asr_langs=pt%2Cen%2Cfr%2Ces%2Cnl%2Cja%2Cko%2Cru%2Cde%2Cit&signature=E8A0E84F95DAF50FC665884D2D3841EC3FB5F568.31524DCB2F079E0BD74022D057A3E5D471F6F04D&key=yttt1&kind=asr&lang=en&tlang=ne&fmt=vtt", "ext": "vtt"}], "no": [{"url": "https://www.youtube.com/api/timedtext?hl=en&v=RWvi4Vx4CDc&xoaf=1&expire=1542508249&caps=asr&sparams=asr_langs%2Ccaps%2Cv%2Cxoaf%2Cxorp%2Cexpire&xorp=True&asr_langs=pt%2Cen%2Cfr%2Ces%2Cnl%2Cja%2Cko%2Cru%2Cde%2Cit&signature=E8A0E84F95DAF50FC665884D2D3841EC3FB5F568.31524DCB2F079E0BD74022D057A3E5D471F6F04D&key=yttt1&kind=asr&lang=en&tlang=no&fmt=ttml", "ext": "ttml"}, {"url": "https://www.youtube.com/api/timedtext?hl=en&v=RWvi4Vx4CDc&xoaf=1&expire=1542508249&caps=asr&sparams=asr_langs%2Ccaps%2Cv%2Cxoaf%2Cxorp%2Cexpire&xorp=True&asr_langs=pt%2Cen%2Cfr%2Ces%2Cnl%2Cja%2Cko%2Cru%2Cde%2Cit&signature=E8A0E84F95DAF50FC665884D2D3841EC3FB5F568.31524DCB2F079E0BD74022D057A3E5D471F6F04D&key=yttt1&kind=asr&lang=en&tlang=no&fmt=vtt", "ext": "vtt"}], "ny": [{"url": "https://www.youtube.com/api/timedtext?hl=en&v=RWvi4Vx4CDc&xoaf=1&expire=1542508249&caps=asr&sparams=asr_langs%2Ccaps%2Cv%2Cxoaf%2Cxorp%2Cexpire&xorp=True&asr_langs=pt%2Cen%2Cfr%2Ces%2Cnl%2Cja%2Cko%2Cru%2Cde%2Cit&signature=E8A0E84F95DAF50FC665884D2D3841EC3FB5F568.31524DCB2F079E0BD74022D057A3E5D471F6F04D&key=yttt1&kind=asr&lang=en&tlang=ny&fmt=ttml", "ext": "ttml"}, {"url": "https://www.youtube.com/api/timedtext?hl=en&v=RWvi4Vx4CDc&xoaf=1&expire=1542508249&caps=asr&sparams=asr_langs%2Ccaps%2Cv%2Cxoaf%2Cxorp%2Cexpire&xorp=True&asr_langs=pt%2Cen%2Cfr%2Ces%2Cnl%2Cja%2Cko%2Cru%2Cde%2Cit&signature=E8A0E84F95DAF50FC665884D2D3841EC3FB5F568.31524DCB2F079E0BD74022D057A3E5D471F6F04D&key=yttt1&kind=asr&lang=en&tlang=ny&fmt=vtt", "ext": "vtt"}], "ps": [{"url": "https://www.youtube.com/api/timedtext?hl=en&v=RWvi4Vx4CDc&xoaf=1&expire=1542508249&caps=asr&sparams=asr_langs%2Ccaps%2Cv%2Cxoaf%2Cxorp%2Cexpire&xorp=True&asr_langs=pt%2Cen%2Cfr%2Ces%2Cnl%2Cja%2Cko%2Cru%2Cde%2Cit&signature=E8A0E84F95DAF50FC665884D2D3841EC3FB5F568.31524DCB2F079E0BD74022D057A3E5D471F6F04D&key=yttt1&kind=asr&lang=en&tlang=ps&fmt=ttml", "ext": "ttml"}, {"url": "https://www.youtube.com/api/timedtext?hl=en&v=RWvi4Vx4CDc&xoaf=1&expire=1542508249&caps=asr&sparams=asr_langs%2Ccaps%2Cv%2Cxoaf%2Cxorp%2Cexpire&xorp=True&asr_langs=pt%2Cen%2Cfr%2Ces%2Cnl%2Cja%2Cko%2Cru%2Cde%2Cit&signature=E8A0E84F95DAF50FC665884D2D3841EC3FB5F568.31524DCB2F079E0BD74022D057A3E5D471F6F04D&key=yttt1&kind=asr&lang=en&tlang=ps&fmt=vtt", "ext": "vtt"}], "fa": [{"url": "https://www.youtube.com/api/timedtext?hl=en&v=RWvi4Vx4CDc&xoaf=1&expire=1542508249&caps=asr&sparams=asr_langs%2Ccaps%2Cv%2Cxoaf%2Cxorp%2Cexpire&xorp=True&asr_langs=pt%2Cen%2Cfr%2Ces%2Cnl%2Cja%2Cko%2Cru%2Cde%2Cit&signature=E8A0E84F95DAF50FC665884D2D3841EC3FB5F568.31524DCB2F079E0BD74022D057A3E5D471F6F04D&key=yttt1&kind=asr&lang=en&tlang=fa&fmt=ttml", "ext": "ttml"}, {"url": "https://www.youtube.com/api/timedtext?hl=en&v=RWvi4Vx4CDc&xoaf=1&expire=1542508249&caps=asr&sparams=asr_langs%2Ccaps%2Cv%2Cxoaf%2Cxorp%2Cexpire&xorp=True&asr_langs=pt%2Cen%2Cfr%2Ces%2Cnl%2Cja%2Cko%2Cru%2Cde%2Cit&signature=E8A0E84F95DAF50FC665884D2D3841EC3FB5F568.31524DCB2F079E0BD74022D057A3E5D471F6F04D&key=yttt1&kind=asr&lang=en&tlang=fa&fmt=vtt", "ext": "vtt"}], "pl": [{"url": "https://www.youtube.com/api/timedtext?hl=en&v=RWvi4Vx4CDc&xoaf=1&expire=1542508249&caps=asr&sparams=asr_langs%2Ccaps%2Cv%2Cxoaf%2Cxorp%2Cexpire&xorp=True&asr_langs=pt%2Cen%2Cfr%2Ces%2Cnl%2Cja%2Cko%2Cru%2Cde%2Cit&signature=E8A0E84F95DAF50FC665884D2D3841EC3FB5F568.31524DCB2F079E0BD74022D057A3E5D471F6F04D&key=yttt1&kind=asr&lang=en&tlang=pl&fmt=ttml", "ext": "ttml"}, {"url": "https://www.youtube.com/api/timedtext?hl=en&v=RWvi4Vx4CDc&xoaf=1&expire=1542508249&caps=asr&sparams=asr_langs%2Ccaps%2Cv%2Cxoaf%2Cxorp%2Cexpire&xorp=True&asr_langs=pt%2Cen%2Cfr%2Ces%2Cnl%2Cja%2Cko%2Cru%2Cde%2Cit&signature=E8A0E84F95DAF50FC665884D2D3841EC3FB5F568.31524DCB2F079E0BD74022D057A3E5D471F6F04D&key=yttt1&kind=asr&lang=en&tlang=pl&fmt=vtt", "ext": "vtt"}], "pt": [{"url": "https://www.youtube.com/api/timedtext?hl=en&v=RWvi4Vx4CDc&xoaf=1&expire=1542508249&caps=asr&sparams=asr_langs%2Ccaps%2Cv%2Cxoaf%2Cxorp%2Cexpire&xorp=True&asr_langs=pt%2Cen%2Cfr%2Ces%2Cnl%2Cja%2Cko%2Cru%2Cde%2Cit&signature=E8A0E84F95DAF50FC665884D2D3841EC3FB5F568.31524DCB2F079E0BD74022D057A3E5D471F6F04D&key=yttt1&kind=asr&lang=en&tlang=pt&fmt=ttml", "ext": "ttml"}, {"url": "https://www.youtube.com/api/timedtext?hl=en&v=RWvi4Vx4CDc&xoaf=1&expire=1542508249&caps=asr&sparams=asr_langs%2Ccaps%2Cv%2Cxoaf%2Cxorp%2Cexpire&xorp=True&asr_langs=pt%2Cen%2Cfr%2Ces%2Cnl%2Cja%2Cko%2Cru%2Cde%2Cit&signature=E8A0E84F95DAF50FC665884D2D3841EC3FB5F568.31524DCB2F079E0BD74022D057A3E5D471F6F04D&key=yttt1&kind=asr&lang=en&tlang=pt&fmt=vtt", "ext": "vtt"}], "pa": [{"url": "https://www.youtube.com/api/timedtext?hl=en&v=RWvi4Vx4CDc&xoaf=1&expire=1542508249&caps=asr&sparams=asr_langs%2Ccaps%2Cv%2Cxoaf%2Cxorp%2Cexpire&xorp=True&asr_langs=pt%2Cen%2Cfr%2Ces%2Cnl%2Cja%2Cko%2Cru%2Cde%2Cit&signature=E8A0E84F95DAF50FC665884D2D3841EC3FB5F568.31524DCB2F079E0BD74022D057A3E5D471F6F04D&key=yttt1&kind=asr&lang=en&tlang=pa&fmt=ttml", "ext": "ttml"}, {"url": "https://www.youtube.com/api/timedtext?hl=en&v=RWvi4Vx4CDc&xoaf=1&expire=1542508249&caps=asr&sparams=asr_langs%2Ccaps%2Cv%2Cxoaf%2Cxorp%2Cexpire&xorp=True&asr_langs=pt%2Cen%2Cfr%2Ces%2Cnl%2Cja%2Cko%2Cru%2Cde%2Cit&signature=E8A0E84F95DAF50FC665884D2D3841EC3FB5F568.31524DCB2F079E0BD74022D057A3E5D471F6F04D&key=yttt1&kind=asr&lang=en&tlang=pa&fmt=vtt", "ext": "vtt"}], "ro": [{"url": "https://www.youtube.com/api/timedtext?hl=en&v=RWvi4Vx4CDc&xoaf=1&expire=1542508249&caps=asr&sparams=asr_langs%2Ccaps%2Cv%2Cxoaf%2Cxorp%2Cexpire&xorp=True&asr_langs=pt%2Cen%2Cfr%2Ces%2Cnl%2Cja%2Cko%2Cru%2Cde%2Cit&signature=E8A0E84F95DAF50FC665884D2D3841EC3FB5F568.31524DCB2F079E0BD74022D057A3E5D471F6F04D&key=yttt1&kind=asr&lang=en&tlang=ro&fmt=ttml", "ext": "ttml"}, {"url": "https://www.youtube.com/api/timedtext?hl=en&v=RWvi4Vx4CDc&xoaf=1&expire=1542508249&caps=asr&sparams=asr_langs%2Ccaps%2Cv%2Cxoaf%2Cxorp%2Cexpire&xorp=True&asr_langs=pt%2Cen%2Cfr%2Ces%2Cnl%2Cja%2Cko%2Cru%2Cde%2Cit&signature=E8A0E84F95DAF50FC665884D2D3841EC3FB5F568.31524DCB2F079E0BD74022D057A3E5D471F6F04D&key=yttt1&kind=asr&lang=en&tlang=ro&fmt=vtt", "ext": "vtt"}], "ru": [{"url": "https://www.youtube.com/api/timedtext?hl=en&v=RWvi4Vx4CDc&xoaf=1&expire=1542508249&caps=asr&sparams=asr_langs%2Ccaps%2Cv%2Cxoaf%2Cxorp%2Cexpire&xorp=True&asr_langs=pt%2Cen%2Cfr%2Ces%2Cnl%2Cja%2Cko%2Cru%2Cde%2Cit&signature=E8A0E84F95DAF50FC665884D2D3841EC3FB5F568.31524DCB2F079E0BD74022D057A3E5D471F6F04D&key=yttt1&kind=asr&lang=en&tlang=ru&fmt=ttml", "ext": "ttml"}, {"url": "https://www.youtube.com/api/timedtext?hl=en&v=RWvi4Vx4CDc&xoaf=1&expire=1542508249&caps=asr&sparams=asr_langs%2Ccaps%2Cv%2Cxoaf%2Cxorp%2Cexpire&xorp=True&asr_langs=pt%2Cen%2Cfr%2Ces%2Cnl%2Cja%2Cko%2Cru%2Cde%2Cit&signature=E8A0E84F95DAF50FC665884D2D3841EC3FB5F568.31524DCB2F079E0BD74022D057A3E5D471F6F04D&key=yttt1&kind=asr&lang=en&tlang=ru&fmt=vtt", "ext": "vtt"}], "sm": [{"url": "https://www.youtube.com/api/timedtext?hl=en&v=RWvi4Vx4CDc&xoaf=1&expire=1542508249&caps=asr&sparams=asr_langs%2Ccaps%2Cv%2Cxoaf%2Cxorp%2Cexpire&xorp=True&asr_langs=pt%2Cen%2Cfr%2Ces%2Cnl%2Cja%2Cko%2Cru%2Cde%2Cit&signature=E8A0E84F95DAF50FC665884D2D3841EC3FB5F568.31524DCB2F079E0BD74022D057A3E5D471F6F04D&key=yttt1&kind=asr&lang=en&tlang=sm&fmt=ttml", "ext": "ttml"}, {"url": "https://www.youtube.com/api/timedtext?hl=en&v=RWvi4Vx4CDc&xoaf=1&expire=1542508249&caps=asr&sparams=asr_langs%2Ccaps%2Cv%2Cxoaf%2Cxorp%2Cexpire&xorp=True&asr_langs=pt%2Cen%2Cfr%2Ces%2Cnl%2Cja%2Cko%2Cru%2Cde%2Cit&signature=E8A0E84F95DAF50FC665884D2D3841EC3FB5F568.31524DCB2F079E0BD74022D057A3E5D471F6F04D&key=yttt1&kind=asr&lang=en&tlang=sm&fmt=vtt", "ext": "vtt"}], "gd": [{"url": "https://www.youtube.com/api/timedtext?hl=en&v=RWvi4Vx4CDc&xoaf=1&expire=1542508249&caps=asr&sparams=asr_langs%2Ccaps%2Cv%2Cxoaf%2Cxorp%2Cexpire&xorp=True&asr_langs=pt%2Cen%2Cfr%2Ces%2Cnl%2Cja%2Cko%2Cru%2Cde%2Cit&signature=E8A0E84F95DAF50FC665884D2D3841EC3FB5F568.31524DCB2F079E0BD74022D057A3E5D471F6F04D&key=yttt1&kind=asr&lang=en&tlang=gd&fmt=ttml", "ext": "ttml"}, {"url": "https://www.youtube.com/api/timedtext?hl=en&v=RWvi4Vx4CDc&xoaf=1&expire=1542508249&caps=asr&sparams=asr_langs%2Ccaps%2Cv%2Cxoaf%2Cxorp%2Cexpire&xorp=True&asr_langs=pt%2Cen%2Cfr%2Ces%2Cnl%2Cja%2Cko%2Cru%2Cde%2Cit&signature=E8A0E84F95DAF50FC665884D2D3841EC3FB5F568.31524DCB2F079E0BD74022D057A3E5D471F6F04D&key=yttt1&kind=asr&lang=en&tlang=gd&fmt=vtt", "ext": "vtt"}], "sr": [{"url": "https://www.youtube.com/api/timedtext?hl=en&v=RWvi4Vx4CDc&xoaf=1&expire=1542508249&caps=asr&sparams=asr_langs%2Ccaps%2Cv%2Cxoaf%2Cxorp%2Cexpire&xorp=True&asr_langs=pt%2Cen%2Cfr%2Ces%2Cnl%2Cja%2Cko%2Cru%2Cde%2Cit&signature=E8A0E84F95DAF50FC665884D2D3841EC3FB5F568.31524DCB2F079E0BD74022D057A3E5D471F6F04D&key=yttt1&kind=asr&lang=en&tlang=sr&fmt=ttml", "ext": "ttml"}, {"url": "https://www.youtube.com/api/timedtext?hl=en&v=RWvi4Vx4CDc&xoaf=1&expire=1542508249&caps=asr&sparams=asr_langs%2Ccaps%2Cv%2Cxoaf%2Cxorp%2Cexpire&xorp=True&asr_langs=pt%2Cen%2Cfr%2Ces%2Cnl%2Cja%2Cko%2Cru%2Cde%2Cit&signature=E8A0E84F95DAF50FC665884D2D3841EC3FB5F568.31524DCB2F079E0BD74022D057A3E5D471F6F04D&key=yttt1&kind=asr&lang=en&tlang=sr&fmt=vtt", "ext": "vtt"}], "sn": [{"url": "https://www.youtube.com/api/timedtext?hl=en&v=RWvi4Vx4CDc&xoaf=1&expire=1542508249&caps=asr&sparams=asr_langs%2Ccaps%2Cv%2Cxoaf%2Cxorp%2Cexpire&xorp=True&asr_langs=pt%2Cen%2Cfr%2Ces%2Cnl%2Cja%2Cko%2Cru%2Cde%2Cit&signature=E8A0E84F95DAF50FC665884D2D3841EC3FB5F568.31524DCB2F079E0BD74022D057A3E5D471F6F04D&key=yttt1&kind=asr&lang=en&tlang=sn&fmt=ttml", "ext": "ttml"}, {"url": "https://www.youtube.com/api/timedtext?hl=en&v=RWvi4Vx4CDc&xoaf=1&expire=1542508249&caps=asr&sparams=asr_langs%2Ccaps%2Cv%2Cxoaf%2Cxorp%2Cexpire&xorp=True&asr_langs=pt%2Cen%2Cfr%2Ces%2Cnl%2Cja%2Cko%2Cru%2Cde%2Cit&signature=E8A0E84F95DAF50FC665884D2D3841EC3FB5F568.31524DCB2F079E0BD74022D057A3E5D471F6F04D&key=yttt1&kind=asr&lang=en&tlang=sn&fmt=vtt", "ext": "vtt"}], "sd": [{"url": "https://www.youtube.com/api/timedtext?hl=en&v=RWvi4Vx4CDc&xoaf=1&expire=1542508249&caps=asr&sparams=asr_langs%2Ccaps%2Cv%2Cxoaf%2Cxorp%2Cexpire&xorp=True&asr_langs=pt%2Cen%2Cfr%2Ces%2Cnl%2Cja%2Cko%2Cru%2Cde%2Cit&signature=E8A0E84F95DAF50FC665884D2D3841EC3FB5F568.31524DCB2F079E0BD74022D057A3E5D471F6F04D&key=yttt1&kind=asr&lang=en&tlang=sd&fmt=ttml", "ext": "ttml"}, {"url": "https://www.youtube.com/api/timedtext?hl=en&v=RWvi4Vx4CDc&xoaf=1&expire=1542508249&caps=asr&sparams=asr_langs%2Ccaps%2Cv%2Cxoaf%2Cxorp%2Cexpire&xorp=True&asr_langs=pt%2Cen%2Cfr%2Ces%2Cnl%2Cja%2Cko%2Cru%2Cde%2Cit&signature=E8A0E84F95DAF50FC665884D2D3841EC3FB5F568.31524DCB2F079E0BD74022D057A3E5D471F6F04D&key=yttt1&kind=asr&lang=en&tlang=sd&fmt=vtt", "ext": "vtt"}], "si": [{"url": "https://www.youtube.com/api/timedtext?hl=en&v=RWvi4Vx4CDc&xoaf=1&expire=1542508249&caps=asr&sparams=asr_langs%2Ccaps%2Cv%2Cxoaf%2Cxorp%2Cexpire&xorp=True&asr_langs=pt%2Cen%2Cfr%2Ces%2Cnl%2Cja%2Cko%2Cru%2Cde%2Cit&signature=E8A0E84F95DAF50FC665884D2D3841EC3FB5F568.31524DCB2F079E0BD74022D057A3E5D471F6F04D&key=yttt1&kind=asr&lang=en&tlang=si&fmt=ttml", "ext": "ttml"}, {"url": "https://www.youtube.com/api/timedtext?hl=en&v=RWvi4Vx4CDc&xoaf=1&expire=1542508249&caps=asr&sparams=asr_langs%2Ccaps%2Cv%2Cxoaf%2Cxorp%2Cexpire&xorp=True&asr_langs=pt%2Cen%2Cfr%2Ces%2Cnl%2Cja%2Cko%2Cru%2Cde%2Cit&signature=E8A0E84F95DAF50FC665884D2D3841EC3FB5F568.31524DCB2F079E0BD74022D057A3E5D471F6F04D&key=yttt1&kind=asr&lang=en&tlang=si&fmt=vtt", "ext": "vtt"}], "sk": [{"url": "https://www.youtube.com/api/timedtext?hl=en&v=RWvi4Vx4CDc&xoaf=1&expire=1542508249&caps=asr&sparams=asr_langs%2Ccaps%2Cv%2Cxoaf%2Cxorp%2Cexpire&xorp=True&asr_langs=pt%2Cen%2Cfr%2Ces%2Cnl%2Cja%2Cko%2Cru%2Cde%2Cit&signature=E8A0E84F95DAF50FC665884D2D3841EC3FB5F568.31524DCB2F079E0BD74022D057A3E5D471F6F04D&key=yttt1&kind=asr&lang=en&tlang=sk&fmt=ttml", "ext": "ttml"}, {"url": "https://www.youtube.com/api/timedtext?hl=en&v=RWvi4Vx4CDc&xoaf=1&expire=1542508249&caps=asr&sparams=asr_langs%2Ccaps%2Cv%2Cxoaf%2Cxorp%2Cexpire&xorp=True&asr_langs=pt%2Cen%2Cfr%2Ces%2Cnl%2Cja%2Cko%2Cru%2Cde%2Cit&signature=E8A0E84F95DAF50FC665884D2D3841EC3FB5F568.31524DCB2F079E0BD74022D057A3E5D471F6F04D&key=yttt1&kind=asr&lang=en&tlang=sk&fmt=vtt", "ext": "vtt"}], "sl": [{"url": "https://www.youtube.com/api/timedtext?hl=en&v=RWvi4Vx4CDc&xoaf=1&expire=1542508249&caps=asr&sparams=asr_langs%2Ccaps%2Cv%2Cxoaf%2Cxorp%2Cexpire&xorp=True&asr_langs=pt%2Cen%2Cfr%2Ces%2Cnl%2Cja%2Cko%2Cru%2Cde%2Cit&signature=E8A0E84F95DAF50FC665884D2D3841EC3FB5F568.31524DCB2F079E0BD74022D057A3E5D471F6F04D&key=yttt1&kind=asr&lang=en&tlang=sl&fmt=ttml", "ext": "ttml"}, {"url": "https://www.youtube.com/api/timedtext?hl=en&v=RWvi4Vx4CDc&xoaf=1&expire=1542508249&caps=asr&sparams=asr_langs%2Ccaps%2Cv%2Cxoaf%2Cxorp%2Cexpire&xorp=True&asr_langs=pt%2Cen%2Cfr%2Ces%2Cnl%2Cja%2Cko%2Cru%2Cde%2Cit&signature=E8A0E84F95DAF50FC665884D2D3841EC3FB5F568.31524DCB2F079E0BD74022D057A3E5D471F6F04D&key=yttt1&kind=asr&lang=en&tlang=sl&fmt=vtt", "ext": "vtt"}], "so": [{"url": "https://www.youtube.com/api/timedtext?hl=en&v=RWvi4Vx4CDc&xoaf=1&expire=1542508249&caps=asr&sparams=asr_langs%2Ccaps%2Cv%2Cxoaf%2Cxorp%2Cexpire&xorp=True&asr_langs=pt%2Cen%2Cfr%2Ces%2Cnl%2Cja%2Cko%2Cru%2Cde%2Cit&signature=E8A0E84F95DAF50FC665884D2D3841EC3FB5F568.31524DCB2F079E0BD74022D057A3E5D471F6F04D&key=yttt1&kind=asr&lang=en&tlang=so&fmt=ttml", "ext": "ttml"}, {"url": "https://www.youtube.com/api/timedtext?hl=en&v=RWvi4Vx4CDc&xoaf=1&expire=1542508249&caps=asr&sparams=asr_langs%2Ccaps%2Cv%2Cxoaf%2Cxorp%2Cexpire&xorp=True&asr_langs=pt%2Cen%2Cfr%2Ces%2Cnl%2Cja%2Cko%2Cru%2Cde%2Cit&signature=E8A0E84F95DAF50FC665884D2D3841EC3FB5F568.31524DCB2F079E0BD74022D057A3E5D471F6F04D&key=yttt1&kind=asr&lang=en&tlang=so&fmt=vtt", "ext": "vtt"}], "st": [{"url": "https://www.youtube.com/api/timedtext?hl=en&v=RWvi4Vx4CDc&xoaf=1&expire=1542508249&caps=asr&sparams=asr_langs%2Ccaps%2Cv%2Cxoaf%2Cxorp%2Cexpire&xorp=True&asr_langs=pt%2Cen%2Cfr%2Ces%2Cnl%2Cja%2Cko%2Cru%2Cde%2Cit&signature=E8A0E84F95DAF50FC665884D2D3841EC3FB5F568.31524DCB2F079E0BD74022D057A3E5D471F6F04D&key=yttt1&kind=asr&lang=en&tlang=st&fmt=ttml", "ext": "ttml"}, {"url": "https://www.youtube.com/api/timedtext?hl=en&v=RWvi4Vx4CDc&xoaf=1&expire=1542508249&caps=asr&sparams=asr_langs%2Ccaps%2Cv%2Cxoaf%2Cxorp%2Cexpire&xorp=True&asr_langs=pt%2Cen%2Cfr%2Ces%2Cnl%2Cja%2Cko%2Cru%2Cde%2Cit&signature=E8A0E84F95DAF50FC665884D2D3841EC3FB5F568.31524DCB2F079E0BD74022D057A3E5D471F6F04D&key=yttt1&kind=asr&lang=en&tlang=st&fmt=vtt", "ext": "vtt"}], "es": [{"url": "https://www.youtube.com/api/timedtext?hl=en&v=RWvi4Vx4CDc&xoaf=1&expire=1542508249&caps=asr&sparams=asr_langs%2Ccaps%2Cv%2Cxoaf%2Cxorp%2Cexpire&xorp=True&asr_langs=pt%2Cen%2Cfr%2Ces%2Cnl%2Cja%2Cko%2Cru%2Cde%2Cit&signature=E8A0E84F95DAF50FC665884D2D3841EC3FB5F568.31524DCB2F079E0BD74022D057A3E5D471F6F04D&key=yttt1&kind=asr&lang=en&tlang=es&fmt=ttml", "ext": "ttml"}, {"url": "https://www.youtube.com/api/timedtext?hl=en&v=RWvi4Vx4CDc&xoaf=1&expire=1542508249&caps=asr&sparams=asr_langs%2Ccaps%2Cv%2Cxoaf%2Cxorp%2Cexpire&xorp=True&asr_langs=pt%2Cen%2Cfr%2Ces%2Cnl%2Cja%2Cko%2Cru%2Cde%2Cit&signature=E8A0E84F95DAF50FC665884D2D3841EC3FB5F568.31524DCB2F079E0BD74022D057A3E5D471F6F04D&key=yttt1&kind=asr&lang=en&tlang=es&fmt=vtt", "ext": "vtt"}], "su": [{"url": "https://www.youtube.com/api/timedtext?hl=en&v=RWvi4Vx4CDc&xoaf=1&expire=1542508249&caps=asr&sparams=asr_langs%2Ccaps%2Cv%2Cxoaf%2Cxorp%2Cexpire&xorp=True&asr_langs=pt%2Cen%2Cfr%2Ces%2Cnl%2Cja%2Cko%2Cru%2Cde%2Cit&signature=E8A0E84F95DAF50FC665884D2D3841EC3FB5F568.31524DCB2F079E0BD74022D057A3E5D471F6F04D&key=yttt1&kind=asr&lang=en&tlang=su&fmt=ttml", "ext": "ttml"}, {"url": "https://www.youtube.com/api/timedtext?hl=en&v=RWvi4Vx4CDc&xoaf=1&expire=1542508249&caps=asr&sparams=asr_langs%2Ccaps%2Cv%2Cxoaf%2Cxorp%2Cexpire&xorp=True&asr_langs=pt%2Cen%2Cfr%2Ces%2Cnl%2Cja%2Cko%2Cru%2Cde%2Cit&signature=E8A0E84F95DAF50FC665884D2D3841EC3FB5F568.31524DCB2F079E0BD74022D057A3E5D471F6F04D&key=yttt1&kind=asr&lang=en&tlang=su&fmt=vtt", "ext": "vtt"}], "sw": [{"url": "https://www.youtube.com/api/timedtext?hl=en&v=RWvi4Vx4CDc&xoaf=1&expire=1542508249&caps=asr&sparams=asr_langs%2Ccaps%2Cv%2Cxoaf%2Cxorp%2Cexpire&xorp=True&asr_langs=pt%2Cen%2Cfr%2Ces%2Cnl%2Cja%2Cko%2Cru%2Cde%2Cit&signature=E8A0E84F95DAF50FC665884D2D3841EC3FB5F568.31524DCB2F079E0BD74022D057A3E5D471F6F04D&key=yttt1&kind=asr&lang=en&tlang=sw&fmt=ttml", "ext": "ttml"}, {"url": "https://www.youtube.com/api/timedtext?hl=en&v=RWvi4Vx4CDc&xoaf=1&expire=1542508249&caps=asr&sparams=asr_langs%2Ccaps%2Cv%2Cxoaf%2Cxorp%2Cexpire&xorp=True&asr_langs=pt%2Cen%2Cfr%2Ces%2Cnl%2Cja%2Cko%2Cru%2Cde%2Cit&signature=E8A0E84F95DAF50FC665884D2D3841EC3FB5F568.31524DCB2F079E0BD74022D057A3E5D471F6F04D&key=yttt1&kind=asr&lang=en&tlang=sw&fmt=vtt", "ext": "vtt"}], "sv": [{"url": "https://www.youtube.com/api/timedtext?hl=en&v=RWvi4Vx4CDc&xoaf=1&expire=1542508249&caps=asr&sparams=asr_langs%2Ccaps%2Cv%2Cxoaf%2Cxorp%2Cexpire&xorp=True&asr_langs=pt%2Cen%2Cfr%2Ces%2Cnl%2Cja%2Cko%2Cru%2Cde%2Cit&signature=E8A0E84F95DAF50FC665884D2D3841EC3FB5F568.31524DCB2F079E0BD74022D057A3E5D471F6F04D&key=yttt1&kind=asr&lang=en&tlang=sv&fmt=ttml", "ext": "ttml"}, {"url": "https://www.youtube.com/api/timedtext?hl=en&v=RWvi4Vx4CDc&xoaf=1&expire=1542508249&caps=asr&sparams=asr_langs%2Ccaps%2Cv%2Cxoaf%2Cxorp%2Cexpire&xorp=True&asr_langs=pt%2Cen%2Cfr%2Ces%2Cnl%2Cja%2Cko%2Cru%2Cde%2Cit&signature=E8A0E84F95DAF50FC665884D2D3841EC3FB5F568.31524DCB2F079E0BD74022D057A3E5D471F6F04D&key=yttt1&kind=asr&lang=en&tlang=sv&fmt=vtt", "ext": "vtt"}], "tg": [{"url": "https://www.youtube.com/api/timedtext?hl=en&v=RWvi4Vx4CDc&xoaf=1&expire=1542508249&caps=asr&sparams=asr_langs%2Ccaps%2Cv%2Cxoaf%2Cxorp%2Cexpire&xorp=True&asr_langs=pt%2Cen%2Cfr%2Ces%2Cnl%2Cja%2Cko%2Cru%2Cde%2Cit&signature=E8A0E84F95DAF50FC665884D2D3841EC3FB5F568.31524DCB2F079E0BD74022D057A3E5D471F6F04D&key=yttt1&kind=asr&lang=en&tlang=tg&fmt=ttml", "ext": "ttml"}, {"url": "https://www.youtube.com/api/timedtext?hl=en&v=RWvi4Vx4CDc&xoaf=1&expire=1542508249&caps=asr&sparams=asr_langs%2Ccaps%2Cv%2Cxoaf%2Cxorp%2Cexpire&xorp=True&asr_langs=pt%2Cen%2Cfr%2Ces%2Cnl%2Cja%2Cko%2Cru%2Cde%2Cit&signature=E8A0E84F95DAF50FC665884D2D3841EC3FB5F568.31524DCB2F079E0BD74022D057A3E5D471F6F04D&key=yttt1&kind=asr&lang=en&tlang=tg&fmt=vtt", "ext": "vtt"}], "ta": [{"url": "https://www.youtube.com/api/timedtext?hl=en&v=RWvi4Vx4CDc&xoaf=1&expire=1542508249&caps=asr&sparams=asr_langs%2Ccaps%2Cv%2Cxoaf%2Cxorp%2Cexpire&xorp=True&asr_langs=pt%2Cen%2Cfr%2Ces%2Cnl%2Cja%2Cko%2Cru%2Cde%2Cit&signature=E8A0E84F95DAF50FC665884D2D3841EC3FB5F568.31524DCB2F079E0BD74022D057A3E5D471F6F04D&key=yttt1&kind=asr&lang=en&tlang=ta&fmt=ttml", "ext": "ttml"}, {"url": "https://www.youtube.com/api/timedtext?hl=en&v=RWvi4Vx4CDc&xoaf=1&expire=1542508249&caps=asr&sparams=asr_langs%2Ccaps%2Cv%2Cxoaf%2Cxorp%2Cexpire&xorp=True&asr_langs=pt%2Cen%2Cfr%2Ces%2Cnl%2Cja%2Cko%2Cru%2Cde%2Cit&signature=E8A0E84F95DAF50FC665884D2D3841EC3FB5F568.31524DCB2F079E0BD74022D057A3E5D471F6F04D&key=yttt1&kind=asr&lang=en&tlang=ta&fmt=vtt", "ext": "vtt"}], "te": [{"url": "https://www.youtube.com/api/timedtext?hl=en&v=RWvi4Vx4CDc&xoaf=1&expire=1542508249&caps=asr&sparams=asr_langs%2Ccaps%2Cv%2Cxoaf%2Cxorp%2Cexpire&xorp=True&asr_langs=pt%2Cen%2Cfr%2Ces%2Cnl%2Cja%2Cko%2Cru%2Cde%2Cit&signature=E8A0E84F95DAF50FC665884D2D3841EC3FB5F568.31524DCB2F079E0BD74022D057A3E5D471F6F04D&key=yttt1&kind=asr&lang=en&tlang=te&fmt=ttml", "ext": "ttml"}, {"url": "https://www.youtube.com/api/timedtext?hl=en&v=RWvi4Vx4CDc&xoaf=1&expire=1542508249&caps=asr&sparams=asr_langs%2Ccaps%2Cv%2Cxoaf%2Cxorp%2Cexpire&xorp=True&asr_langs=pt%2Cen%2Cfr%2Ces%2Cnl%2Cja%2Cko%2Cru%2Cde%2Cit&signature=E8A0E84F95DAF50FC665884D2D3841EC3FB5F568.31524DCB2F079E0BD74022D057A3E5D471F6F04D&key=yttt1&kind=asr&lang=en&tlang=te&fmt=vtt", "ext": "vtt"}], "th": [{"url": "https://www.youtube.com/api/timedtext?hl=en&v=RWvi4Vx4CDc&xoaf=1&expire=1542508249&caps=asr&sparams=asr_langs%2Ccaps%2Cv%2Cxoaf%2Cxorp%2Cexpire&xorp=True&asr_langs=pt%2Cen%2Cfr%2Ces%2Cnl%2Cja%2Cko%2Cru%2Cde%2Cit&signature=E8A0E84F95DAF50FC665884D2D3841EC3FB5F568.31524DCB2F079E0BD74022D057A3E5D471F6F04D&key=yttt1&kind=asr&lang=en&tlang=th&fmt=ttml", "ext": "ttml"}, {"url": "https://www.youtube.com/api/timedtext?hl=en&v=RWvi4Vx4CDc&xoaf=1&expire=1542508249&caps=asr&sparams=asr_langs%2Ccaps%2Cv%2Cxoaf%2Cxorp%2Cexpire&xorp=True&asr_langs=pt%2Cen%2Cfr%2Ces%2Cnl%2Cja%2Cko%2Cru%2Cde%2Cit&signature=E8A0E84F95DAF50FC665884D2D3841EC3FB5F568.31524DCB2F079E0BD74022D057A3E5D471F6F04D&key=yttt1&kind=asr&lang=en&tlang=th&fmt=vtt", "ext": "vtt"}], "tr": [{"url": "https://www.youtube.com/api/timedtext?hl=en&v=RWvi4Vx4CDc&xoaf=1&expire=1542508249&caps=asr&sparams=asr_langs%2Ccaps%2Cv%2Cxoaf%2Cxorp%2Cexpire&xorp=True&asr_langs=pt%2Cen%2Cfr%2Ces%2Cnl%2Cja%2Cko%2Cru%2Cde%2Cit&signature=E8A0E84F95DAF50FC665884D2D3841EC3FB5F568.31524DCB2F079E0BD74022D057A3E5D471F6F04D&key=yttt1&kind=asr&lang=en&tlang=tr&fmt=ttml", "ext": "ttml"}, {"url": "https://www.youtube.com/api/timedtext?hl=en&v=RWvi4Vx4CDc&xoaf=1&expire=1542508249&caps=asr&sparams=asr_langs%2Ccaps%2Cv%2Cxoaf%2Cxorp%2Cexpire&xorp=True&asr_langs=pt%2Cen%2Cfr%2Ces%2Cnl%2Cja%2Cko%2Cru%2Cde%2Cit&signature=E8A0E84F95DAF50FC665884D2D3841EC3FB5F568.31524DCB2F079E0BD74022D057A3E5D471F6F04D&key=yttt1&kind=asr&lang=en&tlang=tr&fmt=vtt", "ext": "vtt"}], "uk": [{"url": "https://www.youtube.com/api/timedtext?hl=en&v=RWvi4Vx4CDc&xoaf=1&expire=1542508249&caps=asr&sparams=asr_langs%2Ccaps%2Cv%2Cxoaf%2Cxorp%2Cexpire&xorp=True&asr_langs=pt%2Cen%2Cfr%2Ces%2Cnl%2Cja%2Cko%2Cru%2Cde%2Cit&signature=E8A0E84F95DAF50FC665884D2D3841EC3FB5F568.31524DCB2F079E0BD74022D057A3E5D471F6F04D&key=yttt1&kind=asr&lang=en&tlang=uk&fmt=ttml", "ext": "ttml"}, {"url": "https://www.youtube.com/api/timedtext?hl=en&v=RWvi4Vx4CDc&xoaf=1&expire=1542508249&caps=asr&sparams=asr_langs%2Ccaps%2Cv%2Cxoaf%2Cxorp%2Cexpire&xorp=True&asr_langs=pt%2Cen%2Cfr%2Ces%2Cnl%2Cja%2Cko%2Cru%2Cde%2Cit&signature=E8A0E84F95DAF50FC665884D2D3841EC3FB5F568.31524DCB2F079E0BD74022D057A3E5D471F6F04D&key=yttt1&kind=asr&lang=en&tlang=uk&fmt=vtt", "ext": "vtt"}], "ur": [{"url": "https://www.youtube.com/api/timedtext?hl=en&v=RWvi4Vx4CDc&xoaf=1&expire=1542508249&caps=asr&sparams=asr_langs%2Ccaps%2Cv%2Cxoaf%2Cxorp%2Cexpire&xorp=True&asr_langs=pt%2Cen%2Cfr%2Ces%2Cnl%2Cja%2Cko%2Cru%2Cde%2Cit&signature=E8A0E84F95DAF50FC665884D2D3841EC3FB5F568.31524DCB2F079E0BD74022D057A3E5D471F6F04D&key=yttt1&kind=asr&lang=en&tlang=ur&fmt=ttml", "ext": "ttml"}, {"url": "https://www.youtube.com/api/timedtext?hl=en&v=RWvi4Vx4CDc&xoaf=1&expire=1542508249&caps=asr&sparams=asr_langs%2Ccaps%2Cv%2Cxoaf%2Cxorp%2Cexpire&xorp=True&asr_langs=pt%2Cen%2Cfr%2Ces%2Cnl%2Cja%2Cko%2Cru%2Cde%2Cit&signature=E8A0E84F95DAF50FC665884D2D3841EC3FB5F568.31524DCB2F079E0BD74022D057A3E5D471F6F04D&key=yttt1&kind=asr&lang=en&tlang=ur&fmt=vtt", "ext": "vtt"}], "uz": [{"url": "https://www.youtube.com/api/timedtext?hl=en&v=RWvi4Vx4CDc&xoaf=1&expire=1542508249&caps=asr&sparams=asr_langs%2Ccaps%2Cv%2Cxoaf%2Cxorp%2Cexpire&xorp=True&asr_langs=pt%2Cen%2Cfr%2Ces%2Cnl%2Cja%2Cko%2Cru%2Cde%2Cit&signature=E8A0E84F95DAF50FC665884D2D3841EC3FB5F568.31524DCB2F079E0BD74022D057A3E5D471F6F04D&key=yttt1&kind=asr&lang=en&tlang=uz&fmt=ttml", "ext": "ttml"}, {"url": "https://www.youtube.com/api/timedtext?hl=en&v=RWvi4Vx4CDc&xoaf=1&expire=1542508249&caps=asr&sparams=asr_langs%2Ccaps%2Cv%2Cxoaf%2Cxorp%2Cexpire&xorp=True&asr_langs=pt%2Cen%2Cfr%2Ces%2Cnl%2Cja%2Cko%2Cru%2Cde%2Cit&signature=E8A0E84F95DAF50FC665884D2D3841EC3FB5F568.31524DCB2F079E0BD74022D057A3E5D471F6F04D&key=yttt1&kind=asr&lang=en&tlang=uz&fmt=vtt", "ext": "vtt"}], "vi": [{"url": "https://www.youtube.com/api/timedtext?hl=en&v=RWvi4Vx4CDc&xoaf=1&expire=1542508249&caps=asr&sparams=asr_langs%2Ccaps%2Cv%2Cxoaf%2Cxorp%2Cexpire&xorp=True&asr_langs=pt%2Cen%2Cfr%2Ces%2Cnl%2Cja%2Cko%2Cru%2Cde%2Cit&signature=E8A0E84F95DAF50FC665884D2D3841EC3FB5F568.31524DCB2F079E0BD74022D057A3E5D471F6F04D&key=yttt1&kind=asr&lang=en&tlang=vi&fmt=ttml", "ext": "ttml"}, {"url": "https://www.youtube.com/api/timedtext?hl=en&v=RWvi4Vx4CDc&xoaf=1&expire=1542508249&caps=asr&sparams=asr_langs%2Ccaps%2Cv%2Cxoaf%2Cxorp%2Cexpire&xorp=True&asr_langs=pt%2Cen%2Cfr%2Ces%2Cnl%2Cja%2Cko%2Cru%2Cde%2Cit&signature=E8A0E84F95DAF50FC665884D2D3841EC3FB5F568.31524DCB2F079E0BD74022D057A3E5D471F6F04D&key=yttt1&kind=asr&lang=en&tlang=vi&fmt=vtt", "ext": "vtt"}], "cy": [{"url": "https://www.youtube.com/api/timedtext?hl=en&v=RWvi4Vx4CDc&xoaf=1&expire=1542508249&caps=asr&sparams=asr_langs%2Ccaps%2Cv%2Cxoaf%2Cxorp%2Cexpire&xorp=True&asr_langs=pt%2Cen%2Cfr%2Ces%2Cnl%2Cja%2Cko%2Cru%2Cde%2Cit&signature=E8A0E84F95DAF50FC665884D2D3841EC3FB5F568.31524DCB2F079E0BD74022D057A3E5D471F6F04D&key=yttt1&kind=asr&lang=en&tlang=cy&fmt=ttml", "ext": "ttml"}, {"url": "https://www.youtube.com/api/timedtext?hl=en&v=RWvi4Vx4CDc&xoaf=1&expire=1542508249&caps=asr&sparams=asr_langs%2Ccaps%2Cv%2Cxoaf%2Cxorp%2Cexpire&xorp=True&asr_langs=pt%2Cen%2Cfr%2Ces%2Cnl%2Cja%2Cko%2Cru%2Cde%2Cit&signature=E8A0E84F95DAF50FC665884D2D3841EC3FB5F568.31524DCB2F079E0BD74022D057A3E5D471F6F04D&key=yttt1&kind=asr&lang=en&tlang=cy&fmt=vtt", "ext": "vtt"}], "fy": [{"url": "https://www.youtube.com/api/timedtext?hl=en&v=RWvi4Vx4CDc&xoaf=1&expire=1542508249&caps=asr&sparams=asr_langs%2Ccaps%2Cv%2Cxoaf%2Cxorp%2Cexpire&xorp=True&asr_langs=pt%2Cen%2Cfr%2Ces%2Cnl%2Cja%2Cko%2Cru%2Cde%2Cit&signature=E8A0E84F95DAF50FC665884D2D3841EC3FB5F568.31524DCB2F079E0BD74022D057A3E5D471F6F04D&key=yttt1&kind=asr&lang=en&tlang=fy&fmt=ttml", "ext": "ttml"}, {"url": "https://www.youtube.com/api/timedtext?hl=en&v=RWvi4Vx4CDc&xoaf=1&expire=1542508249&caps=asr&sparams=asr_langs%2Ccaps%2Cv%2Cxoaf%2Cxorp%2Cexpire&xorp=True&asr_langs=pt%2Cen%2Cfr%2Ces%2Cnl%2Cja%2Cko%2Cru%2Cde%2Cit&signature=E8A0E84F95DAF50FC665884D2D3841EC3FB5F568.31524DCB2F079E0BD74022D057A3E5D471F6F04D&key=yttt1&kind=asr&lang=en&tlang=fy&fmt=vtt", "ext": "vtt"}], "xh": [{"url": "https://www.youtube.com/api/timedtext?hl=en&v=RWvi4Vx4CDc&xoaf=1&expire=1542508249&caps=asr&sparams=asr_langs%2Ccaps%2Cv%2Cxoaf%2Cxorp%2Cexpire&xorp=True&asr_langs=pt%2Cen%2Cfr%2Ces%2Cnl%2Cja%2Cko%2Cru%2Cde%2Cit&signature=E8A0E84F95DAF50FC665884D2D3841EC3FB5F568.31524DCB2F079E0BD74022D057A3E5D471F6F04D&key=yttt1&kind=asr&lang=en&tlang=xh&fmt=ttml", "ext": "ttml"}, {"url": "https://www.youtube.com/api/timedtext?hl=en&v=RWvi4Vx4CDc&xoaf=1&expire=1542508249&caps=asr&sparams=asr_langs%2Ccaps%2Cv%2Cxoaf%2Cxorp%2Cexpire&xorp=True&asr_langs=pt%2Cen%2Cfr%2Ces%2Cnl%2Cja%2Cko%2Cru%2Cde%2Cit&signature=E8A0E84F95DAF50FC665884D2D3841EC3FB5F568.31524DCB2F079E0BD74022D057A3E5D471F6F04D&key=yttt1&kind=asr&lang=en&tlang=xh&fmt=vtt", "ext": "vtt"}], "yi": [{"url": "https://www.youtube.com/api/timedtext?hl=en&v=RWvi4Vx4CDc&xoaf=1&expire=1542508249&caps=asr&sparams=asr_langs%2Ccaps%2Cv%2Cxoaf%2Cxorp%2Cexpire&xorp=True&asr_langs=pt%2Cen%2Cfr%2Ces%2Cnl%2Cja%2Cko%2Cru%2Cde%2Cit&signature=E8A0E84F95DAF50FC665884D2D3841EC3FB5F568.31524DCB2F079E0BD74022D057A3E5D471F6F04D&key=yttt1&kind=asr&lang=en&tlang=yi&fmt=ttml", "ext": "ttml"}, {"url": "https://www.youtube.com/api/timedtext?hl=en&v=RWvi4Vx4CDc&xoaf=1&expire=1542508249&caps=asr&sparams=asr_langs%2Ccaps%2Cv%2Cxoaf%2Cxorp%2Cexpire&xorp=True&asr_langs=pt%2Cen%2Cfr%2Ces%2Cnl%2Cja%2Cko%2Cru%2Cde%2Cit&signature=E8A0E84F95DAF50FC665884D2D3841EC3FB5F568.31524DCB2F079E0BD74022D057A3E5D471F6F04D&key=yttt1&kind=asr&lang=en&tlang=yi&fmt=vtt", "ext": "vtt"}], "yo": [{"url": "https://www.youtube.com/api/timedtext?hl=en&v=RWvi4Vx4CDc&xoaf=1&expire=1542508249&caps=asr&sparams=asr_langs%2Ccaps%2Cv%2Cxoaf%2Cxorp%2Cexpire&xorp=True&asr_langs=pt%2Cen%2Cfr%2Ces%2Cnl%2Cja%2Cko%2Cru%2Cde%2Cit&signature=E8A0E84F95DAF50FC665884D2D3841EC3FB5F568.31524DCB2F079E0BD74022D057A3E5D471F6F04D&key=yttt1&kind=asr&lang=en&tlang=yo&fmt=ttml", "ext": "ttml"}, {"url": "https://www.youtube.com/api/timedtext?hl=en&v=RWvi4Vx4CDc&xoaf=1&expire=1542508249&caps=asr&sparams=asr_langs%2Ccaps%2Cv%2Cxoaf%2Cxorp%2Cexpire&xorp=True&asr_langs=pt%2Cen%2Cfr%2Ces%2Cnl%2Cja%2Cko%2Cru%2Cde%2Cit&signature=E8A0E84F95DAF50FC665884D2D3841EC3FB5F568.31524DCB2F079E0BD74022D057A3E5D471F6F04D&key=yttt1&kind=asr&lang=en&tlang=yo&fmt=vtt", "ext": "vtt"}], "zu": [{"url": "https://www.youtube.com/api/timedtext?hl=en&v=RWvi4Vx4CDc&xoaf=1&expire=1542508249&caps=asr&sparams=asr_langs%2Ccaps%2Cv%2Cxoaf%2Cxorp%2Cexpire&xorp=True&asr_langs=pt%2Cen%2Cfr%2Ces%2Cnl%2Cja%2Cko%2Cru%2Cde%2Cit&signature=E8A0E84F95DAF50FC665884D2D3841EC3FB5F568.31524DCB2F079E0BD74022D057A3E5D471F6F04D&key=yttt1&kind=asr&lang=en&tlang=zu&fmt=ttml", "ext": "ttml"}, {"url": "https://www.youtube.com/api/timedtext?hl=en&v=RWvi4Vx4CDc&xoaf=1&expire=1542508249&caps=asr&sparams=asr_langs%2Ccaps%2Cv%2Cxoaf%2Cxorp%2Cexpire&xorp=True&asr_langs=pt%2Cen%2Cfr%2Ces%2Cnl%2Cja%2Cko%2Cru%2Cde%2Cit&signature=E8A0E84F95DAF50FC665884D2D3841EC3FB5F568.31524DCB2F079E0BD74022D057A3E5D471F6F04D&key=yttt1&kind=asr&lang=en&tlang=zu&fmt=vtt", "ext": "vtt"}]}, "duration": 2606, "age_limit": 0, "annotations": null, "chapters": null, "webpage_url": "https://www.youtube.com/watch?v=RWvi4Vx4CDc", "view_count": 106086, "like_count": 471, "dislike_count": 4, "average_rating": 4.96631574631, "formats": [{"format_id": "171", "url": "https://r4---sn-n4v7sn7s.googlevideo.com/videoplayback?fvip=4&pl=22&mv=m&mt=1542482879&ms=au%2Crdu&ei=aWzwW8ngEoHQkgaDiLjIAw&id=o-AJphUJUrw18dlBQXH0RekRDge3MskK9oXUXM_m4HV1ck&mn=sn-n4v7sn7s%2Csn-n4v7knll&mm=31%2C29&source=youtube&gir=yes&ip=69.181.125.22&lmt=1400777307421922&expire=1542504649&clen=27419685&sparams=clen%2Cdur%2Cei%2Cgir%2Cid%2Cinitcwndbps%2Cip%2Cipbits%2Citag%2Ckeepalive%2Clmt%2Cmime%2Cmm%2Cmn%2Cms%2Cmv%2Cpl%2Crequiressl%2Csource%2Cexpire&c=WEB&initcwndbps=1785000&keepalive=yes&key=yt6&ipbits=0&signature=444A380FE276692547BC4DF3FD8B20F7156E8CF5.3D523154636C31BE70DA4BF1B5A9E097AA0AB191&requiressl=yes&itag=171&dur=2605.553&mime=audio%2Fwebm&ratebypass=yes", "player_url": "/yts/jsbin/player_ias-vflof8Kxx/en_US/base.js", "ext": "webm", "acodec": "vorbis", "format_note": "DASH audio", "abr": 128, "filesize": 27419685, "tbr": 101.163, "fps": 1, "quality": -1, "vcodec": "none", "downloader_options": {"http_chunk_size": 10485760}, "format": "171 - audio only (DASH audio)", "protocol": "https", "http_headers": {"User-Agent": "Mozilla/5.0 (X11; Linux x86_64; rv:59.0) Gecko/20100101 Firefox/59.0", "Accept-Charset": "ISO-8859-1,utf-8;q=0.7,*;q=0.7", "Accept": "text/html,application/xhtml+xml,application/xml;q=0.9,*/*;q=0.8", "Accept-Encoding": "gzip, deflate", "Accept-Language": "en-us,en;q=0.5"}}, {"format_id": "140", "url": "https://r4---sn-n4v7sn7s.googlevideo.com/videoplayback?fvip=4&pl=22&mv=m&mt=1542482879&ms=au%2Crdu&ei=aWzwW8ngEoHQkgaDiLjIAw&id=o-AJphUJUrw18dlBQXH0RekRDge3MskK9oXUXM_m4HV1ck&mn=sn-n4v7sn7s%2Csn-n4v7knll&mm=31%2C29&source=youtube&gir=yes&ip=69.181.125.22&lmt=1390334467530780&expire=1542504649&clen=41382877&sparams=clen%2Cdur%2Cei%2Cgir%2Cid%2Cinitcwndbps%2Cip%2Cipbits%2Citag%2Ckeepalive%2Clmt%2Cmime%2Cmm%2Cmn%2Cms%2Cmv%2Cpl%2Crequiressl%2Csource%2Cexpire&c=WEB&initcwndbps=1785000&keepalive=yes&key=yt6&ipbits=0&signature=85BE73D0A199BE08D2A22170434B73403AF67D08.600C54B07C9A09A79946F9CFCE69AA6647D6DD62&requiressl=yes&itag=140&dur=2605.603&mime=audio%2Fmp4&ratebypass=yes", "player_url": "/yts/jsbin/player_ias-vflof8Kxx/en_US/base.js", "ext": "m4a", "format_note": "DASH audio", "acodec": "mp4a.40.2", "abr": 128, "container": "m4a_dash", "filesize": 41382877, "tbr": 130.214, "quality": -1, "vcodec": "none", "downloader_options": {"http_chunk_size": 10485760}, "format": "140 - audio only (DASH audio)", "protocol": "https", "http_headers": {"User-Agent": "Mozilla/5.0 (X11; Linux x86_64; rv:59.0) Gecko/20100101 Firefox/59.0", "Accept-Charset": "ISO-8859-1,utf-8;q=0.7,*;q=0.7", "Accept": "text/html,application/xhtml+xml,application/xml;q=0.9,*/*;q=0.8", "Accept-Encoding": "gzip, deflate", "Accept-Language": "en-us,en;q=0.5"}}, {"format_id": "160", "url": "https://r4---sn-n4v7sn7s.googlevideo.com/videoplayback?fvip=4&pl=22&mv=m&mt=1542482879&ms=au%2Crdu&ei=aWzwW8ngEoHQkgaDiLjIAw&id=o-AJphUJUrw18dlBQXH0RekRDge3MskK9oXUXM_m4HV1ck&mn=sn-n4v7sn7s%2Csn-n4v7knll&mm=31%2C29&source=youtube&gir=yes&ip=69.181.125.22&lmt=1390334949481320&aitags=133%2C134%2C135%2C160&expire=1542504649&clen=36886741&sparams=aitags%2Cclen%2Cdur%2Cei%2Cgir%2Cid%2Cinitcwndbps%2Cip%2Cipbits%2Citag%2Ckeepalive%2Clmt%2Cmime%2Cmm%2Cmn%2Cms%2Cmv%2Cpl%2Crequiressl%2Csource%2Cexpire&c=WEB&initcwndbps=1785000&keepalive=yes&key=yt6&ipbits=0&signature=6AE1DBFC1791B41778AFD7B1BFBFB59B96EC8B13.6DC0F4580427EC2DDDA35666E35520A8E9454046&requiressl=yes&itag=160&dur=2605.503&mime=video%2Fmp4&ratebypass=yes", "player_url": "/yts/jsbin/player_ias-vflof8Kxx/en_US/base.js", "ext": "mp4", "height": 144, "format_note": "144p", "vcodec": "avc1.4d400c", "filesize": 36886741, "tbr": 124.17, "width": 192, "fps": 15, "quality": -1, "acodec": "none", "downloader_options": {"http_chunk_size": 10485760}, "format": "160 - 192x144 (144p)", "protocol": "https", "http_headers": {"User-Agent": "Mozilla/5.0 (X11; Linux x86_64; rv:59.0) Gecko/20100101 Firefox/59.0", "Accept-Charset": "ISO-8859-1,utf-8;q=0.7,*;q=0.7", "Accept": "text/html,application/xhtml+xml,application/xml;q=0.9,*/*;q=0.8", "Accept-Encoding": "gzip, deflate", "Accept-Language": "en-us,en;q=0.5"}}, {"format_id": "133", "url": "https://r4---sn-n4v7sn7s.googlevideo.com/videoplayback?fvip=4&pl=22&mv=m&mt=1542482879&ms=au%2Crdu&ei=aWzwW8ngEoHQkgaDiLjIAw&id=o-AJphUJUrw18dlBQXH0RekRDge3MskK9oXUXM_m4HV1ck&mn=sn-n4v7sn7s%2Csn-n4v7knll&mm=31%2C29&source=youtube&gir=yes&ip=69.181.125.22&lmt=1390334950070311&aitags=133%2C134%2C135%2C160&expire=1542504649&clen=79651172&sparams=aitags%2Cclen%2Cdur%2Cei%2Cgir%2Cid%2Cinitcwndbps%2Cip%2Cipbits%2Citag%2Ckeepalive%2Clmt%2Cmime%2Cmm%2Cmn%2Cms%2Cmv%2Cpl%2Crequiressl%2Csource%2Cexpire&c=WEB&initcwndbps=1785000&keepalive=yes&key=yt6&ipbits=0&signature=B449DE0A1B6BB321D6206688A3A91517488B7F53.524CA8FF3A84AAA9ABAEFEDF148F391FC670EB9C&requiressl=yes&itag=133&dur=2605.503&mime=video%2Fmp4&ratebypass=yes", "player_url": "/yts/jsbin/player_ias-vflof8Kxx/en_US/base.js", "ext": "mp4", "height": 240, "format_note": "240p", "vcodec": "avc1.4d400d", "filesize": 79651172, "tbr": 262.578, "width": 320, "fps": 30, "quality": -1, "acodec": "none", "downloader_options": {"http_chunk_size": 10485760}, "format": "133 - 320x240 (240p)", "protocol": "https", "http_headers": {"User-Agent": "Mozilla/5.0 (X11; Linux x86_64; rv:59.0) Gecko/20100101 Firefox/59.0", "Accept-Charset": "ISO-8859-1,utf-8;q=0.7,*;q=0.7", "Accept": "text/html,application/xhtml+xml,application/xml;q=0.9,*/*;q=0.8", "Accept-Encoding": "gzip, deflate", "Accept-Language": "en-us,en;q=0.5"}}, {"format_id": "134", "url": "https://r4---sn-n4v7sn7s.googlevideo.com/videoplayback?fvip=4&pl=22&mv=m&mt=1542482879&ms=au%2Crdu&ei=aWzwW8ngEoHQkgaDiLjIAw&id=o-AJphUJUrw18dlBQXH0RekRDge3MskK9oXUXM_m4HV1ck&mn=sn-n4v7sn7s%2Csn-n4v7knll&mm=31%2C29&source=youtube&gir=yes&ip=69.181.125.22&lmt=1390334947041864&aitags=133%2C134%2C135%2C160&expire=1542504649&clen=81987072&sparams=aitags%2Cclen%2Cdur%2Cei%2Cgir%2Cid%2Cinitcwndbps%2Cip%2Cipbits%2Citag%2Ckeepalive%2Clmt%2Cmime%2Cmm%2Cmn%2Cms%2Cmv%2Cpl%2Crequiressl%2Csource%2Cexpire&c=WEB&initcwndbps=1785000&keepalive=yes&key=yt6&ipbits=0&signature=3E0874D79925D2D1E6DCD1832F58058A957EC752.A5F0047FCF2AA408EDFCE44351C81BB6BCDBE0D2&requiressl=yes&itag=134&dur=2605.503&mime=video%2Fmp4&ratebypass=yes", "player_url": "/yts/jsbin/player_ias-vflof8Kxx/en_US/base.js", "ext": "mp4", "height": 360, "format_note": "360p", "vcodec": "avc1.4d401e", "filesize": 81987072, "tbr": 412.885, "width": 480, "fps": 30, "quality": -1, "acodec": "none", "downloader_options": {"http_chunk_size": 10485760}, "format": "134 - 480x360 (360p)", "protocol": "https", "http_headers": {"User-Agent": "Mozilla/5.0 (X11; Linux x86_64; rv:59.0) Gecko/20100101 Firefox/59.0", "Accept-Charset": "ISO-8859-1,utf-8;q=0.7,*;q=0.7", "Accept": "text/html,application/xhtml+xml,application/xml;q=0.9,*/*;q=0.8", "Accept-Encoding": "gzip, deflate", "Accept-Language": "en-us,en;q=0.5"}}, {"format_id": "135", "url": "https://r4---sn-n4v7sn7s.googlevideo.com/videoplayback?fvip=4&pl=22&mv=m&mt=1542482879&ms=au%2Crdu&ei=aWzwW8ngEoHQkgaDiLjIAw&id=o-AJphUJUrw18dlBQXH0RekRDge3MskK9oXUXM_m4HV1ck&mn=sn-n4v7sn7s%2Csn-n4v7knll&mm=31%2C29&source=youtube&gir=yes&ip=69.181.125.22&lmt=1390334956411136&aitags=133%2C134%2C135%2C160&expire=1542504649&clen=176203754&sparams=aitags%2Cclen%2Cdur%2Cei%2Cgir%2Cid%2Cinitcwndbps%2Cip%2Cipbits%2Citag%2Ckeepalive%2Clmt%2Cmime%2Cmm%2Cmn%2Cms%2Cmv%2Cpl%2Crequiressl%2Csource%2Cexpire&c=WEB&initcwndbps=1785000&keepalive=yes&key=yt6&ipbits=0&signature=D75B4E91A5E92CA8A67EB8F6C1155C4BBF448935.0975BBB60ECD013874CD4E320F99CC90A3D9FA17&requiressl=yes&itag=135&dur=2605.503&mime=video%2Fmp4&ratebypass=yes", "player_url": "/yts/jsbin/player_ias-vflof8Kxx/en_US/base.js", "ext": "mp4", "height": 480, "format_note": "480p", "vcodec": "avc1.4d401e", "filesize": 176203754, "tbr": 916.542, "width": 640, "fps": 30, "quality": -1, "acodec": "none", "downloader_options": {"http_chunk_size": 10485760}, "format": "135 - 640x480 (480p)", "protocol": "https", "http_headers": {"User-Agent": "Mozilla/5.0 (X11; Linux x86_64; rv:59.0) Gecko/20100101 Firefox/59.0", "Accept-Charset": "ISO-8859-1,utf-8;q=0.7,*;q=0.7", "Accept": "text/html,application/xhtml+xml,application/xml;q=0.9,*/*;q=0.8", "Accept-Encoding": "gzip, deflate", "Accept-Language": "en-us,en;q=0.5"}}, {"format_id": "17", "url": "https://r4---sn-n4v7sn7s.googlevideo.com/videoplayback?fvip=4&pl=22&mv=m&mt=1542482879&ms=au%2Crdu&ei=aWzwW8ngEoHQkgaDiLjIAw&id=o-AJphUJUrw18dlBQXH0RekRDge3MskK9oXUXM_m4HV1ck&mn=sn-n4v7sn7s%2Csn-n4v7knll&mm=31%2C29&source=youtube&gir=yes&ip=69.181.125.22&lmt=1390334886998870&expire=1542504649&clen=26553639&sparams=clen%2Cdur%2Cei%2Cgir%2Cid%2Cinitcwndbps%2Cip%2Cipbits%2Citag%2Clmt%2Cmime%2Cmm%2Cmn%2Cms%2Cmv%2Cpl%2Crequiressl%2Csource%2Cexpire&c=WEB&initcwndbps=1785000&key=yt6&ipbits=0&signature=A1126D82D3DE63FBCF99F0D63BC2E0ADA409B2FB.19166644AFE0E6128AB4E10DDAD02554524E1F54&requiressl=yes&itag=17&dur=2605.882&mime=video%2F3gpp&ratebypass=yes", "player_url": "/yts/jsbin/player_ias-vflof8Kxx/en_US/base.js", "ext": "3gp", "width": 176, "height": 144, "acodec": "mp4a.40.2", "abr": 24, "vcodec": "mp4v.20.3", "resolution": "176x144", "filesize": 26553639, "format_note": "small", "format": "17 - 176x144 (small)", "protocol": "https", "http_headers": {"User-Agent": "Mozilla/5.0 (X11; Linux x86_64; rv:59.0) Gecko/20100101 Firefox/59.0", "Accept-Charset": "ISO-8859-1,utf-8;q=0.7,*;q=0.7", "Accept": "text/html,application/xhtml+xml,application/xml;q=0.9,*/*;q=0.8", "Accept-Encoding": "gzip, deflate", "Accept-Language": "en-us,en;q=0.5"}}, {"format_id": "36", "url": "https://r4---sn-n4v7sn7s.googlevideo.com/videoplayback?fvip=4&pl=22&mv=m&mt=1542482879&ms=au%2Crdu&ei=aWzwW8ngEoHQkgaDiLjIAw&id=o-AJphUJUrw18dlBQXH0RekRDge3MskK9oXUXM_m4HV1ck&mn=sn-n4v7sn7s%2Csn-n4v7knll&mm=31%2C29&source=youtube&gir=yes&ip=69.181.125.22&lmt=1427122214547418&expire=1542504649&clen=73592338&sparams=clen%2Cdur%2Cei%2Cgir%2Cid%2Cinitcwndbps%2Cip%2Cipbits%2Citag%2Clmt%2Cmime%2Cmm%2Cmn%2Cms%2Cmv%2Cpl%2Crequiressl%2Csource%2Cexpire&c=WEB&initcwndbps=1785000&key=yt6&ipbits=0&signature=E0DA21DB99E83BB024855B7F9473BBDE56E76B.C55219656888DD9BEB950F5D9E0A7149C4EC9F2B&requiressl=yes&itag=36&dur=2605.743&mime=video%2F3gpp&ratebypass=yes", "player_url": "/yts/jsbin/player_ias-vflof8Kxx/en_US/base.js", "ext": "3gp", "width": 320, "acodec": "mp4a.40.2", "vcodec": "mp4v.20.3", "resolution": "320x240", "height": 240, "filesize": 73592338, "format_note": "small", "format": "36 - 320x240 (small)", "protocol": "https", "http_headers": {"User-Agent": "Mozilla/5.0 (X11; Linux x86_64; rv:59.0) Gecko/20100101 Firefox/59.0", "Accept-Charset": "ISO-8859-1,utf-8;q=0.7,*;q=0.7", "Accept": "text/html,application/xhtml+xml,application/xml;q=0.9,*/*;q=0.8", "Accept-Encoding": "gzip, deflate", "Accept-Language": "en-us,en;q=0.5"}}, {"format_id": "18", "url": "https://r4---sn-n4v7sn7s.googlevideo.com/videoplayback?fvip=4&pl=22&mv=m&mt=1542482879&ms=au%2Crdu&ei=aWzwW8ngEoHQkgaDiLjIAw&id=o-AJphUJUrw18dlBQXH0RekRDge3MskK9oXUXM_m4HV1ck&mn=sn-n4v7sn7s%2Csn-n4v7knll&mm=31%2C29&source=youtube&gir=yes&ip=69.181.125.22&ratebypass=yes&lmt=1390335189392450&expire=1542504649&clen=132266916&sparams=clen%2Cdur%2Cei%2Cgir%2Cid%2Cinitcwndbps%2Cip%2Cipbits%2Citag%2Clmt%2Cmime%2Cmm%2Cmn%2Cms%2Cmv%2Cpl%2Cratebypass%2Crequiressl%2Csource%2Cexpire&c=WEB&initcwndbps=1785000&key=yt6&ipbits=0&signature=D72123F1F83EC7DA4D696655576DEB1BDF08108A.7AFBFAF366FB2109FA50374783214DA20F3E24E2&requiressl=yes&itag=18&dur=2605.603&mime=video%2Fmp4", "player_url": "/yts/jsbin/player_ias-vflof8Kxx/en_US/base.js", "ext": "mp4", "width": 480, "height": 360, "acodec": "mp4a.40.2", "abr": 96, "vcodec": "avc1.42001E", "resolution": "480x360", "filesize": 132266916, "format_note": "medium", "quality": 1, "format": "18 - 480x360 (medium)", "protocol": "https", "http_headers": {"User-Agent": "Mozilla/5.0 (X11; Linux x86_64; rv:59.0) Gecko/20100101 Firefox/59.0", "Accept-Charset": "ISO-8859-1,utf-8;q=0.7,*;q=0.7", "Accept": "text/html,application/xhtml+xml,application/xml;q=0.9,*/*;q=0.8", "Accept-Encoding": "gzip, deflate", "Accept-Language": "en-us,en;q=0.5"}}, {"format_id": "43", "url": "https://r4---sn-n4v7sn7s.googlevideo.com/videoplayback?fvip=4&pl=22&mv=m&mt=1542482879&ms=au%2Crdu&ei=aWzwW8ngEoHQkgaDiLjIAw&id=o-AJphUJUrw18dlBQXH0RekRDge3MskK9oXUXM_m4HV1ck&mn=sn-n4v7sn7s%2Csn-n4v7knll&mm=31%2C29&source=youtube&gir=yes&ip=69.181.125.22&ratebypass=yes&lmt=1298560276783314&expire=1542504649&clen=171247362&sparams=clen%2Cdur%2Cei%2Cgir%2Cid%2Cinitcwndbps%2Cip%2Cipbits%2Citag%2Clmt%2Cmime%2Cmm%2Cmn%2Cms%2Cmv%2Cpl%2Cratebypass%2Crequiressl%2Csource%2Cexpire&c=WEB&initcwndbps=1785000&key=yt6&ipbits=0&signature=A3A1B2F975FDCB36FABD7681F0080A6370C2D026.637A288AAA5C06F2F9F47AB11F5B0B7069573F0F&requiressl=yes&itag=43&dur=0.000&mime=video%2Fwebm", "player_url": "/yts/jsbin/player_ias-vflof8Kxx/en_US/base.js", "ext": "webm", "width": 640, "height": 360, "acodec": "vorbis", "abr": 128, "vcodec": "vp8.0", "resolution": "640x360", "filesize": 171247362, "format_note": "medium", "quality": 1, "format": "43 - 640x360 (medium)", "protocol": "https", "http_headers": {"User-Agent": "Mozilla/5.0 (X11; Linux x86_64; rv:59.0) Gecko/20100101 Firefox/59.0", "Accept-Charset": "ISO-8859-1,utf-8;q=0.7,*;q=0.7", "Accept": "text/html,application/xhtml+xml,application/xml;q=0.9,*/*;q=0.8", "Accept-Encoding": "gzip, deflate", "Accept-Language": "en-us,en;q=0.5"}}], "is_live": null, "start_time": null, "end_time": null, "series": null, "season_number": null, "episode_number": null, "track": null, "artist": null, "extractor": "youtube", "webpage_url_basename": "RWvi4Vx4CDc", "extractor_key": "Youtube", "n_entries": 35, "playlist": "MIT 18.06 Linear Algebra, Spring 2005", "playlist_id": "PLE7DDD91010BC51F8", "playlist_title": "MIT 18.06 Linear Algebra, Spring 2005", "playlist_uploader": "MIT OpenCourseWare", "playlist_uploader_id": "MIT", "playlist_index": 35, "thumbnails": [{"url": "https://i.ytimg.com/vi/RWvi4Vx4CDc/hqdefault.jpg", "id": "0"}], "display_id": "RWvi4Vx4CDc", "format_id": "43", "url": "https://r4---sn-n4v7sn7s.googlevideo.com/videoplayback?fvip=4&pl=22&mv=m&mt=1542482879&ms=au%2Crdu&ei=aWzwW8ngEoHQkgaDiLjIAw&id=o-AJphUJUrw18dlBQXH0RekRDge3MskK9oXUXM_m4HV1ck&mn=sn-n4v7sn7s%2Csn-n4v7knll&mm=31%2C29&source=youtube&gir=yes&ip=69.181.125.22&ratebypass=yes&lmt=1298560276783314&expire=1542504649&clen=171247362&sparams=clen%2Cdur%2Cei%2Cgir%2Cid%2Cinitcwndbps%2Cip%2Cipbits%2Citag%2Clmt%2Cmime%2Cmm%2Cmn%2Cms%2Cmv%2Cpl%2Cratebypass%2Crequiressl%2Csource%2Cexpire&c=WEB&initcwndbps=1785000&key=yt6&ipbits=0&signature=A3A1B2F975FDCB36FABD7681F0080A6370C2D026.637A288AAA5C06F2F9F47AB11F5B0B7069573F0F&requiressl=yes&itag=43&dur=0.000&mime=video%2Fwebm", "player_url": "/yts/jsbin/player_ias-vflof8Kxx/en_US/base.js", "ext": "webm", "width": 640, "height": 360, "acodec": "vorbis", "abr": 128, "vcodec": "vp8.0", "resolution": "640x360", "filesize": 171247362, "format_note": "medium", "quality": 1, "format": "43 - 640x360 (medium)", "protocol": "https", "http_headers": {"User-Agent": "Mozilla/5.0 (X11; Linux x86_64; rv:59.0) Gecko/20100101 Firefox/59.0", "Accept-Charset": "ISO-8859-1,utf-8;q=0.7,*;q=0.7", "Accept": "text/html,application/xhtml+xml,application/xml;q=0.9,*/*;q=0.8", "Accept-Encoding": "gzip, deflate", "Accept-Language": "en-us,en;q=0.5"}, "fulltitle": "Lec 34 | MIT 18.06 Linear Algebra, Spring 2005", "_filename": "Lec 34 _ MIT 18.06 Linear Algebra, Spring 2005-RWvi4Vx4CDc.webm"}