{"id": "vF7eyJ2g3kU", "uploader": "MIT OpenCourseWare", "uploader_id": "MIT", "uploader_url": "http://www.youtube.com/user/MIT", "channel_id": "UCEBb1b_L6zDS3xTUrIALZOw", "channel_url": "http://www.youtube.com/channel/UCEBb1b_L6zDS3xTUrIALZOw", "upload_date": "20090506", "license": null, "creator": null, "title": "Lec 27 | MIT 18.06 Linear Algebra, Spring 2005", "alt_title": null, "thumbnail": "https://i.ytimg.com/vi/vF7eyJ2g3kU/hqdefault.jpg", "description": "Lecture 27: Positive Definite Matrices and Minima.\n\nView the complete course at: http://ocw.mit.edu/18-06S05\n\nLicense: Creative Commons BY-NC-SA\nMore information at http://ocw.mit.edu/terms\nMore courses at http://ocw.mit.edu", "categories": ["Education"], "tags": ["matrix theory", "linear algebra", "systems of equations", "vector spaces", "determinants", "eigenvalues", "similarity", "positive definite matrices", "least-squares approximations", "networks", "Fourier transforms", "Markov processes"], "subtitles": {"en": [{"url": "https://www.youtube.com/api/timedtext?lang=en&v=vF7eyJ2g3kU&fmt=ttml&name=CC", "ext": "ttml"}, {"url": "https://www.youtube.com/api/timedtext?lang=en&v=vF7eyJ2g3kU&fmt=vtt&name=CC", "ext": "vtt"}]}, "automatic_captions": {"af": [{"url": "https://www.youtube.com/api/timedtext?xorp=True&xoaf=1&v=vF7eyJ2g3kU&asr_langs=fr%2Cit%2Ces%2Cru%2Cpt%2Cja%2Cnl%2Cen%2Cko%2Cde&key=yttt1&sparams=asr_langs%2Ccaps%2Cv%2Cxoaf%2Cxorp%2Cexpire&hl=en&caps=asr&signature=28E537EAABF9A7C9CECFA84549B9C5626C173032.6D9DF5CDE3D4A6147D6ED4D505CAD861A91905CE&expire=1544701172&kind=asr&lang=en&tlang=af&fmt=ttml", "ext": "ttml"}, {"url": "https://www.youtube.com/api/timedtext?xorp=True&xoaf=1&v=vF7eyJ2g3kU&asr_langs=fr%2Cit%2Ces%2Cru%2Cpt%2Cja%2Cnl%2Cen%2Cko%2Cde&key=yttt1&sparams=asr_langs%2Ccaps%2Cv%2Cxoaf%2Cxorp%2Cexpire&hl=en&caps=asr&signature=28E537EAABF9A7C9CECFA84549B9C5626C173032.6D9DF5CDE3D4A6147D6ED4D505CAD861A91905CE&expire=1544701172&kind=asr&lang=en&tlang=af&fmt=vtt", "ext": "vtt"}], "sq": [{"url": "https://www.youtube.com/api/timedtext?xorp=True&xoaf=1&v=vF7eyJ2g3kU&asr_langs=fr%2Cit%2Ces%2Cru%2Cpt%2Cja%2Cnl%2Cen%2Cko%2Cde&key=yttt1&sparams=asr_langs%2Ccaps%2Cv%2Cxoaf%2Cxorp%2Cexpire&hl=en&caps=asr&signature=28E537EAABF9A7C9CECFA84549B9C5626C173032.6D9DF5CDE3D4A6147D6ED4D505CAD861A91905CE&expire=1544701172&kind=asr&lang=en&tlang=sq&fmt=ttml", "ext": "ttml"}, {"url": "https://www.youtube.com/api/timedtext?xorp=True&xoaf=1&v=vF7eyJ2g3kU&asr_langs=fr%2Cit%2Ces%2Cru%2Cpt%2Cja%2Cnl%2Cen%2Cko%2Cde&key=yttt1&sparams=asr_langs%2Ccaps%2Cv%2Cxoaf%2Cxorp%2Cexpire&hl=en&caps=asr&signature=28E537EAABF9A7C9CECFA84549B9C5626C173032.6D9DF5CDE3D4A6147D6ED4D505CAD861A91905CE&expire=1544701172&kind=asr&lang=en&tlang=sq&fmt=vtt", "ext": "vtt"}], "am": [{"url": "https://www.youtube.com/api/timedtext?xorp=True&xoaf=1&v=vF7eyJ2g3kU&asr_langs=fr%2Cit%2Ces%2Cru%2Cpt%2Cja%2Cnl%2Cen%2Cko%2Cde&key=yttt1&sparams=asr_langs%2Ccaps%2Cv%2Cxoaf%2Cxorp%2Cexpire&hl=en&caps=asr&signature=28E537EAABF9A7C9CECFA84549B9C5626C173032.6D9DF5CDE3D4A6147D6ED4D505CAD861A91905CE&expire=1544701172&kind=asr&lang=en&tlang=am&fmt=ttml", "ext": "ttml"}, {"url": "https://www.youtube.com/api/timedtext?xorp=True&xoaf=1&v=vF7eyJ2g3kU&asr_langs=fr%2Cit%2Ces%2Cru%2Cpt%2Cja%2Cnl%2Cen%2Cko%2Cde&key=yttt1&sparams=asr_langs%2Ccaps%2Cv%2Cxoaf%2Cxorp%2Cexpire&hl=en&caps=asr&signature=28E537EAABF9A7C9CECFA84549B9C5626C173032.6D9DF5CDE3D4A6147D6ED4D505CAD861A91905CE&expire=1544701172&kind=asr&lang=en&tlang=am&fmt=vtt", "ext": "vtt"}], "ar": [{"url": "https://www.youtube.com/api/timedtext?xorp=True&xoaf=1&v=vF7eyJ2g3kU&asr_langs=fr%2Cit%2Ces%2Cru%2Cpt%2Cja%2Cnl%2Cen%2Cko%2Cde&key=yttt1&sparams=asr_langs%2Ccaps%2Cv%2Cxoaf%2Cxorp%2Cexpire&hl=en&caps=asr&signature=28E537EAABF9A7C9CECFA84549B9C5626C173032.6D9DF5CDE3D4A6147D6ED4D505CAD861A91905CE&expire=1544701172&kind=asr&lang=en&tlang=ar&fmt=ttml", "ext": "ttml"}, {"url": "https://www.youtube.com/api/timedtext?xorp=True&xoaf=1&v=vF7eyJ2g3kU&asr_langs=fr%2Cit%2Ces%2Cru%2Cpt%2Cja%2Cnl%2Cen%2Cko%2Cde&key=yttt1&sparams=asr_langs%2Ccaps%2Cv%2Cxoaf%2Cxorp%2Cexpire&hl=en&caps=asr&signature=28E537EAABF9A7C9CECFA84549B9C5626C173032.6D9DF5CDE3D4A6147D6ED4D505CAD861A91905CE&expire=1544701172&kind=asr&lang=en&tlang=ar&fmt=vtt", "ext": "vtt"}], "hy": [{"url": "https://www.youtube.com/api/timedtext?xorp=True&xoaf=1&v=vF7eyJ2g3kU&asr_langs=fr%2Cit%2Ces%2Cru%2Cpt%2Cja%2Cnl%2Cen%2Cko%2Cde&key=yttt1&sparams=asr_langs%2Ccaps%2Cv%2Cxoaf%2Cxorp%2Cexpire&hl=en&caps=asr&signature=28E537EAABF9A7C9CECFA84549B9C5626C173032.6D9DF5CDE3D4A6147D6ED4D505CAD861A91905CE&expire=1544701172&kind=asr&lang=en&tlang=hy&fmt=ttml", "ext": "ttml"}, {"url": "https://www.youtube.com/api/timedtext?xorp=True&xoaf=1&v=vF7eyJ2g3kU&asr_langs=fr%2Cit%2Ces%2Cru%2Cpt%2Cja%2Cnl%2Cen%2Cko%2Cde&key=yttt1&sparams=asr_langs%2Ccaps%2Cv%2Cxoaf%2Cxorp%2Cexpire&hl=en&caps=asr&signature=28E537EAABF9A7C9CECFA84549B9C5626C173032.6D9DF5CDE3D4A6147D6ED4D505CAD861A91905CE&expire=1544701172&kind=asr&lang=en&tlang=hy&fmt=vtt", "ext": "vtt"}], "az": [{"url": "https://www.youtube.com/api/timedtext?xorp=True&xoaf=1&v=vF7eyJ2g3kU&asr_langs=fr%2Cit%2Ces%2Cru%2Cpt%2Cja%2Cnl%2Cen%2Cko%2Cde&key=yttt1&sparams=asr_langs%2Ccaps%2Cv%2Cxoaf%2Cxorp%2Cexpire&hl=en&caps=asr&signature=28E537EAABF9A7C9CECFA84549B9C5626C173032.6D9DF5CDE3D4A6147D6ED4D505CAD861A91905CE&expire=1544701172&kind=asr&lang=en&tlang=az&fmt=ttml", "ext": "ttml"}, {"url": "https://www.youtube.com/api/timedtext?xorp=True&xoaf=1&v=vF7eyJ2g3kU&asr_langs=fr%2Cit%2Ces%2Cru%2Cpt%2Cja%2Cnl%2Cen%2Cko%2Cde&key=yttt1&sparams=asr_langs%2Ccaps%2Cv%2Cxoaf%2Cxorp%2Cexpire&hl=en&caps=asr&signature=28E537EAABF9A7C9CECFA84549B9C5626C173032.6D9DF5CDE3D4A6147D6ED4D505CAD861A91905CE&expire=1544701172&kind=asr&lang=en&tlang=az&fmt=vtt", "ext": "vtt"}], "bn": [{"url": "https://www.youtube.com/api/timedtext?xorp=True&xoaf=1&v=vF7eyJ2g3kU&asr_langs=fr%2Cit%2Ces%2Cru%2Cpt%2Cja%2Cnl%2Cen%2Cko%2Cde&key=yttt1&sparams=asr_langs%2Ccaps%2Cv%2Cxoaf%2Cxorp%2Cexpire&hl=en&caps=asr&signature=28E537EAABF9A7C9CECFA84549B9C5626C173032.6D9DF5CDE3D4A6147D6ED4D505CAD861A91905CE&expire=1544701172&kind=asr&lang=en&tlang=bn&fmt=ttml", "ext": "ttml"}, {"url": "https://www.youtube.com/api/timedtext?xorp=True&xoaf=1&v=vF7eyJ2g3kU&asr_langs=fr%2Cit%2Ces%2Cru%2Cpt%2Cja%2Cnl%2Cen%2Cko%2Cde&key=yttt1&sparams=asr_langs%2Ccaps%2Cv%2Cxoaf%2Cxorp%2Cexpire&hl=en&caps=asr&signature=28E537EAABF9A7C9CECFA84549B9C5626C173032.6D9DF5CDE3D4A6147D6ED4D505CAD861A91905CE&expire=1544701172&kind=asr&lang=en&tlang=bn&fmt=vtt", "ext": "vtt"}], "eu": [{"url": "https://www.youtube.com/api/timedtext?xorp=True&xoaf=1&v=vF7eyJ2g3kU&asr_langs=fr%2Cit%2Ces%2Cru%2Cpt%2Cja%2Cnl%2Cen%2Cko%2Cde&key=yttt1&sparams=asr_langs%2Ccaps%2Cv%2Cxoaf%2Cxorp%2Cexpire&hl=en&caps=asr&signature=28E537EAABF9A7C9CECFA84549B9C5626C173032.6D9DF5CDE3D4A6147D6ED4D505CAD861A91905CE&expire=1544701172&kind=asr&lang=en&tlang=eu&fmt=ttml", "ext": "ttml"}, {"url": "https://www.youtube.com/api/timedtext?xorp=True&xoaf=1&v=vF7eyJ2g3kU&asr_langs=fr%2Cit%2Ces%2Cru%2Cpt%2Cja%2Cnl%2Cen%2Cko%2Cde&key=yttt1&sparams=asr_langs%2Ccaps%2Cv%2Cxoaf%2Cxorp%2Cexpire&hl=en&caps=asr&signature=28E537EAABF9A7C9CECFA84549B9C5626C173032.6D9DF5CDE3D4A6147D6ED4D505CAD861A91905CE&expire=1544701172&kind=asr&lang=en&tlang=eu&fmt=vtt", "ext": "vtt"}], "be": [{"url": "https://www.youtube.com/api/timedtext?xorp=True&xoaf=1&v=vF7eyJ2g3kU&asr_langs=fr%2Cit%2Ces%2Cru%2Cpt%2Cja%2Cnl%2Cen%2Cko%2Cde&key=yttt1&sparams=asr_langs%2Ccaps%2Cv%2Cxoaf%2Cxorp%2Cexpire&hl=en&caps=asr&signature=28E537EAABF9A7C9CECFA84549B9C5626C173032.6D9DF5CDE3D4A6147D6ED4D505CAD861A91905CE&expire=1544701172&kind=asr&lang=en&tlang=be&fmt=ttml", "ext": "ttml"}, {"url": "https://www.youtube.com/api/timedtext?xorp=True&xoaf=1&v=vF7eyJ2g3kU&asr_langs=fr%2Cit%2Ces%2Cru%2Cpt%2Cja%2Cnl%2Cen%2Cko%2Cde&key=yttt1&sparams=asr_langs%2Ccaps%2Cv%2Cxoaf%2Cxorp%2Cexpire&hl=en&caps=asr&signature=28E537EAABF9A7C9CECFA84549B9C5626C173032.6D9DF5CDE3D4A6147D6ED4D505CAD861A91905CE&expire=1544701172&kind=asr&lang=en&tlang=be&fmt=vtt", "ext": "vtt"}], "bs": [{"url": "https://www.youtube.com/api/timedtext?xorp=True&xoaf=1&v=vF7eyJ2g3kU&asr_langs=fr%2Cit%2Ces%2Cru%2Cpt%2Cja%2Cnl%2Cen%2Cko%2Cde&key=yttt1&sparams=asr_langs%2Ccaps%2Cv%2Cxoaf%2Cxorp%2Cexpire&hl=en&caps=asr&signature=28E537EAABF9A7C9CECFA84549B9C5626C173032.6D9DF5CDE3D4A6147D6ED4D505CAD861A91905CE&expire=1544701172&kind=asr&lang=en&tlang=bs&fmt=ttml", "ext": "ttml"}, {"url": "https://www.youtube.com/api/timedtext?xorp=True&xoaf=1&v=vF7eyJ2g3kU&asr_langs=fr%2Cit%2Ces%2Cru%2Cpt%2Cja%2Cnl%2Cen%2Cko%2Cde&key=yttt1&sparams=asr_langs%2Ccaps%2Cv%2Cxoaf%2Cxorp%2Cexpire&hl=en&caps=asr&signature=28E537EAABF9A7C9CECFA84549B9C5626C173032.6D9DF5CDE3D4A6147D6ED4D505CAD861A91905CE&expire=1544701172&kind=asr&lang=en&tlang=bs&fmt=vtt", "ext": "vtt"}], "bg": [{"url": "https://www.youtube.com/api/timedtext?xorp=True&xoaf=1&v=vF7eyJ2g3kU&asr_langs=fr%2Cit%2Ces%2Cru%2Cpt%2Cja%2Cnl%2Cen%2Cko%2Cde&key=yttt1&sparams=asr_langs%2Ccaps%2Cv%2Cxoaf%2Cxorp%2Cexpire&hl=en&caps=asr&signature=28E537EAABF9A7C9CECFA84549B9C5626C173032.6D9DF5CDE3D4A6147D6ED4D505CAD861A91905CE&expire=1544701172&kind=asr&lang=en&tlang=bg&fmt=ttml", "ext": "ttml"}, {"url": "https://www.youtube.com/api/timedtext?xorp=True&xoaf=1&v=vF7eyJ2g3kU&asr_langs=fr%2Cit%2Ces%2Cru%2Cpt%2Cja%2Cnl%2Cen%2Cko%2Cde&key=yttt1&sparams=asr_langs%2Ccaps%2Cv%2Cxoaf%2Cxorp%2Cexpire&hl=en&caps=asr&signature=28E537EAABF9A7C9CECFA84549B9C5626C173032.6D9DF5CDE3D4A6147D6ED4D505CAD861A91905CE&expire=1544701172&kind=asr&lang=en&tlang=bg&fmt=vtt", "ext": "vtt"}], "my": [{"url": "https://www.youtube.com/api/timedtext?xorp=True&xoaf=1&v=vF7eyJ2g3kU&asr_langs=fr%2Cit%2Ces%2Cru%2Cpt%2Cja%2Cnl%2Cen%2Cko%2Cde&key=yttt1&sparams=asr_langs%2Ccaps%2Cv%2Cxoaf%2Cxorp%2Cexpire&hl=en&caps=asr&signature=28E537EAABF9A7C9CECFA84549B9C5626C173032.6D9DF5CDE3D4A6147D6ED4D505CAD861A91905CE&expire=1544701172&kind=asr&lang=en&tlang=my&fmt=ttml", "ext": "ttml"}, {"url": "https://www.youtube.com/api/timedtext?xorp=True&xoaf=1&v=vF7eyJ2g3kU&asr_langs=fr%2Cit%2Ces%2Cru%2Cpt%2Cja%2Cnl%2Cen%2Cko%2Cde&key=yttt1&sparams=asr_langs%2Ccaps%2Cv%2Cxoaf%2Cxorp%2Cexpire&hl=en&caps=asr&signature=28E537EAABF9A7C9CECFA84549B9C5626C173032.6D9DF5CDE3D4A6147D6ED4D505CAD861A91905CE&expire=1544701172&kind=asr&lang=en&tlang=my&fmt=vtt", "ext": "vtt"}], "ca": [{"url": "https://www.youtube.com/api/timedtext?xorp=True&xoaf=1&v=vF7eyJ2g3kU&asr_langs=fr%2Cit%2Ces%2Cru%2Cpt%2Cja%2Cnl%2Cen%2Cko%2Cde&key=yttt1&sparams=asr_langs%2Ccaps%2Cv%2Cxoaf%2Cxorp%2Cexpire&hl=en&caps=asr&signature=28E537EAABF9A7C9CECFA84549B9C5626C173032.6D9DF5CDE3D4A6147D6ED4D505CAD861A91905CE&expire=1544701172&kind=asr&lang=en&tlang=ca&fmt=ttml", "ext": "ttml"}, {"url": "https://www.youtube.com/api/timedtext?xorp=True&xoaf=1&v=vF7eyJ2g3kU&asr_langs=fr%2Cit%2Ces%2Cru%2Cpt%2Cja%2Cnl%2Cen%2Cko%2Cde&key=yttt1&sparams=asr_langs%2Ccaps%2Cv%2Cxoaf%2Cxorp%2Cexpire&hl=en&caps=asr&signature=28E537EAABF9A7C9CECFA84549B9C5626C173032.6D9DF5CDE3D4A6147D6ED4D505CAD861A91905CE&expire=1544701172&kind=asr&lang=en&tlang=ca&fmt=vtt", "ext": "vtt"}], "ceb": [{"url": "https://www.youtube.com/api/timedtext?xorp=True&xoaf=1&v=vF7eyJ2g3kU&asr_langs=fr%2Cit%2Ces%2Cru%2Cpt%2Cja%2Cnl%2Cen%2Cko%2Cde&key=yttt1&sparams=asr_langs%2Ccaps%2Cv%2Cxoaf%2Cxorp%2Cexpire&hl=en&caps=asr&signature=28E537EAABF9A7C9CECFA84549B9C5626C173032.6D9DF5CDE3D4A6147D6ED4D505CAD861A91905CE&expire=1544701172&kind=asr&lang=en&tlang=ceb&fmt=ttml", "ext": "ttml"}, {"url": "https://www.youtube.com/api/timedtext?xorp=True&xoaf=1&v=vF7eyJ2g3kU&asr_langs=fr%2Cit%2Ces%2Cru%2Cpt%2Cja%2Cnl%2Cen%2Cko%2Cde&key=yttt1&sparams=asr_langs%2Ccaps%2Cv%2Cxoaf%2Cxorp%2Cexpire&hl=en&caps=asr&signature=28E537EAABF9A7C9CECFA84549B9C5626C173032.6D9DF5CDE3D4A6147D6ED4D505CAD861A91905CE&expire=1544701172&kind=asr&lang=en&tlang=ceb&fmt=vtt", "ext": "vtt"}], "zh-Hans": [{"url": "https://www.youtube.com/api/timedtext?xorp=True&xoaf=1&v=vF7eyJ2g3kU&asr_langs=fr%2Cit%2Ces%2Cru%2Cpt%2Cja%2Cnl%2Cen%2Cko%2Cde&key=yttt1&sparams=asr_langs%2Ccaps%2Cv%2Cxoaf%2Cxorp%2Cexpire&hl=en&caps=asr&signature=28E537EAABF9A7C9CECFA84549B9C5626C173032.6D9DF5CDE3D4A6147D6ED4D505CAD861A91905CE&expire=1544701172&kind=asr&lang=en&tlang=zh-Hans&fmt=ttml", "ext": "ttml"}, {"url": "https://www.youtube.com/api/timedtext?xorp=True&xoaf=1&v=vF7eyJ2g3kU&asr_langs=fr%2Cit%2Ces%2Cru%2Cpt%2Cja%2Cnl%2Cen%2Cko%2Cde&key=yttt1&sparams=asr_langs%2Ccaps%2Cv%2Cxoaf%2Cxorp%2Cexpire&hl=en&caps=asr&signature=28E537EAABF9A7C9CECFA84549B9C5626C173032.6D9DF5CDE3D4A6147D6ED4D505CAD861A91905CE&expire=1544701172&kind=asr&lang=en&tlang=zh-Hans&fmt=vtt", "ext": "vtt"}], "zh-Hant": [{"url": "https://www.youtube.com/api/timedtext?xorp=True&xoaf=1&v=vF7eyJ2g3kU&asr_langs=fr%2Cit%2Ces%2Cru%2Cpt%2Cja%2Cnl%2Cen%2Cko%2Cde&key=yttt1&sparams=asr_langs%2Ccaps%2Cv%2Cxoaf%2Cxorp%2Cexpire&hl=en&caps=asr&signature=28E537EAABF9A7C9CECFA84549B9C5626C173032.6D9DF5CDE3D4A6147D6ED4D505CAD861A91905CE&expire=1544701172&kind=asr&lang=en&tlang=zh-Hant&fmt=ttml", "ext": "ttml"}, {"url": "https://www.youtube.com/api/timedtext?xorp=True&xoaf=1&v=vF7eyJ2g3kU&asr_langs=fr%2Cit%2Ces%2Cru%2Cpt%2Cja%2Cnl%2Cen%2Cko%2Cde&key=yttt1&sparams=asr_langs%2Ccaps%2Cv%2Cxoaf%2Cxorp%2Cexpire&hl=en&caps=asr&signature=28E537EAABF9A7C9CECFA84549B9C5626C173032.6D9DF5CDE3D4A6147D6ED4D505CAD861A91905CE&expire=1544701172&kind=asr&lang=en&tlang=zh-Hant&fmt=vtt", "ext": "vtt"}], "co": [{"url": "https://www.youtube.com/api/timedtext?xorp=True&xoaf=1&v=vF7eyJ2g3kU&asr_langs=fr%2Cit%2Ces%2Cru%2Cpt%2Cja%2Cnl%2Cen%2Cko%2Cde&key=yttt1&sparams=asr_langs%2Ccaps%2Cv%2Cxoaf%2Cxorp%2Cexpire&hl=en&caps=asr&signature=28E537EAABF9A7C9CECFA84549B9C5626C173032.6D9DF5CDE3D4A6147D6ED4D505CAD861A91905CE&expire=1544701172&kind=asr&lang=en&tlang=co&fmt=ttml", "ext": "ttml"}, {"url": "https://www.youtube.com/api/timedtext?xorp=True&xoaf=1&v=vF7eyJ2g3kU&asr_langs=fr%2Cit%2Ces%2Cru%2Cpt%2Cja%2Cnl%2Cen%2Cko%2Cde&key=yttt1&sparams=asr_langs%2Ccaps%2Cv%2Cxoaf%2Cxorp%2Cexpire&hl=en&caps=asr&signature=28E537EAABF9A7C9CECFA84549B9C5626C173032.6D9DF5CDE3D4A6147D6ED4D505CAD861A91905CE&expire=1544701172&kind=asr&lang=en&tlang=co&fmt=vtt", "ext": "vtt"}], "hr": [{"url": "https://www.youtube.com/api/timedtext?xorp=True&xoaf=1&v=vF7eyJ2g3kU&asr_langs=fr%2Cit%2Ces%2Cru%2Cpt%2Cja%2Cnl%2Cen%2Cko%2Cde&key=yttt1&sparams=asr_langs%2Ccaps%2Cv%2Cxoaf%2Cxorp%2Cexpire&hl=en&caps=asr&signature=28E537EAABF9A7C9CECFA84549B9C5626C173032.6D9DF5CDE3D4A6147D6ED4D505CAD861A91905CE&expire=1544701172&kind=asr&lang=en&tlang=hr&fmt=ttml", "ext": "ttml"}, {"url": "https://www.youtube.com/api/timedtext?xorp=True&xoaf=1&v=vF7eyJ2g3kU&asr_langs=fr%2Cit%2Ces%2Cru%2Cpt%2Cja%2Cnl%2Cen%2Cko%2Cde&key=yttt1&sparams=asr_langs%2Ccaps%2Cv%2Cxoaf%2Cxorp%2Cexpire&hl=en&caps=asr&signature=28E537EAABF9A7C9CECFA84549B9C5626C173032.6D9DF5CDE3D4A6147D6ED4D505CAD861A91905CE&expire=1544701172&kind=asr&lang=en&tlang=hr&fmt=vtt", "ext": "vtt"}], "cs": [{"url": "https://www.youtube.com/api/timedtext?xorp=True&xoaf=1&v=vF7eyJ2g3kU&asr_langs=fr%2Cit%2Ces%2Cru%2Cpt%2Cja%2Cnl%2Cen%2Cko%2Cde&key=yttt1&sparams=asr_langs%2Ccaps%2Cv%2Cxoaf%2Cxorp%2Cexpire&hl=en&caps=asr&signature=28E537EAABF9A7C9CECFA84549B9C5626C173032.6D9DF5CDE3D4A6147D6ED4D505CAD861A91905CE&expire=1544701172&kind=asr&lang=en&tlang=cs&fmt=ttml", "ext": "ttml"}, {"url": "https://www.youtube.com/api/timedtext?xorp=True&xoaf=1&v=vF7eyJ2g3kU&asr_langs=fr%2Cit%2Ces%2Cru%2Cpt%2Cja%2Cnl%2Cen%2Cko%2Cde&key=yttt1&sparams=asr_langs%2Ccaps%2Cv%2Cxoaf%2Cxorp%2Cexpire&hl=en&caps=asr&signature=28E537EAABF9A7C9CECFA84549B9C5626C173032.6D9DF5CDE3D4A6147D6ED4D505CAD861A91905CE&expire=1544701172&kind=asr&lang=en&tlang=cs&fmt=vtt", "ext": "vtt"}], "da": [{"url": "https://www.youtube.com/api/timedtext?xorp=True&xoaf=1&v=vF7eyJ2g3kU&asr_langs=fr%2Cit%2Ces%2Cru%2Cpt%2Cja%2Cnl%2Cen%2Cko%2Cde&key=yttt1&sparams=asr_langs%2Ccaps%2Cv%2Cxoaf%2Cxorp%2Cexpire&hl=en&caps=asr&signature=28E537EAABF9A7C9CECFA84549B9C5626C173032.6D9DF5CDE3D4A6147D6ED4D505CAD861A91905CE&expire=1544701172&kind=asr&lang=en&tlang=da&fmt=ttml", "ext": "ttml"}, {"url": "https://www.youtube.com/api/timedtext?xorp=True&xoaf=1&v=vF7eyJ2g3kU&asr_langs=fr%2Cit%2Ces%2Cru%2Cpt%2Cja%2Cnl%2Cen%2Cko%2Cde&key=yttt1&sparams=asr_langs%2Ccaps%2Cv%2Cxoaf%2Cxorp%2Cexpire&hl=en&caps=asr&signature=28E537EAABF9A7C9CECFA84549B9C5626C173032.6D9DF5CDE3D4A6147D6ED4D505CAD861A91905CE&expire=1544701172&kind=asr&lang=en&tlang=da&fmt=vtt", "ext": "vtt"}], "nl": [{"url": "https://www.youtube.com/api/timedtext?xorp=True&xoaf=1&v=vF7eyJ2g3kU&asr_langs=fr%2Cit%2Ces%2Cru%2Cpt%2Cja%2Cnl%2Cen%2Cko%2Cde&key=yttt1&sparams=asr_langs%2Ccaps%2Cv%2Cxoaf%2Cxorp%2Cexpire&hl=en&caps=asr&signature=28E537EAABF9A7C9CECFA84549B9C5626C173032.6D9DF5CDE3D4A6147D6ED4D505CAD861A91905CE&expire=1544701172&kind=asr&lang=en&tlang=nl&fmt=ttml", "ext": "ttml"}, {"url": "https://www.youtube.com/api/timedtext?xorp=True&xoaf=1&v=vF7eyJ2g3kU&asr_langs=fr%2Cit%2Ces%2Cru%2Cpt%2Cja%2Cnl%2Cen%2Cko%2Cde&key=yttt1&sparams=asr_langs%2Ccaps%2Cv%2Cxoaf%2Cxorp%2Cexpire&hl=en&caps=asr&signature=28E537EAABF9A7C9CECFA84549B9C5626C173032.6D9DF5CDE3D4A6147D6ED4D505CAD861A91905CE&expire=1544701172&kind=asr&lang=en&tlang=nl&fmt=vtt", "ext": "vtt"}], "en": [{"url": "https://www.youtube.com/api/timedtext?xorp=True&xoaf=1&v=vF7eyJ2g3kU&asr_langs=fr%2Cit%2Ces%2Cru%2Cpt%2Cja%2Cnl%2Cen%2Cko%2Cde&key=yttt1&sparams=asr_langs%2Ccaps%2Cv%2Cxoaf%2Cxorp%2Cexpire&hl=en&caps=asr&signature=28E537EAABF9A7C9CECFA84549B9C5626C173032.6D9DF5CDE3D4A6147D6ED4D505CAD861A91905CE&expire=1544701172&kind=asr&lang=en&tlang=en&fmt=ttml", "ext": "ttml"}, {"url": "https://www.youtube.com/api/timedtext?xorp=True&xoaf=1&v=vF7eyJ2g3kU&asr_langs=fr%2Cit%2Ces%2Cru%2Cpt%2Cja%2Cnl%2Cen%2Cko%2Cde&key=yttt1&sparams=asr_langs%2Ccaps%2Cv%2Cxoaf%2Cxorp%2Cexpire&hl=en&caps=asr&signature=28E537EAABF9A7C9CECFA84549B9C5626C173032.6D9DF5CDE3D4A6147D6ED4D505CAD861A91905CE&expire=1544701172&kind=asr&lang=en&tlang=en&fmt=vtt", "ext": "vtt"}], "eo": [{"url": "https://www.youtube.com/api/timedtext?xorp=True&xoaf=1&v=vF7eyJ2g3kU&asr_langs=fr%2Cit%2Ces%2Cru%2Cpt%2Cja%2Cnl%2Cen%2Cko%2Cde&key=yttt1&sparams=asr_langs%2Ccaps%2Cv%2Cxoaf%2Cxorp%2Cexpire&hl=en&caps=asr&signature=28E537EAABF9A7C9CECFA84549B9C5626C173032.6D9DF5CDE3D4A6147D6ED4D505CAD861A91905CE&expire=1544701172&kind=asr&lang=en&tlang=eo&fmt=ttml", "ext": "ttml"}, {"url": "https://www.youtube.com/api/timedtext?xorp=True&xoaf=1&v=vF7eyJ2g3kU&asr_langs=fr%2Cit%2Ces%2Cru%2Cpt%2Cja%2Cnl%2Cen%2Cko%2Cde&key=yttt1&sparams=asr_langs%2Ccaps%2Cv%2Cxoaf%2Cxorp%2Cexpire&hl=en&caps=asr&signature=28E537EAABF9A7C9CECFA84549B9C5626C173032.6D9DF5CDE3D4A6147D6ED4D505CAD861A91905CE&expire=1544701172&kind=asr&lang=en&tlang=eo&fmt=vtt", "ext": "vtt"}], "et": [{"url": "https://www.youtube.com/api/timedtext?xorp=True&xoaf=1&v=vF7eyJ2g3kU&asr_langs=fr%2Cit%2Ces%2Cru%2Cpt%2Cja%2Cnl%2Cen%2Cko%2Cde&key=yttt1&sparams=asr_langs%2Ccaps%2Cv%2Cxoaf%2Cxorp%2Cexpire&hl=en&caps=asr&signature=28E537EAABF9A7C9CECFA84549B9C5626C173032.6D9DF5CDE3D4A6147D6ED4D505CAD861A91905CE&expire=1544701172&kind=asr&lang=en&tlang=et&fmt=ttml", "ext": "ttml"}, {"url": "https://www.youtube.com/api/timedtext?xorp=True&xoaf=1&v=vF7eyJ2g3kU&asr_langs=fr%2Cit%2Ces%2Cru%2Cpt%2Cja%2Cnl%2Cen%2Cko%2Cde&key=yttt1&sparams=asr_langs%2Ccaps%2Cv%2Cxoaf%2Cxorp%2Cexpire&hl=en&caps=asr&signature=28E537EAABF9A7C9CECFA84549B9C5626C173032.6D9DF5CDE3D4A6147D6ED4D505CAD861A91905CE&expire=1544701172&kind=asr&lang=en&tlang=et&fmt=vtt", "ext": "vtt"}], "fil": [{"url": "https://www.youtube.com/api/timedtext?xorp=True&xoaf=1&v=vF7eyJ2g3kU&asr_langs=fr%2Cit%2Ces%2Cru%2Cpt%2Cja%2Cnl%2Cen%2Cko%2Cde&key=yttt1&sparams=asr_langs%2Ccaps%2Cv%2Cxoaf%2Cxorp%2Cexpire&hl=en&caps=asr&signature=28E537EAABF9A7C9CECFA84549B9C5626C173032.6D9DF5CDE3D4A6147D6ED4D505CAD861A91905CE&expire=1544701172&kind=asr&lang=en&tlang=fil&fmt=ttml", "ext": "ttml"}, {"url": "https://www.youtube.com/api/timedtext?xorp=True&xoaf=1&v=vF7eyJ2g3kU&asr_langs=fr%2Cit%2Ces%2Cru%2Cpt%2Cja%2Cnl%2Cen%2Cko%2Cde&key=yttt1&sparams=asr_langs%2Ccaps%2Cv%2Cxoaf%2Cxorp%2Cexpire&hl=en&caps=asr&signature=28E537EAABF9A7C9CECFA84549B9C5626C173032.6D9DF5CDE3D4A6147D6ED4D505CAD861A91905CE&expire=1544701172&kind=asr&lang=en&tlang=fil&fmt=vtt", "ext": "vtt"}], "fi": [{"url": "https://www.youtube.com/api/timedtext?xorp=True&xoaf=1&v=vF7eyJ2g3kU&asr_langs=fr%2Cit%2Ces%2Cru%2Cpt%2Cja%2Cnl%2Cen%2Cko%2Cde&key=yttt1&sparams=asr_langs%2Ccaps%2Cv%2Cxoaf%2Cxorp%2Cexpire&hl=en&caps=asr&signature=28E537EAABF9A7C9CECFA84549B9C5626C173032.6D9DF5CDE3D4A6147D6ED4D505CAD861A91905CE&expire=1544701172&kind=asr&lang=en&tlang=fi&fmt=ttml", "ext": "ttml"}, {"url": "https://www.youtube.com/api/timedtext?xorp=True&xoaf=1&v=vF7eyJ2g3kU&asr_langs=fr%2Cit%2Ces%2Cru%2Cpt%2Cja%2Cnl%2Cen%2Cko%2Cde&key=yttt1&sparams=asr_langs%2Ccaps%2Cv%2Cxoaf%2Cxorp%2Cexpire&hl=en&caps=asr&signature=28E537EAABF9A7C9CECFA84549B9C5626C173032.6D9DF5CDE3D4A6147D6ED4D505CAD861A91905CE&expire=1544701172&kind=asr&lang=en&tlang=fi&fmt=vtt", "ext": "vtt"}], "fr": [{"url": "https://www.youtube.com/api/timedtext?xorp=True&xoaf=1&v=vF7eyJ2g3kU&asr_langs=fr%2Cit%2Ces%2Cru%2Cpt%2Cja%2Cnl%2Cen%2Cko%2Cde&key=yttt1&sparams=asr_langs%2Ccaps%2Cv%2Cxoaf%2Cxorp%2Cexpire&hl=en&caps=asr&signature=28E537EAABF9A7C9CECFA84549B9C5626C173032.6D9DF5CDE3D4A6147D6ED4D505CAD861A91905CE&expire=1544701172&kind=asr&lang=en&tlang=fr&fmt=ttml", "ext": "ttml"}, {"url": "https://www.youtube.com/api/timedtext?xorp=True&xoaf=1&v=vF7eyJ2g3kU&asr_langs=fr%2Cit%2Ces%2Cru%2Cpt%2Cja%2Cnl%2Cen%2Cko%2Cde&key=yttt1&sparams=asr_langs%2Ccaps%2Cv%2Cxoaf%2Cxorp%2Cexpire&hl=en&caps=asr&signature=28E537EAABF9A7C9CECFA84549B9C5626C173032.6D9DF5CDE3D4A6147D6ED4D505CAD861A91905CE&expire=1544701172&kind=asr&lang=en&tlang=fr&fmt=vtt", "ext": "vtt"}], "gl": [{"url": "https://www.youtube.com/api/timedtext?xorp=True&xoaf=1&v=vF7eyJ2g3kU&asr_langs=fr%2Cit%2Ces%2Cru%2Cpt%2Cja%2Cnl%2Cen%2Cko%2Cde&key=yttt1&sparams=asr_langs%2Ccaps%2Cv%2Cxoaf%2Cxorp%2Cexpire&hl=en&caps=asr&signature=28E537EAABF9A7C9CECFA84549B9C5626C173032.6D9DF5CDE3D4A6147D6ED4D505CAD861A91905CE&expire=1544701172&kind=asr&lang=en&tlang=gl&fmt=ttml", "ext": "ttml"}, {"url": "https://www.youtube.com/api/timedtext?xorp=True&xoaf=1&v=vF7eyJ2g3kU&asr_langs=fr%2Cit%2Ces%2Cru%2Cpt%2Cja%2Cnl%2Cen%2Cko%2Cde&key=yttt1&sparams=asr_langs%2Ccaps%2Cv%2Cxoaf%2Cxorp%2Cexpire&hl=en&caps=asr&signature=28E537EAABF9A7C9CECFA84549B9C5626C173032.6D9DF5CDE3D4A6147D6ED4D505CAD861A91905CE&expire=1544701172&kind=asr&lang=en&tlang=gl&fmt=vtt", "ext": "vtt"}], "ka": [{"url": "https://www.youtube.com/api/timedtext?xorp=True&xoaf=1&v=vF7eyJ2g3kU&asr_langs=fr%2Cit%2Ces%2Cru%2Cpt%2Cja%2Cnl%2Cen%2Cko%2Cde&key=yttt1&sparams=asr_langs%2Ccaps%2Cv%2Cxoaf%2Cxorp%2Cexpire&hl=en&caps=asr&signature=28E537EAABF9A7C9CECFA84549B9C5626C173032.6D9DF5CDE3D4A6147D6ED4D505CAD861A91905CE&expire=1544701172&kind=asr&lang=en&tlang=ka&fmt=ttml", "ext": "ttml"}, {"url": "https://www.youtube.com/api/timedtext?xorp=True&xoaf=1&v=vF7eyJ2g3kU&asr_langs=fr%2Cit%2Ces%2Cru%2Cpt%2Cja%2Cnl%2Cen%2Cko%2Cde&key=yttt1&sparams=asr_langs%2Ccaps%2Cv%2Cxoaf%2Cxorp%2Cexpire&hl=en&caps=asr&signature=28E537EAABF9A7C9CECFA84549B9C5626C173032.6D9DF5CDE3D4A6147D6ED4D505CAD861A91905CE&expire=1544701172&kind=asr&lang=en&tlang=ka&fmt=vtt", "ext": "vtt"}], "de": [{"url": "https://www.youtube.com/api/timedtext?xorp=True&xoaf=1&v=vF7eyJ2g3kU&asr_langs=fr%2Cit%2Ces%2Cru%2Cpt%2Cja%2Cnl%2Cen%2Cko%2Cde&key=yttt1&sparams=asr_langs%2Ccaps%2Cv%2Cxoaf%2Cxorp%2Cexpire&hl=en&caps=asr&signature=28E537EAABF9A7C9CECFA84549B9C5626C173032.6D9DF5CDE3D4A6147D6ED4D505CAD861A91905CE&expire=1544701172&kind=asr&lang=en&tlang=de&fmt=ttml", "ext": "ttml"}, {"url": "https://www.youtube.com/api/timedtext?xorp=True&xoaf=1&v=vF7eyJ2g3kU&asr_langs=fr%2Cit%2Ces%2Cru%2Cpt%2Cja%2Cnl%2Cen%2Cko%2Cde&key=yttt1&sparams=asr_langs%2Ccaps%2Cv%2Cxoaf%2Cxorp%2Cexpire&hl=en&caps=asr&signature=28E537EAABF9A7C9CECFA84549B9C5626C173032.6D9DF5CDE3D4A6147D6ED4D505CAD861A91905CE&expire=1544701172&kind=asr&lang=en&tlang=de&fmt=vtt", "ext": "vtt"}], "el": [{"url": "https://www.youtube.com/api/timedtext?xorp=True&xoaf=1&v=vF7eyJ2g3kU&asr_langs=fr%2Cit%2Ces%2Cru%2Cpt%2Cja%2Cnl%2Cen%2Cko%2Cde&key=yttt1&sparams=asr_langs%2Ccaps%2Cv%2Cxoaf%2Cxorp%2Cexpire&hl=en&caps=asr&signature=28E537EAABF9A7C9CECFA84549B9C5626C173032.6D9DF5CDE3D4A6147D6ED4D505CAD861A91905CE&expire=1544701172&kind=asr&lang=en&tlang=el&fmt=ttml", "ext": "ttml"}, {"url": "https://www.youtube.com/api/timedtext?xorp=True&xoaf=1&v=vF7eyJ2g3kU&asr_langs=fr%2Cit%2Ces%2Cru%2Cpt%2Cja%2Cnl%2Cen%2Cko%2Cde&key=yttt1&sparams=asr_langs%2Ccaps%2Cv%2Cxoaf%2Cxorp%2Cexpire&hl=en&caps=asr&signature=28E537EAABF9A7C9CECFA84549B9C5626C173032.6D9DF5CDE3D4A6147D6ED4D505CAD861A91905CE&expire=1544701172&kind=asr&lang=en&tlang=el&fmt=vtt", "ext": "vtt"}], "gu": [{"url": "https://www.youtube.com/api/timedtext?xorp=True&xoaf=1&v=vF7eyJ2g3kU&asr_langs=fr%2Cit%2Ces%2Cru%2Cpt%2Cja%2Cnl%2Cen%2Cko%2Cde&key=yttt1&sparams=asr_langs%2Ccaps%2Cv%2Cxoaf%2Cxorp%2Cexpire&hl=en&caps=asr&signature=28E537EAABF9A7C9CECFA84549B9C5626C173032.6D9DF5CDE3D4A6147D6ED4D505CAD861A91905CE&expire=1544701172&kind=asr&lang=en&tlang=gu&fmt=ttml", "ext": "ttml"}, {"url": "https://www.youtube.com/api/timedtext?xorp=True&xoaf=1&v=vF7eyJ2g3kU&asr_langs=fr%2Cit%2Ces%2Cru%2Cpt%2Cja%2Cnl%2Cen%2Cko%2Cde&key=yttt1&sparams=asr_langs%2Ccaps%2Cv%2Cxoaf%2Cxorp%2Cexpire&hl=en&caps=asr&signature=28E537EAABF9A7C9CECFA84549B9C5626C173032.6D9DF5CDE3D4A6147D6ED4D505CAD861A91905CE&expire=1544701172&kind=asr&lang=en&tlang=gu&fmt=vtt", "ext": "vtt"}], "ht": [{"url": "https://www.youtube.com/api/timedtext?xorp=True&xoaf=1&v=vF7eyJ2g3kU&asr_langs=fr%2Cit%2Ces%2Cru%2Cpt%2Cja%2Cnl%2Cen%2Cko%2Cde&key=yttt1&sparams=asr_langs%2Ccaps%2Cv%2Cxoaf%2Cxorp%2Cexpire&hl=en&caps=asr&signature=28E537EAABF9A7C9CECFA84549B9C5626C173032.6D9DF5CDE3D4A6147D6ED4D505CAD861A91905CE&expire=1544701172&kind=asr&lang=en&tlang=ht&fmt=ttml", "ext": "ttml"}, {"url": "https://www.youtube.com/api/timedtext?xorp=True&xoaf=1&v=vF7eyJ2g3kU&asr_langs=fr%2Cit%2Ces%2Cru%2Cpt%2Cja%2Cnl%2Cen%2Cko%2Cde&key=yttt1&sparams=asr_langs%2Ccaps%2Cv%2Cxoaf%2Cxorp%2Cexpire&hl=en&caps=asr&signature=28E537EAABF9A7C9CECFA84549B9C5626C173032.6D9DF5CDE3D4A6147D6ED4D505CAD861A91905CE&expire=1544701172&kind=asr&lang=en&tlang=ht&fmt=vtt", "ext": "vtt"}], "ha": [{"url": "https://www.youtube.com/api/timedtext?xorp=True&xoaf=1&v=vF7eyJ2g3kU&asr_langs=fr%2Cit%2Ces%2Cru%2Cpt%2Cja%2Cnl%2Cen%2Cko%2Cde&key=yttt1&sparams=asr_langs%2Ccaps%2Cv%2Cxoaf%2Cxorp%2Cexpire&hl=en&caps=asr&signature=28E537EAABF9A7C9CECFA84549B9C5626C173032.6D9DF5CDE3D4A6147D6ED4D505CAD861A91905CE&expire=1544701172&kind=asr&lang=en&tlang=ha&fmt=ttml", "ext": "ttml"}, {"url": "https://www.youtube.com/api/timedtext?xorp=True&xoaf=1&v=vF7eyJ2g3kU&asr_langs=fr%2Cit%2Ces%2Cru%2Cpt%2Cja%2Cnl%2Cen%2Cko%2Cde&key=yttt1&sparams=asr_langs%2Ccaps%2Cv%2Cxoaf%2Cxorp%2Cexpire&hl=en&caps=asr&signature=28E537EAABF9A7C9CECFA84549B9C5626C173032.6D9DF5CDE3D4A6147D6ED4D505CAD861A91905CE&expire=1544701172&kind=asr&lang=en&tlang=ha&fmt=vtt", "ext": "vtt"}], "haw": [{"url": "https://www.youtube.com/api/timedtext?xorp=True&xoaf=1&v=vF7eyJ2g3kU&asr_langs=fr%2Cit%2Ces%2Cru%2Cpt%2Cja%2Cnl%2Cen%2Cko%2Cde&key=yttt1&sparams=asr_langs%2Ccaps%2Cv%2Cxoaf%2Cxorp%2Cexpire&hl=en&caps=asr&signature=28E537EAABF9A7C9CECFA84549B9C5626C173032.6D9DF5CDE3D4A6147D6ED4D505CAD861A91905CE&expire=1544701172&kind=asr&lang=en&tlang=haw&fmt=ttml", "ext": "ttml"}, {"url": "https://www.youtube.com/api/timedtext?xorp=True&xoaf=1&v=vF7eyJ2g3kU&asr_langs=fr%2Cit%2Ces%2Cru%2Cpt%2Cja%2Cnl%2Cen%2Cko%2Cde&key=yttt1&sparams=asr_langs%2Ccaps%2Cv%2Cxoaf%2Cxorp%2Cexpire&hl=en&caps=asr&signature=28E537EAABF9A7C9CECFA84549B9C5626C173032.6D9DF5CDE3D4A6147D6ED4D505CAD861A91905CE&expire=1544701172&kind=asr&lang=en&tlang=haw&fmt=vtt", "ext": "vtt"}], "iw": [{"url": "https://www.youtube.com/api/timedtext?xorp=True&xoaf=1&v=vF7eyJ2g3kU&asr_langs=fr%2Cit%2Ces%2Cru%2Cpt%2Cja%2Cnl%2Cen%2Cko%2Cde&key=yttt1&sparams=asr_langs%2Ccaps%2Cv%2Cxoaf%2Cxorp%2Cexpire&hl=en&caps=asr&signature=28E537EAABF9A7C9CECFA84549B9C5626C173032.6D9DF5CDE3D4A6147D6ED4D505CAD861A91905CE&expire=1544701172&kind=asr&lang=en&tlang=iw&fmt=ttml", "ext": "ttml"}, {"url": "https://www.youtube.com/api/timedtext?xorp=True&xoaf=1&v=vF7eyJ2g3kU&asr_langs=fr%2Cit%2Ces%2Cru%2Cpt%2Cja%2Cnl%2Cen%2Cko%2Cde&key=yttt1&sparams=asr_langs%2Ccaps%2Cv%2Cxoaf%2Cxorp%2Cexpire&hl=en&caps=asr&signature=28E537EAABF9A7C9CECFA84549B9C5626C173032.6D9DF5CDE3D4A6147D6ED4D505CAD861A91905CE&expire=1544701172&kind=asr&lang=en&tlang=iw&fmt=vtt", "ext": "vtt"}], "hi": [{"url": "https://www.youtube.com/api/timedtext?xorp=True&xoaf=1&v=vF7eyJ2g3kU&asr_langs=fr%2Cit%2Ces%2Cru%2Cpt%2Cja%2Cnl%2Cen%2Cko%2Cde&key=yttt1&sparams=asr_langs%2Ccaps%2Cv%2Cxoaf%2Cxorp%2Cexpire&hl=en&caps=asr&signature=28E537EAABF9A7C9CECFA84549B9C5626C173032.6D9DF5CDE3D4A6147D6ED4D505CAD861A91905CE&expire=1544701172&kind=asr&lang=en&tlang=hi&fmt=ttml", "ext": "ttml"}, {"url": "https://www.youtube.com/api/timedtext?xorp=True&xoaf=1&v=vF7eyJ2g3kU&asr_langs=fr%2Cit%2Ces%2Cru%2Cpt%2Cja%2Cnl%2Cen%2Cko%2Cde&key=yttt1&sparams=asr_langs%2Ccaps%2Cv%2Cxoaf%2Cxorp%2Cexpire&hl=en&caps=asr&signature=28E537EAABF9A7C9CECFA84549B9C5626C173032.6D9DF5CDE3D4A6147D6ED4D505CAD861A91905CE&expire=1544701172&kind=asr&lang=en&tlang=hi&fmt=vtt", "ext": "vtt"}], "hmn": [{"url": "https://www.youtube.com/api/timedtext?xorp=True&xoaf=1&v=vF7eyJ2g3kU&asr_langs=fr%2Cit%2Ces%2Cru%2Cpt%2Cja%2Cnl%2Cen%2Cko%2Cde&key=yttt1&sparams=asr_langs%2Ccaps%2Cv%2Cxoaf%2Cxorp%2Cexpire&hl=en&caps=asr&signature=28E537EAABF9A7C9CECFA84549B9C5626C173032.6D9DF5CDE3D4A6147D6ED4D505CAD861A91905CE&expire=1544701172&kind=asr&lang=en&tlang=hmn&fmt=ttml", "ext": "ttml"}, {"url": "https://www.youtube.com/api/timedtext?xorp=True&xoaf=1&v=vF7eyJ2g3kU&asr_langs=fr%2Cit%2Ces%2Cru%2Cpt%2Cja%2Cnl%2Cen%2Cko%2Cde&key=yttt1&sparams=asr_langs%2Ccaps%2Cv%2Cxoaf%2Cxorp%2Cexpire&hl=en&caps=asr&signature=28E537EAABF9A7C9CECFA84549B9C5626C173032.6D9DF5CDE3D4A6147D6ED4D505CAD861A91905CE&expire=1544701172&kind=asr&lang=en&tlang=hmn&fmt=vtt", "ext": "vtt"}], "hu": [{"url": "https://www.youtube.com/api/timedtext?xorp=True&xoaf=1&v=vF7eyJ2g3kU&asr_langs=fr%2Cit%2Ces%2Cru%2Cpt%2Cja%2Cnl%2Cen%2Cko%2Cde&key=yttt1&sparams=asr_langs%2Ccaps%2Cv%2Cxoaf%2Cxorp%2Cexpire&hl=en&caps=asr&signature=28E537EAABF9A7C9CECFA84549B9C5626C173032.6D9DF5CDE3D4A6147D6ED4D505CAD861A91905CE&expire=1544701172&kind=asr&lang=en&tlang=hu&fmt=ttml", "ext": "ttml"}, {"url": "https://www.youtube.com/api/timedtext?xorp=True&xoaf=1&v=vF7eyJ2g3kU&asr_langs=fr%2Cit%2Ces%2Cru%2Cpt%2Cja%2Cnl%2Cen%2Cko%2Cde&key=yttt1&sparams=asr_langs%2Ccaps%2Cv%2Cxoaf%2Cxorp%2Cexpire&hl=en&caps=asr&signature=28E537EAABF9A7C9CECFA84549B9C5626C173032.6D9DF5CDE3D4A6147D6ED4D505CAD861A91905CE&expire=1544701172&kind=asr&lang=en&tlang=hu&fmt=vtt", "ext": "vtt"}], "is": [{"url": "https://www.youtube.com/api/timedtext?xorp=True&xoaf=1&v=vF7eyJ2g3kU&asr_langs=fr%2Cit%2Ces%2Cru%2Cpt%2Cja%2Cnl%2Cen%2Cko%2Cde&key=yttt1&sparams=asr_langs%2Ccaps%2Cv%2Cxoaf%2Cxorp%2Cexpire&hl=en&caps=asr&signature=28E537EAABF9A7C9CECFA84549B9C5626C173032.6D9DF5CDE3D4A6147D6ED4D505CAD861A91905CE&expire=1544701172&kind=asr&lang=en&tlang=is&fmt=ttml", "ext": "ttml"}, {"url": "https://www.youtube.com/api/timedtext?xorp=True&xoaf=1&v=vF7eyJ2g3kU&asr_langs=fr%2Cit%2Ces%2Cru%2Cpt%2Cja%2Cnl%2Cen%2Cko%2Cde&key=yttt1&sparams=asr_langs%2Ccaps%2Cv%2Cxoaf%2Cxorp%2Cexpire&hl=en&caps=asr&signature=28E537EAABF9A7C9CECFA84549B9C5626C173032.6D9DF5CDE3D4A6147D6ED4D505CAD861A91905CE&expire=1544701172&kind=asr&lang=en&tlang=is&fmt=vtt", "ext": "vtt"}], "ig": [{"url": "https://www.youtube.com/api/timedtext?xorp=True&xoaf=1&v=vF7eyJ2g3kU&asr_langs=fr%2Cit%2Ces%2Cru%2Cpt%2Cja%2Cnl%2Cen%2Cko%2Cde&key=yttt1&sparams=asr_langs%2Ccaps%2Cv%2Cxoaf%2Cxorp%2Cexpire&hl=en&caps=asr&signature=28E537EAABF9A7C9CECFA84549B9C5626C173032.6D9DF5CDE3D4A6147D6ED4D505CAD861A91905CE&expire=1544701172&kind=asr&lang=en&tlang=ig&fmt=ttml", "ext": "ttml"}, {"url": "https://www.youtube.com/api/timedtext?xorp=True&xoaf=1&v=vF7eyJ2g3kU&asr_langs=fr%2Cit%2Ces%2Cru%2Cpt%2Cja%2Cnl%2Cen%2Cko%2Cde&key=yttt1&sparams=asr_langs%2Ccaps%2Cv%2Cxoaf%2Cxorp%2Cexpire&hl=en&caps=asr&signature=28E537EAABF9A7C9CECFA84549B9C5626C173032.6D9DF5CDE3D4A6147D6ED4D505CAD861A91905CE&expire=1544701172&kind=asr&lang=en&tlang=ig&fmt=vtt", "ext": "vtt"}], "id": [{"url": "https://www.youtube.com/api/timedtext?xorp=True&xoaf=1&v=vF7eyJ2g3kU&asr_langs=fr%2Cit%2Ces%2Cru%2Cpt%2Cja%2Cnl%2Cen%2Cko%2Cde&key=yttt1&sparams=asr_langs%2Ccaps%2Cv%2Cxoaf%2Cxorp%2Cexpire&hl=en&caps=asr&signature=28E537EAABF9A7C9CECFA84549B9C5626C173032.6D9DF5CDE3D4A6147D6ED4D505CAD861A91905CE&expire=1544701172&kind=asr&lang=en&tlang=id&fmt=ttml", "ext": "ttml"}, {"url": "https://www.youtube.com/api/timedtext?xorp=True&xoaf=1&v=vF7eyJ2g3kU&asr_langs=fr%2Cit%2Ces%2Cru%2Cpt%2Cja%2Cnl%2Cen%2Cko%2Cde&key=yttt1&sparams=asr_langs%2Ccaps%2Cv%2Cxoaf%2Cxorp%2Cexpire&hl=en&caps=asr&signature=28E537EAABF9A7C9CECFA84549B9C5626C173032.6D9DF5CDE3D4A6147D6ED4D505CAD861A91905CE&expire=1544701172&kind=asr&lang=en&tlang=id&fmt=vtt", "ext": "vtt"}], "ga": [{"url": "https://www.youtube.com/api/timedtext?xorp=True&xoaf=1&v=vF7eyJ2g3kU&asr_langs=fr%2Cit%2Ces%2Cru%2Cpt%2Cja%2Cnl%2Cen%2Cko%2Cde&key=yttt1&sparams=asr_langs%2Ccaps%2Cv%2Cxoaf%2Cxorp%2Cexpire&hl=en&caps=asr&signature=28E537EAABF9A7C9CECFA84549B9C5626C173032.6D9DF5CDE3D4A6147D6ED4D505CAD861A91905CE&expire=1544701172&kind=asr&lang=en&tlang=ga&fmt=ttml", "ext": "ttml"}, {"url": "https://www.youtube.com/api/timedtext?xorp=True&xoaf=1&v=vF7eyJ2g3kU&asr_langs=fr%2Cit%2Ces%2Cru%2Cpt%2Cja%2Cnl%2Cen%2Cko%2Cde&key=yttt1&sparams=asr_langs%2Ccaps%2Cv%2Cxoaf%2Cxorp%2Cexpire&hl=en&caps=asr&signature=28E537EAABF9A7C9CECFA84549B9C5626C173032.6D9DF5CDE3D4A6147D6ED4D505CAD861A91905CE&expire=1544701172&kind=asr&lang=en&tlang=ga&fmt=vtt", "ext": "vtt"}], "it": [{"url": "https://www.youtube.com/api/timedtext?xorp=True&xoaf=1&v=vF7eyJ2g3kU&asr_langs=fr%2Cit%2Ces%2Cru%2Cpt%2Cja%2Cnl%2Cen%2Cko%2Cde&key=yttt1&sparams=asr_langs%2Ccaps%2Cv%2Cxoaf%2Cxorp%2Cexpire&hl=en&caps=asr&signature=28E537EAABF9A7C9CECFA84549B9C5626C173032.6D9DF5CDE3D4A6147D6ED4D505CAD861A91905CE&expire=1544701172&kind=asr&lang=en&tlang=it&fmt=ttml", "ext": "ttml"}, {"url": "https://www.youtube.com/api/timedtext?xorp=True&xoaf=1&v=vF7eyJ2g3kU&asr_langs=fr%2Cit%2Ces%2Cru%2Cpt%2Cja%2Cnl%2Cen%2Cko%2Cde&key=yttt1&sparams=asr_langs%2Ccaps%2Cv%2Cxoaf%2Cxorp%2Cexpire&hl=en&caps=asr&signature=28E537EAABF9A7C9CECFA84549B9C5626C173032.6D9DF5CDE3D4A6147D6ED4D505CAD861A91905CE&expire=1544701172&kind=asr&lang=en&tlang=it&fmt=vtt", "ext": "vtt"}], "ja": [{"url": "https://www.youtube.com/api/timedtext?xorp=True&xoaf=1&v=vF7eyJ2g3kU&asr_langs=fr%2Cit%2Ces%2Cru%2Cpt%2Cja%2Cnl%2Cen%2Cko%2Cde&key=yttt1&sparams=asr_langs%2Ccaps%2Cv%2Cxoaf%2Cxorp%2Cexpire&hl=en&caps=asr&signature=28E537EAABF9A7C9CECFA84549B9C5626C173032.6D9DF5CDE3D4A6147D6ED4D505CAD861A91905CE&expire=1544701172&kind=asr&lang=en&tlang=ja&fmt=ttml", "ext": "ttml"}, {"url": "https://www.youtube.com/api/timedtext?xorp=True&xoaf=1&v=vF7eyJ2g3kU&asr_langs=fr%2Cit%2Ces%2Cru%2Cpt%2Cja%2Cnl%2Cen%2Cko%2Cde&key=yttt1&sparams=asr_langs%2Ccaps%2Cv%2Cxoaf%2Cxorp%2Cexpire&hl=en&caps=asr&signature=28E537EAABF9A7C9CECFA84549B9C5626C173032.6D9DF5CDE3D4A6147D6ED4D505CAD861A91905CE&expire=1544701172&kind=asr&lang=en&tlang=ja&fmt=vtt", "ext": "vtt"}], "jv": [{"url": "https://www.youtube.com/api/timedtext?xorp=True&xoaf=1&v=vF7eyJ2g3kU&asr_langs=fr%2Cit%2Ces%2Cru%2Cpt%2Cja%2Cnl%2Cen%2Cko%2Cde&key=yttt1&sparams=asr_langs%2Ccaps%2Cv%2Cxoaf%2Cxorp%2Cexpire&hl=en&caps=asr&signature=28E537EAABF9A7C9CECFA84549B9C5626C173032.6D9DF5CDE3D4A6147D6ED4D505CAD861A91905CE&expire=1544701172&kind=asr&lang=en&tlang=jv&fmt=ttml", "ext": "ttml"}, {"url": "https://www.youtube.com/api/timedtext?xorp=True&xoaf=1&v=vF7eyJ2g3kU&asr_langs=fr%2Cit%2Ces%2Cru%2Cpt%2Cja%2Cnl%2Cen%2Cko%2Cde&key=yttt1&sparams=asr_langs%2Ccaps%2Cv%2Cxoaf%2Cxorp%2Cexpire&hl=en&caps=asr&signature=28E537EAABF9A7C9CECFA84549B9C5626C173032.6D9DF5CDE3D4A6147D6ED4D505CAD861A91905CE&expire=1544701172&kind=asr&lang=en&tlang=jv&fmt=vtt", "ext": "vtt"}], "kn": [{"url": "https://www.youtube.com/api/timedtext?xorp=True&xoaf=1&v=vF7eyJ2g3kU&asr_langs=fr%2Cit%2Ces%2Cru%2Cpt%2Cja%2Cnl%2Cen%2Cko%2Cde&key=yttt1&sparams=asr_langs%2Ccaps%2Cv%2Cxoaf%2Cxorp%2Cexpire&hl=en&caps=asr&signature=28E537EAABF9A7C9CECFA84549B9C5626C173032.6D9DF5CDE3D4A6147D6ED4D505CAD861A91905CE&expire=1544701172&kind=asr&lang=en&tlang=kn&fmt=ttml", "ext": "ttml"}, {"url": "https://www.youtube.com/api/timedtext?xorp=True&xoaf=1&v=vF7eyJ2g3kU&asr_langs=fr%2Cit%2Ces%2Cru%2Cpt%2Cja%2Cnl%2Cen%2Cko%2Cde&key=yttt1&sparams=asr_langs%2Ccaps%2Cv%2Cxoaf%2Cxorp%2Cexpire&hl=en&caps=asr&signature=28E537EAABF9A7C9CECFA84549B9C5626C173032.6D9DF5CDE3D4A6147D6ED4D505CAD861A91905CE&expire=1544701172&kind=asr&lang=en&tlang=kn&fmt=vtt", "ext": "vtt"}], "kk": [{"url": "https://www.youtube.com/api/timedtext?xorp=True&xoaf=1&v=vF7eyJ2g3kU&asr_langs=fr%2Cit%2Ces%2Cru%2Cpt%2Cja%2Cnl%2Cen%2Cko%2Cde&key=yttt1&sparams=asr_langs%2Ccaps%2Cv%2Cxoaf%2Cxorp%2Cexpire&hl=en&caps=asr&signature=28E537EAABF9A7C9CECFA84549B9C5626C173032.6D9DF5CDE3D4A6147D6ED4D505CAD861A91905CE&expire=1544701172&kind=asr&lang=en&tlang=kk&fmt=ttml", "ext": "ttml"}, {"url": "https://www.youtube.com/api/timedtext?xorp=True&xoaf=1&v=vF7eyJ2g3kU&asr_langs=fr%2Cit%2Ces%2Cru%2Cpt%2Cja%2Cnl%2Cen%2Cko%2Cde&key=yttt1&sparams=asr_langs%2Ccaps%2Cv%2Cxoaf%2Cxorp%2Cexpire&hl=en&caps=asr&signature=28E537EAABF9A7C9CECFA84549B9C5626C173032.6D9DF5CDE3D4A6147D6ED4D505CAD861A91905CE&expire=1544701172&kind=asr&lang=en&tlang=kk&fmt=vtt", "ext": "vtt"}], "km": [{"url": "https://www.youtube.com/api/timedtext?xorp=True&xoaf=1&v=vF7eyJ2g3kU&asr_langs=fr%2Cit%2Ces%2Cru%2Cpt%2Cja%2Cnl%2Cen%2Cko%2Cde&key=yttt1&sparams=asr_langs%2Ccaps%2Cv%2Cxoaf%2Cxorp%2Cexpire&hl=en&caps=asr&signature=28E537EAABF9A7C9CECFA84549B9C5626C173032.6D9DF5CDE3D4A6147D6ED4D505CAD861A91905CE&expire=1544701172&kind=asr&lang=en&tlang=km&fmt=ttml", "ext": "ttml"}, {"url": "https://www.youtube.com/api/timedtext?xorp=True&xoaf=1&v=vF7eyJ2g3kU&asr_langs=fr%2Cit%2Ces%2Cru%2Cpt%2Cja%2Cnl%2Cen%2Cko%2Cde&key=yttt1&sparams=asr_langs%2Ccaps%2Cv%2Cxoaf%2Cxorp%2Cexpire&hl=en&caps=asr&signature=28E537EAABF9A7C9CECFA84549B9C5626C173032.6D9DF5CDE3D4A6147D6ED4D505CAD861A91905CE&expire=1544701172&kind=asr&lang=en&tlang=km&fmt=vtt", "ext": "vtt"}], "ko": [{"url": "https://www.youtube.com/api/timedtext?xorp=True&xoaf=1&v=vF7eyJ2g3kU&asr_langs=fr%2Cit%2Ces%2Cru%2Cpt%2Cja%2Cnl%2Cen%2Cko%2Cde&key=yttt1&sparams=asr_langs%2Ccaps%2Cv%2Cxoaf%2Cxorp%2Cexpire&hl=en&caps=asr&signature=28E537EAABF9A7C9CECFA84549B9C5626C173032.6D9DF5CDE3D4A6147D6ED4D505CAD861A91905CE&expire=1544701172&kind=asr&lang=en&tlang=ko&fmt=ttml", "ext": "ttml"}, {"url": "https://www.youtube.com/api/timedtext?xorp=True&xoaf=1&v=vF7eyJ2g3kU&asr_langs=fr%2Cit%2Ces%2Cru%2Cpt%2Cja%2Cnl%2Cen%2Cko%2Cde&key=yttt1&sparams=asr_langs%2Ccaps%2Cv%2Cxoaf%2Cxorp%2Cexpire&hl=en&caps=asr&signature=28E537EAABF9A7C9CECFA84549B9C5626C173032.6D9DF5CDE3D4A6147D6ED4D505CAD861A91905CE&expire=1544701172&kind=asr&lang=en&tlang=ko&fmt=vtt", "ext": "vtt"}], "ku": [{"url": "https://www.youtube.com/api/timedtext?xorp=True&xoaf=1&v=vF7eyJ2g3kU&asr_langs=fr%2Cit%2Ces%2Cru%2Cpt%2Cja%2Cnl%2Cen%2Cko%2Cde&key=yttt1&sparams=asr_langs%2Ccaps%2Cv%2Cxoaf%2Cxorp%2Cexpire&hl=en&caps=asr&signature=28E537EAABF9A7C9CECFA84549B9C5626C173032.6D9DF5CDE3D4A6147D6ED4D505CAD861A91905CE&expire=1544701172&kind=asr&lang=en&tlang=ku&fmt=ttml", "ext": "ttml"}, {"url": "https://www.youtube.com/api/timedtext?xorp=True&xoaf=1&v=vF7eyJ2g3kU&asr_langs=fr%2Cit%2Ces%2Cru%2Cpt%2Cja%2Cnl%2Cen%2Cko%2Cde&key=yttt1&sparams=asr_langs%2Ccaps%2Cv%2Cxoaf%2Cxorp%2Cexpire&hl=en&caps=asr&signature=28E537EAABF9A7C9CECFA84549B9C5626C173032.6D9DF5CDE3D4A6147D6ED4D505CAD861A91905CE&expire=1544701172&kind=asr&lang=en&tlang=ku&fmt=vtt", "ext": "vtt"}], "ky": [{"url": "https://www.youtube.com/api/timedtext?xorp=True&xoaf=1&v=vF7eyJ2g3kU&asr_langs=fr%2Cit%2Ces%2Cru%2Cpt%2Cja%2Cnl%2Cen%2Cko%2Cde&key=yttt1&sparams=asr_langs%2Ccaps%2Cv%2Cxoaf%2Cxorp%2Cexpire&hl=en&caps=asr&signature=28E537EAABF9A7C9CECFA84549B9C5626C173032.6D9DF5CDE3D4A6147D6ED4D505CAD861A91905CE&expire=1544701172&kind=asr&lang=en&tlang=ky&fmt=ttml", "ext": "ttml"}, {"url": "https://www.youtube.com/api/timedtext?xorp=True&xoaf=1&v=vF7eyJ2g3kU&asr_langs=fr%2Cit%2Ces%2Cru%2Cpt%2Cja%2Cnl%2Cen%2Cko%2Cde&key=yttt1&sparams=asr_langs%2Ccaps%2Cv%2Cxoaf%2Cxorp%2Cexpire&hl=en&caps=asr&signature=28E537EAABF9A7C9CECFA84549B9C5626C173032.6D9DF5CDE3D4A6147D6ED4D505CAD861A91905CE&expire=1544701172&kind=asr&lang=en&tlang=ky&fmt=vtt", "ext": "vtt"}], "lo": [{"url": "https://www.youtube.com/api/timedtext?xorp=True&xoaf=1&v=vF7eyJ2g3kU&asr_langs=fr%2Cit%2Ces%2Cru%2Cpt%2Cja%2Cnl%2Cen%2Cko%2Cde&key=yttt1&sparams=asr_langs%2Ccaps%2Cv%2Cxoaf%2Cxorp%2Cexpire&hl=en&caps=asr&signature=28E537EAABF9A7C9CECFA84549B9C5626C173032.6D9DF5CDE3D4A6147D6ED4D505CAD861A91905CE&expire=1544701172&kind=asr&lang=en&tlang=lo&fmt=ttml", "ext": "ttml"}, {"url": "https://www.youtube.com/api/timedtext?xorp=True&xoaf=1&v=vF7eyJ2g3kU&asr_langs=fr%2Cit%2Ces%2Cru%2Cpt%2Cja%2Cnl%2Cen%2Cko%2Cde&key=yttt1&sparams=asr_langs%2Ccaps%2Cv%2Cxoaf%2Cxorp%2Cexpire&hl=en&caps=asr&signature=28E537EAABF9A7C9CECFA84549B9C5626C173032.6D9DF5CDE3D4A6147D6ED4D505CAD861A91905CE&expire=1544701172&kind=asr&lang=en&tlang=lo&fmt=vtt", "ext": "vtt"}], "la": [{"url": "https://www.youtube.com/api/timedtext?xorp=True&xoaf=1&v=vF7eyJ2g3kU&asr_langs=fr%2Cit%2Ces%2Cru%2Cpt%2Cja%2Cnl%2Cen%2Cko%2Cde&key=yttt1&sparams=asr_langs%2Ccaps%2Cv%2Cxoaf%2Cxorp%2Cexpire&hl=en&caps=asr&signature=28E537EAABF9A7C9CECFA84549B9C5626C173032.6D9DF5CDE3D4A6147D6ED4D505CAD861A91905CE&expire=1544701172&kind=asr&lang=en&tlang=la&fmt=ttml", "ext": "ttml"}, {"url": "https://www.youtube.com/api/timedtext?xorp=True&xoaf=1&v=vF7eyJ2g3kU&asr_langs=fr%2Cit%2Ces%2Cru%2Cpt%2Cja%2Cnl%2Cen%2Cko%2Cde&key=yttt1&sparams=asr_langs%2Ccaps%2Cv%2Cxoaf%2Cxorp%2Cexpire&hl=en&caps=asr&signature=28E537EAABF9A7C9CECFA84549B9C5626C173032.6D9DF5CDE3D4A6147D6ED4D505CAD861A91905CE&expire=1544701172&kind=asr&lang=en&tlang=la&fmt=vtt", "ext": "vtt"}], "lv": [{"url": "https://www.youtube.com/api/timedtext?xorp=True&xoaf=1&v=vF7eyJ2g3kU&asr_langs=fr%2Cit%2Ces%2Cru%2Cpt%2Cja%2Cnl%2Cen%2Cko%2Cde&key=yttt1&sparams=asr_langs%2Ccaps%2Cv%2Cxoaf%2Cxorp%2Cexpire&hl=en&caps=asr&signature=28E537EAABF9A7C9CECFA84549B9C5626C173032.6D9DF5CDE3D4A6147D6ED4D505CAD861A91905CE&expire=1544701172&kind=asr&lang=en&tlang=lv&fmt=ttml", "ext": "ttml"}, {"url": "https://www.youtube.com/api/timedtext?xorp=True&xoaf=1&v=vF7eyJ2g3kU&asr_langs=fr%2Cit%2Ces%2Cru%2Cpt%2Cja%2Cnl%2Cen%2Cko%2Cde&key=yttt1&sparams=asr_langs%2Ccaps%2Cv%2Cxoaf%2Cxorp%2Cexpire&hl=en&caps=asr&signature=28E537EAABF9A7C9CECFA84549B9C5626C173032.6D9DF5CDE3D4A6147D6ED4D505CAD861A91905CE&expire=1544701172&kind=asr&lang=en&tlang=lv&fmt=vtt", "ext": "vtt"}], "lt": [{"url": "https://www.youtube.com/api/timedtext?xorp=True&xoaf=1&v=vF7eyJ2g3kU&asr_langs=fr%2Cit%2Ces%2Cru%2Cpt%2Cja%2Cnl%2Cen%2Cko%2Cde&key=yttt1&sparams=asr_langs%2Ccaps%2Cv%2Cxoaf%2Cxorp%2Cexpire&hl=en&caps=asr&signature=28E537EAABF9A7C9CECFA84549B9C5626C173032.6D9DF5CDE3D4A6147D6ED4D505CAD861A91905CE&expire=1544701172&kind=asr&lang=en&tlang=lt&fmt=ttml", "ext": "ttml"}, {"url": "https://www.youtube.com/api/timedtext?xorp=True&xoaf=1&v=vF7eyJ2g3kU&asr_langs=fr%2Cit%2Ces%2Cru%2Cpt%2Cja%2Cnl%2Cen%2Cko%2Cde&key=yttt1&sparams=asr_langs%2Ccaps%2Cv%2Cxoaf%2Cxorp%2Cexpire&hl=en&caps=asr&signature=28E537EAABF9A7C9CECFA84549B9C5626C173032.6D9DF5CDE3D4A6147D6ED4D505CAD861A91905CE&expire=1544701172&kind=asr&lang=en&tlang=lt&fmt=vtt", "ext": "vtt"}], "lb": [{"url": "https://www.youtube.com/api/timedtext?xorp=True&xoaf=1&v=vF7eyJ2g3kU&asr_langs=fr%2Cit%2Ces%2Cru%2Cpt%2Cja%2Cnl%2Cen%2Cko%2Cde&key=yttt1&sparams=asr_langs%2Ccaps%2Cv%2Cxoaf%2Cxorp%2Cexpire&hl=en&caps=asr&signature=28E537EAABF9A7C9CECFA84549B9C5626C173032.6D9DF5CDE3D4A6147D6ED4D505CAD861A91905CE&expire=1544701172&kind=asr&lang=en&tlang=lb&fmt=ttml", "ext": "ttml"}, {"url": "https://www.youtube.com/api/timedtext?xorp=True&xoaf=1&v=vF7eyJ2g3kU&asr_langs=fr%2Cit%2Ces%2Cru%2Cpt%2Cja%2Cnl%2Cen%2Cko%2Cde&key=yttt1&sparams=asr_langs%2Ccaps%2Cv%2Cxoaf%2Cxorp%2Cexpire&hl=en&caps=asr&signature=28E537EAABF9A7C9CECFA84549B9C5626C173032.6D9DF5CDE3D4A6147D6ED4D505CAD861A91905CE&expire=1544701172&kind=asr&lang=en&tlang=lb&fmt=vtt", "ext": "vtt"}], "mk": [{"url": "https://www.youtube.com/api/timedtext?xorp=True&xoaf=1&v=vF7eyJ2g3kU&asr_langs=fr%2Cit%2Ces%2Cru%2Cpt%2Cja%2Cnl%2Cen%2Cko%2Cde&key=yttt1&sparams=asr_langs%2Ccaps%2Cv%2Cxoaf%2Cxorp%2Cexpire&hl=en&caps=asr&signature=28E537EAABF9A7C9CECFA84549B9C5626C173032.6D9DF5CDE3D4A6147D6ED4D505CAD861A91905CE&expire=1544701172&kind=asr&lang=en&tlang=mk&fmt=ttml", "ext": "ttml"}, {"url": "https://www.youtube.com/api/timedtext?xorp=True&xoaf=1&v=vF7eyJ2g3kU&asr_langs=fr%2Cit%2Ces%2Cru%2Cpt%2Cja%2Cnl%2Cen%2Cko%2Cde&key=yttt1&sparams=asr_langs%2Ccaps%2Cv%2Cxoaf%2Cxorp%2Cexpire&hl=en&caps=asr&signature=28E537EAABF9A7C9CECFA84549B9C5626C173032.6D9DF5CDE3D4A6147D6ED4D505CAD861A91905CE&expire=1544701172&kind=asr&lang=en&tlang=mk&fmt=vtt", "ext": "vtt"}], "mg": [{"url": "https://www.youtube.com/api/timedtext?xorp=True&xoaf=1&v=vF7eyJ2g3kU&asr_langs=fr%2Cit%2Ces%2Cru%2Cpt%2Cja%2Cnl%2Cen%2Cko%2Cde&key=yttt1&sparams=asr_langs%2Ccaps%2Cv%2Cxoaf%2Cxorp%2Cexpire&hl=en&caps=asr&signature=28E537EAABF9A7C9CECFA84549B9C5626C173032.6D9DF5CDE3D4A6147D6ED4D505CAD861A91905CE&expire=1544701172&kind=asr&lang=en&tlang=mg&fmt=ttml", "ext": "ttml"}, {"url": "https://www.youtube.com/api/timedtext?xorp=True&xoaf=1&v=vF7eyJ2g3kU&asr_langs=fr%2Cit%2Ces%2Cru%2Cpt%2Cja%2Cnl%2Cen%2Cko%2Cde&key=yttt1&sparams=asr_langs%2Ccaps%2Cv%2Cxoaf%2Cxorp%2Cexpire&hl=en&caps=asr&signature=28E537EAABF9A7C9CECFA84549B9C5626C173032.6D9DF5CDE3D4A6147D6ED4D505CAD861A91905CE&expire=1544701172&kind=asr&lang=en&tlang=mg&fmt=vtt", "ext": "vtt"}], "ms": [{"url": "https://www.youtube.com/api/timedtext?xorp=True&xoaf=1&v=vF7eyJ2g3kU&asr_langs=fr%2Cit%2Ces%2Cru%2Cpt%2Cja%2Cnl%2Cen%2Cko%2Cde&key=yttt1&sparams=asr_langs%2Ccaps%2Cv%2Cxoaf%2Cxorp%2Cexpire&hl=en&caps=asr&signature=28E537EAABF9A7C9CECFA84549B9C5626C173032.6D9DF5CDE3D4A6147D6ED4D505CAD861A91905CE&expire=1544701172&kind=asr&lang=en&tlang=ms&fmt=ttml", "ext": "ttml"}, {"url": "https://www.youtube.com/api/timedtext?xorp=True&xoaf=1&v=vF7eyJ2g3kU&asr_langs=fr%2Cit%2Ces%2Cru%2Cpt%2Cja%2Cnl%2Cen%2Cko%2Cde&key=yttt1&sparams=asr_langs%2Ccaps%2Cv%2Cxoaf%2Cxorp%2Cexpire&hl=en&caps=asr&signature=28E537EAABF9A7C9CECFA84549B9C5626C173032.6D9DF5CDE3D4A6147D6ED4D505CAD861A91905CE&expire=1544701172&kind=asr&lang=en&tlang=ms&fmt=vtt", "ext": "vtt"}], "ml": [{"url": "https://www.youtube.com/api/timedtext?xorp=True&xoaf=1&v=vF7eyJ2g3kU&asr_langs=fr%2Cit%2Ces%2Cru%2Cpt%2Cja%2Cnl%2Cen%2Cko%2Cde&key=yttt1&sparams=asr_langs%2Ccaps%2Cv%2Cxoaf%2Cxorp%2Cexpire&hl=en&caps=asr&signature=28E537EAABF9A7C9CECFA84549B9C5626C173032.6D9DF5CDE3D4A6147D6ED4D505CAD861A91905CE&expire=1544701172&kind=asr&lang=en&tlang=ml&fmt=ttml", "ext": "ttml"}, {"url": "https://www.youtube.com/api/timedtext?xorp=True&xoaf=1&v=vF7eyJ2g3kU&asr_langs=fr%2Cit%2Ces%2Cru%2Cpt%2Cja%2Cnl%2Cen%2Cko%2Cde&key=yttt1&sparams=asr_langs%2Ccaps%2Cv%2Cxoaf%2Cxorp%2Cexpire&hl=en&caps=asr&signature=28E537EAABF9A7C9CECFA84549B9C5626C173032.6D9DF5CDE3D4A6147D6ED4D505CAD861A91905CE&expire=1544701172&kind=asr&lang=en&tlang=ml&fmt=vtt", "ext": "vtt"}], "mt": [{"url": "https://www.youtube.com/api/timedtext?xorp=True&xoaf=1&v=vF7eyJ2g3kU&asr_langs=fr%2Cit%2Ces%2Cru%2Cpt%2Cja%2Cnl%2Cen%2Cko%2Cde&key=yttt1&sparams=asr_langs%2Ccaps%2Cv%2Cxoaf%2Cxorp%2Cexpire&hl=en&caps=asr&signature=28E537EAABF9A7C9CECFA84549B9C5626C173032.6D9DF5CDE3D4A6147D6ED4D505CAD861A91905CE&expire=1544701172&kind=asr&lang=en&tlang=mt&fmt=ttml", "ext": "ttml"}, {"url": "https://www.youtube.com/api/timedtext?xorp=True&xoaf=1&v=vF7eyJ2g3kU&asr_langs=fr%2Cit%2Ces%2Cru%2Cpt%2Cja%2Cnl%2Cen%2Cko%2Cde&key=yttt1&sparams=asr_langs%2Ccaps%2Cv%2Cxoaf%2Cxorp%2Cexpire&hl=en&caps=asr&signature=28E537EAABF9A7C9CECFA84549B9C5626C173032.6D9DF5CDE3D4A6147D6ED4D505CAD861A91905CE&expire=1544701172&kind=asr&lang=en&tlang=mt&fmt=vtt", "ext": "vtt"}], "mi": [{"url": "https://www.youtube.com/api/timedtext?xorp=True&xoaf=1&v=vF7eyJ2g3kU&asr_langs=fr%2Cit%2Ces%2Cru%2Cpt%2Cja%2Cnl%2Cen%2Cko%2Cde&key=yttt1&sparams=asr_langs%2Ccaps%2Cv%2Cxoaf%2Cxorp%2Cexpire&hl=en&caps=asr&signature=28E537EAABF9A7C9CECFA84549B9C5626C173032.6D9DF5CDE3D4A6147D6ED4D505CAD861A91905CE&expire=1544701172&kind=asr&lang=en&tlang=mi&fmt=ttml", "ext": "ttml"}, {"url": "https://www.youtube.com/api/timedtext?xorp=True&xoaf=1&v=vF7eyJ2g3kU&asr_langs=fr%2Cit%2Ces%2Cru%2Cpt%2Cja%2Cnl%2Cen%2Cko%2Cde&key=yttt1&sparams=asr_langs%2Ccaps%2Cv%2Cxoaf%2Cxorp%2Cexpire&hl=en&caps=asr&signature=28E537EAABF9A7C9CECFA84549B9C5626C173032.6D9DF5CDE3D4A6147D6ED4D505CAD861A91905CE&expire=1544701172&kind=asr&lang=en&tlang=mi&fmt=vtt", "ext": "vtt"}], "mr": [{"url": "https://www.youtube.com/api/timedtext?xorp=True&xoaf=1&v=vF7eyJ2g3kU&asr_langs=fr%2Cit%2Ces%2Cru%2Cpt%2Cja%2Cnl%2Cen%2Cko%2Cde&key=yttt1&sparams=asr_langs%2Ccaps%2Cv%2Cxoaf%2Cxorp%2Cexpire&hl=en&caps=asr&signature=28E537EAABF9A7C9CECFA84549B9C5626C173032.6D9DF5CDE3D4A6147D6ED4D505CAD861A91905CE&expire=1544701172&kind=asr&lang=en&tlang=mr&fmt=ttml", "ext": "ttml"}, {"url": "https://www.youtube.com/api/timedtext?xorp=True&xoaf=1&v=vF7eyJ2g3kU&asr_langs=fr%2Cit%2Ces%2Cru%2Cpt%2Cja%2Cnl%2Cen%2Cko%2Cde&key=yttt1&sparams=asr_langs%2Ccaps%2Cv%2Cxoaf%2Cxorp%2Cexpire&hl=en&caps=asr&signature=28E537EAABF9A7C9CECFA84549B9C5626C173032.6D9DF5CDE3D4A6147D6ED4D505CAD861A91905CE&expire=1544701172&kind=asr&lang=en&tlang=mr&fmt=vtt", "ext": "vtt"}], "mn": [{"url": "https://www.youtube.com/api/timedtext?xorp=True&xoaf=1&v=vF7eyJ2g3kU&asr_langs=fr%2Cit%2Ces%2Cru%2Cpt%2Cja%2Cnl%2Cen%2Cko%2Cde&key=yttt1&sparams=asr_langs%2Ccaps%2Cv%2Cxoaf%2Cxorp%2Cexpire&hl=en&caps=asr&signature=28E537EAABF9A7C9CECFA84549B9C5626C173032.6D9DF5CDE3D4A6147D6ED4D505CAD861A91905CE&expire=1544701172&kind=asr&lang=en&tlang=mn&fmt=ttml", "ext": "ttml"}, {"url": "https://www.youtube.com/api/timedtext?xorp=True&xoaf=1&v=vF7eyJ2g3kU&asr_langs=fr%2Cit%2Ces%2Cru%2Cpt%2Cja%2Cnl%2Cen%2Cko%2Cde&key=yttt1&sparams=asr_langs%2Ccaps%2Cv%2Cxoaf%2Cxorp%2Cexpire&hl=en&caps=asr&signature=28E537EAABF9A7C9CECFA84549B9C5626C173032.6D9DF5CDE3D4A6147D6ED4D505CAD861A91905CE&expire=1544701172&kind=asr&lang=en&tlang=mn&fmt=vtt", "ext": "vtt"}], "ne": [{"url": "https://www.youtube.com/api/timedtext?xorp=True&xoaf=1&v=vF7eyJ2g3kU&asr_langs=fr%2Cit%2Ces%2Cru%2Cpt%2Cja%2Cnl%2Cen%2Cko%2Cde&key=yttt1&sparams=asr_langs%2Ccaps%2Cv%2Cxoaf%2Cxorp%2Cexpire&hl=en&caps=asr&signature=28E537EAABF9A7C9CECFA84549B9C5626C173032.6D9DF5CDE3D4A6147D6ED4D505CAD861A91905CE&expire=1544701172&kind=asr&lang=en&tlang=ne&fmt=ttml", "ext": "ttml"}, {"url": "https://www.youtube.com/api/timedtext?xorp=True&xoaf=1&v=vF7eyJ2g3kU&asr_langs=fr%2Cit%2Ces%2Cru%2Cpt%2Cja%2Cnl%2Cen%2Cko%2Cde&key=yttt1&sparams=asr_langs%2Ccaps%2Cv%2Cxoaf%2Cxorp%2Cexpire&hl=en&caps=asr&signature=28E537EAABF9A7C9CECFA84549B9C5626C173032.6D9DF5CDE3D4A6147D6ED4D505CAD861A91905CE&expire=1544701172&kind=asr&lang=en&tlang=ne&fmt=vtt", "ext": "vtt"}], "no": [{"url": "https://www.youtube.com/api/timedtext?xorp=True&xoaf=1&v=vF7eyJ2g3kU&asr_langs=fr%2Cit%2Ces%2Cru%2Cpt%2Cja%2Cnl%2Cen%2Cko%2Cde&key=yttt1&sparams=asr_langs%2Ccaps%2Cv%2Cxoaf%2Cxorp%2Cexpire&hl=en&caps=asr&signature=28E537EAABF9A7C9CECFA84549B9C5626C173032.6D9DF5CDE3D4A6147D6ED4D505CAD861A91905CE&expire=1544701172&kind=asr&lang=en&tlang=no&fmt=ttml", "ext": "ttml"}, {"url": "https://www.youtube.com/api/timedtext?xorp=True&xoaf=1&v=vF7eyJ2g3kU&asr_langs=fr%2Cit%2Ces%2Cru%2Cpt%2Cja%2Cnl%2Cen%2Cko%2Cde&key=yttt1&sparams=asr_langs%2Ccaps%2Cv%2Cxoaf%2Cxorp%2Cexpire&hl=en&caps=asr&signature=28E537EAABF9A7C9CECFA84549B9C5626C173032.6D9DF5CDE3D4A6147D6ED4D505CAD861A91905CE&expire=1544701172&kind=asr&lang=en&tlang=no&fmt=vtt", "ext": "vtt"}], "ny": [{"url": "https://www.youtube.com/api/timedtext?xorp=True&xoaf=1&v=vF7eyJ2g3kU&asr_langs=fr%2Cit%2Ces%2Cru%2Cpt%2Cja%2Cnl%2Cen%2Cko%2Cde&key=yttt1&sparams=asr_langs%2Ccaps%2Cv%2Cxoaf%2Cxorp%2Cexpire&hl=en&caps=asr&signature=28E537EAABF9A7C9CECFA84549B9C5626C173032.6D9DF5CDE3D4A6147D6ED4D505CAD861A91905CE&expire=1544701172&kind=asr&lang=en&tlang=ny&fmt=ttml", "ext": "ttml"}, {"url": "https://www.youtube.com/api/timedtext?xorp=True&xoaf=1&v=vF7eyJ2g3kU&asr_langs=fr%2Cit%2Ces%2Cru%2Cpt%2Cja%2Cnl%2Cen%2Cko%2Cde&key=yttt1&sparams=asr_langs%2Ccaps%2Cv%2Cxoaf%2Cxorp%2Cexpire&hl=en&caps=asr&signature=28E537EAABF9A7C9CECFA84549B9C5626C173032.6D9DF5CDE3D4A6147D6ED4D505CAD861A91905CE&expire=1544701172&kind=asr&lang=en&tlang=ny&fmt=vtt", "ext": "vtt"}], "ps": [{"url": "https://www.youtube.com/api/timedtext?xorp=True&xoaf=1&v=vF7eyJ2g3kU&asr_langs=fr%2Cit%2Ces%2Cru%2Cpt%2Cja%2Cnl%2Cen%2Cko%2Cde&key=yttt1&sparams=asr_langs%2Ccaps%2Cv%2Cxoaf%2Cxorp%2Cexpire&hl=en&caps=asr&signature=28E537EAABF9A7C9CECFA84549B9C5626C173032.6D9DF5CDE3D4A6147D6ED4D505CAD861A91905CE&expire=1544701172&kind=asr&lang=en&tlang=ps&fmt=ttml", "ext": "ttml"}, {"url": "https://www.youtube.com/api/timedtext?xorp=True&xoaf=1&v=vF7eyJ2g3kU&asr_langs=fr%2Cit%2Ces%2Cru%2Cpt%2Cja%2Cnl%2Cen%2Cko%2Cde&key=yttt1&sparams=asr_langs%2Ccaps%2Cv%2Cxoaf%2Cxorp%2Cexpire&hl=en&caps=asr&signature=28E537EAABF9A7C9CECFA84549B9C5626C173032.6D9DF5CDE3D4A6147D6ED4D505CAD861A91905CE&expire=1544701172&kind=asr&lang=en&tlang=ps&fmt=vtt", "ext": "vtt"}], "fa": [{"url": "https://www.youtube.com/api/timedtext?xorp=True&xoaf=1&v=vF7eyJ2g3kU&asr_langs=fr%2Cit%2Ces%2Cru%2Cpt%2Cja%2Cnl%2Cen%2Cko%2Cde&key=yttt1&sparams=asr_langs%2Ccaps%2Cv%2Cxoaf%2Cxorp%2Cexpire&hl=en&caps=asr&signature=28E537EAABF9A7C9CECFA84549B9C5626C173032.6D9DF5CDE3D4A6147D6ED4D505CAD861A91905CE&expire=1544701172&kind=asr&lang=en&tlang=fa&fmt=ttml", "ext": "ttml"}, {"url": "https://www.youtube.com/api/timedtext?xorp=True&xoaf=1&v=vF7eyJ2g3kU&asr_langs=fr%2Cit%2Ces%2Cru%2Cpt%2Cja%2Cnl%2Cen%2Cko%2Cde&key=yttt1&sparams=asr_langs%2Ccaps%2Cv%2Cxoaf%2Cxorp%2Cexpire&hl=en&caps=asr&signature=28E537EAABF9A7C9CECFA84549B9C5626C173032.6D9DF5CDE3D4A6147D6ED4D505CAD861A91905CE&expire=1544701172&kind=asr&lang=en&tlang=fa&fmt=vtt", "ext": "vtt"}], "pl": [{"url": "https://www.youtube.com/api/timedtext?xorp=True&xoaf=1&v=vF7eyJ2g3kU&asr_langs=fr%2Cit%2Ces%2Cru%2Cpt%2Cja%2Cnl%2Cen%2Cko%2Cde&key=yttt1&sparams=asr_langs%2Ccaps%2Cv%2Cxoaf%2Cxorp%2Cexpire&hl=en&caps=asr&signature=28E537EAABF9A7C9CECFA84549B9C5626C173032.6D9DF5CDE3D4A6147D6ED4D505CAD861A91905CE&expire=1544701172&kind=asr&lang=en&tlang=pl&fmt=ttml", "ext": "ttml"}, {"url": "https://www.youtube.com/api/timedtext?xorp=True&xoaf=1&v=vF7eyJ2g3kU&asr_langs=fr%2Cit%2Ces%2Cru%2Cpt%2Cja%2Cnl%2Cen%2Cko%2Cde&key=yttt1&sparams=asr_langs%2Ccaps%2Cv%2Cxoaf%2Cxorp%2Cexpire&hl=en&caps=asr&signature=28E537EAABF9A7C9CECFA84549B9C5626C173032.6D9DF5CDE3D4A6147D6ED4D505CAD861A91905CE&expire=1544701172&kind=asr&lang=en&tlang=pl&fmt=vtt", "ext": "vtt"}], "pt": [{"url": "https://www.youtube.com/api/timedtext?xorp=True&xoaf=1&v=vF7eyJ2g3kU&asr_langs=fr%2Cit%2Ces%2Cru%2Cpt%2Cja%2Cnl%2Cen%2Cko%2Cde&key=yttt1&sparams=asr_langs%2Ccaps%2Cv%2Cxoaf%2Cxorp%2Cexpire&hl=en&caps=asr&signature=28E537EAABF9A7C9CECFA84549B9C5626C173032.6D9DF5CDE3D4A6147D6ED4D505CAD861A91905CE&expire=1544701172&kind=asr&lang=en&tlang=pt&fmt=ttml", "ext": "ttml"}, {"url": "https://www.youtube.com/api/timedtext?xorp=True&xoaf=1&v=vF7eyJ2g3kU&asr_langs=fr%2Cit%2Ces%2Cru%2Cpt%2Cja%2Cnl%2Cen%2Cko%2Cde&key=yttt1&sparams=asr_langs%2Ccaps%2Cv%2Cxoaf%2Cxorp%2Cexpire&hl=en&caps=asr&signature=28E537EAABF9A7C9CECFA84549B9C5626C173032.6D9DF5CDE3D4A6147D6ED4D505CAD861A91905CE&expire=1544701172&kind=asr&lang=en&tlang=pt&fmt=vtt", "ext": "vtt"}], "pa": [{"url": "https://www.youtube.com/api/timedtext?xorp=True&xoaf=1&v=vF7eyJ2g3kU&asr_langs=fr%2Cit%2Ces%2Cru%2Cpt%2Cja%2Cnl%2Cen%2Cko%2Cde&key=yttt1&sparams=asr_langs%2Ccaps%2Cv%2Cxoaf%2Cxorp%2Cexpire&hl=en&caps=asr&signature=28E537EAABF9A7C9CECFA84549B9C5626C173032.6D9DF5CDE3D4A6147D6ED4D505CAD861A91905CE&expire=1544701172&kind=asr&lang=en&tlang=pa&fmt=ttml", "ext": "ttml"}, {"url": "https://www.youtube.com/api/timedtext?xorp=True&xoaf=1&v=vF7eyJ2g3kU&asr_langs=fr%2Cit%2Ces%2Cru%2Cpt%2Cja%2Cnl%2Cen%2Cko%2Cde&key=yttt1&sparams=asr_langs%2Ccaps%2Cv%2Cxoaf%2Cxorp%2Cexpire&hl=en&caps=asr&signature=28E537EAABF9A7C9CECFA84549B9C5626C173032.6D9DF5CDE3D4A6147D6ED4D505CAD861A91905CE&expire=1544701172&kind=asr&lang=en&tlang=pa&fmt=vtt", "ext": "vtt"}], "ro": [{"url": "https://www.youtube.com/api/timedtext?xorp=True&xoaf=1&v=vF7eyJ2g3kU&asr_langs=fr%2Cit%2Ces%2Cru%2Cpt%2Cja%2Cnl%2Cen%2Cko%2Cde&key=yttt1&sparams=asr_langs%2Ccaps%2Cv%2Cxoaf%2Cxorp%2Cexpire&hl=en&caps=asr&signature=28E537EAABF9A7C9CECFA84549B9C5626C173032.6D9DF5CDE3D4A6147D6ED4D505CAD861A91905CE&expire=1544701172&kind=asr&lang=en&tlang=ro&fmt=ttml", "ext": "ttml"}, {"url": "https://www.youtube.com/api/timedtext?xorp=True&xoaf=1&v=vF7eyJ2g3kU&asr_langs=fr%2Cit%2Ces%2Cru%2Cpt%2Cja%2Cnl%2Cen%2Cko%2Cde&key=yttt1&sparams=asr_langs%2Ccaps%2Cv%2Cxoaf%2Cxorp%2Cexpire&hl=en&caps=asr&signature=28E537EAABF9A7C9CECFA84549B9C5626C173032.6D9DF5CDE3D4A6147D6ED4D505CAD861A91905CE&expire=1544701172&kind=asr&lang=en&tlang=ro&fmt=vtt", "ext": "vtt"}], "ru": [{"url": "https://www.youtube.com/api/timedtext?xorp=True&xoaf=1&v=vF7eyJ2g3kU&asr_langs=fr%2Cit%2Ces%2Cru%2Cpt%2Cja%2Cnl%2Cen%2Cko%2Cde&key=yttt1&sparams=asr_langs%2Ccaps%2Cv%2Cxoaf%2Cxorp%2Cexpire&hl=en&caps=asr&signature=28E537EAABF9A7C9CECFA84549B9C5626C173032.6D9DF5CDE3D4A6147D6ED4D505CAD861A91905CE&expire=1544701172&kind=asr&lang=en&tlang=ru&fmt=ttml", "ext": "ttml"}, {"url": "https://www.youtube.com/api/timedtext?xorp=True&xoaf=1&v=vF7eyJ2g3kU&asr_langs=fr%2Cit%2Ces%2Cru%2Cpt%2Cja%2Cnl%2Cen%2Cko%2Cde&key=yttt1&sparams=asr_langs%2Ccaps%2Cv%2Cxoaf%2Cxorp%2Cexpire&hl=en&caps=asr&signature=28E537EAABF9A7C9CECFA84549B9C5626C173032.6D9DF5CDE3D4A6147D6ED4D505CAD861A91905CE&expire=1544701172&kind=asr&lang=en&tlang=ru&fmt=vtt", "ext": "vtt"}], "sm": [{"url": "https://www.youtube.com/api/timedtext?xorp=True&xoaf=1&v=vF7eyJ2g3kU&asr_langs=fr%2Cit%2Ces%2Cru%2Cpt%2Cja%2Cnl%2Cen%2Cko%2Cde&key=yttt1&sparams=asr_langs%2Ccaps%2Cv%2Cxoaf%2Cxorp%2Cexpire&hl=en&caps=asr&signature=28E537EAABF9A7C9CECFA84549B9C5626C173032.6D9DF5CDE3D4A6147D6ED4D505CAD861A91905CE&expire=1544701172&kind=asr&lang=en&tlang=sm&fmt=ttml", "ext": "ttml"}, {"url": "https://www.youtube.com/api/timedtext?xorp=True&xoaf=1&v=vF7eyJ2g3kU&asr_langs=fr%2Cit%2Ces%2Cru%2Cpt%2Cja%2Cnl%2Cen%2Cko%2Cde&key=yttt1&sparams=asr_langs%2Ccaps%2Cv%2Cxoaf%2Cxorp%2Cexpire&hl=en&caps=asr&signature=28E537EAABF9A7C9CECFA84549B9C5626C173032.6D9DF5CDE3D4A6147D6ED4D505CAD861A91905CE&expire=1544701172&kind=asr&lang=en&tlang=sm&fmt=vtt", "ext": "vtt"}], "gd": [{"url": "https://www.youtube.com/api/timedtext?xorp=True&xoaf=1&v=vF7eyJ2g3kU&asr_langs=fr%2Cit%2Ces%2Cru%2Cpt%2Cja%2Cnl%2Cen%2Cko%2Cde&key=yttt1&sparams=asr_langs%2Ccaps%2Cv%2Cxoaf%2Cxorp%2Cexpire&hl=en&caps=asr&signature=28E537EAABF9A7C9CECFA84549B9C5626C173032.6D9DF5CDE3D4A6147D6ED4D505CAD861A91905CE&expire=1544701172&kind=asr&lang=en&tlang=gd&fmt=ttml", "ext": "ttml"}, {"url": "https://www.youtube.com/api/timedtext?xorp=True&xoaf=1&v=vF7eyJ2g3kU&asr_langs=fr%2Cit%2Ces%2Cru%2Cpt%2Cja%2Cnl%2Cen%2Cko%2Cde&key=yttt1&sparams=asr_langs%2Ccaps%2Cv%2Cxoaf%2Cxorp%2Cexpire&hl=en&caps=asr&signature=28E537EAABF9A7C9CECFA84549B9C5626C173032.6D9DF5CDE3D4A6147D6ED4D505CAD861A91905CE&expire=1544701172&kind=asr&lang=en&tlang=gd&fmt=vtt", "ext": "vtt"}], "sr": [{"url": "https://www.youtube.com/api/timedtext?xorp=True&xoaf=1&v=vF7eyJ2g3kU&asr_langs=fr%2Cit%2Ces%2Cru%2Cpt%2Cja%2Cnl%2Cen%2Cko%2Cde&key=yttt1&sparams=asr_langs%2Ccaps%2Cv%2Cxoaf%2Cxorp%2Cexpire&hl=en&caps=asr&signature=28E537EAABF9A7C9CECFA84549B9C5626C173032.6D9DF5CDE3D4A6147D6ED4D505CAD861A91905CE&expire=1544701172&kind=asr&lang=en&tlang=sr&fmt=ttml", "ext": "ttml"}, {"url": "https://www.youtube.com/api/timedtext?xorp=True&xoaf=1&v=vF7eyJ2g3kU&asr_langs=fr%2Cit%2Ces%2Cru%2Cpt%2Cja%2Cnl%2Cen%2Cko%2Cde&key=yttt1&sparams=asr_langs%2Ccaps%2Cv%2Cxoaf%2Cxorp%2Cexpire&hl=en&caps=asr&signature=28E537EAABF9A7C9CECFA84549B9C5626C173032.6D9DF5CDE3D4A6147D6ED4D505CAD861A91905CE&expire=1544701172&kind=asr&lang=en&tlang=sr&fmt=vtt", "ext": "vtt"}], "sn": [{"url": "https://www.youtube.com/api/timedtext?xorp=True&xoaf=1&v=vF7eyJ2g3kU&asr_langs=fr%2Cit%2Ces%2Cru%2Cpt%2Cja%2Cnl%2Cen%2Cko%2Cde&key=yttt1&sparams=asr_langs%2Ccaps%2Cv%2Cxoaf%2Cxorp%2Cexpire&hl=en&caps=asr&signature=28E537EAABF9A7C9CECFA84549B9C5626C173032.6D9DF5CDE3D4A6147D6ED4D505CAD861A91905CE&expire=1544701172&kind=asr&lang=en&tlang=sn&fmt=ttml", "ext": "ttml"}, {"url": "https://www.youtube.com/api/timedtext?xorp=True&xoaf=1&v=vF7eyJ2g3kU&asr_langs=fr%2Cit%2Ces%2Cru%2Cpt%2Cja%2Cnl%2Cen%2Cko%2Cde&key=yttt1&sparams=asr_langs%2Ccaps%2Cv%2Cxoaf%2Cxorp%2Cexpire&hl=en&caps=asr&signature=28E537EAABF9A7C9CECFA84549B9C5626C173032.6D9DF5CDE3D4A6147D6ED4D505CAD861A91905CE&expire=1544701172&kind=asr&lang=en&tlang=sn&fmt=vtt", "ext": "vtt"}], "sd": [{"url": "https://www.youtube.com/api/timedtext?xorp=True&xoaf=1&v=vF7eyJ2g3kU&asr_langs=fr%2Cit%2Ces%2Cru%2Cpt%2Cja%2Cnl%2Cen%2Cko%2Cde&key=yttt1&sparams=asr_langs%2Ccaps%2Cv%2Cxoaf%2Cxorp%2Cexpire&hl=en&caps=asr&signature=28E537EAABF9A7C9CECFA84549B9C5626C173032.6D9DF5CDE3D4A6147D6ED4D505CAD861A91905CE&expire=1544701172&kind=asr&lang=en&tlang=sd&fmt=ttml", "ext": "ttml"}, {"url": "https://www.youtube.com/api/timedtext?xorp=True&xoaf=1&v=vF7eyJ2g3kU&asr_langs=fr%2Cit%2Ces%2Cru%2Cpt%2Cja%2Cnl%2Cen%2Cko%2Cde&key=yttt1&sparams=asr_langs%2Ccaps%2Cv%2Cxoaf%2Cxorp%2Cexpire&hl=en&caps=asr&signature=28E537EAABF9A7C9CECFA84549B9C5626C173032.6D9DF5CDE3D4A6147D6ED4D505CAD861A91905CE&expire=1544701172&kind=asr&lang=en&tlang=sd&fmt=vtt", "ext": "vtt"}], "si": [{"url": "https://www.youtube.com/api/timedtext?xorp=True&xoaf=1&v=vF7eyJ2g3kU&asr_langs=fr%2Cit%2Ces%2Cru%2Cpt%2Cja%2Cnl%2Cen%2Cko%2Cde&key=yttt1&sparams=asr_langs%2Ccaps%2Cv%2Cxoaf%2Cxorp%2Cexpire&hl=en&caps=asr&signature=28E537EAABF9A7C9CECFA84549B9C5626C173032.6D9DF5CDE3D4A6147D6ED4D505CAD861A91905CE&expire=1544701172&kind=asr&lang=en&tlang=si&fmt=ttml", "ext": "ttml"}, {"url": "https://www.youtube.com/api/timedtext?xorp=True&xoaf=1&v=vF7eyJ2g3kU&asr_langs=fr%2Cit%2Ces%2Cru%2Cpt%2Cja%2Cnl%2Cen%2Cko%2Cde&key=yttt1&sparams=asr_langs%2Ccaps%2Cv%2Cxoaf%2Cxorp%2Cexpire&hl=en&caps=asr&signature=28E537EAABF9A7C9CECFA84549B9C5626C173032.6D9DF5CDE3D4A6147D6ED4D505CAD861A91905CE&expire=1544701172&kind=asr&lang=en&tlang=si&fmt=vtt", "ext": "vtt"}], "sk": [{"url": "https://www.youtube.com/api/timedtext?xorp=True&xoaf=1&v=vF7eyJ2g3kU&asr_langs=fr%2Cit%2Ces%2Cru%2Cpt%2Cja%2Cnl%2Cen%2Cko%2Cde&key=yttt1&sparams=asr_langs%2Ccaps%2Cv%2Cxoaf%2Cxorp%2Cexpire&hl=en&caps=asr&signature=28E537EAABF9A7C9CECFA84549B9C5626C173032.6D9DF5CDE3D4A6147D6ED4D505CAD861A91905CE&expire=1544701172&kind=asr&lang=en&tlang=sk&fmt=ttml", "ext": "ttml"}, {"url": "https://www.youtube.com/api/timedtext?xorp=True&xoaf=1&v=vF7eyJ2g3kU&asr_langs=fr%2Cit%2Ces%2Cru%2Cpt%2Cja%2Cnl%2Cen%2Cko%2Cde&key=yttt1&sparams=asr_langs%2Ccaps%2Cv%2Cxoaf%2Cxorp%2Cexpire&hl=en&caps=asr&signature=28E537EAABF9A7C9CECFA84549B9C5626C173032.6D9DF5CDE3D4A6147D6ED4D505CAD861A91905CE&expire=1544701172&kind=asr&lang=en&tlang=sk&fmt=vtt", "ext": "vtt"}], "sl": [{"url": "https://www.youtube.com/api/timedtext?xorp=True&xoaf=1&v=vF7eyJ2g3kU&asr_langs=fr%2Cit%2Ces%2Cru%2Cpt%2Cja%2Cnl%2Cen%2Cko%2Cde&key=yttt1&sparams=asr_langs%2Ccaps%2Cv%2Cxoaf%2Cxorp%2Cexpire&hl=en&caps=asr&signature=28E537EAABF9A7C9CECFA84549B9C5626C173032.6D9DF5CDE3D4A6147D6ED4D505CAD861A91905CE&expire=1544701172&kind=asr&lang=en&tlang=sl&fmt=ttml", "ext": "ttml"}, {"url": "https://www.youtube.com/api/timedtext?xorp=True&xoaf=1&v=vF7eyJ2g3kU&asr_langs=fr%2Cit%2Ces%2Cru%2Cpt%2Cja%2Cnl%2Cen%2Cko%2Cde&key=yttt1&sparams=asr_langs%2Ccaps%2Cv%2Cxoaf%2Cxorp%2Cexpire&hl=en&caps=asr&signature=28E537EAABF9A7C9CECFA84549B9C5626C173032.6D9DF5CDE3D4A6147D6ED4D505CAD861A91905CE&expire=1544701172&kind=asr&lang=en&tlang=sl&fmt=vtt", "ext": "vtt"}], "so": [{"url": "https://www.youtube.com/api/timedtext?xorp=True&xoaf=1&v=vF7eyJ2g3kU&asr_langs=fr%2Cit%2Ces%2Cru%2Cpt%2Cja%2Cnl%2Cen%2Cko%2Cde&key=yttt1&sparams=asr_langs%2Ccaps%2Cv%2Cxoaf%2Cxorp%2Cexpire&hl=en&caps=asr&signature=28E537EAABF9A7C9CECFA84549B9C5626C173032.6D9DF5CDE3D4A6147D6ED4D505CAD861A91905CE&expire=1544701172&kind=asr&lang=en&tlang=so&fmt=ttml", "ext": "ttml"}, {"url": "https://www.youtube.com/api/timedtext?xorp=True&xoaf=1&v=vF7eyJ2g3kU&asr_langs=fr%2Cit%2Ces%2Cru%2Cpt%2Cja%2Cnl%2Cen%2Cko%2Cde&key=yttt1&sparams=asr_langs%2Ccaps%2Cv%2Cxoaf%2Cxorp%2Cexpire&hl=en&caps=asr&signature=28E537EAABF9A7C9CECFA84549B9C5626C173032.6D9DF5CDE3D4A6147D6ED4D505CAD861A91905CE&expire=1544701172&kind=asr&lang=en&tlang=so&fmt=vtt", "ext": "vtt"}], "st": [{"url": "https://www.youtube.com/api/timedtext?xorp=True&xoaf=1&v=vF7eyJ2g3kU&asr_langs=fr%2Cit%2Ces%2Cru%2Cpt%2Cja%2Cnl%2Cen%2Cko%2Cde&key=yttt1&sparams=asr_langs%2Ccaps%2Cv%2Cxoaf%2Cxorp%2Cexpire&hl=en&caps=asr&signature=28E537EAABF9A7C9CECFA84549B9C5626C173032.6D9DF5CDE3D4A6147D6ED4D505CAD861A91905CE&expire=1544701172&kind=asr&lang=en&tlang=st&fmt=ttml", "ext": "ttml"}, {"url": "https://www.youtube.com/api/timedtext?xorp=True&xoaf=1&v=vF7eyJ2g3kU&asr_langs=fr%2Cit%2Ces%2Cru%2Cpt%2Cja%2Cnl%2Cen%2Cko%2Cde&key=yttt1&sparams=asr_langs%2Ccaps%2Cv%2Cxoaf%2Cxorp%2Cexpire&hl=en&caps=asr&signature=28E537EAABF9A7C9CECFA84549B9C5626C173032.6D9DF5CDE3D4A6147D6ED4D505CAD861A91905CE&expire=1544701172&kind=asr&lang=en&tlang=st&fmt=vtt", "ext": "vtt"}], "es": [{"url": "https://www.youtube.com/api/timedtext?xorp=True&xoaf=1&v=vF7eyJ2g3kU&asr_langs=fr%2Cit%2Ces%2Cru%2Cpt%2Cja%2Cnl%2Cen%2Cko%2Cde&key=yttt1&sparams=asr_langs%2Ccaps%2Cv%2Cxoaf%2Cxorp%2Cexpire&hl=en&caps=asr&signature=28E537EAABF9A7C9CECFA84549B9C5626C173032.6D9DF5CDE3D4A6147D6ED4D505CAD861A91905CE&expire=1544701172&kind=asr&lang=en&tlang=es&fmt=ttml", "ext": "ttml"}, {"url": "https://www.youtube.com/api/timedtext?xorp=True&xoaf=1&v=vF7eyJ2g3kU&asr_langs=fr%2Cit%2Ces%2Cru%2Cpt%2Cja%2Cnl%2Cen%2Cko%2Cde&key=yttt1&sparams=asr_langs%2Ccaps%2Cv%2Cxoaf%2Cxorp%2Cexpire&hl=en&caps=asr&signature=28E537EAABF9A7C9CECFA84549B9C5626C173032.6D9DF5CDE3D4A6147D6ED4D505CAD861A91905CE&expire=1544701172&kind=asr&lang=en&tlang=es&fmt=vtt", "ext": "vtt"}], "su": [{"url": "https://www.youtube.com/api/timedtext?xorp=True&xoaf=1&v=vF7eyJ2g3kU&asr_langs=fr%2Cit%2Ces%2Cru%2Cpt%2Cja%2Cnl%2Cen%2Cko%2Cde&key=yttt1&sparams=asr_langs%2Ccaps%2Cv%2Cxoaf%2Cxorp%2Cexpire&hl=en&caps=asr&signature=28E537EAABF9A7C9CECFA84549B9C5626C173032.6D9DF5CDE3D4A6147D6ED4D505CAD861A91905CE&expire=1544701172&kind=asr&lang=en&tlang=su&fmt=ttml", "ext": "ttml"}, {"url": "https://www.youtube.com/api/timedtext?xorp=True&xoaf=1&v=vF7eyJ2g3kU&asr_langs=fr%2Cit%2Ces%2Cru%2Cpt%2Cja%2Cnl%2Cen%2Cko%2Cde&key=yttt1&sparams=asr_langs%2Ccaps%2Cv%2Cxoaf%2Cxorp%2Cexpire&hl=en&caps=asr&signature=28E537EAABF9A7C9CECFA84549B9C5626C173032.6D9DF5CDE3D4A6147D6ED4D505CAD861A91905CE&expire=1544701172&kind=asr&lang=en&tlang=su&fmt=vtt", "ext": "vtt"}], "sw": [{"url": "https://www.youtube.com/api/timedtext?xorp=True&xoaf=1&v=vF7eyJ2g3kU&asr_langs=fr%2Cit%2Ces%2Cru%2Cpt%2Cja%2Cnl%2Cen%2Cko%2Cde&key=yttt1&sparams=asr_langs%2Ccaps%2Cv%2Cxoaf%2Cxorp%2Cexpire&hl=en&caps=asr&signature=28E537EAABF9A7C9CECFA84549B9C5626C173032.6D9DF5CDE3D4A6147D6ED4D505CAD861A91905CE&expire=1544701172&kind=asr&lang=en&tlang=sw&fmt=ttml", "ext": "ttml"}, {"url": "https://www.youtube.com/api/timedtext?xorp=True&xoaf=1&v=vF7eyJ2g3kU&asr_langs=fr%2Cit%2Ces%2Cru%2Cpt%2Cja%2Cnl%2Cen%2Cko%2Cde&key=yttt1&sparams=asr_langs%2Ccaps%2Cv%2Cxoaf%2Cxorp%2Cexpire&hl=en&caps=asr&signature=28E537EAABF9A7C9CECFA84549B9C5626C173032.6D9DF5CDE3D4A6147D6ED4D505CAD861A91905CE&expire=1544701172&kind=asr&lang=en&tlang=sw&fmt=vtt", "ext": "vtt"}], "sv": [{"url": "https://www.youtube.com/api/timedtext?xorp=True&xoaf=1&v=vF7eyJ2g3kU&asr_langs=fr%2Cit%2Ces%2Cru%2Cpt%2Cja%2Cnl%2Cen%2Cko%2Cde&key=yttt1&sparams=asr_langs%2Ccaps%2Cv%2Cxoaf%2Cxorp%2Cexpire&hl=en&caps=asr&signature=28E537EAABF9A7C9CECFA84549B9C5626C173032.6D9DF5CDE3D4A6147D6ED4D505CAD861A91905CE&expire=1544701172&kind=asr&lang=en&tlang=sv&fmt=ttml", "ext": "ttml"}, {"url": "https://www.youtube.com/api/timedtext?xorp=True&xoaf=1&v=vF7eyJ2g3kU&asr_langs=fr%2Cit%2Ces%2Cru%2Cpt%2Cja%2Cnl%2Cen%2Cko%2Cde&key=yttt1&sparams=asr_langs%2Ccaps%2Cv%2Cxoaf%2Cxorp%2Cexpire&hl=en&caps=asr&signature=28E537EAABF9A7C9CECFA84549B9C5626C173032.6D9DF5CDE3D4A6147D6ED4D505CAD861A91905CE&expire=1544701172&kind=asr&lang=en&tlang=sv&fmt=vtt", "ext": "vtt"}], "tg": [{"url": "https://www.youtube.com/api/timedtext?xorp=True&xoaf=1&v=vF7eyJ2g3kU&asr_langs=fr%2Cit%2Ces%2Cru%2Cpt%2Cja%2Cnl%2Cen%2Cko%2Cde&key=yttt1&sparams=asr_langs%2Ccaps%2Cv%2Cxoaf%2Cxorp%2Cexpire&hl=en&caps=asr&signature=28E537EAABF9A7C9CECFA84549B9C5626C173032.6D9DF5CDE3D4A6147D6ED4D505CAD861A91905CE&expire=1544701172&kind=asr&lang=en&tlang=tg&fmt=ttml", "ext": "ttml"}, {"url": "https://www.youtube.com/api/timedtext?xorp=True&xoaf=1&v=vF7eyJ2g3kU&asr_langs=fr%2Cit%2Ces%2Cru%2Cpt%2Cja%2Cnl%2Cen%2Cko%2Cde&key=yttt1&sparams=asr_langs%2Ccaps%2Cv%2Cxoaf%2Cxorp%2Cexpire&hl=en&caps=asr&signature=28E537EAABF9A7C9CECFA84549B9C5626C173032.6D9DF5CDE3D4A6147D6ED4D505CAD861A91905CE&expire=1544701172&kind=asr&lang=en&tlang=tg&fmt=vtt", "ext": "vtt"}], "ta": [{"url": "https://www.youtube.com/api/timedtext?xorp=True&xoaf=1&v=vF7eyJ2g3kU&asr_langs=fr%2Cit%2Ces%2Cru%2Cpt%2Cja%2Cnl%2Cen%2Cko%2Cde&key=yttt1&sparams=asr_langs%2Ccaps%2Cv%2Cxoaf%2Cxorp%2Cexpire&hl=en&caps=asr&signature=28E537EAABF9A7C9CECFA84549B9C5626C173032.6D9DF5CDE3D4A6147D6ED4D505CAD861A91905CE&expire=1544701172&kind=asr&lang=en&tlang=ta&fmt=ttml", "ext": "ttml"}, {"url": "https://www.youtube.com/api/timedtext?xorp=True&xoaf=1&v=vF7eyJ2g3kU&asr_langs=fr%2Cit%2Ces%2Cru%2Cpt%2Cja%2Cnl%2Cen%2Cko%2Cde&key=yttt1&sparams=asr_langs%2Ccaps%2Cv%2Cxoaf%2Cxorp%2Cexpire&hl=en&caps=asr&signature=28E537EAABF9A7C9CECFA84549B9C5626C173032.6D9DF5CDE3D4A6147D6ED4D505CAD861A91905CE&expire=1544701172&kind=asr&lang=en&tlang=ta&fmt=vtt", "ext": "vtt"}], "te": [{"url": "https://www.youtube.com/api/timedtext?xorp=True&xoaf=1&v=vF7eyJ2g3kU&asr_langs=fr%2Cit%2Ces%2Cru%2Cpt%2Cja%2Cnl%2Cen%2Cko%2Cde&key=yttt1&sparams=asr_langs%2Ccaps%2Cv%2Cxoaf%2Cxorp%2Cexpire&hl=en&caps=asr&signature=28E537EAABF9A7C9CECFA84549B9C5626C173032.6D9DF5CDE3D4A6147D6ED4D505CAD861A91905CE&expire=1544701172&kind=asr&lang=en&tlang=te&fmt=ttml", "ext": "ttml"}, {"url": "https://www.youtube.com/api/timedtext?xorp=True&xoaf=1&v=vF7eyJ2g3kU&asr_langs=fr%2Cit%2Ces%2Cru%2Cpt%2Cja%2Cnl%2Cen%2Cko%2Cde&key=yttt1&sparams=asr_langs%2Ccaps%2Cv%2Cxoaf%2Cxorp%2Cexpire&hl=en&caps=asr&signature=28E537EAABF9A7C9CECFA84549B9C5626C173032.6D9DF5CDE3D4A6147D6ED4D505CAD861A91905CE&expire=1544701172&kind=asr&lang=en&tlang=te&fmt=vtt", "ext": "vtt"}], "th": [{"url": "https://www.youtube.com/api/timedtext?xorp=True&xoaf=1&v=vF7eyJ2g3kU&asr_langs=fr%2Cit%2Ces%2Cru%2Cpt%2Cja%2Cnl%2Cen%2Cko%2Cde&key=yttt1&sparams=asr_langs%2Ccaps%2Cv%2Cxoaf%2Cxorp%2Cexpire&hl=en&caps=asr&signature=28E537EAABF9A7C9CECFA84549B9C5626C173032.6D9DF5CDE3D4A6147D6ED4D505CAD861A91905CE&expire=1544701172&kind=asr&lang=en&tlang=th&fmt=ttml", "ext": "ttml"}, {"url": "https://www.youtube.com/api/timedtext?xorp=True&xoaf=1&v=vF7eyJ2g3kU&asr_langs=fr%2Cit%2Ces%2Cru%2Cpt%2Cja%2Cnl%2Cen%2Cko%2Cde&key=yttt1&sparams=asr_langs%2Ccaps%2Cv%2Cxoaf%2Cxorp%2Cexpire&hl=en&caps=asr&signature=28E537EAABF9A7C9CECFA84549B9C5626C173032.6D9DF5CDE3D4A6147D6ED4D505CAD861A91905CE&expire=1544701172&kind=asr&lang=en&tlang=th&fmt=vtt", "ext": "vtt"}], "tr": [{"url": "https://www.youtube.com/api/timedtext?xorp=True&xoaf=1&v=vF7eyJ2g3kU&asr_langs=fr%2Cit%2Ces%2Cru%2Cpt%2Cja%2Cnl%2Cen%2Cko%2Cde&key=yttt1&sparams=asr_langs%2Ccaps%2Cv%2Cxoaf%2Cxorp%2Cexpire&hl=en&caps=asr&signature=28E537EAABF9A7C9CECFA84549B9C5626C173032.6D9DF5CDE3D4A6147D6ED4D505CAD861A91905CE&expire=1544701172&kind=asr&lang=en&tlang=tr&fmt=ttml", "ext": "ttml"}, {"url": "https://www.youtube.com/api/timedtext?xorp=True&xoaf=1&v=vF7eyJ2g3kU&asr_langs=fr%2Cit%2Ces%2Cru%2Cpt%2Cja%2Cnl%2Cen%2Cko%2Cde&key=yttt1&sparams=asr_langs%2Ccaps%2Cv%2Cxoaf%2Cxorp%2Cexpire&hl=en&caps=asr&signature=28E537EAABF9A7C9CECFA84549B9C5626C173032.6D9DF5CDE3D4A6147D6ED4D505CAD861A91905CE&expire=1544701172&kind=asr&lang=en&tlang=tr&fmt=vtt", "ext": "vtt"}], "uk": [{"url": "https://www.youtube.com/api/timedtext?xorp=True&xoaf=1&v=vF7eyJ2g3kU&asr_langs=fr%2Cit%2Ces%2Cru%2Cpt%2Cja%2Cnl%2Cen%2Cko%2Cde&key=yttt1&sparams=asr_langs%2Ccaps%2Cv%2Cxoaf%2Cxorp%2Cexpire&hl=en&caps=asr&signature=28E537EAABF9A7C9CECFA84549B9C5626C173032.6D9DF5CDE3D4A6147D6ED4D505CAD861A91905CE&expire=1544701172&kind=asr&lang=en&tlang=uk&fmt=ttml", "ext": "ttml"}, {"url": "https://www.youtube.com/api/timedtext?xorp=True&xoaf=1&v=vF7eyJ2g3kU&asr_langs=fr%2Cit%2Ces%2Cru%2Cpt%2Cja%2Cnl%2Cen%2Cko%2Cde&key=yttt1&sparams=asr_langs%2Ccaps%2Cv%2Cxoaf%2Cxorp%2Cexpire&hl=en&caps=asr&signature=28E537EAABF9A7C9CECFA84549B9C5626C173032.6D9DF5CDE3D4A6147D6ED4D505CAD861A91905CE&expire=1544701172&kind=asr&lang=en&tlang=uk&fmt=vtt", "ext": "vtt"}], "ur": [{"url": "https://www.youtube.com/api/timedtext?xorp=True&xoaf=1&v=vF7eyJ2g3kU&asr_langs=fr%2Cit%2Ces%2Cru%2Cpt%2Cja%2Cnl%2Cen%2Cko%2Cde&key=yttt1&sparams=asr_langs%2Ccaps%2Cv%2Cxoaf%2Cxorp%2Cexpire&hl=en&caps=asr&signature=28E537EAABF9A7C9CECFA84549B9C5626C173032.6D9DF5CDE3D4A6147D6ED4D505CAD861A91905CE&expire=1544701172&kind=asr&lang=en&tlang=ur&fmt=ttml", "ext": "ttml"}, {"url": "https://www.youtube.com/api/timedtext?xorp=True&xoaf=1&v=vF7eyJ2g3kU&asr_langs=fr%2Cit%2Ces%2Cru%2Cpt%2Cja%2Cnl%2Cen%2Cko%2Cde&key=yttt1&sparams=asr_langs%2Ccaps%2Cv%2Cxoaf%2Cxorp%2Cexpire&hl=en&caps=asr&signature=28E537EAABF9A7C9CECFA84549B9C5626C173032.6D9DF5CDE3D4A6147D6ED4D505CAD861A91905CE&expire=1544701172&kind=asr&lang=en&tlang=ur&fmt=vtt", "ext": "vtt"}], "uz": [{"url": "https://www.youtube.com/api/timedtext?xorp=True&xoaf=1&v=vF7eyJ2g3kU&asr_langs=fr%2Cit%2Ces%2Cru%2Cpt%2Cja%2Cnl%2Cen%2Cko%2Cde&key=yttt1&sparams=asr_langs%2Ccaps%2Cv%2Cxoaf%2Cxorp%2Cexpire&hl=en&caps=asr&signature=28E537EAABF9A7C9CECFA84549B9C5626C173032.6D9DF5CDE3D4A6147D6ED4D505CAD861A91905CE&expire=1544701172&kind=asr&lang=en&tlang=uz&fmt=ttml", "ext": "ttml"}, {"url": "https://www.youtube.com/api/timedtext?xorp=True&xoaf=1&v=vF7eyJ2g3kU&asr_langs=fr%2Cit%2Ces%2Cru%2Cpt%2Cja%2Cnl%2Cen%2Cko%2Cde&key=yttt1&sparams=asr_langs%2Ccaps%2Cv%2Cxoaf%2Cxorp%2Cexpire&hl=en&caps=asr&signature=28E537EAABF9A7C9CECFA84549B9C5626C173032.6D9DF5CDE3D4A6147D6ED4D505CAD861A91905CE&expire=1544701172&kind=asr&lang=en&tlang=uz&fmt=vtt", "ext": "vtt"}], "vi": [{"url": "https://www.youtube.com/api/timedtext?xorp=True&xoaf=1&v=vF7eyJ2g3kU&asr_langs=fr%2Cit%2Ces%2Cru%2Cpt%2Cja%2Cnl%2Cen%2Cko%2Cde&key=yttt1&sparams=asr_langs%2Ccaps%2Cv%2Cxoaf%2Cxorp%2Cexpire&hl=en&caps=asr&signature=28E537EAABF9A7C9CECFA84549B9C5626C173032.6D9DF5CDE3D4A6147D6ED4D505CAD861A91905CE&expire=1544701172&kind=asr&lang=en&tlang=vi&fmt=ttml", "ext": "ttml"}, {"url": "https://www.youtube.com/api/timedtext?xorp=True&xoaf=1&v=vF7eyJ2g3kU&asr_langs=fr%2Cit%2Ces%2Cru%2Cpt%2Cja%2Cnl%2Cen%2Cko%2Cde&key=yttt1&sparams=asr_langs%2Ccaps%2Cv%2Cxoaf%2Cxorp%2Cexpire&hl=en&caps=asr&signature=28E537EAABF9A7C9CECFA84549B9C5626C173032.6D9DF5CDE3D4A6147D6ED4D505CAD861A91905CE&expire=1544701172&kind=asr&lang=en&tlang=vi&fmt=vtt", "ext": "vtt"}], "cy": [{"url": "https://www.youtube.com/api/timedtext?xorp=True&xoaf=1&v=vF7eyJ2g3kU&asr_langs=fr%2Cit%2Ces%2Cru%2Cpt%2Cja%2Cnl%2Cen%2Cko%2Cde&key=yttt1&sparams=asr_langs%2Ccaps%2Cv%2Cxoaf%2Cxorp%2Cexpire&hl=en&caps=asr&signature=28E537EAABF9A7C9CECFA84549B9C5626C173032.6D9DF5CDE3D4A6147D6ED4D505CAD861A91905CE&expire=1544701172&kind=asr&lang=en&tlang=cy&fmt=ttml", "ext": "ttml"}, {"url": "https://www.youtube.com/api/timedtext?xorp=True&xoaf=1&v=vF7eyJ2g3kU&asr_langs=fr%2Cit%2Ces%2Cru%2Cpt%2Cja%2Cnl%2Cen%2Cko%2Cde&key=yttt1&sparams=asr_langs%2Ccaps%2Cv%2Cxoaf%2Cxorp%2Cexpire&hl=en&caps=asr&signature=28E537EAABF9A7C9CECFA84549B9C5626C173032.6D9DF5CDE3D4A6147D6ED4D505CAD861A91905CE&expire=1544701172&kind=asr&lang=en&tlang=cy&fmt=vtt", "ext": "vtt"}], "fy": [{"url": "https://www.youtube.com/api/timedtext?xorp=True&xoaf=1&v=vF7eyJ2g3kU&asr_langs=fr%2Cit%2Ces%2Cru%2Cpt%2Cja%2Cnl%2Cen%2Cko%2Cde&key=yttt1&sparams=asr_langs%2Ccaps%2Cv%2Cxoaf%2Cxorp%2Cexpire&hl=en&caps=asr&signature=28E537EAABF9A7C9CECFA84549B9C5626C173032.6D9DF5CDE3D4A6147D6ED4D505CAD861A91905CE&expire=1544701172&kind=asr&lang=en&tlang=fy&fmt=ttml", "ext": "ttml"}, {"url": "https://www.youtube.com/api/timedtext?xorp=True&xoaf=1&v=vF7eyJ2g3kU&asr_langs=fr%2Cit%2Ces%2Cru%2Cpt%2Cja%2Cnl%2Cen%2Cko%2Cde&key=yttt1&sparams=asr_langs%2Ccaps%2Cv%2Cxoaf%2Cxorp%2Cexpire&hl=en&caps=asr&signature=28E537EAABF9A7C9CECFA84549B9C5626C173032.6D9DF5CDE3D4A6147D6ED4D505CAD861A91905CE&expire=1544701172&kind=asr&lang=en&tlang=fy&fmt=vtt", "ext": "vtt"}], "xh": [{"url": "https://www.youtube.com/api/timedtext?xorp=True&xoaf=1&v=vF7eyJ2g3kU&asr_langs=fr%2Cit%2Ces%2Cru%2Cpt%2Cja%2Cnl%2Cen%2Cko%2Cde&key=yttt1&sparams=asr_langs%2Ccaps%2Cv%2Cxoaf%2Cxorp%2Cexpire&hl=en&caps=asr&signature=28E537EAABF9A7C9CECFA84549B9C5626C173032.6D9DF5CDE3D4A6147D6ED4D505CAD861A91905CE&expire=1544701172&kind=asr&lang=en&tlang=xh&fmt=ttml", "ext": "ttml"}, {"url": "https://www.youtube.com/api/timedtext?xorp=True&xoaf=1&v=vF7eyJ2g3kU&asr_langs=fr%2Cit%2Ces%2Cru%2Cpt%2Cja%2Cnl%2Cen%2Cko%2Cde&key=yttt1&sparams=asr_langs%2Ccaps%2Cv%2Cxoaf%2Cxorp%2Cexpire&hl=en&caps=asr&signature=28E537EAABF9A7C9CECFA84549B9C5626C173032.6D9DF5CDE3D4A6147D6ED4D505CAD861A91905CE&expire=1544701172&kind=asr&lang=en&tlang=xh&fmt=vtt", "ext": "vtt"}], "yi": [{"url": "https://www.youtube.com/api/timedtext?xorp=True&xoaf=1&v=vF7eyJ2g3kU&asr_langs=fr%2Cit%2Ces%2Cru%2Cpt%2Cja%2Cnl%2Cen%2Cko%2Cde&key=yttt1&sparams=asr_langs%2Ccaps%2Cv%2Cxoaf%2Cxorp%2Cexpire&hl=en&caps=asr&signature=28E537EAABF9A7C9CECFA84549B9C5626C173032.6D9DF5CDE3D4A6147D6ED4D505CAD861A91905CE&expire=1544701172&kind=asr&lang=en&tlang=yi&fmt=ttml", "ext": "ttml"}, {"url": "https://www.youtube.com/api/timedtext?xorp=True&xoaf=1&v=vF7eyJ2g3kU&asr_langs=fr%2Cit%2Ces%2Cru%2Cpt%2Cja%2Cnl%2Cen%2Cko%2Cde&key=yttt1&sparams=asr_langs%2Ccaps%2Cv%2Cxoaf%2Cxorp%2Cexpire&hl=en&caps=asr&signature=28E537EAABF9A7C9CECFA84549B9C5626C173032.6D9DF5CDE3D4A6147D6ED4D505CAD861A91905CE&expire=1544701172&kind=asr&lang=en&tlang=yi&fmt=vtt", "ext": "vtt"}], "yo": [{"url": "https://www.youtube.com/api/timedtext?xorp=True&xoaf=1&v=vF7eyJ2g3kU&asr_langs=fr%2Cit%2Ces%2Cru%2Cpt%2Cja%2Cnl%2Cen%2Cko%2Cde&key=yttt1&sparams=asr_langs%2Ccaps%2Cv%2Cxoaf%2Cxorp%2Cexpire&hl=en&caps=asr&signature=28E537EAABF9A7C9CECFA84549B9C5626C173032.6D9DF5CDE3D4A6147D6ED4D505CAD861A91905CE&expire=1544701172&kind=asr&lang=en&tlang=yo&fmt=ttml", "ext": "ttml"}, {"url": "https://www.youtube.com/api/timedtext?xorp=True&xoaf=1&v=vF7eyJ2g3kU&asr_langs=fr%2Cit%2Ces%2Cru%2Cpt%2Cja%2Cnl%2Cen%2Cko%2Cde&key=yttt1&sparams=asr_langs%2Ccaps%2Cv%2Cxoaf%2Cxorp%2Cexpire&hl=en&caps=asr&signature=28E537EAABF9A7C9CECFA84549B9C5626C173032.6D9DF5CDE3D4A6147D6ED4D505CAD861A91905CE&expire=1544701172&kind=asr&lang=en&tlang=yo&fmt=vtt", "ext": "vtt"}], "zu": [{"url": "https://www.youtube.com/api/timedtext?xorp=True&xoaf=1&v=vF7eyJ2g3kU&asr_langs=fr%2Cit%2Ces%2Cru%2Cpt%2Cja%2Cnl%2Cen%2Cko%2Cde&key=yttt1&sparams=asr_langs%2Ccaps%2Cv%2Cxoaf%2Cxorp%2Cexpire&hl=en&caps=asr&signature=28E537EAABF9A7C9CECFA84549B9C5626C173032.6D9DF5CDE3D4A6147D6ED4D505CAD861A91905CE&expire=1544701172&kind=asr&lang=en&tlang=zu&fmt=ttml", "ext": "ttml"}, {"url": "https://www.youtube.com/api/timedtext?xorp=True&xoaf=1&v=vF7eyJ2g3kU&asr_langs=fr%2Cit%2Ces%2Cru%2Cpt%2Cja%2Cnl%2Cen%2Cko%2Cde&key=yttt1&sparams=asr_langs%2Ccaps%2Cv%2Cxoaf%2Cxorp%2Cexpire&hl=en&caps=asr&signature=28E537EAABF9A7C9CECFA84549B9C5626C173032.6D9DF5CDE3D4A6147D6ED4D505CAD861A91905CE&expire=1544701172&kind=asr&lang=en&tlang=zu&fmt=vtt", "ext": "vtt"}]}, "duration": 3040, "age_limit": 0, "annotations": null, "chapters": null, "webpage_url": "https://www.youtube.com/watch?v=vF7eyJ2g3kU", "view_count": 120255, "like_count": 436, "dislike_count": 6, "average_rating": 4.94570112228, "formats": [{"format_id": "171", "url": "https://r6---sn-n4v7sn76.googlevideo.com/videoplayback?gir=yes&clen=32367556&mn=sn-n4v7sn76%2Csn-o097znlk&ei=hOIRXMexEoTYkgaxp5fQCA&ms=au%2Crdu&mt=1544675922&mv=m&requiressl=yes&dur=3039.894&expire=1544697572&ip=69.181.125.22&key=yt6&lmt=1399512779173395&fvip=4&source=youtube&initcwndbps=1960000&id=o-AKHQXS5Tzife2-eYO1FvHCcoDEMur68E_cse0pw_BfId&ipbits=0&sparams=clen%2Cdur%2Cei%2Cgir%2Cid%2Cinitcwndbps%2Cip%2Cipbits%2Citag%2Ckeepalive%2Clmt%2Cmime%2Cmm%2Cmn%2Cms%2Cmv%2Cpl%2Crequiressl%2Csource%2Cexpire&mm=31%2C29&signature=6CA831B88BF99225CCF74A404EA20256C1FBE354.BC03A3F0BC67BA3DB276ED0EBC4DC263BF8A3260&mime=audio%2Fwebm&itag=171&pl=22&keepalive=yes&c=WEB&ratebypass=yes", "player_url": "/yts/jsbin/player_ias-vflsBa1u2/en_US/base.js", "ext": "webm", "acodec": "vorbis", "format_note": "DASH audio", "abr": 128, "filesize": 32367556, "tbr": 99.994, "fps": 1, "quality": -1, "vcodec": "none", "downloader_options": {"http_chunk_size": 10485760}, "format": "171 - audio only (DASH audio)", "protocol": "https", "http_headers": {"User-Agent": "Mozilla/5.0 (X11; Linux x86_64; rv:59.0) Gecko/20100101 Firefox/59.0", "Accept-Charset": "ISO-8859-1,utf-8;q=0.7,*;q=0.7", "Accept": "text/html,application/xhtml+xml,application/xml;q=0.9,*/*;q=0.8", "Accept-Encoding": "gzip, deflate", "Accept-Language": "en-us,en;q=0.5"}}, {"format_id": "140", "url": "https://r6---sn-n4v7sn76.googlevideo.com/videoplayback?gir=yes&clen=48282799&mn=sn-n4v7sn76%2Csn-o097znlk&ei=hOIRXMexEoTYkgaxp5fQCA&ms=au%2Crdu&mt=1544675922&mv=m&requiressl=yes&dur=3039.979&expire=1544697572&ip=69.181.125.22&key=yt6&lmt=1540447495153009&fvip=4&source=youtube&initcwndbps=1960000&id=o-AKHQXS5Tzife2-eYO1FvHCcoDEMur68E_cse0pw_BfId&ipbits=0&sparams=clen%2Cdur%2Cei%2Cgir%2Cid%2Cinitcwndbps%2Cip%2Cipbits%2Citag%2Ckeepalive%2Clmt%2Cmime%2Cmm%2Cmn%2Cms%2Cmv%2Cpl%2Crequiressl%2Csource%2Cexpire&mm=31%2C29&signature=CDA4D85087D93B821B9E7145E5875FCA1BD5279F.93645B993BF18AA9C49838EAE1C5EC5D4F9555A5&mime=audio%2Fmp4&txp=5432432&itag=140&pl=22&keepalive=yes&c=WEB&ratebypass=yes", "player_url": "/yts/jsbin/player_ias-vflsBa1u2/en_US/base.js", "ext": "m4a", "format_note": "DASH audio", "acodec": "mp4a.40.2", "abr": 128, "container": "m4a_dash", "filesize": 48282799, "tbr": 130.711, "quality": -1, "vcodec": "none", "downloader_options": {"http_chunk_size": 10485760}, "format": "140 - audio only (DASH audio)", "protocol": "https", "http_headers": {"User-Agent": "Mozilla/5.0 (X11; Linux x86_64; rv:59.0) Gecko/20100101 Firefox/59.0", "Accept-Charset": "ISO-8859-1,utf-8;q=0.7,*;q=0.7", "Accept": "text/html,application/xhtml+xml,application/xml;q=0.9,*/*;q=0.8", "Accept-Encoding": "gzip, deflate", "Accept-Language": "en-us,en;q=0.5"}}, {"format_id": "160", "url": "https://r6---sn-n4v7sn76.googlevideo.com/videoplayback?gir=yes&clen=17769371&mn=sn-n4v7sn76%2Csn-o097znlk&ei=hOIRXMexEoTYkgaxp5fQCA&ms=au%2Crdu&mt=1544675922&mv=m&requiressl=yes&dur=3039.903&expire=1544697572&ip=69.181.125.22&key=yt6&lmt=1540447217946922&fvip=4&source=youtube&initcwndbps=1960000&id=o-AKHQXS5Tzife2-eYO1FvHCcoDEMur68E_cse0pw_BfId&ipbits=0&sparams=aitags%2Cclen%2Cdur%2Cei%2Cgir%2Cid%2Cinitcwndbps%2Cip%2Cipbits%2Citag%2Ckeepalive%2Clmt%2Cmime%2Cmm%2Cmn%2Cms%2Cmv%2Cpl%2Crequiressl%2Csource%2Cexpire&mm=31%2C29&signature=6AF6506B762FCB92FB3A10D82A9E6AD18FD46332.77991A0B094EB5408F4605A8F78A5847A38CABCA&mime=video%2Fmp4&txp=5432432&itag=160&pl=22&c=WEB&keepalive=yes&aitags=133%2C134%2C135%2C160&ratebypass=yes", "player_url": "/yts/jsbin/player_ias-vflsBa1u2/en_US/base.js", "ext": "mp4", "height": 144, "format_note": "144p", "vcodec": "avc1.4d400c", "filesize": 17769371, "tbr": 85.677, "width": 192, "fps": 30, "quality": -1, "acodec": "none", "downloader_options": {"http_chunk_size": 10485760}, "format": "160 - 192x144 (144p)", "protocol": "https", "http_headers": {"User-Agent": "Mozilla/5.0 (X11; Linux x86_64; rv:59.0) Gecko/20100101 Firefox/59.0", "Accept-Charset": "ISO-8859-1,utf-8;q=0.7,*;q=0.7", "Accept": "text/html,application/xhtml+xml,application/xml;q=0.9,*/*;q=0.8", "Accept-Encoding": "gzip, deflate", "Accept-Language": "en-us,en;q=0.5"}}, {"format_id": "133", "url": "https://r6---sn-n4v7sn76.googlevideo.com/videoplayback?gir=yes&clen=30150878&mn=sn-n4v7sn76%2Csn-o097znlk&ei=hOIRXMexEoTYkgaxp5fQCA&ms=au%2Crdu&mt=1544675922&mv=m&requiressl=yes&dur=3039.903&expire=1544697572&ip=69.181.125.22&key=yt6&lmt=1540447313954722&fvip=4&source=youtube&initcwndbps=1960000&id=o-AKHQXS5Tzife2-eYO1FvHCcoDEMur68E_cse0pw_BfId&ipbits=0&sparams=aitags%2Cclen%2Cdur%2Cei%2Cgir%2Cid%2Cinitcwndbps%2Cip%2Cipbits%2Citag%2Ckeepalive%2Clmt%2Cmime%2Cmm%2Cmn%2Cms%2Cmv%2Cpl%2Crequiressl%2Csource%2Cexpire&mm=31%2C29&signature=4499E2B9898C002ECE5591D9FDB0ACC944FEFE55.CE3654D2949C82EA8A889C670AE1F7EE5CD4AEF9&mime=video%2Fmp4&txp=5432432&itag=133&pl=22&c=WEB&keepalive=yes&aitags=133%2C134%2C135%2C160&ratebypass=yes", "player_url": "/yts/jsbin/player_ias-vflsBa1u2/en_US/base.js", "ext": "mp4", "height": 240, "format_note": "240p", "vcodec": "avc1.4d400d", "filesize": 30150878, "tbr": 184.154, "width": 320, "fps": 30, "quality": -1, "acodec": "none", "downloader_options": {"http_chunk_size": 10485760}, "format": "133 - 320x240 (240p)", "protocol": "https", "http_headers": {"User-Agent": "Mozilla/5.0 (X11; Linux x86_64; rv:59.0) Gecko/20100101 Firefox/59.0", "Accept-Charset": "ISO-8859-1,utf-8;q=0.7,*;q=0.7", "Accept": "text/html,application/xhtml+xml,application/xml;q=0.9,*/*;q=0.8", "Accept-Encoding": "gzip, deflate", "Accept-Language": "en-us,en;q=0.5"}}, {"format_id": "134", "url": "https://r6---sn-n4v7sn76.googlevideo.com/videoplayback?gir=yes&clen=71248465&mn=sn-n4v7sn76%2Csn-o097znlk&ei=hOIRXMexEoTYkgaxp5fQCA&ms=au%2Crdu&mt=1544675922&mv=m&requiressl=yes&dur=3039.903&expire=1544697572&ip=69.181.125.22&key=yt6&lmt=1540448878407825&fvip=4&source=youtube&initcwndbps=1960000&id=o-AKHQXS5Tzife2-eYO1FvHCcoDEMur68E_cse0pw_BfId&ipbits=0&sparams=aitags%2Cclen%2Cdur%2Cei%2Cgir%2Cid%2Cinitcwndbps%2Cip%2Cipbits%2Citag%2Ckeepalive%2Clmt%2Cmime%2Cmm%2Cmn%2Cms%2Cmv%2Cpl%2Crequiressl%2Csource%2Cexpire&mm=31%2C29&signature=CD5C101616AE9C6CB447128BABB2B6FBCB555FDD.4D75C618D4BBE0D55654DC3FD380788328FBD2F0&mime=video%2Fmp4&txp=5432432&itag=134&pl=22&c=WEB&keepalive=yes&aitags=133%2C134%2C135%2C160&ratebypass=yes", "player_url": "/yts/jsbin/player_ias-vflsBa1u2/en_US/base.js", "ext": "mp4", "height": 360, "format_note": "360p", "vcodec": "avc1.4d401e", "filesize": 71248465, "tbr": 433.213, "width": 480, "fps": 30, "quality": -1, "acodec": "none", "downloader_options": {"http_chunk_size": 10485760}, "format": "134 - 480x360 (360p)", "protocol": "https", "http_headers": {"User-Agent": "Mozilla/5.0 (X11; Linux x86_64; rv:59.0) Gecko/20100101 Firefox/59.0", "Accept-Charset": "ISO-8859-1,utf-8;q=0.7,*;q=0.7", "Accept": "text/html,application/xhtml+xml,application/xml;q=0.9,*/*;q=0.8", "Accept-Encoding": "gzip, deflate", "Accept-Language": "en-us,en;q=0.5"}}, {"format_id": "135", "url": "https://r6---sn-n4v7sn76.googlevideo.com/videoplayback?gir=yes&clen=144820601&mn=sn-n4v7sn76%2Csn-o097znlk&ei=hOIRXMexEoTYkgaxp5fQCA&ms=au%2Crdu&mt=1544675922&mv=m&requiressl=yes&dur=3039.903&expire=1544697572&ip=69.181.125.22&key=yt6&lmt=1540447217947734&fvip=4&source=youtube&initcwndbps=1960000&id=o-AKHQXS5Tzife2-eYO1FvHCcoDEMur68E_cse0pw_BfId&ipbits=0&sparams=aitags%2Cclen%2Cdur%2Cei%2Cgir%2Cid%2Cinitcwndbps%2Cip%2Cipbits%2Citag%2Ckeepalive%2Clmt%2Cmime%2Cmm%2Cmn%2Cms%2Cmv%2Cpl%2Crequiressl%2Csource%2Cexpire&mm=31%2C29&signature=75E934C1F634653AC4A787D93265DFA3675F320D.2F40A54DA59F2C1539AD4B376ECA14DDEE695F0E&mime=video%2Fmp4&txp=5432432&itag=135&pl=22&c=WEB&keepalive=yes&aitags=133%2C134%2C135%2C160&ratebypass=yes", "player_url": "/yts/jsbin/player_ias-vflsBa1u2/en_US/base.js", "ext": "mp4", "height": 480, "format_note": "480p", "vcodec": "avc1.4d401e", "filesize": 144820601, "tbr": 887.142, "width": 640, "fps": 30, "quality": -1, "acodec": "none", "downloader_options": {"http_chunk_size": 10485760}, "format": "135 - 640x480 (480p)", "protocol": "https", "http_headers": {"User-Agent": "Mozilla/5.0 (X11; Linux x86_64; rv:59.0) Gecko/20100101 Firefox/59.0", "Accept-Charset": "ISO-8859-1,utf-8;q=0.7,*;q=0.7", "Accept": "text/html,application/xhtml+xml,application/xml;q=0.9,*/*;q=0.8", "Accept-Encoding": "gzip, deflate", "Accept-Language": "en-us,en;q=0.5"}}, {"format_id": "17", "url": "https://r6---sn-n4v7sn76.googlevideo.com/videoplayback?gir=yes&clen=31026022&mn=sn-n4v7sn76%2Csn-o097znlk&ei=hOIRXMexEoTYkgaxp5fQCA&ms=au%2Crdu&mt=1544675922&mv=m&requiressl=yes&dur=3040.235&expire=1544697572&ip=69.181.125.22&key=yt6&lmt=1390760961987973&fvip=4&source=youtube&initcwndbps=1960000&id=o-AKHQXS5Tzife2-eYO1FvHCcoDEMur68E_cse0pw_BfId&ipbits=0&sparams=clen%2Cdur%2Cei%2Cgir%2Cid%2Cinitcwndbps%2Cip%2Cipbits%2Citag%2Clmt%2Cmime%2Cmm%2Cmn%2Cms%2Cmv%2Cpl%2Crequiressl%2Csource%2Cexpire&mm=31%2C29&signature=A6E9FD5A1D5D686829937B96274996E9393C7639.83C9A052130BCF81EF5885E3158F64D6A66BAEC0&mime=video%2F3gpp&itag=17&pl=22&c=WEB&ratebypass=yes", "player_url": "/yts/jsbin/player_ias-vflsBa1u2/en_US/base.js", "ext": "3gp", "width": 176, "height": 144, "acodec": "mp4a.40.2", "abr": 24, "vcodec": "mp4v.20.3", "resolution": "176x144", "filesize": 31026022, "format_note": "small", "format": "17 - 176x144 (small)", "protocol": "https", "http_headers": {"User-Agent": "Mozilla/5.0 (X11; Linux x86_64; rv:59.0) Gecko/20100101 Firefox/59.0", "Accept-Charset": "ISO-8859-1,utf-8;q=0.7,*;q=0.7", "Accept": "text/html,application/xhtml+xml,application/xml;q=0.9,*/*;q=0.8", "Accept-Encoding": "gzip, deflate", "Accept-Language": "en-us,en;q=0.5"}}, {"format_id": "36", "url": "https://r6---sn-n4v7sn76.googlevideo.com/videoplayback?gir=yes&clen=85897600&mn=sn-n4v7sn76%2Csn-o097znlk&ei=hOIRXMexEoTYkgaxp5fQCA&ms=au%2Crdu&mt=1544675922&mv=m&requiressl=yes&dur=3040.095&expire=1544697572&ip=69.181.125.22&key=yt6&lmt=1426590578745406&fvip=4&source=youtube&initcwndbps=1960000&id=o-AKHQXS5Tzife2-eYO1FvHCcoDEMur68E_cse0pw_BfId&ipbits=0&sparams=clen%2Cdur%2Cei%2Cgir%2Cid%2Cinitcwndbps%2Cip%2Cipbits%2Citag%2Clmt%2Cmime%2Cmm%2Cmn%2Cms%2Cmv%2Cpl%2Crequiressl%2Csource%2Cexpire&mm=31%2C29&signature=51674104B26670D6D0D577B1BA0D81A7EC3A68FF.0E67328966793DE93120200AE9CCCEB2E61AE67F&mime=video%2F3gpp&itag=36&pl=22&c=WEB&ratebypass=yes", "player_url": "/yts/jsbin/player_ias-vflsBa1u2/en_US/base.js", "ext": "3gp", "width": 320, "acodec": "mp4a.40.2", "vcodec": "mp4v.20.3", "resolution": "320x240", "height": 240, "filesize": 85897600, "format_note": "small", "format": "36 - 320x240 (small)", "protocol": "https", "http_headers": {"User-Agent": "Mozilla/5.0 (X11; Linux x86_64; rv:59.0) Gecko/20100101 Firefox/59.0", "Accept-Charset": "ISO-8859-1,utf-8;q=0.7,*;q=0.7", "Accept": "text/html,application/xhtml+xml,application/xml;q=0.9,*/*;q=0.8", "Accept-Encoding": "gzip, deflate", "Accept-Language": "en-us,en;q=0.5"}}, {"format_id": "18", "url": "https://r6---sn-n4v7sn76.googlevideo.com/videoplayback?ratebypass=yes&gir=yes&clen=161946385&mn=sn-n4v7sn76%2Csn-o097znlk&ei=hOIRXMexEoTYkgaxp5fQCA&ms=au%2Crdu&mt=1544675922&mv=m&requiressl=yes&dur=3039.956&expire=1544697572&ip=69.181.125.22&key=yt6&lmt=1390760707644905&fvip=4&source=youtube&initcwndbps=1960000&id=o-AKHQXS5Tzife2-eYO1FvHCcoDEMur68E_cse0pw_BfId&ipbits=0&sparams=clen%2Cdur%2Cei%2Cgir%2Cid%2Cinitcwndbps%2Cip%2Cipbits%2Citag%2Clmt%2Cmime%2Cmm%2Cmn%2Cms%2Cmv%2Cpl%2Cratebypass%2Crequiressl%2Csource%2Cexpire&mm=31%2C29&signature=93CDA5D0E01C77AE75BA3263AA57A432249AC188.2F085A9B94988E430EBFFC07DE775F05A92FF9AA&mime=video%2Fmp4&itag=18&pl=22&c=WEB", "player_url": "/yts/jsbin/player_ias-vflsBa1u2/en_US/base.js", "ext": "mp4", "width": 480, "height": 360, "acodec": "mp4a.40.2", "abr": 96, "vcodec": "avc1.42001E", "resolution": "480x360", "filesize": 161946385, "format_note": "medium", "quality": 1, "format": "18 - 480x360 (medium)", "protocol": "https", "http_headers": {"User-Agent": "Mozilla/5.0 (X11; Linux x86_64; rv:59.0) Gecko/20100101 Firefox/59.0", "Accept-Charset": "ISO-8859-1,utf-8;q=0.7,*;q=0.7", "Accept": "text/html,application/xhtml+xml,application/xml;q=0.9,*/*;q=0.8", "Accept-Encoding": "gzip, deflate", "Accept-Language": "en-us,en;q=0.5"}}, {"format_id": "43", "url": "https://r6---sn-n4v7sn76.googlevideo.com/videoplayback?ratebypass=yes&gir=yes&clen=170112984&mn=sn-n4v7sn76%2Csn-o097znlk&ei=hOIRXMexEoTYkgaxp5fQCA&ms=au%2Crdu&mt=1544675922&mv=m&requiressl=yes&dur=0.000&expire=1544697572&ip=69.181.125.22&key=yt6&lmt=1280313889071456&fvip=4&source=youtube&initcwndbps=1960000&id=o-AKHQXS5Tzife2-eYO1FvHCcoDEMur68E_cse0pw_BfId&ipbits=0&sparams=clen%2Cdur%2Cei%2Cgir%2Cid%2Cinitcwndbps%2Cip%2Cipbits%2Citag%2Clmt%2Cmime%2Cmm%2Cmn%2Cms%2Cmv%2Cpl%2Cratebypass%2Crequiressl%2Csource%2Cexpire&mm=31%2C29&signature=01AFE47006C1992F5DEC9EC0BB471FC00D34EE8F.BD9B6195A56B3B3F6F9612D7B47B46FCE71F1759&mime=video%2Fwebm&itag=43&pl=22&c=WEB", "player_url": "/yts/jsbin/player_ias-vflsBa1u2/en_US/base.js", "ext": "webm", "width": 640, "height": 360, "acodec": "vorbis", "abr": 128, "vcodec": "vp8.0", "resolution": "640x360", "filesize": 170112984, "format_note": "medium", "quality": 1, "format": "43 - 640x360 (medium)", "protocol": "https", "http_headers": {"User-Agent": "Mozilla/5.0 (X11; Linux x86_64; rv:59.0) Gecko/20100101 Firefox/59.0", "Accept-Charset": "ISO-8859-1,utf-8;q=0.7,*;q=0.7", "Accept": "text/html,application/xhtml+xml,application/xml;q=0.9,*/*;q=0.8", "Accept-Encoding": "gzip, deflate", "Accept-Language": "en-us,en;q=0.5"}}], "is_live": null, "start_time": null, "end_time": null, "series": null, "season_number": null, "episode_number": null, "track": null, "artist": null, "extractor": "youtube", "webpage_url_basename": "vF7eyJ2g3kU", "extractor_key": "Youtube", "n_entries": 35, "playlist": "MIT 18.06 Linear Algebra, Spring 2005", "playlist_id": "PLE7DDD91010BC51F8", "playlist_title": "MIT 18.06 Linear Algebra, Spring 2005", "playlist_uploader": "MIT OpenCourseWare", "playlist_uploader_id": "MIT", "playlist_index": 28, "thumbnails": [{"url": "https://i.ytimg.com/vi/vF7eyJ2g3kU/hqdefault.jpg", "id": "0"}], "display_id": "vF7eyJ2g3kU", "format_id": "43", "url": "https://r6---sn-n4v7sn76.googlevideo.com/videoplayback?ratebypass=yes&gir=yes&clen=170112984&mn=sn-n4v7sn76%2Csn-o097znlk&ei=hOIRXMexEoTYkgaxp5fQCA&ms=au%2Crdu&mt=1544675922&mv=m&requiressl=yes&dur=0.000&expire=1544697572&ip=69.181.125.22&key=yt6&lmt=1280313889071456&fvip=4&source=youtube&initcwndbps=1960000&id=o-AKHQXS5Tzife2-eYO1FvHCcoDEMur68E_cse0pw_BfId&ipbits=0&sparams=clen%2Cdur%2Cei%2Cgir%2Cid%2Cinitcwndbps%2Cip%2Cipbits%2Citag%2Clmt%2Cmime%2Cmm%2Cmn%2Cms%2Cmv%2Cpl%2Cratebypass%2Crequiressl%2Csource%2Cexpire&mm=31%2C29&signature=01AFE47006C1992F5DEC9EC0BB471FC00D34EE8F.BD9B6195A56B3B3F6F9612D7B47B46FCE71F1759&mime=video%2Fwebm&itag=43&pl=22&c=WEB", "player_url": "/yts/jsbin/player_ias-vflsBa1u2/en_US/base.js", "ext": "webm", "width": 640, "height": 360, "acodec": "vorbis", "abr": 128, "vcodec": "vp8.0", "resolution": "640x360", "filesize": 170112984, "format_note": "medium", "quality": 1, "format": "43 - 640x360 (medium)", "protocol": "https", "http_headers": {"User-Agent": "Mozilla/5.0 (X11; Linux x86_64; rv:59.0) Gecko/20100101 Firefox/59.0", "Accept-Charset": "ISO-8859-1,utf-8;q=0.7,*;q=0.7", "Accept": "text/html,application/xhtml+xml,application/xml;q=0.9,*/*;q=0.8", "Accept-Encoding": "gzip, deflate", "Accept-Language": "en-us,en;q=0.5"}, "fulltitle": "Lec 27 | MIT 18.06 Linear Algebra, Spring 2005", "_filename": "Lec 27 _ MIT 18.06 Linear Algebra, Spring 2005-vF7eyJ2g3kU.webm"}