{"id": "sFxA8eIS6tA", "uploader": "MIT OpenCourseWare", "uploader_id": "MIT", "uploader_url": "http://www.youtube.com/user/MIT", "channel_id": "UCEBb1b_L6zDS3xTUrIALZOw", "channel_url": "http://www.youtube.com/channel/UCEBb1b_L6zDS3xTUrIALZOw", "upload_date": "20090506", "license": null, "creator": null, "title": "Lec 24b  | MIT 18.06 Linear Algebra, Spring 2005", "alt_title": null, "thumbnail": "https://i.ytimg.com/vi/sFxA8eIS6tA/hqdefault.jpg", "description": "Lecture 24b : Quiz 2 Review.*\n\n* NOTE: the audio is in the right channel only. If you hear no audio, you are listening only to the left channel.\n\nView the complete course at: http://ocw.mit.edu/18-06S05\n\nLicense: Creative Commons BY-NC-SA\nMore information at http://ocw.mit.edu/terms\nMore courses at http://ocw.mit.edu", "categories": ["Education"], "tags": ["matrix theory", "linear algebra", "systems of equations", "vector spaces", "determinants", "eigenvalues", "similarity", "positive definite matrices", "least-squares approximations", "networks", "Fourier transforms", "Markov processes"], "subtitles": {"en": [{"url": "https://www.youtube.com/api/timedtext?lang=en&v=sFxA8eIS6tA&fmt=ttml&name=CC", "ext": "ttml"}, {"url": "https://www.youtube.com/api/timedtext?lang=en&v=sFxA8eIS6tA&fmt=vtt&name=CC", "ext": "vtt"}]}, "automatic_captions": {"af": [{"url": "https://www.youtube.com/api/timedtext?asr_langs=pt%2Cit%2Cnl%2Cru%2Ces%2Cen%2Cfr%2Cja%2Cko%2Cde&caps=asr&xorp=True&key=yttt1&hl=en&signature=B99F7B77AD90A80A207BF7E304233FD9FEFB8E22.707C03C5D257E1C16AF730336B5EE11D7193B3DD&sparams=asr_langs%2Ccaps%2Cv%2Cxoaf%2Cxorp%2Cexpire&v=sFxA8eIS6tA&expire=1542508196&xoaf=1&kind=asr&lang=en&tlang=af&fmt=ttml", "ext": "ttml"}, {"url": "https://www.youtube.com/api/timedtext?asr_langs=pt%2Cit%2Cnl%2Cru%2Ces%2Cen%2Cfr%2Cja%2Cko%2Cde&caps=asr&xorp=True&key=yttt1&hl=en&signature=B99F7B77AD90A80A207BF7E304233FD9FEFB8E22.707C03C5D257E1C16AF730336B5EE11D7193B3DD&sparams=asr_langs%2Ccaps%2Cv%2Cxoaf%2Cxorp%2Cexpire&v=sFxA8eIS6tA&expire=1542508196&xoaf=1&kind=asr&lang=en&tlang=af&fmt=vtt", "ext": "vtt"}], "sq": [{"url": "https://www.youtube.com/api/timedtext?asr_langs=pt%2Cit%2Cnl%2Cru%2Ces%2Cen%2Cfr%2Cja%2Cko%2Cde&caps=asr&xorp=True&key=yttt1&hl=en&signature=B99F7B77AD90A80A207BF7E304233FD9FEFB8E22.707C03C5D257E1C16AF730336B5EE11D7193B3DD&sparams=asr_langs%2Ccaps%2Cv%2Cxoaf%2Cxorp%2Cexpire&v=sFxA8eIS6tA&expire=1542508196&xoaf=1&kind=asr&lang=en&tlang=sq&fmt=ttml", "ext": "ttml"}, {"url": "https://www.youtube.com/api/timedtext?asr_langs=pt%2Cit%2Cnl%2Cru%2Ces%2Cen%2Cfr%2Cja%2Cko%2Cde&caps=asr&xorp=True&key=yttt1&hl=en&signature=B99F7B77AD90A80A207BF7E304233FD9FEFB8E22.707C03C5D257E1C16AF730336B5EE11D7193B3DD&sparams=asr_langs%2Ccaps%2Cv%2Cxoaf%2Cxorp%2Cexpire&v=sFxA8eIS6tA&expire=1542508196&xoaf=1&kind=asr&lang=en&tlang=sq&fmt=vtt", "ext": "vtt"}], "am": [{"url": "https://www.youtube.com/api/timedtext?asr_langs=pt%2Cit%2Cnl%2Cru%2Ces%2Cen%2Cfr%2Cja%2Cko%2Cde&caps=asr&xorp=True&key=yttt1&hl=en&signature=B99F7B77AD90A80A207BF7E304233FD9FEFB8E22.707C03C5D257E1C16AF730336B5EE11D7193B3DD&sparams=asr_langs%2Ccaps%2Cv%2Cxoaf%2Cxorp%2Cexpire&v=sFxA8eIS6tA&expire=1542508196&xoaf=1&kind=asr&lang=en&tlang=am&fmt=ttml", "ext": "ttml"}, {"url": "https://www.youtube.com/api/timedtext?asr_langs=pt%2Cit%2Cnl%2Cru%2Ces%2Cen%2Cfr%2Cja%2Cko%2Cde&caps=asr&xorp=True&key=yttt1&hl=en&signature=B99F7B77AD90A80A207BF7E304233FD9FEFB8E22.707C03C5D257E1C16AF730336B5EE11D7193B3DD&sparams=asr_langs%2Ccaps%2Cv%2Cxoaf%2Cxorp%2Cexpire&v=sFxA8eIS6tA&expire=1542508196&xoaf=1&kind=asr&lang=en&tlang=am&fmt=vtt", "ext": "vtt"}], "ar": [{"url": "https://www.youtube.com/api/timedtext?asr_langs=pt%2Cit%2Cnl%2Cru%2Ces%2Cen%2Cfr%2Cja%2Cko%2Cde&caps=asr&xorp=True&key=yttt1&hl=en&signature=B99F7B77AD90A80A207BF7E304233FD9FEFB8E22.707C03C5D257E1C16AF730336B5EE11D7193B3DD&sparams=asr_langs%2Ccaps%2Cv%2Cxoaf%2Cxorp%2Cexpire&v=sFxA8eIS6tA&expire=1542508196&xoaf=1&kind=asr&lang=en&tlang=ar&fmt=ttml", "ext": "ttml"}, {"url": "https://www.youtube.com/api/timedtext?asr_langs=pt%2Cit%2Cnl%2Cru%2Ces%2Cen%2Cfr%2Cja%2Cko%2Cde&caps=asr&xorp=True&key=yttt1&hl=en&signature=B99F7B77AD90A80A207BF7E304233FD9FEFB8E22.707C03C5D257E1C16AF730336B5EE11D7193B3DD&sparams=asr_langs%2Ccaps%2Cv%2Cxoaf%2Cxorp%2Cexpire&v=sFxA8eIS6tA&expire=1542508196&xoaf=1&kind=asr&lang=en&tlang=ar&fmt=vtt", "ext": "vtt"}], "hy": [{"url": "https://www.youtube.com/api/timedtext?asr_langs=pt%2Cit%2Cnl%2Cru%2Ces%2Cen%2Cfr%2Cja%2Cko%2Cde&caps=asr&xorp=True&key=yttt1&hl=en&signature=B99F7B77AD90A80A207BF7E304233FD9FEFB8E22.707C03C5D257E1C16AF730336B5EE11D7193B3DD&sparams=asr_langs%2Ccaps%2Cv%2Cxoaf%2Cxorp%2Cexpire&v=sFxA8eIS6tA&expire=1542508196&xoaf=1&kind=asr&lang=en&tlang=hy&fmt=ttml", "ext": "ttml"}, {"url": "https://www.youtube.com/api/timedtext?asr_langs=pt%2Cit%2Cnl%2Cru%2Ces%2Cen%2Cfr%2Cja%2Cko%2Cde&caps=asr&xorp=True&key=yttt1&hl=en&signature=B99F7B77AD90A80A207BF7E304233FD9FEFB8E22.707C03C5D257E1C16AF730336B5EE11D7193B3DD&sparams=asr_langs%2Ccaps%2Cv%2Cxoaf%2Cxorp%2Cexpire&v=sFxA8eIS6tA&expire=1542508196&xoaf=1&kind=asr&lang=en&tlang=hy&fmt=vtt", "ext": "vtt"}], "az": [{"url": "https://www.youtube.com/api/timedtext?asr_langs=pt%2Cit%2Cnl%2Cru%2Ces%2Cen%2Cfr%2Cja%2Cko%2Cde&caps=asr&xorp=True&key=yttt1&hl=en&signature=B99F7B77AD90A80A207BF7E304233FD9FEFB8E22.707C03C5D257E1C16AF730336B5EE11D7193B3DD&sparams=asr_langs%2Ccaps%2Cv%2Cxoaf%2Cxorp%2Cexpire&v=sFxA8eIS6tA&expire=1542508196&xoaf=1&kind=asr&lang=en&tlang=az&fmt=ttml", "ext": "ttml"}, {"url": "https://www.youtube.com/api/timedtext?asr_langs=pt%2Cit%2Cnl%2Cru%2Ces%2Cen%2Cfr%2Cja%2Cko%2Cde&caps=asr&xorp=True&key=yttt1&hl=en&signature=B99F7B77AD90A80A207BF7E304233FD9FEFB8E22.707C03C5D257E1C16AF730336B5EE11D7193B3DD&sparams=asr_langs%2Ccaps%2Cv%2Cxoaf%2Cxorp%2Cexpire&v=sFxA8eIS6tA&expire=1542508196&xoaf=1&kind=asr&lang=en&tlang=az&fmt=vtt", "ext": "vtt"}], "bn": [{"url": "https://www.youtube.com/api/timedtext?asr_langs=pt%2Cit%2Cnl%2Cru%2Ces%2Cen%2Cfr%2Cja%2Cko%2Cde&caps=asr&xorp=True&key=yttt1&hl=en&signature=B99F7B77AD90A80A207BF7E304233FD9FEFB8E22.707C03C5D257E1C16AF730336B5EE11D7193B3DD&sparams=asr_langs%2Ccaps%2Cv%2Cxoaf%2Cxorp%2Cexpire&v=sFxA8eIS6tA&expire=1542508196&xoaf=1&kind=asr&lang=en&tlang=bn&fmt=ttml", "ext": "ttml"}, {"url": "https://www.youtube.com/api/timedtext?asr_langs=pt%2Cit%2Cnl%2Cru%2Ces%2Cen%2Cfr%2Cja%2Cko%2Cde&caps=asr&xorp=True&key=yttt1&hl=en&signature=B99F7B77AD90A80A207BF7E304233FD9FEFB8E22.707C03C5D257E1C16AF730336B5EE11D7193B3DD&sparams=asr_langs%2Ccaps%2Cv%2Cxoaf%2Cxorp%2Cexpire&v=sFxA8eIS6tA&expire=1542508196&xoaf=1&kind=asr&lang=en&tlang=bn&fmt=vtt", "ext": "vtt"}], "eu": [{"url": "https://www.youtube.com/api/timedtext?asr_langs=pt%2Cit%2Cnl%2Cru%2Ces%2Cen%2Cfr%2Cja%2Cko%2Cde&caps=asr&xorp=True&key=yttt1&hl=en&signature=B99F7B77AD90A80A207BF7E304233FD9FEFB8E22.707C03C5D257E1C16AF730336B5EE11D7193B3DD&sparams=asr_langs%2Ccaps%2Cv%2Cxoaf%2Cxorp%2Cexpire&v=sFxA8eIS6tA&expire=1542508196&xoaf=1&kind=asr&lang=en&tlang=eu&fmt=ttml", "ext": "ttml"}, {"url": "https://www.youtube.com/api/timedtext?asr_langs=pt%2Cit%2Cnl%2Cru%2Ces%2Cen%2Cfr%2Cja%2Cko%2Cde&caps=asr&xorp=True&key=yttt1&hl=en&signature=B99F7B77AD90A80A207BF7E304233FD9FEFB8E22.707C03C5D257E1C16AF730336B5EE11D7193B3DD&sparams=asr_langs%2Ccaps%2Cv%2Cxoaf%2Cxorp%2Cexpire&v=sFxA8eIS6tA&expire=1542508196&xoaf=1&kind=asr&lang=en&tlang=eu&fmt=vtt", "ext": "vtt"}], "be": [{"url": "https://www.youtube.com/api/timedtext?asr_langs=pt%2Cit%2Cnl%2Cru%2Ces%2Cen%2Cfr%2Cja%2Cko%2Cde&caps=asr&xorp=True&key=yttt1&hl=en&signature=B99F7B77AD90A80A207BF7E304233FD9FEFB8E22.707C03C5D257E1C16AF730336B5EE11D7193B3DD&sparams=asr_langs%2Ccaps%2Cv%2Cxoaf%2Cxorp%2Cexpire&v=sFxA8eIS6tA&expire=1542508196&xoaf=1&kind=asr&lang=en&tlang=be&fmt=ttml", "ext": "ttml"}, {"url": "https://www.youtube.com/api/timedtext?asr_langs=pt%2Cit%2Cnl%2Cru%2Ces%2Cen%2Cfr%2Cja%2Cko%2Cde&caps=asr&xorp=True&key=yttt1&hl=en&signature=B99F7B77AD90A80A207BF7E304233FD9FEFB8E22.707C03C5D257E1C16AF730336B5EE11D7193B3DD&sparams=asr_langs%2Ccaps%2Cv%2Cxoaf%2Cxorp%2Cexpire&v=sFxA8eIS6tA&expire=1542508196&xoaf=1&kind=asr&lang=en&tlang=be&fmt=vtt", "ext": "vtt"}], "bs": [{"url": "https://www.youtube.com/api/timedtext?asr_langs=pt%2Cit%2Cnl%2Cru%2Ces%2Cen%2Cfr%2Cja%2Cko%2Cde&caps=asr&xorp=True&key=yttt1&hl=en&signature=B99F7B77AD90A80A207BF7E304233FD9FEFB8E22.707C03C5D257E1C16AF730336B5EE11D7193B3DD&sparams=asr_langs%2Ccaps%2Cv%2Cxoaf%2Cxorp%2Cexpire&v=sFxA8eIS6tA&expire=1542508196&xoaf=1&kind=asr&lang=en&tlang=bs&fmt=ttml", "ext": "ttml"}, {"url": "https://www.youtube.com/api/timedtext?asr_langs=pt%2Cit%2Cnl%2Cru%2Ces%2Cen%2Cfr%2Cja%2Cko%2Cde&caps=asr&xorp=True&key=yttt1&hl=en&signature=B99F7B77AD90A80A207BF7E304233FD9FEFB8E22.707C03C5D257E1C16AF730336B5EE11D7193B3DD&sparams=asr_langs%2Ccaps%2Cv%2Cxoaf%2Cxorp%2Cexpire&v=sFxA8eIS6tA&expire=1542508196&xoaf=1&kind=asr&lang=en&tlang=bs&fmt=vtt", "ext": "vtt"}], "bg": [{"url": "https://www.youtube.com/api/timedtext?asr_langs=pt%2Cit%2Cnl%2Cru%2Ces%2Cen%2Cfr%2Cja%2Cko%2Cde&caps=asr&xorp=True&key=yttt1&hl=en&signature=B99F7B77AD90A80A207BF7E304233FD9FEFB8E22.707C03C5D257E1C16AF730336B5EE11D7193B3DD&sparams=asr_langs%2Ccaps%2Cv%2Cxoaf%2Cxorp%2Cexpire&v=sFxA8eIS6tA&expire=1542508196&xoaf=1&kind=asr&lang=en&tlang=bg&fmt=ttml", "ext": "ttml"}, {"url": "https://www.youtube.com/api/timedtext?asr_langs=pt%2Cit%2Cnl%2Cru%2Ces%2Cen%2Cfr%2Cja%2Cko%2Cde&caps=asr&xorp=True&key=yttt1&hl=en&signature=B99F7B77AD90A80A207BF7E304233FD9FEFB8E22.707C03C5D257E1C16AF730336B5EE11D7193B3DD&sparams=asr_langs%2Ccaps%2Cv%2Cxoaf%2Cxorp%2Cexpire&v=sFxA8eIS6tA&expire=1542508196&xoaf=1&kind=asr&lang=en&tlang=bg&fmt=vtt", "ext": "vtt"}], "my": [{"url": "https://www.youtube.com/api/timedtext?asr_langs=pt%2Cit%2Cnl%2Cru%2Ces%2Cen%2Cfr%2Cja%2Cko%2Cde&caps=asr&xorp=True&key=yttt1&hl=en&signature=B99F7B77AD90A80A207BF7E304233FD9FEFB8E22.707C03C5D257E1C16AF730336B5EE11D7193B3DD&sparams=asr_langs%2Ccaps%2Cv%2Cxoaf%2Cxorp%2Cexpire&v=sFxA8eIS6tA&expire=1542508196&xoaf=1&kind=asr&lang=en&tlang=my&fmt=ttml", "ext": "ttml"}, {"url": "https://www.youtube.com/api/timedtext?asr_langs=pt%2Cit%2Cnl%2Cru%2Ces%2Cen%2Cfr%2Cja%2Cko%2Cde&caps=asr&xorp=True&key=yttt1&hl=en&signature=B99F7B77AD90A80A207BF7E304233FD9FEFB8E22.707C03C5D257E1C16AF730336B5EE11D7193B3DD&sparams=asr_langs%2Ccaps%2Cv%2Cxoaf%2Cxorp%2Cexpire&v=sFxA8eIS6tA&expire=1542508196&xoaf=1&kind=asr&lang=en&tlang=my&fmt=vtt", "ext": "vtt"}], "ca": [{"url": "https://www.youtube.com/api/timedtext?asr_langs=pt%2Cit%2Cnl%2Cru%2Ces%2Cen%2Cfr%2Cja%2Cko%2Cde&caps=asr&xorp=True&key=yttt1&hl=en&signature=B99F7B77AD90A80A207BF7E304233FD9FEFB8E22.707C03C5D257E1C16AF730336B5EE11D7193B3DD&sparams=asr_langs%2Ccaps%2Cv%2Cxoaf%2Cxorp%2Cexpire&v=sFxA8eIS6tA&expire=1542508196&xoaf=1&kind=asr&lang=en&tlang=ca&fmt=ttml", "ext": "ttml"}, {"url": "https://www.youtube.com/api/timedtext?asr_langs=pt%2Cit%2Cnl%2Cru%2Ces%2Cen%2Cfr%2Cja%2Cko%2Cde&caps=asr&xorp=True&key=yttt1&hl=en&signature=B99F7B77AD90A80A207BF7E304233FD9FEFB8E22.707C03C5D257E1C16AF730336B5EE11D7193B3DD&sparams=asr_langs%2Ccaps%2Cv%2Cxoaf%2Cxorp%2Cexpire&v=sFxA8eIS6tA&expire=1542508196&xoaf=1&kind=asr&lang=en&tlang=ca&fmt=vtt", "ext": "vtt"}], "ceb": [{"url": "https://www.youtube.com/api/timedtext?asr_langs=pt%2Cit%2Cnl%2Cru%2Ces%2Cen%2Cfr%2Cja%2Cko%2Cde&caps=asr&xorp=True&key=yttt1&hl=en&signature=B99F7B77AD90A80A207BF7E304233FD9FEFB8E22.707C03C5D257E1C16AF730336B5EE11D7193B3DD&sparams=asr_langs%2Ccaps%2Cv%2Cxoaf%2Cxorp%2Cexpire&v=sFxA8eIS6tA&expire=1542508196&xoaf=1&kind=asr&lang=en&tlang=ceb&fmt=ttml", "ext": "ttml"}, {"url": "https://www.youtube.com/api/timedtext?asr_langs=pt%2Cit%2Cnl%2Cru%2Ces%2Cen%2Cfr%2Cja%2Cko%2Cde&caps=asr&xorp=True&key=yttt1&hl=en&signature=B99F7B77AD90A80A207BF7E304233FD9FEFB8E22.707C03C5D257E1C16AF730336B5EE11D7193B3DD&sparams=asr_langs%2Ccaps%2Cv%2Cxoaf%2Cxorp%2Cexpire&v=sFxA8eIS6tA&expire=1542508196&xoaf=1&kind=asr&lang=en&tlang=ceb&fmt=vtt", "ext": "vtt"}], "zh-Hans": [{"url": "https://www.youtube.com/api/timedtext?asr_langs=pt%2Cit%2Cnl%2Cru%2Ces%2Cen%2Cfr%2Cja%2Cko%2Cde&caps=asr&xorp=True&key=yttt1&hl=en&signature=B99F7B77AD90A80A207BF7E304233FD9FEFB8E22.707C03C5D257E1C16AF730336B5EE11D7193B3DD&sparams=asr_langs%2Ccaps%2Cv%2Cxoaf%2Cxorp%2Cexpire&v=sFxA8eIS6tA&expire=1542508196&xoaf=1&kind=asr&lang=en&tlang=zh-Hans&fmt=ttml", "ext": "ttml"}, {"url": "https://www.youtube.com/api/timedtext?asr_langs=pt%2Cit%2Cnl%2Cru%2Ces%2Cen%2Cfr%2Cja%2Cko%2Cde&caps=asr&xorp=True&key=yttt1&hl=en&signature=B99F7B77AD90A80A207BF7E304233FD9FEFB8E22.707C03C5D257E1C16AF730336B5EE11D7193B3DD&sparams=asr_langs%2Ccaps%2Cv%2Cxoaf%2Cxorp%2Cexpire&v=sFxA8eIS6tA&expire=1542508196&xoaf=1&kind=asr&lang=en&tlang=zh-Hans&fmt=vtt", "ext": "vtt"}], "zh-Hant": [{"url": "https://www.youtube.com/api/timedtext?asr_langs=pt%2Cit%2Cnl%2Cru%2Ces%2Cen%2Cfr%2Cja%2Cko%2Cde&caps=asr&xorp=True&key=yttt1&hl=en&signature=B99F7B77AD90A80A207BF7E304233FD9FEFB8E22.707C03C5D257E1C16AF730336B5EE11D7193B3DD&sparams=asr_langs%2Ccaps%2Cv%2Cxoaf%2Cxorp%2Cexpire&v=sFxA8eIS6tA&expire=1542508196&xoaf=1&kind=asr&lang=en&tlang=zh-Hant&fmt=ttml", "ext": "ttml"}, {"url": "https://www.youtube.com/api/timedtext?asr_langs=pt%2Cit%2Cnl%2Cru%2Ces%2Cen%2Cfr%2Cja%2Cko%2Cde&caps=asr&xorp=True&key=yttt1&hl=en&signature=B99F7B77AD90A80A207BF7E304233FD9FEFB8E22.707C03C5D257E1C16AF730336B5EE11D7193B3DD&sparams=asr_langs%2Ccaps%2Cv%2Cxoaf%2Cxorp%2Cexpire&v=sFxA8eIS6tA&expire=1542508196&xoaf=1&kind=asr&lang=en&tlang=zh-Hant&fmt=vtt", "ext": "vtt"}], "co": [{"url": "https://www.youtube.com/api/timedtext?asr_langs=pt%2Cit%2Cnl%2Cru%2Ces%2Cen%2Cfr%2Cja%2Cko%2Cde&caps=asr&xorp=True&key=yttt1&hl=en&signature=B99F7B77AD90A80A207BF7E304233FD9FEFB8E22.707C03C5D257E1C16AF730336B5EE11D7193B3DD&sparams=asr_langs%2Ccaps%2Cv%2Cxoaf%2Cxorp%2Cexpire&v=sFxA8eIS6tA&expire=1542508196&xoaf=1&kind=asr&lang=en&tlang=co&fmt=ttml", "ext": "ttml"}, {"url": "https://www.youtube.com/api/timedtext?asr_langs=pt%2Cit%2Cnl%2Cru%2Ces%2Cen%2Cfr%2Cja%2Cko%2Cde&caps=asr&xorp=True&key=yttt1&hl=en&signature=B99F7B77AD90A80A207BF7E304233FD9FEFB8E22.707C03C5D257E1C16AF730336B5EE11D7193B3DD&sparams=asr_langs%2Ccaps%2Cv%2Cxoaf%2Cxorp%2Cexpire&v=sFxA8eIS6tA&expire=1542508196&xoaf=1&kind=asr&lang=en&tlang=co&fmt=vtt", "ext": "vtt"}], "hr": [{"url": "https://www.youtube.com/api/timedtext?asr_langs=pt%2Cit%2Cnl%2Cru%2Ces%2Cen%2Cfr%2Cja%2Cko%2Cde&caps=asr&xorp=True&key=yttt1&hl=en&signature=B99F7B77AD90A80A207BF7E304233FD9FEFB8E22.707C03C5D257E1C16AF730336B5EE11D7193B3DD&sparams=asr_langs%2Ccaps%2Cv%2Cxoaf%2Cxorp%2Cexpire&v=sFxA8eIS6tA&expire=1542508196&xoaf=1&kind=asr&lang=en&tlang=hr&fmt=ttml", "ext": "ttml"}, {"url": "https://www.youtube.com/api/timedtext?asr_langs=pt%2Cit%2Cnl%2Cru%2Ces%2Cen%2Cfr%2Cja%2Cko%2Cde&caps=asr&xorp=True&key=yttt1&hl=en&signature=B99F7B77AD90A80A207BF7E304233FD9FEFB8E22.707C03C5D257E1C16AF730336B5EE11D7193B3DD&sparams=asr_langs%2Ccaps%2Cv%2Cxoaf%2Cxorp%2Cexpire&v=sFxA8eIS6tA&expire=1542508196&xoaf=1&kind=asr&lang=en&tlang=hr&fmt=vtt", "ext": "vtt"}], "cs": [{"url": "https://www.youtube.com/api/timedtext?asr_langs=pt%2Cit%2Cnl%2Cru%2Ces%2Cen%2Cfr%2Cja%2Cko%2Cde&caps=asr&xorp=True&key=yttt1&hl=en&signature=B99F7B77AD90A80A207BF7E304233FD9FEFB8E22.707C03C5D257E1C16AF730336B5EE11D7193B3DD&sparams=asr_langs%2Ccaps%2Cv%2Cxoaf%2Cxorp%2Cexpire&v=sFxA8eIS6tA&expire=1542508196&xoaf=1&kind=asr&lang=en&tlang=cs&fmt=ttml", "ext": "ttml"}, {"url": "https://www.youtube.com/api/timedtext?asr_langs=pt%2Cit%2Cnl%2Cru%2Ces%2Cen%2Cfr%2Cja%2Cko%2Cde&caps=asr&xorp=True&key=yttt1&hl=en&signature=B99F7B77AD90A80A207BF7E304233FD9FEFB8E22.707C03C5D257E1C16AF730336B5EE11D7193B3DD&sparams=asr_langs%2Ccaps%2Cv%2Cxoaf%2Cxorp%2Cexpire&v=sFxA8eIS6tA&expire=1542508196&xoaf=1&kind=asr&lang=en&tlang=cs&fmt=vtt", "ext": "vtt"}], "da": [{"url": "https://www.youtube.com/api/timedtext?asr_langs=pt%2Cit%2Cnl%2Cru%2Ces%2Cen%2Cfr%2Cja%2Cko%2Cde&caps=asr&xorp=True&key=yttt1&hl=en&signature=B99F7B77AD90A80A207BF7E304233FD9FEFB8E22.707C03C5D257E1C16AF730336B5EE11D7193B3DD&sparams=asr_langs%2Ccaps%2Cv%2Cxoaf%2Cxorp%2Cexpire&v=sFxA8eIS6tA&expire=1542508196&xoaf=1&kind=asr&lang=en&tlang=da&fmt=ttml", "ext": "ttml"}, {"url": "https://www.youtube.com/api/timedtext?asr_langs=pt%2Cit%2Cnl%2Cru%2Ces%2Cen%2Cfr%2Cja%2Cko%2Cde&caps=asr&xorp=True&key=yttt1&hl=en&signature=B99F7B77AD90A80A207BF7E304233FD9FEFB8E22.707C03C5D257E1C16AF730336B5EE11D7193B3DD&sparams=asr_langs%2Ccaps%2Cv%2Cxoaf%2Cxorp%2Cexpire&v=sFxA8eIS6tA&expire=1542508196&xoaf=1&kind=asr&lang=en&tlang=da&fmt=vtt", "ext": "vtt"}], "nl": [{"url": "https://www.youtube.com/api/timedtext?asr_langs=pt%2Cit%2Cnl%2Cru%2Ces%2Cen%2Cfr%2Cja%2Cko%2Cde&caps=asr&xorp=True&key=yttt1&hl=en&signature=B99F7B77AD90A80A207BF7E304233FD9FEFB8E22.707C03C5D257E1C16AF730336B5EE11D7193B3DD&sparams=asr_langs%2Ccaps%2Cv%2Cxoaf%2Cxorp%2Cexpire&v=sFxA8eIS6tA&expire=1542508196&xoaf=1&kind=asr&lang=en&tlang=nl&fmt=ttml", "ext": "ttml"}, {"url": "https://www.youtube.com/api/timedtext?asr_langs=pt%2Cit%2Cnl%2Cru%2Ces%2Cen%2Cfr%2Cja%2Cko%2Cde&caps=asr&xorp=True&key=yttt1&hl=en&signature=B99F7B77AD90A80A207BF7E304233FD9FEFB8E22.707C03C5D257E1C16AF730336B5EE11D7193B3DD&sparams=asr_langs%2Ccaps%2Cv%2Cxoaf%2Cxorp%2Cexpire&v=sFxA8eIS6tA&expire=1542508196&xoaf=1&kind=asr&lang=en&tlang=nl&fmt=vtt", "ext": "vtt"}], "en": [{"url": "https://www.youtube.com/api/timedtext?asr_langs=pt%2Cit%2Cnl%2Cru%2Ces%2Cen%2Cfr%2Cja%2Cko%2Cde&caps=asr&xorp=True&key=yttt1&hl=en&signature=B99F7B77AD90A80A207BF7E304233FD9FEFB8E22.707C03C5D257E1C16AF730336B5EE11D7193B3DD&sparams=asr_langs%2Ccaps%2Cv%2Cxoaf%2Cxorp%2Cexpire&v=sFxA8eIS6tA&expire=1542508196&xoaf=1&kind=asr&lang=en&tlang=en&fmt=ttml", "ext": "ttml"}, {"url": "https://www.youtube.com/api/timedtext?asr_langs=pt%2Cit%2Cnl%2Cru%2Ces%2Cen%2Cfr%2Cja%2Cko%2Cde&caps=asr&xorp=True&key=yttt1&hl=en&signature=B99F7B77AD90A80A207BF7E304233FD9FEFB8E22.707C03C5D257E1C16AF730336B5EE11D7193B3DD&sparams=asr_langs%2Ccaps%2Cv%2Cxoaf%2Cxorp%2Cexpire&v=sFxA8eIS6tA&expire=1542508196&xoaf=1&kind=asr&lang=en&tlang=en&fmt=vtt", "ext": "vtt"}], "eo": [{"url": "https://www.youtube.com/api/timedtext?asr_langs=pt%2Cit%2Cnl%2Cru%2Ces%2Cen%2Cfr%2Cja%2Cko%2Cde&caps=asr&xorp=True&key=yttt1&hl=en&signature=B99F7B77AD90A80A207BF7E304233FD9FEFB8E22.707C03C5D257E1C16AF730336B5EE11D7193B3DD&sparams=asr_langs%2Ccaps%2Cv%2Cxoaf%2Cxorp%2Cexpire&v=sFxA8eIS6tA&expire=1542508196&xoaf=1&kind=asr&lang=en&tlang=eo&fmt=ttml", "ext": "ttml"}, {"url": "https://www.youtube.com/api/timedtext?asr_langs=pt%2Cit%2Cnl%2Cru%2Ces%2Cen%2Cfr%2Cja%2Cko%2Cde&caps=asr&xorp=True&key=yttt1&hl=en&signature=B99F7B77AD90A80A207BF7E304233FD9FEFB8E22.707C03C5D257E1C16AF730336B5EE11D7193B3DD&sparams=asr_langs%2Ccaps%2Cv%2Cxoaf%2Cxorp%2Cexpire&v=sFxA8eIS6tA&expire=1542508196&xoaf=1&kind=asr&lang=en&tlang=eo&fmt=vtt", "ext": "vtt"}], "et": [{"url": "https://www.youtube.com/api/timedtext?asr_langs=pt%2Cit%2Cnl%2Cru%2Ces%2Cen%2Cfr%2Cja%2Cko%2Cde&caps=asr&xorp=True&key=yttt1&hl=en&signature=B99F7B77AD90A80A207BF7E304233FD9FEFB8E22.707C03C5D257E1C16AF730336B5EE11D7193B3DD&sparams=asr_langs%2Ccaps%2Cv%2Cxoaf%2Cxorp%2Cexpire&v=sFxA8eIS6tA&expire=1542508196&xoaf=1&kind=asr&lang=en&tlang=et&fmt=ttml", "ext": "ttml"}, {"url": "https://www.youtube.com/api/timedtext?asr_langs=pt%2Cit%2Cnl%2Cru%2Ces%2Cen%2Cfr%2Cja%2Cko%2Cde&caps=asr&xorp=True&key=yttt1&hl=en&signature=B99F7B77AD90A80A207BF7E304233FD9FEFB8E22.707C03C5D257E1C16AF730336B5EE11D7193B3DD&sparams=asr_langs%2Ccaps%2Cv%2Cxoaf%2Cxorp%2Cexpire&v=sFxA8eIS6tA&expire=1542508196&xoaf=1&kind=asr&lang=en&tlang=et&fmt=vtt", "ext": "vtt"}], "fil": [{"url": "https://www.youtube.com/api/timedtext?asr_langs=pt%2Cit%2Cnl%2Cru%2Ces%2Cen%2Cfr%2Cja%2Cko%2Cde&caps=asr&xorp=True&key=yttt1&hl=en&signature=B99F7B77AD90A80A207BF7E304233FD9FEFB8E22.707C03C5D257E1C16AF730336B5EE11D7193B3DD&sparams=asr_langs%2Ccaps%2Cv%2Cxoaf%2Cxorp%2Cexpire&v=sFxA8eIS6tA&expire=1542508196&xoaf=1&kind=asr&lang=en&tlang=fil&fmt=ttml", "ext": "ttml"}, {"url": "https://www.youtube.com/api/timedtext?asr_langs=pt%2Cit%2Cnl%2Cru%2Ces%2Cen%2Cfr%2Cja%2Cko%2Cde&caps=asr&xorp=True&key=yttt1&hl=en&signature=B99F7B77AD90A80A207BF7E304233FD9FEFB8E22.707C03C5D257E1C16AF730336B5EE11D7193B3DD&sparams=asr_langs%2Ccaps%2Cv%2Cxoaf%2Cxorp%2Cexpire&v=sFxA8eIS6tA&expire=1542508196&xoaf=1&kind=asr&lang=en&tlang=fil&fmt=vtt", "ext": "vtt"}], "fi": [{"url": "https://www.youtube.com/api/timedtext?asr_langs=pt%2Cit%2Cnl%2Cru%2Ces%2Cen%2Cfr%2Cja%2Cko%2Cde&caps=asr&xorp=True&key=yttt1&hl=en&signature=B99F7B77AD90A80A207BF7E304233FD9FEFB8E22.707C03C5D257E1C16AF730336B5EE11D7193B3DD&sparams=asr_langs%2Ccaps%2Cv%2Cxoaf%2Cxorp%2Cexpire&v=sFxA8eIS6tA&expire=1542508196&xoaf=1&kind=asr&lang=en&tlang=fi&fmt=ttml", "ext": "ttml"}, {"url": "https://www.youtube.com/api/timedtext?asr_langs=pt%2Cit%2Cnl%2Cru%2Ces%2Cen%2Cfr%2Cja%2Cko%2Cde&caps=asr&xorp=True&key=yttt1&hl=en&signature=B99F7B77AD90A80A207BF7E304233FD9FEFB8E22.707C03C5D257E1C16AF730336B5EE11D7193B3DD&sparams=asr_langs%2Ccaps%2Cv%2Cxoaf%2Cxorp%2Cexpire&v=sFxA8eIS6tA&expire=1542508196&xoaf=1&kind=asr&lang=en&tlang=fi&fmt=vtt", "ext": "vtt"}], "fr": [{"url": "https://www.youtube.com/api/timedtext?asr_langs=pt%2Cit%2Cnl%2Cru%2Ces%2Cen%2Cfr%2Cja%2Cko%2Cde&caps=asr&xorp=True&key=yttt1&hl=en&signature=B99F7B77AD90A80A207BF7E304233FD9FEFB8E22.707C03C5D257E1C16AF730336B5EE11D7193B3DD&sparams=asr_langs%2Ccaps%2Cv%2Cxoaf%2Cxorp%2Cexpire&v=sFxA8eIS6tA&expire=1542508196&xoaf=1&kind=asr&lang=en&tlang=fr&fmt=ttml", "ext": "ttml"}, {"url": "https://www.youtube.com/api/timedtext?asr_langs=pt%2Cit%2Cnl%2Cru%2Ces%2Cen%2Cfr%2Cja%2Cko%2Cde&caps=asr&xorp=True&key=yttt1&hl=en&signature=B99F7B77AD90A80A207BF7E304233FD9FEFB8E22.707C03C5D257E1C16AF730336B5EE11D7193B3DD&sparams=asr_langs%2Ccaps%2Cv%2Cxoaf%2Cxorp%2Cexpire&v=sFxA8eIS6tA&expire=1542508196&xoaf=1&kind=asr&lang=en&tlang=fr&fmt=vtt", "ext": "vtt"}], "gl": [{"url": "https://www.youtube.com/api/timedtext?asr_langs=pt%2Cit%2Cnl%2Cru%2Ces%2Cen%2Cfr%2Cja%2Cko%2Cde&caps=asr&xorp=True&key=yttt1&hl=en&signature=B99F7B77AD90A80A207BF7E304233FD9FEFB8E22.707C03C5D257E1C16AF730336B5EE11D7193B3DD&sparams=asr_langs%2Ccaps%2Cv%2Cxoaf%2Cxorp%2Cexpire&v=sFxA8eIS6tA&expire=1542508196&xoaf=1&kind=asr&lang=en&tlang=gl&fmt=ttml", "ext": "ttml"}, {"url": "https://www.youtube.com/api/timedtext?asr_langs=pt%2Cit%2Cnl%2Cru%2Ces%2Cen%2Cfr%2Cja%2Cko%2Cde&caps=asr&xorp=True&key=yttt1&hl=en&signature=B99F7B77AD90A80A207BF7E304233FD9FEFB8E22.707C03C5D257E1C16AF730336B5EE11D7193B3DD&sparams=asr_langs%2Ccaps%2Cv%2Cxoaf%2Cxorp%2Cexpire&v=sFxA8eIS6tA&expire=1542508196&xoaf=1&kind=asr&lang=en&tlang=gl&fmt=vtt", "ext": "vtt"}], "ka": [{"url": "https://www.youtube.com/api/timedtext?asr_langs=pt%2Cit%2Cnl%2Cru%2Ces%2Cen%2Cfr%2Cja%2Cko%2Cde&caps=asr&xorp=True&key=yttt1&hl=en&signature=B99F7B77AD90A80A207BF7E304233FD9FEFB8E22.707C03C5D257E1C16AF730336B5EE11D7193B3DD&sparams=asr_langs%2Ccaps%2Cv%2Cxoaf%2Cxorp%2Cexpire&v=sFxA8eIS6tA&expire=1542508196&xoaf=1&kind=asr&lang=en&tlang=ka&fmt=ttml", "ext": "ttml"}, {"url": "https://www.youtube.com/api/timedtext?asr_langs=pt%2Cit%2Cnl%2Cru%2Ces%2Cen%2Cfr%2Cja%2Cko%2Cde&caps=asr&xorp=True&key=yttt1&hl=en&signature=B99F7B77AD90A80A207BF7E304233FD9FEFB8E22.707C03C5D257E1C16AF730336B5EE11D7193B3DD&sparams=asr_langs%2Ccaps%2Cv%2Cxoaf%2Cxorp%2Cexpire&v=sFxA8eIS6tA&expire=1542508196&xoaf=1&kind=asr&lang=en&tlang=ka&fmt=vtt", "ext": "vtt"}], "de": [{"url": "https://www.youtube.com/api/timedtext?asr_langs=pt%2Cit%2Cnl%2Cru%2Ces%2Cen%2Cfr%2Cja%2Cko%2Cde&caps=asr&xorp=True&key=yttt1&hl=en&signature=B99F7B77AD90A80A207BF7E304233FD9FEFB8E22.707C03C5D257E1C16AF730336B5EE11D7193B3DD&sparams=asr_langs%2Ccaps%2Cv%2Cxoaf%2Cxorp%2Cexpire&v=sFxA8eIS6tA&expire=1542508196&xoaf=1&kind=asr&lang=en&tlang=de&fmt=ttml", "ext": "ttml"}, {"url": "https://www.youtube.com/api/timedtext?asr_langs=pt%2Cit%2Cnl%2Cru%2Ces%2Cen%2Cfr%2Cja%2Cko%2Cde&caps=asr&xorp=True&key=yttt1&hl=en&signature=B99F7B77AD90A80A207BF7E304233FD9FEFB8E22.707C03C5D257E1C16AF730336B5EE11D7193B3DD&sparams=asr_langs%2Ccaps%2Cv%2Cxoaf%2Cxorp%2Cexpire&v=sFxA8eIS6tA&expire=1542508196&xoaf=1&kind=asr&lang=en&tlang=de&fmt=vtt", "ext": "vtt"}], "el": [{"url": "https://www.youtube.com/api/timedtext?asr_langs=pt%2Cit%2Cnl%2Cru%2Ces%2Cen%2Cfr%2Cja%2Cko%2Cde&caps=asr&xorp=True&key=yttt1&hl=en&signature=B99F7B77AD90A80A207BF7E304233FD9FEFB8E22.707C03C5D257E1C16AF730336B5EE11D7193B3DD&sparams=asr_langs%2Ccaps%2Cv%2Cxoaf%2Cxorp%2Cexpire&v=sFxA8eIS6tA&expire=1542508196&xoaf=1&kind=asr&lang=en&tlang=el&fmt=ttml", "ext": "ttml"}, {"url": "https://www.youtube.com/api/timedtext?asr_langs=pt%2Cit%2Cnl%2Cru%2Ces%2Cen%2Cfr%2Cja%2Cko%2Cde&caps=asr&xorp=True&key=yttt1&hl=en&signature=B99F7B77AD90A80A207BF7E304233FD9FEFB8E22.707C03C5D257E1C16AF730336B5EE11D7193B3DD&sparams=asr_langs%2Ccaps%2Cv%2Cxoaf%2Cxorp%2Cexpire&v=sFxA8eIS6tA&expire=1542508196&xoaf=1&kind=asr&lang=en&tlang=el&fmt=vtt", "ext": "vtt"}], "gu": [{"url": "https://www.youtube.com/api/timedtext?asr_langs=pt%2Cit%2Cnl%2Cru%2Ces%2Cen%2Cfr%2Cja%2Cko%2Cde&caps=asr&xorp=True&key=yttt1&hl=en&signature=B99F7B77AD90A80A207BF7E304233FD9FEFB8E22.707C03C5D257E1C16AF730336B5EE11D7193B3DD&sparams=asr_langs%2Ccaps%2Cv%2Cxoaf%2Cxorp%2Cexpire&v=sFxA8eIS6tA&expire=1542508196&xoaf=1&kind=asr&lang=en&tlang=gu&fmt=ttml", "ext": "ttml"}, {"url": "https://www.youtube.com/api/timedtext?asr_langs=pt%2Cit%2Cnl%2Cru%2Ces%2Cen%2Cfr%2Cja%2Cko%2Cde&caps=asr&xorp=True&key=yttt1&hl=en&signature=B99F7B77AD90A80A207BF7E304233FD9FEFB8E22.707C03C5D257E1C16AF730336B5EE11D7193B3DD&sparams=asr_langs%2Ccaps%2Cv%2Cxoaf%2Cxorp%2Cexpire&v=sFxA8eIS6tA&expire=1542508196&xoaf=1&kind=asr&lang=en&tlang=gu&fmt=vtt", "ext": "vtt"}], "ht": [{"url": "https://www.youtube.com/api/timedtext?asr_langs=pt%2Cit%2Cnl%2Cru%2Ces%2Cen%2Cfr%2Cja%2Cko%2Cde&caps=asr&xorp=True&key=yttt1&hl=en&signature=B99F7B77AD90A80A207BF7E304233FD9FEFB8E22.707C03C5D257E1C16AF730336B5EE11D7193B3DD&sparams=asr_langs%2Ccaps%2Cv%2Cxoaf%2Cxorp%2Cexpire&v=sFxA8eIS6tA&expire=1542508196&xoaf=1&kind=asr&lang=en&tlang=ht&fmt=ttml", "ext": "ttml"}, {"url": "https://www.youtube.com/api/timedtext?asr_langs=pt%2Cit%2Cnl%2Cru%2Ces%2Cen%2Cfr%2Cja%2Cko%2Cde&caps=asr&xorp=True&key=yttt1&hl=en&signature=B99F7B77AD90A80A207BF7E304233FD9FEFB8E22.707C03C5D257E1C16AF730336B5EE11D7193B3DD&sparams=asr_langs%2Ccaps%2Cv%2Cxoaf%2Cxorp%2Cexpire&v=sFxA8eIS6tA&expire=1542508196&xoaf=1&kind=asr&lang=en&tlang=ht&fmt=vtt", "ext": "vtt"}], "ha": [{"url": "https://www.youtube.com/api/timedtext?asr_langs=pt%2Cit%2Cnl%2Cru%2Ces%2Cen%2Cfr%2Cja%2Cko%2Cde&caps=asr&xorp=True&key=yttt1&hl=en&signature=B99F7B77AD90A80A207BF7E304233FD9FEFB8E22.707C03C5D257E1C16AF730336B5EE11D7193B3DD&sparams=asr_langs%2Ccaps%2Cv%2Cxoaf%2Cxorp%2Cexpire&v=sFxA8eIS6tA&expire=1542508196&xoaf=1&kind=asr&lang=en&tlang=ha&fmt=ttml", "ext": "ttml"}, {"url": "https://www.youtube.com/api/timedtext?asr_langs=pt%2Cit%2Cnl%2Cru%2Ces%2Cen%2Cfr%2Cja%2Cko%2Cde&caps=asr&xorp=True&key=yttt1&hl=en&signature=B99F7B77AD90A80A207BF7E304233FD9FEFB8E22.707C03C5D257E1C16AF730336B5EE11D7193B3DD&sparams=asr_langs%2Ccaps%2Cv%2Cxoaf%2Cxorp%2Cexpire&v=sFxA8eIS6tA&expire=1542508196&xoaf=1&kind=asr&lang=en&tlang=ha&fmt=vtt", "ext": "vtt"}], "haw": [{"url": "https://www.youtube.com/api/timedtext?asr_langs=pt%2Cit%2Cnl%2Cru%2Ces%2Cen%2Cfr%2Cja%2Cko%2Cde&caps=asr&xorp=True&key=yttt1&hl=en&signature=B99F7B77AD90A80A207BF7E304233FD9FEFB8E22.707C03C5D257E1C16AF730336B5EE11D7193B3DD&sparams=asr_langs%2Ccaps%2Cv%2Cxoaf%2Cxorp%2Cexpire&v=sFxA8eIS6tA&expire=1542508196&xoaf=1&kind=asr&lang=en&tlang=haw&fmt=ttml", "ext": "ttml"}, {"url": "https://www.youtube.com/api/timedtext?asr_langs=pt%2Cit%2Cnl%2Cru%2Ces%2Cen%2Cfr%2Cja%2Cko%2Cde&caps=asr&xorp=True&key=yttt1&hl=en&signature=B99F7B77AD90A80A207BF7E304233FD9FEFB8E22.707C03C5D257E1C16AF730336B5EE11D7193B3DD&sparams=asr_langs%2Ccaps%2Cv%2Cxoaf%2Cxorp%2Cexpire&v=sFxA8eIS6tA&expire=1542508196&xoaf=1&kind=asr&lang=en&tlang=haw&fmt=vtt", "ext": "vtt"}], "iw": [{"url": "https://www.youtube.com/api/timedtext?asr_langs=pt%2Cit%2Cnl%2Cru%2Ces%2Cen%2Cfr%2Cja%2Cko%2Cde&caps=asr&xorp=True&key=yttt1&hl=en&signature=B99F7B77AD90A80A207BF7E304233FD9FEFB8E22.707C03C5D257E1C16AF730336B5EE11D7193B3DD&sparams=asr_langs%2Ccaps%2Cv%2Cxoaf%2Cxorp%2Cexpire&v=sFxA8eIS6tA&expire=1542508196&xoaf=1&kind=asr&lang=en&tlang=iw&fmt=ttml", "ext": "ttml"}, {"url": "https://www.youtube.com/api/timedtext?asr_langs=pt%2Cit%2Cnl%2Cru%2Ces%2Cen%2Cfr%2Cja%2Cko%2Cde&caps=asr&xorp=True&key=yttt1&hl=en&signature=B99F7B77AD90A80A207BF7E304233FD9FEFB8E22.707C03C5D257E1C16AF730336B5EE11D7193B3DD&sparams=asr_langs%2Ccaps%2Cv%2Cxoaf%2Cxorp%2Cexpire&v=sFxA8eIS6tA&expire=1542508196&xoaf=1&kind=asr&lang=en&tlang=iw&fmt=vtt", "ext": "vtt"}], "hi": [{"url": "https://www.youtube.com/api/timedtext?asr_langs=pt%2Cit%2Cnl%2Cru%2Ces%2Cen%2Cfr%2Cja%2Cko%2Cde&caps=asr&xorp=True&key=yttt1&hl=en&signature=B99F7B77AD90A80A207BF7E304233FD9FEFB8E22.707C03C5D257E1C16AF730336B5EE11D7193B3DD&sparams=asr_langs%2Ccaps%2Cv%2Cxoaf%2Cxorp%2Cexpire&v=sFxA8eIS6tA&expire=1542508196&xoaf=1&kind=asr&lang=en&tlang=hi&fmt=ttml", "ext": "ttml"}, {"url": "https://www.youtube.com/api/timedtext?asr_langs=pt%2Cit%2Cnl%2Cru%2Ces%2Cen%2Cfr%2Cja%2Cko%2Cde&caps=asr&xorp=True&key=yttt1&hl=en&signature=B99F7B77AD90A80A207BF7E304233FD9FEFB8E22.707C03C5D257E1C16AF730336B5EE11D7193B3DD&sparams=asr_langs%2Ccaps%2Cv%2Cxoaf%2Cxorp%2Cexpire&v=sFxA8eIS6tA&expire=1542508196&xoaf=1&kind=asr&lang=en&tlang=hi&fmt=vtt", "ext": "vtt"}], "hmn": [{"url": "https://www.youtube.com/api/timedtext?asr_langs=pt%2Cit%2Cnl%2Cru%2Ces%2Cen%2Cfr%2Cja%2Cko%2Cde&caps=asr&xorp=True&key=yttt1&hl=en&signature=B99F7B77AD90A80A207BF7E304233FD9FEFB8E22.707C03C5D257E1C16AF730336B5EE11D7193B3DD&sparams=asr_langs%2Ccaps%2Cv%2Cxoaf%2Cxorp%2Cexpire&v=sFxA8eIS6tA&expire=1542508196&xoaf=1&kind=asr&lang=en&tlang=hmn&fmt=ttml", "ext": "ttml"}, {"url": "https://www.youtube.com/api/timedtext?asr_langs=pt%2Cit%2Cnl%2Cru%2Ces%2Cen%2Cfr%2Cja%2Cko%2Cde&caps=asr&xorp=True&key=yttt1&hl=en&signature=B99F7B77AD90A80A207BF7E304233FD9FEFB8E22.707C03C5D257E1C16AF730336B5EE11D7193B3DD&sparams=asr_langs%2Ccaps%2Cv%2Cxoaf%2Cxorp%2Cexpire&v=sFxA8eIS6tA&expire=1542508196&xoaf=1&kind=asr&lang=en&tlang=hmn&fmt=vtt", "ext": "vtt"}], "hu": [{"url": "https://www.youtube.com/api/timedtext?asr_langs=pt%2Cit%2Cnl%2Cru%2Ces%2Cen%2Cfr%2Cja%2Cko%2Cde&caps=asr&xorp=True&key=yttt1&hl=en&signature=B99F7B77AD90A80A207BF7E304233FD9FEFB8E22.707C03C5D257E1C16AF730336B5EE11D7193B3DD&sparams=asr_langs%2Ccaps%2Cv%2Cxoaf%2Cxorp%2Cexpire&v=sFxA8eIS6tA&expire=1542508196&xoaf=1&kind=asr&lang=en&tlang=hu&fmt=ttml", "ext": "ttml"}, {"url": "https://www.youtube.com/api/timedtext?asr_langs=pt%2Cit%2Cnl%2Cru%2Ces%2Cen%2Cfr%2Cja%2Cko%2Cde&caps=asr&xorp=True&key=yttt1&hl=en&signature=B99F7B77AD90A80A207BF7E304233FD9FEFB8E22.707C03C5D257E1C16AF730336B5EE11D7193B3DD&sparams=asr_langs%2Ccaps%2Cv%2Cxoaf%2Cxorp%2Cexpire&v=sFxA8eIS6tA&expire=1542508196&xoaf=1&kind=asr&lang=en&tlang=hu&fmt=vtt", "ext": "vtt"}], "is": [{"url": "https://www.youtube.com/api/timedtext?asr_langs=pt%2Cit%2Cnl%2Cru%2Ces%2Cen%2Cfr%2Cja%2Cko%2Cde&caps=asr&xorp=True&key=yttt1&hl=en&signature=B99F7B77AD90A80A207BF7E304233FD9FEFB8E22.707C03C5D257E1C16AF730336B5EE11D7193B3DD&sparams=asr_langs%2Ccaps%2Cv%2Cxoaf%2Cxorp%2Cexpire&v=sFxA8eIS6tA&expire=1542508196&xoaf=1&kind=asr&lang=en&tlang=is&fmt=ttml", "ext": "ttml"}, {"url": "https://www.youtube.com/api/timedtext?asr_langs=pt%2Cit%2Cnl%2Cru%2Ces%2Cen%2Cfr%2Cja%2Cko%2Cde&caps=asr&xorp=True&key=yttt1&hl=en&signature=B99F7B77AD90A80A207BF7E304233FD9FEFB8E22.707C03C5D257E1C16AF730336B5EE11D7193B3DD&sparams=asr_langs%2Ccaps%2Cv%2Cxoaf%2Cxorp%2Cexpire&v=sFxA8eIS6tA&expire=1542508196&xoaf=1&kind=asr&lang=en&tlang=is&fmt=vtt", "ext": "vtt"}], "ig": [{"url": "https://www.youtube.com/api/timedtext?asr_langs=pt%2Cit%2Cnl%2Cru%2Ces%2Cen%2Cfr%2Cja%2Cko%2Cde&caps=asr&xorp=True&key=yttt1&hl=en&signature=B99F7B77AD90A80A207BF7E304233FD9FEFB8E22.707C03C5D257E1C16AF730336B5EE11D7193B3DD&sparams=asr_langs%2Ccaps%2Cv%2Cxoaf%2Cxorp%2Cexpire&v=sFxA8eIS6tA&expire=1542508196&xoaf=1&kind=asr&lang=en&tlang=ig&fmt=ttml", "ext": "ttml"}, {"url": "https://www.youtube.com/api/timedtext?asr_langs=pt%2Cit%2Cnl%2Cru%2Ces%2Cen%2Cfr%2Cja%2Cko%2Cde&caps=asr&xorp=True&key=yttt1&hl=en&signature=B99F7B77AD90A80A207BF7E304233FD9FEFB8E22.707C03C5D257E1C16AF730336B5EE11D7193B3DD&sparams=asr_langs%2Ccaps%2Cv%2Cxoaf%2Cxorp%2Cexpire&v=sFxA8eIS6tA&expire=1542508196&xoaf=1&kind=asr&lang=en&tlang=ig&fmt=vtt", "ext": "vtt"}], "id": [{"url": "https://www.youtube.com/api/timedtext?asr_langs=pt%2Cit%2Cnl%2Cru%2Ces%2Cen%2Cfr%2Cja%2Cko%2Cde&caps=asr&xorp=True&key=yttt1&hl=en&signature=B99F7B77AD90A80A207BF7E304233FD9FEFB8E22.707C03C5D257E1C16AF730336B5EE11D7193B3DD&sparams=asr_langs%2Ccaps%2Cv%2Cxoaf%2Cxorp%2Cexpire&v=sFxA8eIS6tA&expire=1542508196&xoaf=1&kind=asr&lang=en&tlang=id&fmt=ttml", "ext": "ttml"}, {"url": "https://www.youtube.com/api/timedtext?asr_langs=pt%2Cit%2Cnl%2Cru%2Ces%2Cen%2Cfr%2Cja%2Cko%2Cde&caps=asr&xorp=True&key=yttt1&hl=en&signature=B99F7B77AD90A80A207BF7E304233FD9FEFB8E22.707C03C5D257E1C16AF730336B5EE11D7193B3DD&sparams=asr_langs%2Ccaps%2Cv%2Cxoaf%2Cxorp%2Cexpire&v=sFxA8eIS6tA&expire=1542508196&xoaf=1&kind=asr&lang=en&tlang=id&fmt=vtt", "ext": "vtt"}], "ga": [{"url": "https://www.youtube.com/api/timedtext?asr_langs=pt%2Cit%2Cnl%2Cru%2Ces%2Cen%2Cfr%2Cja%2Cko%2Cde&caps=asr&xorp=True&key=yttt1&hl=en&signature=B99F7B77AD90A80A207BF7E304233FD9FEFB8E22.707C03C5D257E1C16AF730336B5EE11D7193B3DD&sparams=asr_langs%2Ccaps%2Cv%2Cxoaf%2Cxorp%2Cexpire&v=sFxA8eIS6tA&expire=1542508196&xoaf=1&kind=asr&lang=en&tlang=ga&fmt=ttml", "ext": "ttml"}, {"url": "https://www.youtube.com/api/timedtext?asr_langs=pt%2Cit%2Cnl%2Cru%2Ces%2Cen%2Cfr%2Cja%2Cko%2Cde&caps=asr&xorp=True&key=yttt1&hl=en&signature=B99F7B77AD90A80A207BF7E304233FD9FEFB8E22.707C03C5D257E1C16AF730336B5EE11D7193B3DD&sparams=asr_langs%2Ccaps%2Cv%2Cxoaf%2Cxorp%2Cexpire&v=sFxA8eIS6tA&expire=1542508196&xoaf=1&kind=asr&lang=en&tlang=ga&fmt=vtt", "ext": "vtt"}], "it": [{"url": "https://www.youtube.com/api/timedtext?asr_langs=pt%2Cit%2Cnl%2Cru%2Ces%2Cen%2Cfr%2Cja%2Cko%2Cde&caps=asr&xorp=True&key=yttt1&hl=en&signature=B99F7B77AD90A80A207BF7E304233FD9FEFB8E22.707C03C5D257E1C16AF730336B5EE11D7193B3DD&sparams=asr_langs%2Ccaps%2Cv%2Cxoaf%2Cxorp%2Cexpire&v=sFxA8eIS6tA&expire=1542508196&xoaf=1&kind=asr&lang=en&tlang=it&fmt=ttml", "ext": "ttml"}, {"url": "https://www.youtube.com/api/timedtext?asr_langs=pt%2Cit%2Cnl%2Cru%2Ces%2Cen%2Cfr%2Cja%2Cko%2Cde&caps=asr&xorp=True&key=yttt1&hl=en&signature=B99F7B77AD90A80A207BF7E304233FD9FEFB8E22.707C03C5D257E1C16AF730336B5EE11D7193B3DD&sparams=asr_langs%2Ccaps%2Cv%2Cxoaf%2Cxorp%2Cexpire&v=sFxA8eIS6tA&expire=1542508196&xoaf=1&kind=asr&lang=en&tlang=it&fmt=vtt", "ext": "vtt"}], "ja": [{"url": "https://www.youtube.com/api/timedtext?asr_langs=pt%2Cit%2Cnl%2Cru%2Ces%2Cen%2Cfr%2Cja%2Cko%2Cde&caps=asr&xorp=True&key=yttt1&hl=en&signature=B99F7B77AD90A80A207BF7E304233FD9FEFB8E22.707C03C5D257E1C16AF730336B5EE11D7193B3DD&sparams=asr_langs%2Ccaps%2Cv%2Cxoaf%2Cxorp%2Cexpire&v=sFxA8eIS6tA&expire=1542508196&xoaf=1&kind=asr&lang=en&tlang=ja&fmt=ttml", "ext": "ttml"}, {"url": "https://www.youtube.com/api/timedtext?asr_langs=pt%2Cit%2Cnl%2Cru%2Ces%2Cen%2Cfr%2Cja%2Cko%2Cde&caps=asr&xorp=True&key=yttt1&hl=en&signature=B99F7B77AD90A80A207BF7E304233FD9FEFB8E22.707C03C5D257E1C16AF730336B5EE11D7193B3DD&sparams=asr_langs%2Ccaps%2Cv%2Cxoaf%2Cxorp%2Cexpire&v=sFxA8eIS6tA&expire=1542508196&xoaf=1&kind=asr&lang=en&tlang=ja&fmt=vtt", "ext": "vtt"}], "jv": [{"url": "https://www.youtube.com/api/timedtext?asr_langs=pt%2Cit%2Cnl%2Cru%2Ces%2Cen%2Cfr%2Cja%2Cko%2Cde&caps=asr&xorp=True&key=yttt1&hl=en&signature=B99F7B77AD90A80A207BF7E304233FD9FEFB8E22.707C03C5D257E1C16AF730336B5EE11D7193B3DD&sparams=asr_langs%2Ccaps%2Cv%2Cxoaf%2Cxorp%2Cexpire&v=sFxA8eIS6tA&expire=1542508196&xoaf=1&kind=asr&lang=en&tlang=jv&fmt=ttml", "ext": "ttml"}, {"url": "https://www.youtube.com/api/timedtext?asr_langs=pt%2Cit%2Cnl%2Cru%2Ces%2Cen%2Cfr%2Cja%2Cko%2Cde&caps=asr&xorp=True&key=yttt1&hl=en&signature=B99F7B77AD90A80A207BF7E304233FD9FEFB8E22.707C03C5D257E1C16AF730336B5EE11D7193B3DD&sparams=asr_langs%2Ccaps%2Cv%2Cxoaf%2Cxorp%2Cexpire&v=sFxA8eIS6tA&expire=1542508196&xoaf=1&kind=asr&lang=en&tlang=jv&fmt=vtt", "ext": "vtt"}], "kn": [{"url": "https://www.youtube.com/api/timedtext?asr_langs=pt%2Cit%2Cnl%2Cru%2Ces%2Cen%2Cfr%2Cja%2Cko%2Cde&caps=asr&xorp=True&key=yttt1&hl=en&signature=B99F7B77AD90A80A207BF7E304233FD9FEFB8E22.707C03C5D257E1C16AF730336B5EE11D7193B3DD&sparams=asr_langs%2Ccaps%2Cv%2Cxoaf%2Cxorp%2Cexpire&v=sFxA8eIS6tA&expire=1542508196&xoaf=1&kind=asr&lang=en&tlang=kn&fmt=ttml", "ext": "ttml"}, {"url": "https://www.youtube.com/api/timedtext?asr_langs=pt%2Cit%2Cnl%2Cru%2Ces%2Cen%2Cfr%2Cja%2Cko%2Cde&caps=asr&xorp=True&key=yttt1&hl=en&signature=B99F7B77AD90A80A207BF7E304233FD9FEFB8E22.707C03C5D257E1C16AF730336B5EE11D7193B3DD&sparams=asr_langs%2Ccaps%2Cv%2Cxoaf%2Cxorp%2Cexpire&v=sFxA8eIS6tA&expire=1542508196&xoaf=1&kind=asr&lang=en&tlang=kn&fmt=vtt", "ext": "vtt"}], "kk": [{"url": "https://www.youtube.com/api/timedtext?asr_langs=pt%2Cit%2Cnl%2Cru%2Ces%2Cen%2Cfr%2Cja%2Cko%2Cde&caps=asr&xorp=True&key=yttt1&hl=en&signature=B99F7B77AD90A80A207BF7E304233FD9FEFB8E22.707C03C5D257E1C16AF730336B5EE11D7193B3DD&sparams=asr_langs%2Ccaps%2Cv%2Cxoaf%2Cxorp%2Cexpire&v=sFxA8eIS6tA&expire=1542508196&xoaf=1&kind=asr&lang=en&tlang=kk&fmt=ttml", "ext": "ttml"}, {"url": "https://www.youtube.com/api/timedtext?asr_langs=pt%2Cit%2Cnl%2Cru%2Ces%2Cen%2Cfr%2Cja%2Cko%2Cde&caps=asr&xorp=True&key=yttt1&hl=en&signature=B99F7B77AD90A80A207BF7E304233FD9FEFB8E22.707C03C5D257E1C16AF730336B5EE11D7193B3DD&sparams=asr_langs%2Ccaps%2Cv%2Cxoaf%2Cxorp%2Cexpire&v=sFxA8eIS6tA&expire=1542508196&xoaf=1&kind=asr&lang=en&tlang=kk&fmt=vtt", "ext": "vtt"}], "km": [{"url": "https://www.youtube.com/api/timedtext?asr_langs=pt%2Cit%2Cnl%2Cru%2Ces%2Cen%2Cfr%2Cja%2Cko%2Cde&caps=asr&xorp=True&key=yttt1&hl=en&signature=B99F7B77AD90A80A207BF7E304233FD9FEFB8E22.707C03C5D257E1C16AF730336B5EE11D7193B3DD&sparams=asr_langs%2Ccaps%2Cv%2Cxoaf%2Cxorp%2Cexpire&v=sFxA8eIS6tA&expire=1542508196&xoaf=1&kind=asr&lang=en&tlang=km&fmt=ttml", "ext": "ttml"}, {"url": "https://www.youtube.com/api/timedtext?asr_langs=pt%2Cit%2Cnl%2Cru%2Ces%2Cen%2Cfr%2Cja%2Cko%2Cde&caps=asr&xorp=True&key=yttt1&hl=en&signature=B99F7B77AD90A80A207BF7E304233FD9FEFB8E22.707C03C5D257E1C16AF730336B5EE11D7193B3DD&sparams=asr_langs%2Ccaps%2Cv%2Cxoaf%2Cxorp%2Cexpire&v=sFxA8eIS6tA&expire=1542508196&xoaf=1&kind=asr&lang=en&tlang=km&fmt=vtt", "ext": "vtt"}], "ko": [{"url": "https://www.youtube.com/api/timedtext?asr_langs=pt%2Cit%2Cnl%2Cru%2Ces%2Cen%2Cfr%2Cja%2Cko%2Cde&caps=asr&xorp=True&key=yttt1&hl=en&signature=B99F7B77AD90A80A207BF7E304233FD9FEFB8E22.707C03C5D257E1C16AF730336B5EE11D7193B3DD&sparams=asr_langs%2Ccaps%2Cv%2Cxoaf%2Cxorp%2Cexpire&v=sFxA8eIS6tA&expire=1542508196&xoaf=1&kind=asr&lang=en&tlang=ko&fmt=ttml", "ext": "ttml"}, {"url": "https://www.youtube.com/api/timedtext?asr_langs=pt%2Cit%2Cnl%2Cru%2Ces%2Cen%2Cfr%2Cja%2Cko%2Cde&caps=asr&xorp=True&key=yttt1&hl=en&signature=B99F7B77AD90A80A207BF7E304233FD9FEFB8E22.707C03C5D257E1C16AF730336B5EE11D7193B3DD&sparams=asr_langs%2Ccaps%2Cv%2Cxoaf%2Cxorp%2Cexpire&v=sFxA8eIS6tA&expire=1542508196&xoaf=1&kind=asr&lang=en&tlang=ko&fmt=vtt", "ext": "vtt"}], "ku": [{"url": "https://www.youtube.com/api/timedtext?asr_langs=pt%2Cit%2Cnl%2Cru%2Ces%2Cen%2Cfr%2Cja%2Cko%2Cde&caps=asr&xorp=True&key=yttt1&hl=en&signature=B99F7B77AD90A80A207BF7E304233FD9FEFB8E22.707C03C5D257E1C16AF730336B5EE11D7193B3DD&sparams=asr_langs%2Ccaps%2Cv%2Cxoaf%2Cxorp%2Cexpire&v=sFxA8eIS6tA&expire=1542508196&xoaf=1&kind=asr&lang=en&tlang=ku&fmt=ttml", "ext": "ttml"}, {"url": "https://www.youtube.com/api/timedtext?asr_langs=pt%2Cit%2Cnl%2Cru%2Ces%2Cen%2Cfr%2Cja%2Cko%2Cde&caps=asr&xorp=True&key=yttt1&hl=en&signature=B99F7B77AD90A80A207BF7E304233FD9FEFB8E22.707C03C5D257E1C16AF730336B5EE11D7193B3DD&sparams=asr_langs%2Ccaps%2Cv%2Cxoaf%2Cxorp%2Cexpire&v=sFxA8eIS6tA&expire=1542508196&xoaf=1&kind=asr&lang=en&tlang=ku&fmt=vtt", "ext": "vtt"}], "ky": [{"url": "https://www.youtube.com/api/timedtext?asr_langs=pt%2Cit%2Cnl%2Cru%2Ces%2Cen%2Cfr%2Cja%2Cko%2Cde&caps=asr&xorp=True&key=yttt1&hl=en&signature=B99F7B77AD90A80A207BF7E304233FD9FEFB8E22.707C03C5D257E1C16AF730336B5EE11D7193B3DD&sparams=asr_langs%2Ccaps%2Cv%2Cxoaf%2Cxorp%2Cexpire&v=sFxA8eIS6tA&expire=1542508196&xoaf=1&kind=asr&lang=en&tlang=ky&fmt=ttml", "ext": "ttml"}, {"url": "https://www.youtube.com/api/timedtext?asr_langs=pt%2Cit%2Cnl%2Cru%2Ces%2Cen%2Cfr%2Cja%2Cko%2Cde&caps=asr&xorp=True&key=yttt1&hl=en&signature=B99F7B77AD90A80A207BF7E304233FD9FEFB8E22.707C03C5D257E1C16AF730336B5EE11D7193B3DD&sparams=asr_langs%2Ccaps%2Cv%2Cxoaf%2Cxorp%2Cexpire&v=sFxA8eIS6tA&expire=1542508196&xoaf=1&kind=asr&lang=en&tlang=ky&fmt=vtt", "ext": "vtt"}], "lo": [{"url": "https://www.youtube.com/api/timedtext?asr_langs=pt%2Cit%2Cnl%2Cru%2Ces%2Cen%2Cfr%2Cja%2Cko%2Cde&caps=asr&xorp=True&key=yttt1&hl=en&signature=B99F7B77AD90A80A207BF7E304233FD9FEFB8E22.707C03C5D257E1C16AF730336B5EE11D7193B3DD&sparams=asr_langs%2Ccaps%2Cv%2Cxoaf%2Cxorp%2Cexpire&v=sFxA8eIS6tA&expire=1542508196&xoaf=1&kind=asr&lang=en&tlang=lo&fmt=ttml", "ext": "ttml"}, {"url": "https://www.youtube.com/api/timedtext?asr_langs=pt%2Cit%2Cnl%2Cru%2Ces%2Cen%2Cfr%2Cja%2Cko%2Cde&caps=asr&xorp=True&key=yttt1&hl=en&signature=B99F7B77AD90A80A207BF7E304233FD9FEFB8E22.707C03C5D257E1C16AF730336B5EE11D7193B3DD&sparams=asr_langs%2Ccaps%2Cv%2Cxoaf%2Cxorp%2Cexpire&v=sFxA8eIS6tA&expire=1542508196&xoaf=1&kind=asr&lang=en&tlang=lo&fmt=vtt", "ext": "vtt"}], "la": [{"url": "https://www.youtube.com/api/timedtext?asr_langs=pt%2Cit%2Cnl%2Cru%2Ces%2Cen%2Cfr%2Cja%2Cko%2Cde&caps=asr&xorp=True&key=yttt1&hl=en&signature=B99F7B77AD90A80A207BF7E304233FD9FEFB8E22.707C03C5D257E1C16AF730336B5EE11D7193B3DD&sparams=asr_langs%2Ccaps%2Cv%2Cxoaf%2Cxorp%2Cexpire&v=sFxA8eIS6tA&expire=1542508196&xoaf=1&kind=asr&lang=en&tlang=la&fmt=ttml", "ext": "ttml"}, {"url": "https://www.youtube.com/api/timedtext?asr_langs=pt%2Cit%2Cnl%2Cru%2Ces%2Cen%2Cfr%2Cja%2Cko%2Cde&caps=asr&xorp=True&key=yttt1&hl=en&signature=B99F7B77AD90A80A207BF7E304233FD9FEFB8E22.707C03C5D257E1C16AF730336B5EE11D7193B3DD&sparams=asr_langs%2Ccaps%2Cv%2Cxoaf%2Cxorp%2Cexpire&v=sFxA8eIS6tA&expire=1542508196&xoaf=1&kind=asr&lang=en&tlang=la&fmt=vtt", "ext": "vtt"}], "lv": [{"url": "https://www.youtube.com/api/timedtext?asr_langs=pt%2Cit%2Cnl%2Cru%2Ces%2Cen%2Cfr%2Cja%2Cko%2Cde&caps=asr&xorp=True&key=yttt1&hl=en&signature=B99F7B77AD90A80A207BF7E304233FD9FEFB8E22.707C03C5D257E1C16AF730336B5EE11D7193B3DD&sparams=asr_langs%2Ccaps%2Cv%2Cxoaf%2Cxorp%2Cexpire&v=sFxA8eIS6tA&expire=1542508196&xoaf=1&kind=asr&lang=en&tlang=lv&fmt=ttml", "ext": "ttml"}, {"url": "https://www.youtube.com/api/timedtext?asr_langs=pt%2Cit%2Cnl%2Cru%2Ces%2Cen%2Cfr%2Cja%2Cko%2Cde&caps=asr&xorp=True&key=yttt1&hl=en&signature=B99F7B77AD90A80A207BF7E304233FD9FEFB8E22.707C03C5D257E1C16AF730336B5EE11D7193B3DD&sparams=asr_langs%2Ccaps%2Cv%2Cxoaf%2Cxorp%2Cexpire&v=sFxA8eIS6tA&expire=1542508196&xoaf=1&kind=asr&lang=en&tlang=lv&fmt=vtt", "ext": "vtt"}], "lt": [{"url": "https://www.youtube.com/api/timedtext?asr_langs=pt%2Cit%2Cnl%2Cru%2Ces%2Cen%2Cfr%2Cja%2Cko%2Cde&caps=asr&xorp=True&key=yttt1&hl=en&signature=B99F7B77AD90A80A207BF7E304233FD9FEFB8E22.707C03C5D257E1C16AF730336B5EE11D7193B3DD&sparams=asr_langs%2Ccaps%2Cv%2Cxoaf%2Cxorp%2Cexpire&v=sFxA8eIS6tA&expire=1542508196&xoaf=1&kind=asr&lang=en&tlang=lt&fmt=ttml", "ext": "ttml"}, {"url": "https://www.youtube.com/api/timedtext?asr_langs=pt%2Cit%2Cnl%2Cru%2Ces%2Cen%2Cfr%2Cja%2Cko%2Cde&caps=asr&xorp=True&key=yttt1&hl=en&signature=B99F7B77AD90A80A207BF7E304233FD9FEFB8E22.707C03C5D257E1C16AF730336B5EE11D7193B3DD&sparams=asr_langs%2Ccaps%2Cv%2Cxoaf%2Cxorp%2Cexpire&v=sFxA8eIS6tA&expire=1542508196&xoaf=1&kind=asr&lang=en&tlang=lt&fmt=vtt", "ext": "vtt"}], "lb": [{"url": "https://www.youtube.com/api/timedtext?asr_langs=pt%2Cit%2Cnl%2Cru%2Ces%2Cen%2Cfr%2Cja%2Cko%2Cde&caps=asr&xorp=True&key=yttt1&hl=en&signature=B99F7B77AD90A80A207BF7E304233FD9FEFB8E22.707C03C5D257E1C16AF730336B5EE11D7193B3DD&sparams=asr_langs%2Ccaps%2Cv%2Cxoaf%2Cxorp%2Cexpire&v=sFxA8eIS6tA&expire=1542508196&xoaf=1&kind=asr&lang=en&tlang=lb&fmt=ttml", "ext": "ttml"}, {"url": "https://www.youtube.com/api/timedtext?asr_langs=pt%2Cit%2Cnl%2Cru%2Ces%2Cen%2Cfr%2Cja%2Cko%2Cde&caps=asr&xorp=True&key=yttt1&hl=en&signature=B99F7B77AD90A80A207BF7E304233FD9FEFB8E22.707C03C5D257E1C16AF730336B5EE11D7193B3DD&sparams=asr_langs%2Ccaps%2Cv%2Cxoaf%2Cxorp%2Cexpire&v=sFxA8eIS6tA&expire=1542508196&xoaf=1&kind=asr&lang=en&tlang=lb&fmt=vtt", "ext": "vtt"}], "mk": [{"url": "https://www.youtube.com/api/timedtext?asr_langs=pt%2Cit%2Cnl%2Cru%2Ces%2Cen%2Cfr%2Cja%2Cko%2Cde&caps=asr&xorp=True&key=yttt1&hl=en&signature=B99F7B77AD90A80A207BF7E304233FD9FEFB8E22.707C03C5D257E1C16AF730336B5EE11D7193B3DD&sparams=asr_langs%2Ccaps%2Cv%2Cxoaf%2Cxorp%2Cexpire&v=sFxA8eIS6tA&expire=1542508196&xoaf=1&kind=asr&lang=en&tlang=mk&fmt=ttml", "ext": "ttml"}, {"url": "https://www.youtube.com/api/timedtext?asr_langs=pt%2Cit%2Cnl%2Cru%2Ces%2Cen%2Cfr%2Cja%2Cko%2Cde&caps=asr&xorp=True&key=yttt1&hl=en&signature=B99F7B77AD90A80A207BF7E304233FD9FEFB8E22.707C03C5D257E1C16AF730336B5EE11D7193B3DD&sparams=asr_langs%2Ccaps%2Cv%2Cxoaf%2Cxorp%2Cexpire&v=sFxA8eIS6tA&expire=1542508196&xoaf=1&kind=asr&lang=en&tlang=mk&fmt=vtt", "ext": "vtt"}], "mg": [{"url": "https://www.youtube.com/api/timedtext?asr_langs=pt%2Cit%2Cnl%2Cru%2Ces%2Cen%2Cfr%2Cja%2Cko%2Cde&caps=asr&xorp=True&key=yttt1&hl=en&signature=B99F7B77AD90A80A207BF7E304233FD9FEFB8E22.707C03C5D257E1C16AF730336B5EE11D7193B3DD&sparams=asr_langs%2Ccaps%2Cv%2Cxoaf%2Cxorp%2Cexpire&v=sFxA8eIS6tA&expire=1542508196&xoaf=1&kind=asr&lang=en&tlang=mg&fmt=ttml", "ext": "ttml"}, {"url": "https://www.youtube.com/api/timedtext?asr_langs=pt%2Cit%2Cnl%2Cru%2Ces%2Cen%2Cfr%2Cja%2Cko%2Cde&caps=asr&xorp=True&key=yttt1&hl=en&signature=B99F7B77AD90A80A207BF7E304233FD9FEFB8E22.707C03C5D257E1C16AF730336B5EE11D7193B3DD&sparams=asr_langs%2Ccaps%2Cv%2Cxoaf%2Cxorp%2Cexpire&v=sFxA8eIS6tA&expire=1542508196&xoaf=1&kind=asr&lang=en&tlang=mg&fmt=vtt", "ext": "vtt"}], "ms": [{"url": "https://www.youtube.com/api/timedtext?asr_langs=pt%2Cit%2Cnl%2Cru%2Ces%2Cen%2Cfr%2Cja%2Cko%2Cde&caps=asr&xorp=True&key=yttt1&hl=en&signature=B99F7B77AD90A80A207BF7E304233FD9FEFB8E22.707C03C5D257E1C16AF730336B5EE11D7193B3DD&sparams=asr_langs%2Ccaps%2Cv%2Cxoaf%2Cxorp%2Cexpire&v=sFxA8eIS6tA&expire=1542508196&xoaf=1&kind=asr&lang=en&tlang=ms&fmt=ttml", "ext": "ttml"}, {"url": "https://www.youtube.com/api/timedtext?asr_langs=pt%2Cit%2Cnl%2Cru%2Ces%2Cen%2Cfr%2Cja%2Cko%2Cde&caps=asr&xorp=True&key=yttt1&hl=en&signature=B99F7B77AD90A80A207BF7E304233FD9FEFB8E22.707C03C5D257E1C16AF730336B5EE11D7193B3DD&sparams=asr_langs%2Ccaps%2Cv%2Cxoaf%2Cxorp%2Cexpire&v=sFxA8eIS6tA&expire=1542508196&xoaf=1&kind=asr&lang=en&tlang=ms&fmt=vtt", "ext": "vtt"}], "ml": [{"url": "https://www.youtube.com/api/timedtext?asr_langs=pt%2Cit%2Cnl%2Cru%2Ces%2Cen%2Cfr%2Cja%2Cko%2Cde&caps=asr&xorp=True&key=yttt1&hl=en&signature=B99F7B77AD90A80A207BF7E304233FD9FEFB8E22.707C03C5D257E1C16AF730336B5EE11D7193B3DD&sparams=asr_langs%2Ccaps%2Cv%2Cxoaf%2Cxorp%2Cexpire&v=sFxA8eIS6tA&expire=1542508196&xoaf=1&kind=asr&lang=en&tlang=ml&fmt=ttml", "ext": "ttml"}, {"url": "https://www.youtube.com/api/timedtext?asr_langs=pt%2Cit%2Cnl%2Cru%2Ces%2Cen%2Cfr%2Cja%2Cko%2Cde&caps=asr&xorp=True&key=yttt1&hl=en&signature=B99F7B77AD90A80A207BF7E304233FD9FEFB8E22.707C03C5D257E1C16AF730336B5EE11D7193B3DD&sparams=asr_langs%2Ccaps%2Cv%2Cxoaf%2Cxorp%2Cexpire&v=sFxA8eIS6tA&expire=1542508196&xoaf=1&kind=asr&lang=en&tlang=ml&fmt=vtt", "ext": "vtt"}], "mt": [{"url": "https://www.youtube.com/api/timedtext?asr_langs=pt%2Cit%2Cnl%2Cru%2Ces%2Cen%2Cfr%2Cja%2Cko%2Cde&caps=asr&xorp=True&key=yttt1&hl=en&signature=B99F7B77AD90A80A207BF7E304233FD9FEFB8E22.707C03C5D257E1C16AF730336B5EE11D7193B3DD&sparams=asr_langs%2Ccaps%2Cv%2Cxoaf%2Cxorp%2Cexpire&v=sFxA8eIS6tA&expire=1542508196&xoaf=1&kind=asr&lang=en&tlang=mt&fmt=ttml", "ext": "ttml"}, {"url": "https://www.youtube.com/api/timedtext?asr_langs=pt%2Cit%2Cnl%2Cru%2Ces%2Cen%2Cfr%2Cja%2Cko%2Cde&caps=asr&xorp=True&key=yttt1&hl=en&signature=B99F7B77AD90A80A207BF7E304233FD9FEFB8E22.707C03C5D257E1C16AF730336B5EE11D7193B3DD&sparams=asr_langs%2Ccaps%2Cv%2Cxoaf%2Cxorp%2Cexpire&v=sFxA8eIS6tA&expire=1542508196&xoaf=1&kind=asr&lang=en&tlang=mt&fmt=vtt", "ext": "vtt"}], "mi": [{"url": "https://www.youtube.com/api/timedtext?asr_langs=pt%2Cit%2Cnl%2Cru%2Ces%2Cen%2Cfr%2Cja%2Cko%2Cde&caps=asr&xorp=True&key=yttt1&hl=en&signature=B99F7B77AD90A80A207BF7E304233FD9FEFB8E22.707C03C5D257E1C16AF730336B5EE11D7193B3DD&sparams=asr_langs%2Ccaps%2Cv%2Cxoaf%2Cxorp%2Cexpire&v=sFxA8eIS6tA&expire=1542508196&xoaf=1&kind=asr&lang=en&tlang=mi&fmt=ttml", "ext": "ttml"}, {"url": "https://www.youtube.com/api/timedtext?asr_langs=pt%2Cit%2Cnl%2Cru%2Ces%2Cen%2Cfr%2Cja%2Cko%2Cde&caps=asr&xorp=True&key=yttt1&hl=en&signature=B99F7B77AD90A80A207BF7E304233FD9FEFB8E22.707C03C5D257E1C16AF730336B5EE11D7193B3DD&sparams=asr_langs%2Ccaps%2Cv%2Cxoaf%2Cxorp%2Cexpire&v=sFxA8eIS6tA&expire=1542508196&xoaf=1&kind=asr&lang=en&tlang=mi&fmt=vtt", "ext": "vtt"}], "mr": [{"url": "https://www.youtube.com/api/timedtext?asr_langs=pt%2Cit%2Cnl%2Cru%2Ces%2Cen%2Cfr%2Cja%2Cko%2Cde&caps=asr&xorp=True&key=yttt1&hl=en&signature=B99F7B77AD90A80A207BF7E304233FD9FEFB8E22.707C03C5D257E1C16AF730336B5EE11D7193B3DD&sparams=asr_langs%2Ccaps%2Cv%2Cxoaf%2Cxorp%2Cexpire&v=sFxA8eIS6tA&expire=1542508196&xoaf=1&kind=asr&lang=en&tlang=mr&fmt=ttml", "ext": "ttml"}, {"url": "https://www.youtube.com/api/timedtext?asr_langs=pt%2Cit%2Cnl%2Cru%2Ces%2Cen%2Cfr%2Cja%2Cko%2Cde&caps=asr&xorp=True&key=yttt1&hl=en&signature=B99F7B77AD90A80A207BF7E304233FD9FEFB8E22.707C03C5D257E1C16AF730336B5EE11D7193B3DD&sparams=asr_langs%2Ccaps%2Cv%2Cxoaf%2Cxorp%2Cexpire&v=sFxA8eIS6tA&expire=1542508196&xoaf=1&kind=asr&lang=en&tlang=mr&fmt=vtt", "ext": "vtt"}], "mn": [{"url": "https://www.youtube.com/api/timedtext?asr_langs=pt%2Cit%2Cnl%2Cru%2Ces%2Cen%2Cfr%2Cja%2Cko%2Cde&caps=asr&xorp=True&key=yttt1&hl=en&signature=B99F7B77AD90A80A207BF7E304233FD9FEFB8E22.707C03C5D257E1C16AF730336B5EE11D7193B3DD&sparams=asr_langs%2Ccaps%2Cv%2Cxoaf%2Cxorp%2Cexpire&v=sFxA8eIS6tA&expire=1542508196&xoaf=1&kind=asr&lang=en&tlang=mn&fmt=ttml", "ext": "ttml"}, {"url": "https://www.youtube.com/api/timedtext?asr_langs=pt%2Cit%2Cnl%2Cru%2Ces%2Cen%2Cfr%2Cja%2Cko%2Cde&caps=asr&xorp=True&key=yttt1&hl=en&signature=B99F7B77AD90A80A207BF7E304233FD9FEFB8E22.707C03C5D257E1C16AF730336B5EE11D7193B3DD&sparams=asr_langs%2Ccaps%2Cv%2Cxoaf%2Cxorp%2Cexpire&v=sFxA8eIS6tA&expire=1542508196&xoaf=1&kind=asr&lang=en&tlang=mn&fmt=vtt", "ext": "vtt"}], "ne": [{"url": "https://www.youtube.com/api/timedtext?asr_langs=pt%2Cit%2Cnl%2Cru%2Ces%2Cen%2Cfr%2Cja%2Cko%2Cde&caps=asr&xorp=True&key=yttt1&hl=en&signature=B99F7B77AD90A80A207BF7E304233FD9FEFB8E22.707C03C5D257E1C16AF730336B5EE11D7193B3DD&sparams=asr_langs%2Ccaps%2Cv%2Cxoaf%2Cxorp%2Cexpire&v=sFxA8eIS6tA&expire=1542508196&xoaf=1&kind=asr&lang=en&tlang=ne&fmt=ttml", "ext": "ttml"}, {"url": "https://www.youtube.com/api/timedtext?asr_langs=pt%2Cit%2Cnl%2Cru%2Ces%2Cen%2Cfr%2Cja%2Cko%2Cde&caps=asr&xorp=True&key=yttt1&hl=en&signature=B99F7B77AD90A80A207BF7E304233FD9FEFB8E22.707C03C5D257E1C16AF730336B5EE11D7193B3DD&sparams=asr_langs%2Ccaps%2Cv%2Cxoaf%2Cxorp%2Cexpire&v=sFxA8eIS6tA&expire=1542508196&xoaf=1&kind=asr&lang=en&tlang=ne&fmt=vtt", "ext": "vtt"}], "no": [{"url": "https://www.youtube.com/api/timedtext?asr_langs=pt%2Cit%2Cnl%2Cru%2Ces%2Cen%2Cfr%2Cja%2Cko%2Cde&caps=asr&xorp=True&key=yttt1&hl=en&signature=B99F7B77AD90A80A207BF7E304233FD9FEFB8E22.707C03C5D257E1C16AF730336B5EE11D7193B3DD&sparams=asr_langs%2Ccaps%2Cv%2Cxoaf%2Cxorp%2Cexpire&v=sFxA8eIS6tA&expire=1542508196&xoaf=1&kind=asr&lang=en&tlang=no&fmt=ttml", "ext": "ttml"}, {"url": "https://www.youtube.com/api/timedtext?asr_langs=pt%2Cit%2Cnl%2Cru%2Ces%2Cen%2Cfr%2Cja%2Cko%2Cde&caps=asr&xorp=True&key=yttt1&hl=en&signature=B99F7B77AD90A80A207BF7E304233FD9FEFB8E22.707C03C5D257E1C16AF730336B5EE11D7193B3DD&sparams=asr_langs%2Ccaps%2Cv%2Cxoaf%2Cxorp%2Cexpire&v=sFxA8eIS6tA&expire=1542508196&xoaf=1&kind=asr&lang=en&tlang=no&fmt=vtt", "ext": "vtt"}], "ny": [{"url": "https://www.youtube.com/api/timedtext?asr_langs=pt%2Cit%2Cnl%2Cru%2Ces%2Cen%2Cfr%2Cja%2Cko%2Cde&caps=asr&xorp=True&key=yttt1&hl=en&signature=B99F7B77AD90A80A207BF7E304233FD9FEFB8E22.707C03C5D257E1C16AF730336B5EE11D7193B3DD&sparams=asr_langs%2Ccaps%2Cv%2Cxoaf%2Cxorp%2Cexpire&v=sFxA8eIS6tA&expire=1542508196&xoaf=1&kind=asr&lang=en&tlang=ny&fmt=ttml", "ext": "ttml"}, {"url": "https://www.youtube.com/api/timedtext?asr_langs=pt%2Cit%2Cnl%2Cru%2Ces%2Cen%2Cfr%2Cja%2Cko%2Cde&caps=asr&xorp=True&key=yttt1&hl=en&signature=B99F7B77AD90A80A207BF7E304233FD9FEFB8E22.707C03C5D257E1C16AF730336B5EE11D7193B3DD&sparams=asr_langs%2Ccaps%2Cv%2Cxoaf%2Cxorp%2Cexpire&v=sFxA8eIS6tA&expire=1542508196&xoaf=1&kind=asr&lang=en&tlang=ny&fmt=vtt", "ext": "vtt"}], "ps": [{"url": "https://www.youtube.com/api/timedtext?asr_langs=pt%2Cit%2Cnl%2Cru%2Ces%2Cen%2Cfr%2Cja%2Cko%2Cde&caps=asr&xorp=True&key=yttt1&hl=en&signature=B99F7B77AD90A80A207BF7E304233FD9FEFB8E22.707C03C5D257E1C16AF730336B5EE11D7193B3DD&sparams=asr_langs%2Ccaps%2Cv%2Cxoaf%2Cxorp%2Cexpire&v=sFxA8eIS6tA&expire=1542508196&xoaf=1&kind=asr&lang=en&tlang=ps&fmt=ttml", "ext": "ttml"}, {"url": "https://www.youtube.com/api/timedtext?asr_langs=pt%2Cit%2Cnl%2Cru%2Ces%2Cen%2Cfr%2Cja%2Cko%2Cde&caps=asr&xorp=True&key=yttt1&hl=en&signature=B99F7B77AD90A80A207BF7E304233FD9FEFB8E22.707C03C5D257E1C16AF730336B5EE11D7193B3DD&sparams=asr_langs%2Ccaps%2Cv%2Cxoaf%2Cxorp%2Cexpire&v=sFxA8eIS6tA&expire=1542508196&xoaf=1&kind=asr&lang=en&tlang=ps&fmt=vtt", "ext": "vtt"}], "fa": [{"url": "https://www.youtube.com/api/timedtext?asr_langs=pt%2Cit%2Cnl%2Cru%2Ces%2Cen%2Cfr%2Cja%2Cko%2Cde&caps=asr&xorp=True&key=yttt1&hl=en&signature=B99F7B77AD90A80A207BF7E304233FD9FEFB8E22.707C03C5D257E1C16AF730336B5EE11D7193B3DD&sparams=asr_langs%2Ccaps%2Cv%2Cxoaf%2Cxorp%2Cexpire&v=sFxA8eIS6tA&expire=1542508196&xoaf=1&kind=asr&lang=en&tlang=fa&fmt=ttml", "ext": "ttml"}, {"url": "https://www.youtube.com/api/timedtext?asr_langs=pt%2Cit%2Cnl%2Cru%2Ces%2Cen%2Cfr%2Cja%2Cko%2Cde&caps=asr&xorp=True&key=yttt1&hl=en&signature=B99F7B77AD90A80A207BF7E304233FD9FEFB8E22.707C03C5D257E1C16AF730336B5EE11D7193B3DD&sparams=asr_langs%2Ccaps%2Cv%2Cxoaf%2Cxorp%2Cexpire&v=sFxA8eIS6tA&expire=1542508196&xoaf=1&kind=asr&lang=en&tlang=fa&fmt=vtt", "ext": "vtt"}], "pl": [{"url": "https://www.youtube.com/api/timedtext?asr_langs=pt%2Cit%2Cnl%2Cru%2Ces%2Cen%2Cfr%2Cja%2Cko%2Cde&caps=asr&xorp=True&key=yttt1&hl=en&signature=B99F7B77AD90A80A207BF7E304233FD9FEFB8E22.707C03C5D257E1C16AF730336B5EE11D7193B3DD&sparams=asr_langs%2Ccaps%2Cv%2Cxoaf%2Cxorp%2Cexpire&v=sFxA8eIS6tA&expire=1542508196&xoaf=1&kind=asr&lang=en&tlang=pl&fmt=ttml", "ext": "ttml"}, {"url": "https://www.youtube.com/api/timedtext?asr_langs=pt%2Cit%2Cnl%2Cru%2Ces%2Cen%2Cfr%2Cja%2Cko%2Cde&caps=asr&xorp=True&key=yttt1&hl=en&signature=B99F7B77AD90A80A207BF7E304233FD9FEFB8E22.707C03C5D257E1C16AF730336B5EE11D7193B3DD&sparams=asr_langs%2Ccaps%2Cv%2Cxoaf%2Cxorp%2Cexpire&v=sFxA8eIS6tA&expire=1542508196&xoaf=1&kind=asr&lang=en&tlang=pl&fmt=vtt", "ext": "vtt"}], "pt": [{"url": "https://www.youtube.com/api/timedtext?asr_langs=pt%2Cit%2Cnl%2Cru%2Ces%2Cen%2Cfr%2Cja%2Cko%2Cde&caps=asr&xorp=True&key=yttt1&hl=en&signature=B99F7B77AD90A80A207BF7E304233FD9FEFB8E22.707C03C5D257E1C16AF730336B5EE11D7193B3DD&sparams=asr_langs%2Ccaps%2Cv%2Cxoaf%2Cxorp%2Cexpire&v=sFxA8eIS6tA&expire=1542508196&xoaf=1&kind=asr&lang=en&tlang=pt&fmt=ttml", "ext": "ttml"}, {"url": "https://www.youtube.com/api/timedtext?asr_langs=pt%2Cit%2Cnl%2Cru%2Ces%2Cen%2Cfr%2Cja%2Cko%2Cde&caps=asr&xorp=True&key=yttt1&hl=en&signature=B99F7B77AD90A80A207BF7E304233FD9FEFB8E22.707C03C5D257E1C16AF730336B5EE11D7193B3DD&sparams=asr_langs%2Ccaps%2Cv%2Cxoaf%2Cxorp%2Cexpire&v=sFxA8eIS6tA&expire=1542508196&xoaf=1&kind=asr&lang=en&tlang=pt&fmt=vtt", "ext": "vtt"}], "pa": [{"url": "https://www.youtube.com/api/timedtext?asr_langs=pt%2Cit%2Cnl%2Cru%2Ces%2Cen%2Cfr%2Cja%2Cko%2Cde&caps=asr&xorp=True&key=yttt1&hl=en&signature=B99F7B77AD90A80A207BF7E304233FD9FEFB8E22.707C03C5D257E1C16AF730336B5EE11D7193B3DD&sparams=asr_langs%2Ccaps%2Cv%2Cxoaf%2Cxorp%2Cexpire&v=sFxA8eIS6tA&expire=1542508196&xoaf=1&kind=asr&lang=en&tlang=pa&fmt=ttml", "ext": "ttml"}, {"url": "https://www.youtube.com/api/timedtext?asr_langs=pt%2Cit%2Cnl%2Cru%2Ces%2Cen%2Cfr%2Cja%2Cko%2Cde&caps=asr&xorp=True&key=yttt1&hl=en&signature=B99F7B77AD90A80A207BF7E304233FD9FEFB8E22.707C03C5D257E1C16AF730336B5EE11D7193B3DD&sparams=asr_langs%2Ccaps%2Cv%2Cxoaf%2Cxorp%2Cexpire&v=sFxA8eIS6tA&expire=1542508196&xoaf=1&kind=asr&lang=en&tlang=pa&fmt=vtt", "ext": "vtt"}], "ro": [{"url": "https://www.youtube.com/api/timedtext?asr_langs=pt%2Cit%2Cnl%2Cru%2Ces%2Cen%2Cfr%2Cja%2Cko%2Cde&caps=asr&xorp=True&key=yttt1&hl=en&signature=B99F7B77AD90A80A207BF7E304233FD9FEFB8E22.707C03C5D257E1C16AF730336B5EE11D7193B3DD&sparams=asr_langs%2Ccaps%2Cv%2Cxoaf%2Cxorp%2Cexpire&v=sFxA8eIS6tA&expire=1542508196&xoaf=1&kind=asr&lang=en&tlang=ro&fmt=ttml", "ext": "ttml"}, {"url": "https://www.youtube.com/api/timedtext?asr_langs=pt%2Cit%2Cnl%2Cru%2Ces%2Cen%2Cfr%2Cja%2Cko%2Cde&caps=asr&xorp=True&key=yttt1&hl=en&signature=B99F7B77AD90A80A207BF7E304233FD9FEFB8E22.707C03C5D257E1C16AF730336B5EE11D7193B3DD&sparams=asr_langs%2Ccaps%2Cv%2Cxoaf%2Cxorp%2Cexpire&v=sFxA8eIS6tA&expire=1542508196&xoaf=1&kind=asr&lang=en&tlang=ro&fmt=vtt", "ext": "vtt"}], "ru": [{"url": "https://www.youtube.com/api/timedtext?asr_langs=pt%2Cit%2Cnl%2Cru%2Ces%2Cen%2Cfr%2Cja%2Cko%2Cde&caps=asr&xorp=True&key=yttt1&hl=en&signature=B99F7B77AD90A80A207BF7E304233FD9FEFB8E22.707C03C5D257E1C16AF730336B5EE11D7193B3DD&sparams=asr_langs%2Ccaps%2Cv%2Cxoaf%2Cxorp%2Cexpire&v=sFxA8eIS6tA&expire=1542508196&xoaf=1&kind=asr&lang=en&tlang=ru&fmt=ttml", "ext": "ttml"}, {"url": "https://www.youtube.com/api/timedtext?asr_langs=pt%2Cit%2Cnl%2Cru%2Ces%2Cen%2Cfr%2Cja%2Cko%2Cde&caps=asr&xorp=True&key=yttt1&hl=en&signature=B99F7B77AD90A80A207BF7E304233FD9FEFB8E22.707C03C5D257E1C16AF730336B5EE11D7193B3DD&sparams=asr_langs%2Ccaps%2Cv%2Cxoaf%2Cxorp%2Cexpire&v=sFxA8eIS6tA&expire=1542508196&xoaf=1&kind=asr&lang=en&tlang=ru&fmt=vtt", "ext": "vtt"}], "sm": [{"url": "https://www.youtube.com/api/timedtext?asr_langs=pt%2Cit%2Cnl%2Cru%2Ces%2Cen%2Cfr%2Cja%2Cko%2Cde&caps=asr&xorp=True&key=yttt1&hl=en&signature=B99F7B77AD90A80A207BF7E304233FD9FEFB8E22.707C03C5D257E1C16AF730336B5EE11D7193B3DD&sparams=asr_langs%2Ccaps%2Cv%2Cxoaf%2Cxorp%2Cexpire&v=sFxA8eIS6tA&expire=1542508196&xoaf=1&kind=asr&lang=en&tlang=sm&fmt=ttml", "ext": "ttml"}, {"url": "https://www.youtube.com/api/timedtext?asr_langs=pt%2Cit%2Cnl%2Cru%2Ces%2Cen%2Cfr%2Cja%2Cko%2Cde&caps=asr&xorp=True&key=yttt1&hl=en&signature=B99F7B77AD90A80A207BF7E304233FD9FEFB8E22.707C03C5D257E1C16AF730336B5EE11D7193B3DD&sparams=asr_langs%2Ccaps%2Cv%2Cxoaf%2Cxorp%2Cexpire&v=sFxA8eIS6tA&expire=1542508196&xoaf=1&kind=asr&lang=en&tlang=sm&fmt=vtt", "ext": "vtt"}], "gd": [{"url": "https://www.youtube.com/api/timedtext?asr_langs=pt%2Cit%2Cnl%2Cru%2Ces%2Cen%2Cfr%2Cja%2Cko%2Cde&caps=asr&xorp=True&key=yttt1&hl=en&signature=B99F7B77AD90A80A207BF7E304233FD9FEFB8E22.707C03C5D257E1C16AF730336B5EE11D7193B3DD&sparams=asr_langs%2Ccaps%2Cv%2Cxoaf%2Cxorp%2Cexpire&v=sFxA8eIS6tA&expire=1542508196&xoaf=1&kind=asr&lang=en&tlang=gd&fmt=ttml", "ext": "ttml"}, {"url": "https://www.youtube.com/api/timedtext?asr_langs=pt%2Cit%2Cnl%2Cru%2Ces%2Cen%2Cfr%2Cja%2Cko%2Cde&caps=asr&xorp=True&key=yttt1&hl=en&signature=B99F7B77AD90A80A207BF7E304233FD9FEFB8E22.707C03C5D257E1C16AF730336B5EE11D7193B3DD&sparams=asr_langs%2Ccaps%2Cv%2Cxoaf%2Cxorp%2Cexpire&v=sFxA8eIS6tA&expire=1542508196&xoaf=1&kind=asr&lang=en&tlang=gd&fmt=vtt", "ext": "vtt"}], "sr": [{"url": "https://www.youtube.com/api/timedtext?asr_langs=pt%2Cit%2Cnl%2Cru%2Ces%2Cen%2Cfr%2Cja%2Cko%2Cde&caps=asr&xorp=True&key=yttt1&hl=en&signature=B99F7B77AD90A80A207BF7E304233FD9FEFB8E22.707C03C5D257E1C16AF730336B5EE11D7193B3DD&sparams=asr_langs%2Ccaps%2Cv%2Cxoaf%2Cxorp%2Cexpire&v=sFxA8eIS6tA&expire=1542508196&xoaf=1&kind=asr&lang=en&tlang=sr&fmt=ttml", "ext": "ttml"}, {"url": "https://www.youtube.com/api/timedtext?asr_langs=pt%2Cit%2Cnl%2Cru%2Ces%2Cen%2Cfr%2Cja%2Cko%2Cde&caps=asr&xorp=True&key=yttt1&hl=en&signature=B99F7B77AD90A80A207BF7E304233FD9FEFB8E22.707C03C5D257E1C16AF730336B5EE11D7193B3DD&sparams=asr_langs%2Ccaps%2Cv%2Cxoaf%2Cxorp%2Cexpire&v=sFxA8eIS6tA&expire=1542508196&xoaf=1&kind=asr&lang=en&tlang=sr&fmt=vtt", "ext": "vtt"}], "sn": [{"url": "https://www.youtube.com/api/timedtext?asr_langs=pt%2Cit%2Cnl%2Cru%2Ces%2Cen%2Cfr%2Cja%2Cko%2Cde&caps=asr&xorp=True&key=yttt1&hl=en&signature=B99F7B77AD90A80A207BF7E304233FD9FEFB8E22.707C03C5D257E1C16AF730336B5EE11D7193B3DD&sparams=asr_langs%2Ccaps%2Cv%2Cxoaf%2Cxorp%2Cexpire&v=sFxA8eIS6tA&expire=1542508196&xoaf=1&kind=asr&lang=en&tlang=sn&fmt=ttml", "ext": "ttml"}, {"url": "https://www.youtube.com/api/timedtext?asr_langs=pt%2Cit%2Cnl%2Cru%2Ces%2Cen%2Cfr%2Cja%2Cko%2Cde&caps=asr&xorp=True&key=yttt1&hl=en&signature=B99F7B77AD90A80A207BF7E304233FD9FEFB8E22.707C03C5D257E1C16AF730336B5EE11D7193B3DD&sparams=asr_langs%2Ccaps%2Cv%2Cxoaf%2Cxorp%2Cexpire&v=sFxA8eIS6tA&expire=1542508196&xoaf=1&kind=asr&lang=en&tlang=sn&fmt=vtt", "ext": "vtt"}], "sd": [{"url": "https://www.youtube.com/api/timedtext?asr_langs=pt%2Cit%2Cnl%2Cru%2Ces%2Cen%2Cfr%2Cja%2Cko%2Cde&caps=asr&xorp=True&key=yttt1&hl=en&signature=B99F7B77AD90A80A207BF7E304233FD9FEFB8E22.707C03C5D257E1C16AF730336B5EE11D7193B3DD&sparams=asr_langs%2Ccaps%2Cv%2Cxoaf%2Cxorp%2Cexpire&v=sFxA8eIS6tA&expire=1542508196&xoaf=1&kind=asr&lang=en&tlang=sd&fmt=ttml", "ext": "ttml"}, {"url": "https://www.youtube.com/api/timedtext?asr_langs=pt%2Cit%2Cnl%2Cru%2Ces%2Cen%2Cfr%2Cja%2Cko%2Cde&caps=asr&xorp=True&key=yttt1&hl=en&signature=B99F7B77AD90A80A207BF7E304233FD9FEFB8E22.707C03C5D257E1C16AF730336B5EE11D7193B3DD&sparams=asr_langs%2Ccaps%2Cv%2Cxoaf%2Cxorp%2Cexpire&v=sFxA8eIS6tA&expire=1542508196&xoaf=1&kind=asr&lang=en&tlang=sd&fmt=vtt", "ext": "vtt"}], "si": [{"url": "https://www.youtube.com/api/timedtext?asr_langs=pt%2Cit%2Cnl%2Cru%2Ces%2Cen%2Cfr%2Cja%2Cko%2Cde&caps=asr&xorp=True&key=yttt1&hl=en&signature=B99F7B77AD90A80A207BF7E304233FD9FEFB8E22.707C03C5D257E1C16AF730336B5EE11D7193B3DD&sparams=asr_langs%2Ccaps%2Cv%2Cxoaf%2Cxorp%2Cexpire&v=sFxA8eIS6tA&expire=1542508196&xoaf=1&kind=asr&lang=en&tlang=si&fmt=ttml", "ext": "ttml"}, {"url": "https://www.youtube.com/api/timedtext?asr_langs=pt%2Cit%2Cnl%2Cru%2Ces%2Cen%2Cfr%2Cja%2Cko%2Cde&caps=asr&xorp=True&key=yttt1&hl=en&signature=B99F7B77AD90A80A207BF7E304233FD9FEFB8E22.707C03C5D257E1C16AF730336B5EE11D7193B3DD&sparams=asr_langs%2Ccaps%2Cv%2Cxoaf%2Cxorp%2Cexpire&v=sFxA8eIS6tA&expire=1542508196&xoaf=1&kind=asr&lang=en&tlang=si&fmt=vtt", "ext": "vtt"}], "sk": [{"url": "https://www.youtube.com/api/timedtext?asr_langs=pt%2Cit%2Cnl%2Cru%2Ces%2Cen%2Cfr%2Cja%2Cko%2Cde&caps=asr&xorp=True&key=yttt1&hl=en&signature=B99F7B77AD90A80A207BF7E304233FD9FEFB8E22.707C03C5D257E1C16AF730336B5EE11D7193B3DD&sparams=asr_langs%2Ccaps%2Cv%2Cxoaf%2Cxorp%2Cexpire&v=sFxA8eIS6tA&expire=1542508196&xoaf=1&kind=asr&lang=en&tlang=sk&fmt=ttml", "ext": "ttml"}, {"url": "https://www.youtube.com/api/timedtext?asr_langs=pt%2Cit%2Cnl%2Cru%2Ces%2Cen%2Cfr%2Cja%2Cko%2Cde&caps=asr&xorp=True&key=yttt1&hl=en&signature=B99F7B77AD90A80A207BF7E304233FD9FEFB8E22.707C03C5D257E1C16AF730336B5EE11D7193B3DD&sparams=asr_langs%2Ccaps%2Cv%2Cxoaf%2Cxorp%2Cexpire&v=sFxA8eIS6tA&expire=1542508196&xoaf=1&kind=asr&lang=en&tlang=sk&fmt=vtt", "ext": "vtt"}], "sl": [{"url": "https://www.youtube.com/api/timedtext?asr_langs=pt%2Cit%2Cnl%2Cru%2Ces%2Cen%2Cfr%2Cja%2Cko%2Cde&caps=asr&xorp=True&key=yttt1&hl=en&signature=B99F7B77AD90A80A207BF7E304233FD9FEFB8E22.707C03C5D257E1C16AF730336B5EE11D7193B3DD&sparams=asr_langs%2Ccaps%2Cv%2Cxoaf%2Cxorp%2Cexpire&v=sFxA8eIS6tA&expire=1542508196&xoaf=1&kind=asr&lang=en&tlang=sl&fmt=ttml", "ext": "ttml"}, {"url": "https://www.youtube.com/api/timedtext?asr_langs=pt%2Cit%2Cnl%2Cru%2Ces%2Cen%2Cfr%2Cja%2Cko%2Cde&caps=asr&xorp=True&key=yttt1&hl=en&signature=B99F7B77AD90A80A207BF7E304233FD9FEFB8E22.707C03C5D257E1C16AF730336B5EE11D7193B3DD&sparams=asr_langs%2Ccaps%2Cv%2Cxoaf%2Cxorp%2Cexpire&v=sFxA8eIS6tA&expire=1542508196&xoaf=1&kind=asr&lang=en&tlang=sl&fmt=vtt", "ext": "vtt"}], "so": [{"url": "https://www.youtube.com/api/timedtext?asr_langs=pt%2Cit%2Cnl%2Cru%2Ces%2Cen%2Cfr%2Cja%2Cko%2Cde&caps=asr&xorp=True&key=yttt1&hl=en&signature=B99F7B77AD90A80A207BF7E304233FD9FEFB8E22.707C03C5D257E1C16AF730336B5EE11D7193B3DD&sparams=asr_langs%2Ccaps%2Cv%2Cxoaf%2Cxorp%2Cexpire&v=sFxA8eIS6tA&expire=1542508196&xoaf=1&kind=asr&lang=en&tlang=so&fmt=ttml", "ext": "ttml"}, {"url": "https://www.youtube.com/api/timedtext?asr_langs=pt%2Cit%2Cnl%2Cru%2Ces%2Cen%2Cfr%2Cja%2Cko%2Cde&caps=asr&xorp=True&key=yttt1&hl=en&signature=B99F7B77AD90A80A207BF7E304233FD9FEFB8E22.707C03C5D257E1C16AF730336B5EE11D7193B3DD&sparams=asr_langs%2Ccaps%2Cv%2Cxoaf%2Cxorp%2Cexpire&v=sFxA8eIS6tA&expire=1542508196&xoaf=1&kind=asr&lang=en&tlang=so&fmt=vtt", "ext": "vtt"}], "st": [{"url": "https://www.youtube.com/api/timedtext?asr_langs=pt%2Cit%2Cnl%2Cru%2Ces%2Cen%2Cfr%2Cja%2Cko%2Cde&caps=asr&xorp=True&key=yttt1&hl=en&signature=B99F7B77AD90A80A207BF7E304233FD9FEFB8E22.707C03C5D257E1C16AF730336B5EE11D7193B3DD&sparams=asr_langs%2Ccaps%2Cv%2Cxoaf%2Cxorp%2Cexpire&v=sFxA8eIS6tA&expire=1542508196&xoaf=1&kind=asr&lang=en&tlang=st&fmt=ttml", "ext": "ttml"}, {"url": "https://www.youtube.com/api/timedtext?asr_langs=pt%2Cit%2Cnl%2Cru%2Ces%2Cen%2Cfr%2Cja%2Cko%2Cde&caps=asr&xorp=True&key=yttt1&hl=en&signature=B99F7B77AD90A80A207BF7E304233FD9FEFB8E22.707C03C5D257E1C16AF730336B5EE11D7193B3DD&sparams=asr_langs%2Ccaps%2Cv%2Cxoaf%2Cxorp%2Cexpire&v=sFxA8eIS6tA&expire=1542508196&xoaf=1&kind=asr&lang=en&tlang=st&fmt=vtt", "ext": "vtt"}], "es": [{"url": "https://www.youtube.com/api/timedtext?asr_langs=pt%2Cit%2Cnl%2Cru%2Ces%2Cen%2Cfr%2Cja%2Cko%2Cde&caps=asr&xorp=True&key=yttt1&hl=en&signature=B99F7B77AD90A80A207BF7E304233FD9FEFB8E22.707C03C5D257E1C16AF730336B5EE11D7193B3DD&sparams=asr_langs%2Ccaps%2Cv%2Cxoaf%2Cxorp%2Cexpire&v=sFxA8eIS6tA&expire=1542508196&xoaf=1&kind=asr&lang=en&tlang=es&fmt=ttml", "ext": "ttml"}, {"url": "https://www.youtube.com/api/timedtext?asr_langs=pt%2Cit%2Cnl%2Cru%2Ces%2Cen%2Cfr%2Cja%2Cko%2Cde&caps=asr&xorp=True&key=yttt1&hl=en&signature=B99F7B77AD90A80A207BF7E304233FD9FEFB8E22.707C03C5D257E1C16AF730336B5EE11D7193B3DD&sparams=asr_langs%2Ccaps%2Cv%2Cxoaf%2Cxorp%2Cexpire&v=sFxA8eIS6tA&expire=1542508196&xoaf=1&kind=asr&lang=en&tlang=es&fmt=vtt", "ext": "vtt"}], "su": [{"url": "https://www.youtube.com/api/timedtext?asr_langs=pt%2Cit%2Cnl%2Cru%2Ces%2Cen%2Cfr%2Cja%2Cko%2Cde&caps=asr&xorp=True&key=yttt1&hl=en&signature=B99F7B77AD90A80A207BF7E304233FD9FEFB8E22.707C03C5D257E1C16AF730336B5EE11D7193B3DD&sparams=asr_langs%2Ccaps%2Cv%2Cxoaf%2Cxorp%2Cexpire&v=sFxA8eIS6tA&expire=1542508196&xoaf=1&kind=asr&lang=en&tlang=su&fmt=ttml", "ext": "ttml"}, {"url": "https://www.youtube.com/api/timedtext?asr_langs=pt%2Cit%2Cnl%2Cru%2Ces%2Cen%2Cfr%2Cja%2Cko%2Cde&caps=asr&xorp=True&key=yttt1&hl=en&signature=B99F7B77AD90A80A207BF7E304233FD9FEFB8E22.707C03C5D257E1C16AF730336B5EE11D7193B3DD&sparams=asr_langs%2Ccaps%2Cv%2Cxoaf%2Cxorp%2Cexpire&v=sFxA8eIS6tA&expire=1542508196&xoaf=1&kind=asr&lang=en&tlang=su&fmt=vtt", "ext": "vtt"}], "sw": [{"url": "https://www.youtube.com/api/timedtext?asr_langs=pt%2Cit%2Cnl%2Cru%2Ces%2Cen%2Cfr%2Cja%2Cko%2Cde&caps=asr&xorp=True&key=yttt1&hl=en&signature=B99F7B77AD90A80A207BF7E304233FD9FEFB8E22.707C03C5D257E1C16AF730336B5EE11D7193B3DD&sparams=asr_langs%2Ccaps%2Cv%2Cxoaf%2Cxorp%2Cexpire&v=sFxA8eIS6tA&expire=1542508196&xoaf=1&kind=asr&lang=en&tlang=sw&fmt=ttml", "ext": "ttml"}, {"url": "https://www.youtube.com/api/timedtext?asr_langs=pt%2Cit%2Cnl%2Cru%2Ces%2Cen%2Cfr%2Cja%2Cko%2Cde&caps=asr&xorp=True&key=yttt1&hl=en&signature=B99F7B77AD90A80A207BF7E304233FD9FEFB8E22.707C03C5D257E1C16AF730336B5EE11D7193B3DD&sparams=asr_langs%2Ccaps%2Cv%2Cxoaf%2Cxorp%2Cexpire&v=sFxA8eIS6tA&expire=1542508196&xoaf=1&kind=asr&lang=en&tlang=sw&fmt=vtt", "ext": "vtt"}], "sv": [{"url": "https://www.youtube.com/api/timedtext?asr_langs=pt%2Cit%2Cnl%2Cru%2Ces%2Cen%2Cfr%2Cja%2Cko%2Cde&caps=asr&xorp=True&key=yttt1&hl=en&signature=B99F7B77AD90A80A207BF7E304233FD9FEFB8E22.707C03C5D257E1C16AF730336B5EE11D7193B3DD&sparams=asr_langs%2Ccaps%2Cv%2Cxoaf%2Cxorp%2Cexpire&v=sFxA8eIS6tA&expire=1542508196&xoaf=1&kind=asr&lang=en&tlang=sv&fmt=ttml", "ext": "ttml"}, {"url": "https://www.youtube.com/api/timedtext?asr_langs=pt%2Cit%2Cnl%2Cru%2Ces%2Cen%2Cfr%2Cja%2Cko%2Cde&caps=asr&xorp=True&key=yttt1&hl=en&signature=B99F7B77AD90A80A207BF7E304233FD9FEFB8E22.707C03C5D257E1C16AF730336B5EE11D7193B3DD&sparams=asr_langs%2Ccaps%2Cv%2Cxoaf%2Cxorp%2Cexpire&v=sFxA8eIS6tA&expire=1542508196&xoaf=1&kind=asr&lang=en&tlang=sv&fmt=vtt", "ext": "vtt"}], "tg": [{"url": "https://www.youtube.com/api/timedtext?asr_langs=pt%2Cit%2Cnl%2Cru%2Ces%2Cen%2Cfr%2Cja%2Cko%2Cde&caps=asr&xorp=True&key=yttt1&hl=en&signature=B99F7B77AD90A80A207BF7E304233FD9FEFB8E22.707C03C5D257E1C16AF730336B5EE11D7193B3DD&sparams=asr_langs%2Ccaps%2Cv%2Cxoaf%2Cxorp%2Cexpire&v=sFxA8eIS6tA&expire=1542508196&xoaf=1&kind=asr&lang=en&tlang=tg&fmt=ttml", "ext": "ttml"}, {"url": "https://www.youtube.com/api/timedtext?asr_langs=pt%2Cit%2Cnl%2Cru%2Ces%2Cen%2Cfr%2Cja%2Cko%2Cde&caps=asr&xorp=True&key=yttt1&hl=en&signature=B99F7B77AD90A80A207BF7E304233FD9FEFB8E22.707C03C5D257E1C16AF730336B5EE11D7193B3DD&sparams=asr_langs%2Ccaps%2Cv%2Cxoaf%2Cxorp%2Cexpire&v=sFxA8eIS6tA&expire=1542508196&xoaf=1&kind=asr&lang=en&tlang=tg&fmt=vtt", "ext": "vtt"}], "ta": [{"url": "https://www.youtube.com/api/timedtext?asr_langs=pt%2Cit%2Cnl%2Cru%2Ces%2Cen%2Cfr%2Cja%2Cko%2Cde&caps=asr&xorp=True&key=yttt1&hl=en&signature=B99F7B77AD90A80A207BF7E304233FD9FEFB8E22.707C03C5D257E1C16AF730336B5EE11D7193B3DD&sparams=asr_langs%2Ccaps%2Cv%2Cxoaf%2Cxorp%2Cexpire&v=sFxA8eIS6tA&expire=1542508196&xoaf=1&kind=asr&lang=en&tlang=ta&fmt=ttml", "ext": "ttml"}, {"url": "https://www.youtube.com/api/timedtext?asr_langs=pt%2Cit%2Cnl%2Cru%2Ces%2Cen%2Cfr%2Cja%2Cko%2Cde&caps=asr&xorp=True&key=yttt1&hl=en&signature=B99F7B77AD90A80A207BF7E304233FD9FEFB8E22.707C03C5D257E1C16AF730336B5EE11D7193B3DD&sparams=asr_langs%2Ccaps%2Cv%2Cxoaf%2Cxorp%2Cexpire&v=sFxA8eIS6tA&expire=1542508196&xoaf=1&kind=asr&lang=en&tlang=ta&fmt=vtt", "ext": "vtt"}], "te": [{"url": "https://www.youtube.com/api/timedtext?asr_langs=pt%2Cit%2Cnl%2Cru%2Ces%2Cen%2Cfr%2Cja%2Cko%2Cde&caps=asr&xorp=True&key=yttt1&hl=en&signature=B99F7B77AD90A80A207BF7E304233FD9FEFB8E22.707C03C5D257E1C16AF730336B5EE11D7193B3DD&sparams=asr_langs%2Ccaps%2Cv%2Cxoaf%2Cxorp%2Cexpire&v=sFxA8eIS6tA&expire=1542508196&xoaf=1&kind=asr&lang=en&tlang=te&fmt=ttml", "ext": "ttml"}, {"url": "https://www.youtube.com/api/timedtext?asr_langs=pt%2Cit%2Cnl%2Cru%2Ces%2Cen%2Cfr%2Cja%2Cko%2Cde&caps=asr&xorp=True&key=yttt1&hl=en&signature=B99F7B77AD90A80A207BF7E304233FD9FEFB8E22.707C03C5D257E1C16AF730336B5EE11D7193B3DD&sparams=asr_langs%2Ccaps%2Cv%2Cxoaf%2Cxorp%2Cexpire&v=sFxA8eIS6tA&expire=1542508196&xoaf=1&kind=asr&lang=en&tlang=te&fmt=vtt", "ext": "vtt"}], "th": [{"url": "https://www.youtube.com/api/timedtext?asr_langs=pt%2Cit%2Cnl%2Cru%2Ces%2Cen%2Cfr%2Cja%2Cko%2Cde&caps=asr&xorp=True&key=yttt1&hl=en&signature=B99F7B77AD90A80A207BF7E304233FD9FEFB8E22.707C03C5D257E1C16AF730336B5EE11D7193B3DD&sparams=asr_langs%2Ccaps%2Cv%2Cxoaf%2Cxorp%2Cexpire&v=sFxA8eIS6tA&expire=1542508196&xoaf=1&kind=asr&lang=en&tlang=th&fmt=ttml", "ext": "ttml"}, {"url": "https://www.youtube.com/api/timedtext?asr_langs=pt%2Cit%2Cnl%2Cru%2Ces%2Cen%2Cfr%2Cja%2Cko%2Cde&caps=asr&xorp=True&key=yttt1&hl=en&signature=B99F7B77AD90A80A207BF7E304233FD9FEFB8E22.707C03C5D257E1C16AF730336B5EE11D7193B3DD&sparams=asr_langs%2Ccaps%2Cv%2Cxoaf%2Cxorp%2Cexpire&v=sFxA8eIS6tA&expire=1542508196&xoaf=1&kind=asr&lang=en&tlang=th&fmt=vtt", "ext": "vtt"}], "tr": [{"url": "https://www.youtube.com/api/timedtext?asr_langs=pt%2Cit%2Cnl%2Cru%2Ces%2Cen%2Cfr%2Cja%2Cko%2Cde&caps=asr&xorp=True&key=yttt1&hl=en&signature=B99F7B77AD90A80A207BF7E304233FD9FEFB8E22.707C03C5D257E1C16AF730336B5EE11D7193B3DD&sparams=asr_langs%2Ccaps%2Cv%2Cxoaf%2Cxorp%2Cexpire&v=sFxA8eIS6tA&expire=1542508196&xoaf=1&kind=asr&lang=en&tlang=tr&fmt=ttml", "ext": "ttml"}, {"url": "https://www.youtube.com/api/timedtext?asr_langs=pt%2Cit%2Cnl%2Cru%2Ces%2Cen%2Cfr%2Cja%2Cko%2Cde&caps=asr&xorp=True&key=yttt1&hl=en&signature=B99F7B77AD90A80A207BF7E304233FD9FEFB8E22.707C03C5D257E1C16AF730336B5EE11D7193B3DD&sparams=asr_langs%2Ccaps%2Cv%2Cxoaf%2Cxorp%2Cexpire&v=sFxA8eIS6tA&expire=1542508196&xoaf=1&kind=asr&lang=en&tlang=tr&fmt=vtt", "ext": "vtt"}], "uk": [{"url": "https://www.youtube.com/api/timedtext?asr_langs=pt%2Cit%2Cnl%2Cru%2Ces%2Cen%2Cfr%2Cja%2Cko%2Cde&caps=asr&xorp=True&key=yttt1&hl=en&signature=B99F7B77AD90A80A207BF7E304233FD9FEFB8E22.707C03C5D257E1C16AF730336B5EE11D7193B3DD&sparams=asr_langs%2Ccaps%2Cv%2Cxoaf%2Cxorp%2Cexpire&v=sFxA8eIS6tA&expire=1542508196&xoaf=1&kind=asr&lang=en&tlang=uk&fmt=ttml", "ext": "ttml"}, {"url": "https://www.youtube.com/api/timedtext?asr_langs=pt%2Cit%2Cnl%2Cru%2Ces%2Cen%2Cfr%2Cja%2Cko%2Cde&caps=asr&xorp=True&key=yttt1&hl=en&signature=B99F7B77AD90A80A207BF7E304233FD9FEFB8E22.707C03C5D257E1C16AF730336B5EE11D7193B3DD&sparams=asr_langs%2Ccaps%2Cv%2Cxoaf%2Cxorp%2Cexpire&v=sFxA8eIS6tA&expire=1542508196&xoaf=1&kind=asr&lang=en&tlang=uk&fmt=vtt", "ext": "vtt"}], "ur": [{"url": "https://www.youtube.com/api/timedtext?asr_langs=pt%2Cit%2Cnl%2Cru%2Ces%2Cen%2Cfr%2Cja%2Cko%2Cde&caps=asr&xorp=True&key=yttt1&hl=en&signature=B99F7B77AD90A80A207BF7E304233FD9FEFB8E22.707C03C5D257E1C16AF730336B5EE11D7193B3DD&sparams=asr_langs%2Ccaps%2Cv%2Cxoaf%2Cxorp%2Cexpire&v=sFxA8eIS6tA&expire=1542508196&xoaf=1&kind=asr&lang=en&tlang=ur&fmt=ttml", "ext": "ttml"}, {"url": "https://www.youtube.com/api/timedtext?asr_langs=pt%2Cit%2Cnl%2Cru%2Ces%2Cen%2Cfr%2Cja%2Cko%2Cde&caps=asr&xorp=True&key=yttt1&hl=en&signature=B99F7B77AD90A80A207BF7E304233FD9FEFB8E22.707C03C5D257E1C16AF730336B5EE11D7193B3DD&sparams=asr_langs%2Ccaps%2Cv%2Cxoaf%2Cxorp%2Cexpire&v=sFxA8eIS6tA&expire=1542508196&xoaf=1&kind=asr&lang=en&tlang=ur&fmt=vtt", "ext": "vtt"}], "uz": [{"url": "https://www.youtube.com/api/timedtext?asr_langs=pt%2Cit%2Cnl%2Cru%2Ces%2Cen%2Cfr%2Cja%2Cko%2Cde&caps=asr&xorp=True&key=yttt1&hl=en&signature=B99F7B77AD90A80A207BF7E304233FD9FEFB8E22.707C03C5D257E1C16AF730336B5EE11D7193B3DD&sparams=asr_langs%2Ccaps%2Cv%2Cxoaf%2Cxorp%2Cexpire&v=sFxA8eIS6tA&expire=1542508196&xoaf=1&kind=asr&lang=en&tlang=uz&fmt=ttml", "ext": "ttml"}, {"url": "https://www.youtube.com/api/timedtext?asr_langs=pt%2Cit%2Cnl%2Cru%2Ces%2Cen%2Cfr%2Cja%2Cko%2Cde&caps=asr&xorp=True&key=yttt1&hl=en&signature=B99F7B77AD90A80A207BF7E304233FD9FEFB8E22.707C03C5D257E1C16AF730336B5EE11D7193B3DD&sparams=asr_langs%2Ccaps%2Cv%2Cxoaf%2Cxorp%2Cexpire&v=sFxA8eIS6tA&expire=1542508196&xoaf=1&kind=asr&lang=en&tlang=uz&fmt=vtt", "ext": "vtt"}], "vi": [{"url": "https://www.youtube.com/api/timedtext?asr_langs=pt%2Cit%2Cnl%2Cru%2Ces%2Cen%2Cfr%2Cja%2Cko%2Cde&caps=asr&xorp=True&key=yttt1&hl=en&signature=B99F7B77AD90A80A207BF7E304233FD9FEFB8E22.707C03C5D257E1C16AF730336B5EE11D7193B3DD&sparams=asr_langs%2Ccaps%2Cv%2Cxoaf%2Cxorp%2Cexpire&v=sFxA8eIS6tA&expire=1542508196&xoaf=1&kind=asr&lang=en&tlang=vi&fmt=ttml", "ext": "ttml"}, {"url": "https://www.youtube.com/api/timedtext?asr_langs=pt%2Cit%2Cnl%2Cru%2Ces%2Cen%2Cfr%2Cja%2Cko%2Cde&caps=asr&xorp=True&key=yttt1&hl=en&signature=B99F7B77AD90A80A207BF7E304233FD9FEFB8E22.707C03C5D257E1C16AF730336B5EE11D7193B3DD&sparams=asr_langs%2Ccaps%2Cv%2Cxoaf%2Cxorp%2Cexpire&v=sFxA8eIS6tA&expire=1542508196&xoaf=1&kind=asr&lang=en&tlang=vi&fmt=vtt", "ext": "vtt"}], "cy": [{"url": "https://www.youtube.com/api/timedtext?asr_langs=pt%2Cit%2Cnl%2Cru%2Ces%2Cen%2Cfr%2Cja%2Cko%2Cde&caps=asr&xorp=True&key=yttt1&hl=en&signature=B99F7B77AD90A80A207BF7E304233FD9FEFB8E22.707C03C5D257E1C16AF730336B5EE11D7193B3DD&sparams=asr_langs%2Ccaps%2Cv%2Cxoaf%2Cxorp%2Cexpire&v=sFxA8eIS6tA&expire=1542508196&xoaf=1&kind=asr&lang=en&tlang=cy&fmt=ttml", "ext": "ttml"}, {"url": "https://www.youtube.com/api/timedtext?asr_langs=pt%2Cit%2Cnl%2Cru%2Ces%2Cen%2Cfr%2Cja%2Cko%2Cde&caps=asr&xorp=True&key=yttt1&hl=en&signature=B99F7B77AD90A80A207BF7E304233FD9FEFB8E22.707C03C5D257E1C16AF730336B5EE11D7193B3DD&sparams=asr_langs%2Ccaps%2Cv%2Cxoaf%2Cxorp%2Cexpire&v=sFxA8eIS6tA&expire=1542508196&xoaf=1&kind=asr&lang=en&tlang=cy&fmt=vtt", "ext": "vtt"}], "fy": [{"url": "https://www.youtube.com/api/timedtext?asr_langs=pt%2Cit%2Cnl%2Cru%2Ces%2Cen%2Cfr%2Cja%2Cko%2Cde&caps=asr&xorp=True&key=yttt1&hl=en&signature=B99F7B77AD90A80A207BF7E304233FD9FEFB8E22.707C03C5D257E1C16AF730336B5EE11D7193B3DD&sparams=asr_langs%2Ccaps%2Cv%2Cxoaf%2Cxorp%2Cexpire&v=sFxA8eIS6tA&expire=1542508196&xoaf=1&kind=asr&lang=en&tlang=fy&fmt=ttml", "ext": "ttml"}, {"url": "https://www.youtube.com/api/timedtext?asr_langs=pt%2Cit%2Cnl%2Cru%2Ces%2Cen%2Cfr%2Cja%2Cko%2Cde&caps=asr&xorp=True&key=yttt1&hl=en&signature=B99F7B77AD90A80A207BF7E304233FD9FEFB8E22.707C03C5D257E1C16AF730336B5EE11D7193B3DD&sparams=asr_langs%2Ccaps%2Cv%2Cxoaf%2Cxorp%2Cexpire&v=sFxA8eIS6tA&expire=1542508196&xoaf=1&kind=asr&lang=en&tlang=fy&fmt=vtt", "ext": "vtt"}], "xh": [{"url": "https://www.youtube.com/api/timedtext?asr_langs=pt%2Cit%2Cnl%2Cru%2Ces%2Cen%2Cfr%2Cja%2Cko%2Cde&caps=asr&xorp=True&key=yttt1&hl=en&signature=B99F7B77AD90A80A207BF7E304233FD9FEFB8E22.707C03C5D257E1C16AF730336B5EE11D7193B3DD&sparams=asr_langs%2Ccaps%2Cv%2Cxoaf%2Cxorp%2Cexpire&v=sFxA8eIS6tA&expire=1542508196&xoaf=1&kind=asr&lang=en&tlang=xh&fmt=ttml", "ext": "ttml"}, {"url": "https://www.youtube.com/api/timedtext?asr_langs=pt%2Cit%2Cnl%2Cru%2Ces%2Cen%2Cfr%2Cja%2Cko%2Cde&caps=asr&xorp=True&key=yttt1&hl=en&signature=B99F7B77AD90A80A207BF7E304233FD9FEFB8E22.707C03C5D257E1C16AF730336B5EE11D7193B3DD&sparams=asr_langs%2Ccaps%2Cv%2Cxoaf%2Cxorp%2Cexpire&v=sFxA8eIS6tA&expire=1542508196&xoaf=1&kind=asr&lang=en&tlang=xh&fmt=vtt", "ext": "vtt"}], "yi": [{"url": "https://www.youtube.com/api/timedtext?asr_langs=pt%2Cit%2Cnl%2Cru%2Ces%2Cen%2Cfr%2Cja%2Cko%2Cde&caps=asr&xorp=True&key=yttt1&hl=en&signature=B99F7B77AD90A80A207BF7E304233FD9FEFB8E22.707C03C5D257E1C16AF730336B5EE11D7193B3DD&sparams=asr_langs%2Ccaps%2Cv%2Cxoaf%2Cxorp%2Cexpire&v=sFxA8eIS6tA&expire=1542508196&xoaf=1&kind=asr&lang=en&tlang=yi&fmt=ttml", "ext": "ttml"}, {"url": "https://www.youtube.com/api/timedtext?asr_langs=pt%2Cit%2Cnl%2Cru%2Ces%2Cen%2Cfr%2Cja%2Cko%2Cde&caps=asr&xorp=True&key=yttt1&hl=en&signature=B99F7B77AD90A80A207BF7E304233FD9FEFB8E22.707C03C5D257E1C16AF730336B5EE11D7193B3DD&sparams=asr_langs%2Ccaps%2Cv%2Cxoaf%2Cxorp%2Cexpire&v=sFxA8eIS6tA&expire=1542508196&xoaf=1&kind=asr&lang=en&tlang=yi&fmt=vtt", "ext": "vtt"}], "yo": [{"url": "https://www.youtube.com/api/timedtext?asr_langs=pt%2Cit%2Cnl%2Cru%2Ces%2Cen%2Cfr%2Cja%2Cko%2Cde&caps=asr&xorp=True&key=yttt1&hl=en&signature=B99F7B77AD90A80A207BF7E304233FD9FEFB8E22.707C03C5D257E1C16AF730336B5EE11D7193B3DD&sparams=asr_langs%2Ccaps%2Cv%2Cxoaf%2Cxorp%2Cexpire&v=sFxA8eIS6tA&expire=1542508196&xoaf=1&kind=asr&lang=en&tlang=yo&fmt=ttml", "ext": "ttml"}, {"url": "https://www.youtube.com/api/timedtext?asr_langs=pt%2Cit%2Cnl%2Cru%2Ces%2Cen%2Cfr%2Cja%2Cko%2Cde&caps=asr&xorp=True&key=yttt1&hl=en&signature=B99F7B77AD90A80A207BF7E304233FD9FEFB8E22.707C03C5D257E1C16AF730336B5EE11D7193B3DD&sparams=asr_langs%2Ccaps%2Cv%2Cxoaf%2Cxorp%2Cexpire&v=sFxA8eIS6tA&expire=1542508196&xoaf=1&kind=asr&lang=en&tlang=yo&fmt=vtt", "ext": "vtt"}], "zu": [{"url": "https://www.youtube.com/api/timedtext?asr_langs=pt%2Cit%2Cnl%2Cru%2Ces%2Cen%2Cfr%2Cja%2Cko%2Cde&caps=asr&xorp=True&key=yttt1&hl=en&signature=B99F7B77AD90A80A207BF7E304233FD9FEFB8E22.707C03C5D257E1C16AF730336B5EE11D7193B3DD&sparams=asr_langs%2Ccaps%2Cv%2Cxoaf%2Cxorp%2Cexpire&v=sFxA8eIS6tA&expire=1542508196&xoaf=1&kind=asr&lang=en&tlang=zu&fmt=ttml", "ext": "ttml"}, {"url": "https://www.youtube.com/api/timedtext?asr_langs=pt%2Cit%2Cnl%2Cru%2Ces%2Cen%2Cfr%2Cja%2Cko%2Cde&caps=asr&xorp=True&key=yttt1&hl=en&signature=B99F7B77AD90A80A207BF7E304233FD9FEFB8E22.707C03C5D257E1C16AF730336B5EE11D7193B3DD&sparams=asr_langs%2Ccaps%2Cv%2Cxoaf%2Cxorp%2Cexpire&v=sFxA8eIS6tA&expire=1542508196&xoaf=1&kind=asr&lang=en&tlang=zu&fmt=vtt", "ext": "vtt"}]}, "duration": 2900, "age_limit": 0, "annotations": null, "chapters": null, "webpage_url": "https://www.youtube.com/watch?v=sFxA8eIS6tA", "view_count": 85502, "like_count": 227, "dislike_count": 5, "average_rating": 4.91379308701, "formats": [{"format_id": "140", "url": "https://r5---sn-n4v7sney.googlevideo.com/videoplayback?ip=69.181.125.22&key=yt6&mn=sn-n4v7sney%2Csn-n4v7knll&signature=A208073BF95AFE60606B48D1482617A5D856FF4C.DE083A112C6D68EC5A3862304A2C8F177018911B&mm=31%2C29&mv=m&mt=1542482879&ms=au%2Crdu&id=o-AGIpEqlQxCn2qsXUiyCPa9XpUp8MSenfpz5bp3yLAViO&ei=NGzwW6W2F42qkwaq4pmIAg&lmt=1390923345807779&source=youtube&keepalive=yes&dur=2899.731&sparams=clen%2Cdur%2Cei%2Cgir%2Cid%2Cinitcwndbps%2Cip%2Cipbits%2Citag%2Ckeepalive%2Clmt%2Cmime%2Cmm%2Cmn%2Cms%2Cmv%2Cpl%2Crequiressl%2Csource%2Cexpire&gir=yes&fvip=5&itag=140&mime=audio%2Fmp4&requiressl=yes&clen=46054403&pl=22&ipbits=0&expire=1542504596&c=WEB&initcwndbps=1785000&ratebypass=yes", "player_url": "/yts/jsbin/player_ias-vflof8Kxx/en_US/base.js", "ext": "m4a", "format_note": "DASH audio", "acodec": "mp4a.40.2", "abr": 128, "container": "m4a_dash", "filesize": 46054403, "tbr": 130.547, "quality": -1, "vcodec": "none", "downloader_options": {"http_chunk_size": 10485760}, "format": "140 - audio only (DASH audio)", "protocol": "https", "http_headers": {"User-Agent": "Mozilla/5.0 (X11; Linux x86_64; rv:59.0) Gecko/20100101 Firefox/59.0", "Accept-Charset": "ISO-8859-1,utf-8;q=0.7,*;q=0.7", "Accept": "text/html,application/xhtml+xml,application/xml;q=0.9,*/*;q=0.8", "Accept-Encoding": "gzip, deflate", "Accept-Language": "en-us,en;q=0.5"}}, {"format_id": "171", "url": "https://r5---sn-n4v7sney.googlevideo.com/videoplayback?ip=69.181.125.22&key=yt6&mn=sn-n4v7sney%2Csn-n4v7knll&signature=107CB7B5AACE02A15AC8D2CD66EC77F972360F9E.A49F02EA56AD91684738B10C49AE20ECDE59C5&mm=31%2C29&mv=m&mt=1542482879&ms=au%2Crdu&id=o-AGIpEqlQxCn2qsXUiyCPa9XpUp8MSenfpz5bp3yLAViO&ei=NGzwW6W2F42qkwaq4pmIAg&lmt=1401329993317417&source=youtube&keepalive=yes&dur=2899.666&sparams=clen%2Cdur%2Cei%2Cgir%2Cid%2Cinitcwndbps%2Cip%2Cipbits%2Citag%2Ckeepalive%2Clmt%2Cmime%2Cmm%2Cmn%2Cms%2Cmv%2Cpl%2Crequiressl%2Csource%2Cexpire&gir=yes&fvip=5&itag=171&mime=audio%2Fwebm&requiressl=yes&clen=44522276&pl=22&ipbits=0&expire=1542504596&c=WEB&initcwndbps=1785000&ratebypass=yes", "player_url": "/yts/jsbin/player_ias-vflof8Kxx/en_US/base.js", "ext": "webm", "acodec": "vorbis", "format_note": "DASH audio", "abr": 128, "filesize": 44522276, "tbr": 140.697, "fps": 1, "quality": -1, "vcodec": "none", "downloader_options": {"http_chunk_size": 10485760}, "format": "171 - audio only (DASH audio)", "protocol": "https", "http_headers": {"User-Agent": "Mozilla/5.0 (X11; Linux x86_64; rv:59.0) Gecko/20100101 Firefox/59.0", "Accept-Charset": "ISO-8859-1,utf-8;q=0.7,*;q=0.7", "Accept": "text/html,application/xhtml+xml,application/xml;q=0.9,*/*;q=0.8", "Accept-Encoding": "gzip, deflate", "Accept-Language": "en-us,en;q=0.5"}}, {"format_id": "160", "url": "https://r5---sn-n4v7sney.googlevideo.com/videoplayback?ip=69.181.125.22&key=yt6&mn=sn-n4v7sney%2Csn-n4v7knll&signature=E10C5167A84B2DCEA9133FC5928DBA7B8809A663.A598A725F0BAB1C2272B1D800CC2A1D0937D20E2&mm=31%2C29&mv=m&mt=1542482879&ms=au%2Crdu&id=o-AGIpEqlQxCn2qsXUiyCPa9XpUp8MSenfpz5bp3yLAViO&ei=NGzwW6W2F42qkwaq4pmIAg&lmt=1390923547922539&source=youtube&keepalive=yes&dur=2899.663&sparams=aitags%2Cclen%2Cdur%2Cei%2Cgir%2Cid%2Cinitcwndbps%2Cip%2Cipbits%2Citag%2Ckeepalive%2Clmt%2Cmime%2Cmm%2Cmn%2Cms%2Cmv%2Cpl%2Crequiressl%2Csource%2Cexpire&gir=yes&fvip=5&itag=160&mime=video%2Fmp4&requiressl=yes&clen=41006408&pl=22&ipbits=0&expire=1542504596&c=WEB&aitags=133%2C134%2C135%2C160&initcwndbps=1785000&ratebypass=yes", "player_url": "/yts/jsbin/player_ias-vflof8Kxx/en_US/base.js", "ext": "mp4", "height": 144, "format_note": "144p", "vcodec": "avc1.4d400c", "filesize": 41006408, "tbr": 125.074, "width": 192, "fps": 15, "quality": -1, "acodec": "none", "downloader_options": {"http_chunk_size": 10485760}, "format": "160 - 192x144 (144p)", "protocol": "https", "http_headers": {"User-Agent": "Mozilla/5.0 (X11; Linux x86_64; rv:59.0) Gecko/20100101 Firefox/59.0", "Accept-Charset": "ISO-8859-1,utf-8;q=0.7,*;q=0.7", "Accept": "text/html,application/xhtml+xml,application/xml;q=0.9,*/*;q=0.8", "Accept-Encoding": "gzip, deflate", "Accept-Language": "en-us,en;q=0.5"}}, {"format_id": "133", "url": "https://r5---sn-n4v7sney.googlevideo.com/videoplayback?ip=69.181.125.22&key=yt6&mn=sn-n4v7sney%2Csn-n4v7knll&signature=6867C888A9504F3F54D376EAFEAB124A68D33DCB.568C8E4A0DB1CA8D16DFC7A68417CB1969313571&mm=31%2C29&mv=m&mt=1542482879&ms=au%2Crdu&id=o-AGIpEqlQxCn2qsXUiyCPa9XpUp8MSenfpz5bp3yLAViO&ei=NGzwW6W2F42qkwaq4pmIAg&lmt=1390923345695659&source=youtube&keepalive=yes&dur=2899.663&sparams=aitags%2Cclen%2Cdur%2Cei%2Cgir%2Cid%2Cinitcwndbps%2Cip%2Cipbits%2Citag%2Ckeepalive%2Clmt%2Cmime%2Cmm%2Cmn%2Cms%2Cmv%2Cpl%2Crequiressl%2Csource%2Cexpire&gir=yes&fvip=5&itag=133&mime=video%2Fmp4&requiressl=yes&clen=88601615&pl=22&ipbits=0&expire=1542504596&c=WEB&aitags=133%2C134%2C135%2C160&initcwndbps=1785000&ratebypass=yes", "player_url": "/yts/jsbin/player_ias-vflof8Kxx/en_US/base.js", "ext": "mp4", "height": 240, "format_note": "240p", "vcodec": "avc1.4d400d", "filesize": 88601615, "tbr": 256.127, "width": 320, "fps": 30, "quality": -1, "acodec": "none", "downloader_options": {"http_chunk_size": 10485760}, "format": "133 - 320x240 (240p)", "protocol": "https", "http_headers": {"User-Agent": "Mozilla/5.0 (X11; Linux x86_64; rv:59.0) Gecko/20100101 Firefox/59.0", "Accept-Charset": "ISO-8859-1,utf-8;q=0.7,*;q=0.7", "Accept": "text/html,application/xhtml+xml,application/xml;q=0.9,*/*;q=0.8", "Accept-Encoding": "gzip, deflate", "Accept-Language": "en-us,en;q=0.5"}}, {"format_id": "134", "url": "https://r5---sn-n4v7sney.googlevideo.com/videoplayback?ip=69.181.125.22&key=yt6&mn=sn-n4v7sney%2Csn-n4v7knll&signature=53DE7EA4F3AA96443B7D37F041DFBF9525EC4D5A.AA9E71F0F25A9AF6F30D1990F2B772864A535FC7&mm=31%2C29&mv=m&mt=1542482879&ms=au%2Crdu&id=o-AGIpEqlQxCn2qsXUiyCPa9XpUp8MSenfpz5bp3yLAViO&ei=NGzwW6W2F42qkwaq4pmIAg&lmt=1390923349682596&source=youtube&keepalive=yes&dur=2899.663&sparams=aitags%2Cclen%2Cdur%2Cei%2Cgir%2Cid%2Cinitcwndbps%2Cip%2Cipbits%2Citag%2Ckeepalive%2Clmt%2Cmime%2Cmm%2Cmn%2Cms%2Cmv%2Cpl%2Crequiressl%2Csource%2Cexpire&gir=yes&fvip=5&itag=134&mime=video%2Fmp4&requiressl=yes&clen=91290226&pl=22&ipbits=0&expire=1542504596&c=WEB&aitags=133%2C134%2C135%2C160&initcwndbps=1785000&ratebypass=yes", "player_url": "/yts/jsbin/player_ias-vflof8Kxx/en_US/base.js", "ext": "mp4", "height": 360, "format_note": "360p", "vcodec": "avc1.4d401e", "filesize": 91290226, "tbr": 428.47, "width": 480, "fps": 30, "quality": -1, "acodec": "none", "downloader_options": {"http_chunk_size": 10485760}, "format": "134 - 480x360 (360p)", "protocol": "https", "http_headers": {"User-Agent": "Mozilla/5.0 (X11; Linux x86_64; rv:59.0) Gecko/20100101 Firefox/59.0", "Accept-Charset": "ISO-8859-1,utf-8;q=0.7,*;q=0.7", "Accept": "text/html,application/xhtml+xml,application/xml;q=0.9,*/*;q=0.8", "Accept-Encoding": "gzip, deflate", "Accept-Language": "en-us,en;q=0.5"}}, {"format_id": "135", "url": "https://r5---sn-n4v7sney.googlevideo.com/videoplayback?ip=69.181.125.22&key=yt6&mn=sn-n4v7sney%2Csn-n4v7knll&signature=6842572188E653AEE2FF9A162F78EAE77B0A0DA5.55CB9D178B287600FC3178412F904D9764C2282A&mm=31%2C29&mv=m&mt=1542482879&ms=au%2Crdu&id=o-AGIpEqlQxCn2qsXUiyCPa9XpUp8MSenfpz5bp3yLAViO&ei=NGzwW6W2F42qkwaq4pmIAg&lmt=1390923403778556&source=youtube&keepalive=yes&dur=2899.663&sparams=aitags%2Cclen%2Cdur%2Cei%2Cgir%2Cid%2Cinitcwndbps%2Cip%2Cipbits%2Citag%2Ckeepalive%2Clmt%2Cmime%2Cmm%2Cmn%2Cms%2Cmv%2Cpl%2Crequiressl%2Csource%2Cexpire&gir=yes&fvip=5&itag=135&mime=video%2Fmp4&requiressl=yes&clen=188067094&pl=22&ipbits=0&expire=1542504596&c=WEB&aitags=133%2C134%2C135%2C160&initcwndbps=1785000&ratebypass=yes", "player_url": "/yts/jsbin/player_ias-vflof8Kxx/en_US/base.js", "ext": "mp4", "height": 480, "format_note": "480p", "vcodec": "avc1.4d401e", "filesize": 188067094, "tbr": 780.489, "width": 640, "fps": 30, "quality": -1, "acodec": "none", "downloader_options": {"http_chunk_size": 10485760}, "format": "135 - 640x480 (480p)", "protocol": "https", "http_headers": {"User-Agent": "Mozilla/5.0 (X11; Linux x86_64; rv:59.0) Gecko/20100101 Firefox/59.0", "Accept-Charset": "ISO-8859-1,utf-8;q=0.7,*;q=0.7", "Accept": "text/html,application/xhtml+xml,application/xml;q=0.9,*/*;q=0.8", "Accept-Encoding": "gzip, deflate", "Accept-Language": "en-us,en;q=0.5"}}, {"format_id": "17", "url": "https://r5---sn-n4v7sney.googlevideo.com/videoplayback?ip=69.181.125.22&key=yt6&mn=sn-n4v7sney%2Csn-n4v7knll&signature=E00E81A002C19BE8783336F718C80FF0DEC5081E.D4247656B9D259502B8BA9758151FE9AE78E2B40&sparams=clen%2Cdur%2Cei%2Cgir%2Cid%2Cinitcwndbps%2Cip%2Cipbits%2Citag%2Clmt%2Cmime%2Cmm%2Cmn%2Cms%2Cmv%2Cpl%2Crequiressl%2Csource%2Cexpire&mv=m&mt=1542482879&ms=au%2Crdu&id=o-AGIpEqlQxCn2qsXUiyCPa9XpUp8MSenfpz5bp3yLAViO&ei=NGzwW6W2F42qkwaq4pmIAg&lmt=1390924442202390&source=youtube&dur=2900.079&itag=17&fvip=5&mm=31%2C29&gir=yes&mime=video%2F3gpp&requiressl=yes&clen=29547557&pl=22&ipbits=0&expire=1542504596&c=WEB&initcwndbps=1785000&ratebypass=yes", "player_url": "/yts/jsbin/player_ias-vflof8Kxx/en_US/base.js", "ext": "3gp", "width": 176, "height": 144, "acodec": "mp4a.40.2", "abr": 24, "vcodec": "mp4v.20.3", "resolution": "176x144", "filesize": 29547557, "format_note": "small", "format": "17 - 176x144 (small)", "protocol": "https", "http_headers": {"User-Agent": "Mozilla/5.0 (X11; Linux x86_64; rv:59.0) Gecko/20100101 Firefox/59.0", "Accept-Charset": "ISO-8859-1,utf-8;q=0.7,*;q=0.7", "Accept": "text/html,application/xhtml+xml,application/xml;q=0.9,*/*;q=0.8", "Accept-Encoding": "gzip, deflate", "Accept-Language": "en-us,en;q=0.5"}}, {"format_id": "36", "url": "https://r5---sn-n4v7sney.googlevideo.com/videoplayback?ip=69.181.125.22&key=yt6&mn=sn-n4v7sney%2Csn-n4v7knll&signature=A0941AD62AEF50ACA86F9E60FFEF23A7FB7CF977.A320E308F1F413BCA920E266597C68181870478B&sparams=clen%2Cdur%2Cei%2Cgir%2Cid%2Cinitcwndbps%2Cip%2Cipbits%2Citag%2Clmt%2Cmime%2Cmm%2Cmn%2Cms%2Cmv%2Cpl%2Crequiressl%2Csource%2Cexpire&mv=m&mt=1542482879&ms=au%2Crdu&id=o-AGIpEqlQxCn2qsXUiyCPa9XpUp8MSenfpz5bp3yLAViO&ei=NGzwW6W2F42qkwaq4pmIAg&lmt=1428689623202633&source=youtube&dur=2899.847&itag=36&fvip=5&mm=31%2C29&gir=yes&mime=video%2F3gpp&requiressl=yes&clen=81888102&pl=22&ipbits=0&expire=1542504596&c=WEB&initcwndbps=1785000&ratebypass=yes", "player_url": "/yts/jsbin/player_ias-vflof8Kxx/en_US/base.js", "ext": "3gp", "width": 320, "acodec": "mp4a.40.2", "vcodec": "mp4v.20.3", "resolution": "320x240", "height": 240, "filesize": 81888102, "format_note": "small", "format": "36 - 320x240 (small)", "protocol": "https", "http_headers": {"User-Agent": "Mozilla/5.0 (X11; Linux x86_64; rv:59.0) Gecko/20100101 Firefox/59.0", "Accept-Charset": "ISO-8859-1,utf-8;q=0.7,*;q=0.7", "Accept": "text/html,application/xhtml+xml,application/xml;q=0.9,*/*;q=0.8", "Accept-Encoding": "gzip, deflate", "Accept-Language": "en-us,en;q=0.5"}}, {"format_id": "18", "url": "https://r5---sn-n4v7sney.googlevideo.com/videoplayback?ip=69.181.125.22&key=yt6&mn=sn-n4v7sney%2Csn-n4v7knll&signature=B1665A5475B606458BCBC540BFD890E85359A6F9.D5473A584A3A10DCF5002A2A9EFF87D04A1B94AD&mm=31%2C29&mv=m&mt=1542482879&ms=au%2Crdu&id=o-AGIpEqlQxCn2qsXUiyCPa9XpUp8MSenfpz5bp3yLAViO&ei=NGzwW6W2F42qkwaq4pmIAg&lmt=1390924069634104&source=youtube&dur=2899.731&sparams=clen%2Cdur%2Cei%2Cgir%2Cid%2Cinitcwndbps%2Cip%2Cipbits%2Citag%2Clmt%2Cmime%2Cmm%2Cmn%2Cms%2Cmv%2Cpl%2Cratebypass%2Crequiressl%2Csource%2Cexpire&gir=yes&fvip=5&itag=18&mime=video%2Fmp4&requiressl=yes&clen=134535908&pl=22&ipbits=0&ratebypass=yes&expire=1542504596&c=WEB&initcwndbps=1785000", "player_url": "/yts/jsbin/player_ias-vflof8Kxx/en_US/base.js", "ext": "mp4", "width": 480, "height": 360, "acodec": "mp4a.40.2", "abr": 96, "vcodec": "avc1.42001E", "resolution": "480x360", "filesize": 134535908, "format_note": "medium", "quality": 1, "format": "18 - 480x360 (medium)", "protocol": "https", "http_headers": {"User-Agent": "Mozilla/5.0 (X11; Linux x86_64; rv:59.0) Gecko/20100101 Firefox/59.0", "Accept-Charset": "ISO-8859-1,utf-8;q=0.7,*;q=0.7", "Accept": "text/html,application/xhtml+xml,application/xml;q=0.9,*/*;q=0.8", "Accept-Encoding": "gzip, deflate", "Accept-Language": "en-us,en;q=0.5"}}, {"format_id": "43", "url": "https://r5---sn-n4v7sney.googlevideo.com/videoplayback?ip=69.181.125.22&key=yt6&mn=sn-n4v7sney%2Csn-n4v7knll&signature=E11E277C9CAA024211397DAECAC8C4FCE51FB04F.99830B5E2D2CE1F25E0658ED09B9705DCBD9D77D&mm=31%2C29&mv=m&mt=1542482879&ms=au%2Crdu&id=o-AGIpEqlQxCn2qsXUiyCPa9XpUp8MSenfpz5bp3yLAViO&ei=NGzwW6W2F42qkwaq4pmIAg&lmt=1298834945884734&source=youtube&dur=0.000&sparams=clen%2Cdur%2Cei%2Cgir%2Cid%2Cinitcwndbps%2Cip%2Cipbits%2Citag%2Clmt%2Cmime%2Cmm%2Cmn%2Cms%2Cmv%2Cpl%2Cratebypass%2Crequiressl%2Csource%2Cexpire&gir=yes&fvip=5&itag=43&mime=video%2Fwebm&requiressl=yes&clen=153603350&pl=22&ipbits=0&ratebypass=yes&expire=1542504596&c=WEB&initcwndbps=1785000", "player_url": "/yts/jsbin/player_ias-vflof8Kxx/en_US/base.js", "ext": "webm", "width": 640, "height": 360, "acodec": "vorbis", "abr": 128, "vcodec": "vp8.0", "resolution": "640x360", "filesize": 153603350, "format_note": "medium", "quality": 1, "format": "43 - 640x360 (medium)", "protocol": "https", "http_headers": {"User-Agent": "Mozilla/5.0 (X11; Linux x86_64; rv:59.0) Gecko/20100101 Firefox/59.0", "Accept-Charset": "ISO-8859-1,utf-8;q=0.7,*;q=0.7", "Accept": "text/html,application/xhtml+xml,application/xml;q=0.9,*/*;q=0.8", "Accept-Encoding": "gzip, deflate", "Accept-Language": "en-us,en;q=0.5"}}], "is_live": null, "start_time": null, "end_time": null, "series": null, "season_number": null, "episode_number": null, "track": null, "artist": null, "extractor": "youtube", "webpage_url_basename": "sFxA8eIS6tA", "extractor_key": "Youtube", "n_entries": 35, "playlist": "MIT 18.06 Linear Algebra, Spring 2005", "playlist_id": "PLE7DDD91010BC51F8", "playlist_title": "MIT 18.06 Linear Algebra, Spring 2005", "playlist_uploader": "MIT OpenCourseWare", "playlist_uploader_id": "MIT", "playlist_index": 25, "thumbnails": [{"url": "https://i.ytimg.com/vi/sFxA8eIS6tA/hqdefault.jpg", "id": "0"}], "display_id": "sFxA8eIS6tA", "format_id": "43", "url": "https://r5---sn-n4v7sney.googlevideo.com/videoplayback?ip=69.181.125.22&key=yt6&mn=sn-n4v7sney%2Csn-n4v7knll&signature=E11E277C9CAA024211397DAECAC8C4FCE51FB04F.99830B5E2D2CE1F25E0658ED09B9705DCBD9D77D&mm=31%2C29&mv=m&mt=1542482879&ms=au%2Crdu&id=o-AGIpEqlQxCn2qsXUiyCPa9XpUp8MSenfpz5bp3yLAViO&ei=NGzwW6W2F42qkwaq4pmIAg&lmt=1298834945884734&source=youtube&dur=0.000&sparams=clen%2Cdur%2Cei%2Cgir%2Cid%2Cinitcwndbps%2Cip%2Cipbits%2Citag%2Clmt%2Cmime%2Cmm%2Cmn%2Cms%2Cmv%2Cpl%2Cratebypass%2Crequiressl%2Csource%2Cexpire&gir=yes&fvip=5&itag=43&mime=video%2Fwebm&requiressl=yes&clen=153603350&pl=22&ipbits=0&ratebypass=yes&expire=1542504596&c=WEB&initcwndbps=1785000", "player_url": "/yts/jsbin/player_ias-vflof8Kxx/en_US/base.js", "ext": "webm", "width": 640, "height": 360, "acodec": "vorbis", "abr": 128, "vcodec": "vp8.0", "resolution": "640x360", "filesize": 153603350, "format_note": "medium", "quality": 1, "format": "43 - 640x360 (medium)", "protocol": "https", "http_headers": {"User-Agent": "Mozilla/5.0 (X11; Linux x86_64; rv:59.0) Gecko/20100101 Firefox/59.0", "Accept-Charset": "ISO-8859-1,utf-8;q=0.7,*;q=0.7", "Accept": "text/html,application/xhtml+xml,application/xml;q=0.9,*/*;q=0.8", "Accept-Encoding": "gzip, deflate", "Accept-Language": "en-us,en;q=0.5"}, "fulltitle": "Lec 24b  | MIT 18.06 Linear Algebra, Spring 2005", "_filename": "Lec 24b  _ MIT 18.06 Linear Algebra, Spring 2005-sFxA8eIS6tA.webm"}