{"id": "vF7eyJ2g3kU", "uploader": "MIT OpenCourseWare", "uploader_id": "MIT", "uploader_url": "http://www.youtube.com/user/MIT", "channel_id": "UCEBb1b_L6zDS3xTUrIALZOw", "channel_url": "http://www.youtube.com/channel/UCEBb1b_L6zDS3xTUrIALZOw", "upload_date": "20090506", "license": null, "creator": null, "title": "Lec 27 | MIT 18.06 Linear Algebra, Spring 2005", "alt_title": null, "thumbnail": "https://i.ytimg.com/vi/vF7eyJ2g3kU/hqdefault.jpg", "description": "Lecture 27: Positive Definite Matrices and Minima.\n\nView the complete course at: http://ocw.mit.edu/18-06S05\n\nLicense: Creative Commons BY-NC-SA\nMore information at http://ocw.mit.edu/terms\nMore courses at http://ocw.mit.edu", "categories": ["Education"], "tags": ["matrix theory", "linear algebra", "systems of equations", "vector spaces", "determinants", "eigenvalues", "similarity", "positive definite matrices", "least-squares approximations", "networks", "Fourier transforms", "Markov processes"], "subtitles": {"en": [{"url": "https://www.youtube.com/api/timedtext?lang=en&v=vF7eyJ2g3kU&fmt=ttml&name=CC", "ext": "ttml"}, {"url": "https://www.youtube.com/api/timedtext?lang=en&v=vF7eyJ2g3kU&fmt=vtt&name=CC", "ext": "vtt"}]}, "automatic_captions": {"af": [{"url": "https://www.youtube.com/api/timedtext?signature=EED6FD0033F8A2599F2E3BA26432A122580CA0AD.2AD06799702E0C6A73B7404198A518D89F6683E8&caps=asr&asr_langs=nl%2Cja%2Cen%2Cko%2Cde%2Cfr%2Cru%2Cit%2Ces%2Cpt&key=yttt1&hl=en&xorp=True&xoaf=1&v=vF7eyJ2g3kU&sparams=asr_langs%2Ccaps%2Cv%2Cxoaf%2Cxorp%2Cexpire&expire=1542508208&kind=asr&lang=en&tlang=af&fmt=ttml", "ext": "ttml"}, {"url": "https://www.youtube.com/api/timedtext?signature=EED6FD0033F8A2599F2E3BA26432A122580CA0AD.2AD06799702E0C6A73B7404198A518D89F6683E8&caps=asr&asr_langs=nl%2Cja%2Cen%2Cko%2Cde%2Cfr%2Cru%2Cit%2Ces%2Cpt&key=yttt1&hl=en&xorp=True&xoaf=1&v=vF7eyJ2g3kU&sparams=asr_langs%2Ccaps%2Cv%2Cxoaf%2Cxorp%2Cexpire&expire=1542508208&kind=asr&lang=en&tlang=af&fmt=vtt", "ext": "vtt"}], "sq": [{"url": "https://www.youtube.com/api/timedtext?signature=EED6FD0033F8A2599F2E3BA26432A122580CA0AD.2AD06799702E0C6A73B7404198A518D89F6683E8&caps=asr&asr_langs=nl%2Cja%2Cen%2Cko%2Cde%2Cfr%2Cru%2Cit%2Ces%2Cpt&key=yttt1&hl=en&xorp=True&xoaf=1&v=vF7eyJ2g3kU&sparams=asr_langs%2Ccaps%2Cv%2Cxoaf%2Cxorp%2Cexpire&expire=1542508208&kind=asr&lang=en&tlang=sq&fmt=ttml", "ext": "ttml"}, {"url": "https://www.youtube.com/api/timedtext?signature=EED6FD0033F8A2599F2E3BA26432A122580CA0AD.2AD06799702E0C6A73B7404198A518D89F6683E8&caps=asr&asr_langs=nl%2Cja%2Cen%2Cko%2Cde%2Cfr%2Cru%2Cit%2Ces%2Cpt&key=yttt1&hl=en&xorp=True&xoaf=1&v=vF7eyJ2g3kU&sparams=asr_langs%2Ccaps%2Cv%2Cxoaf%2Cxorp%2Cexpire&expire=1542508208&kind=asr&lang=en&tlang=sq&fmt=vtt", "ext": "vtt"}], "am": [{"url": "https://www.youtube.com/api/timedtext?signature=EED6FD0033F8A2599F2E3BA26432A122580CA0AD.2AD06799702E0C6A73B7404198A518D89F6683E8&caps=asr&asr_langs=nl%2Cja%2Cen%2Cko%2Cde%2Cfr%2Cru%2Cit%2Ces%2Cpt&key=yttt1&hl=en&xorp=True&xoaf=1&v=vF7eyJ2g3kU&sparams=asr_langs%2Ccaps%2Cv%2Cxoaf%2Cxorp%2Cexpire&expire=1542508208&kind=asr&lang=en&tlang=am&fmt=ttml", "ext": "ttml"}, {"url": "https://www.youtube.com/api/timedtext?signature=EED6FD0033F8A2599F2E3BA26432A122580CA0AD.2AD06799702E0C6A73B7404198A518D89F6683E8&caps=asr&asr_langs=nl%2Cja%2Cen%2Cko%2Cde%2Cfr%2Cru%2Cit%2Ces%2Cpt&key=yttt1&hl=en&xorp=True&xoaf=1&v=vF7eyJ2g3kU&sparams=asr_langs%2Ccaps%2Cv%2Cxoaf%2Cxorp%2Cexpire&expire=1542508208&kind=asr&lang=en&tlang=am&fmt=vtt", "ext": "vtt"}], "ar": [{"url": "https://www.youtube.com/api/timedtext?signature=EED6FD0033F8A2599F2E3BA26432A122580CA0AD.2AD06799702E0C6A73B7404198A518D89F6683E8&caps=asr&asr_langs=nl%2Cja%2Cen%2Cko%2Cde%2Cfr%2Cru%2Cit%2Ces%2Cpt&key=yttt1&hl=en&xorp=True&xoaf=1&v=vF7eyJ2g3kU&sparams=asr_langs%2Ccaps%2Cv%2Cxoaf%2Cxorp%2Cexpire&expire=1542508208&kind=asr&lang=en&tlang=ar&fmt=ttml", "ext": "ttml"}, {"url": "https://www.youtube.com/api/timedtext?signature=EED6FD0033F8A2599F2E3BA26432A122580CA0AD.2AD06799702E0C6A73B7404198A518D89F6683E8&caps=asr&asr_langs=nl%2Cja%2Cen%2Cko%2Cde%2Cfr%2Cru%2Cit%2Ces%2Cpt&key=yttt1&hl=en&xorp=True&xoaf=1&v=vF7eyJ2g3kU&sparams=asr_langs%2Ccaps%2Cv%2Cxoaf%2Cxorp%2Cexpire&expire=1542508208&kind=asr&lang=en&tlang=ar&fmt=vtt", "ext": "vtt"}], "hy": [{"url": "https://www.youtube.com/api/timedtext?signature=EED6FD0033F8A2599F2E3BA26432A122580CA0AD.2AD06799702E0C6A73B7404198A518D89F6683E8&caps=asr&asr_langs=nl%2Cja%2Cen%2Cko%2Cde%2Cfr%2Cru%2Cit%2Ces%2Cpt&key=yttt1&hl=en&xorp=True&xoaf=1&v=vF7eyJ2g3kU&sparams=asr_langs%2Ccaps%2Cv%2Cxoaf%2Cxorp%2Cexpire&expire=1542508208&kind=asr&lang=en&tlang=hy&fmt=ttml", "ext": "ttml"}, {"url": "https://www.youtube.com/api/timedtext?signature=EED6FD0033F8A2599F2E3BA26432A122580CA0AD.2AD06799702E0C6A73B7404198A518D89F6683E8&caps=asr&asr_langs=nl%2Cja%2Cen%2Cko%2Cde%2Cfr%2Cru%2Cit%2Ces%2Cpt&key=yttt1&hl=en&xorp=True&xoaf=1&v=vF7eyJ2g3kU&sparams=asr_langs%2Ccaps%2Cv%2Cxoaf%2Cxorp%2Cexpire&expire=1542508208&kind=asr&lang=en&tlang=hy&fmt=vtt", "ext": "vtt"}], "az": [{"url": "https://www.youtube.com/api/timedtext?signature=EED6FD0033F8A2599F2E3BA26432A122580CA0AD.2AD06799702E0C6A73B7404198A518D89F6683E8&caps=asr&asr_langs=nl%2Cja%2Cen%2Cko%2Cde%2Cfr%2Cru%2Cit%2Ces%2Cpt&key=yttt1&hl=en&xorp=True&xoaf=1&v=vF7eyJ2g3kU&sparams=asr_langs%2Ccaps%2Cv%2Cxoaf%2Cxorp%2Cexpire&expire=1542508208&kind=asr&lang=en&tlang=az&fmt=ttml", "ext": "ttml"}, {"url": "https://www.youtube.com/api/timedtext?signature=EED6FD0033F8A2599F2E3BA26432A122580CA0AD.2AD06799702E0C6A73B7404198A518D89F6683E8&caps=asr&asr_langs=nl%2Cja%2Cen%2Cko%2Cde%2Cfr%2Cru%2Cit%2Ces%2Cpt&key=yttt1&hl=en&xorp=True&xoaf=1&v=vF7eyJ2g3kU&sparams=asr_langs%2Ccaps%2Cv%2Cxoaf%2Cxorp%2Cexpire&expire=1542508208&kind=asr&lang=en&tlang=az&fmt=vtt", "ext": "vtt"}], "bn": [{"url": "https://www.youtube.com/api/timedtext?signature=EED6FD0033F8A2599F2E3BA26432A122580CA0AD.2AD06799702E0C6A73B7404198A518D89F6683E8&caps=asr&asr_langs=nl%2Cja%2Cen%2Cko%2Cde%2Cfr%2Cru%2Cit%2Ces%2Cpt&key=yttt1&hl=en&xorp=True&xoaf=1&v=vF7eyJ2g3kU&sparams=asr_langs%2Ccaps%2Cv%2Cxoaf%2Cxorp%2Cexpire&expire=1542508208&kind=asr&lang=en&tlang=bn&fmt=ttml", "ext": "ttml"}, {"url": "https://www.youtube.com/api/timedtext?signature=EED6FD0033F8A2599F2E3BA26432A122580CA0AD.2AD06799702E0C6A73B7404198A518D89F6683E8&caps=asr&asr_langs=nl%2Cja%2Cen%2Cko%2Cde%2Cfr%2Cru%2Cit%2Ces%2Cpt&key=yttt1&hl=en&xorp=True&xoaf=1&v=vF7eyJ2g3kU&sparams=asr_langs%2Ccaps%2Cv%2Cxoaf%2Cxorp%2Cexpire&expire=1542508208&kind=asr&lang=en&tlang=bn&fmt=vtt", "ext": "vtt"}], "eu": [{"url": "https://www.youtube.com/api/timedtext?signature=EED6FD0033F8A2599F2E3BA26432A122580CA0AD.2AD06799702E0C6A73B7404198A518D89F6683E8&caps=asr&asr_langs=nl%2Cja%2Cen%2Cko%2Cde%2Cfr%2Cru%2Cit%2Ces%2Cpt&key=yttt1&hl=en&xorp=True&xoaf=1&v=vF7eyJ2g3kU&sparams=asr_langs%2Ccaps%2Cv%2Cxoaf%2Cxorp%2Cexpire&expire=1542508208&kind=asr&lang=en&tlang=eu&fmt=ttml", "ext": "ttml"}, {"url": "https://www.youtube.com/api/timedtext?signature=EED6FD0033F8A2599F2E3BA26432A122580CA0AD.2AD06799702E0C6A73B7404198A518D89F6683E8&caps=asr&asr_langs=nl%2Cja%2Cen%2Cko%2Cde%2Cfr%2Cru%2Cit%2Ces%2Cpt&key=yttt1&hl=en&xorp=True&xoaf=1&v=vF7eyJ2g3kU&sparams=asr_langs%2Ccaps%2Cv%2Cxoaf%2Cxorp%2Cexpire&expire=1542508208&kind=asr&lang=en&tlang=eu&fmt=vtt", "ext": "vtt"}], "be": [{"url": "https://www.youtube.com/api/timedtext?signature=EED6FD0033F8A2599F2E3BA26432A122580CA0AD.2AD06799702E0C6A73B7404198A518D89F6683E8&caps=asr&asr_langs=nl%2Cja%2Cen%2Cko%2Cde%2Cfr%2Cru%2Cit%2Ces%2Cpt&key=yttt1&hl=en&xorp=True&xoaf=1&v=vF7eyJ2g3kU&sparams=asr_langs%2Ccaps%2Cv%2Cxoaf%2Cxorp%2Cexpire&expire=1542508208&kind=asr&lang=en&tlang=be&fmt=ttml", "ext": "ttml"}, {"url": "https://www.youtube.com/api/timedtext?signature=EED6FD0033F8A2599F2E3BA26432A122580CA0AD.2AD06799702E0C6A73B7404198A518D89F6683E8&caps=asr&asr_langs=nl%2Cja%2Cen%2Cko%2Cde%2Cfr%2Cru%2Cit%2Ces%2Cpt&key=yttt1&hl=en&xorp=True&xoaf=1&v=vF7eyJ2g3kU&sparams=asr_langs%2Ccaps%2Cv%2Cxoaf%2Cxorp%2Cexpire&expire=1542508208&kind=asr&lang=en&tlang=be&fmt=vtt", "ext": "vtt"}], "bs": [{"url": "https://www.youtube.com/api/timedtext?signature=EED6FD0033F8A2599F2E3BA26432A122580CA0AD.2AD06799702E0C6A73B7404198A518D89F6683E8&caps=asr&asr_langs=nl%2Cja%2Cen%2Cko%2Cde%2Cfr%2Cru%2Cit%2Ces%2Cpt&key=yttt1&hl=en&xorp=True&xoaf=1&v=vF7eyJ2g3kU&sparams=asr_langs%2Ccaps%2Cv%2Cxoaf%2Cxorp%2Cexpire&expire=1542508208&kind=asr&lang=en&tlang=bs&fmt=ttml", "ext": "ttml"}, {"url": "https://www.youtube.com/api/timedtext?signature=EED6FD0033F8A2599F2E3BA26432A122580CA0AD.2AD06799702E0C6A73B7404198A518D89F6683E8&caps=asr&asr_langs=nl%2Cja%2Cen%2Cko%2Cde%2Cfr%2Cru%2Cit%2Ces%2Cpt&key=yttt1&hl=en&xorp=True&xoaf=1&v=vF7eyJ2g3kU&sparams=asr_langs%2Ccaps%2Cv%2Cxoaf%2Cxorp%2Cexpire&expire=1542508208&kind=asr&lang=en&tlang=bs&fmt=vtt", "ext": "vtt"}], "bg": [{"url": "https://www.youtube.com/api/timedtext?signature=EED6FD0033F8A2599F2E3BA26432A122580CA0AD.2AD06799702E0C6A73B7404198A518D89F6683E8&caps=asr&asr_langs=nl%2Cja%2Cen%2Cko%2Cde%2Cfr%2Cru%2Cit%2Ces%2Cpt&key=yttt1&hl=en&xorp=True&xoaf=1&v=vF7eyJ2g3kU&sparams=asr_langs%2Ccaps%2Cv%2Cxoaf%2Cxorp%2Cexpire&expire=1542508208&kind=asr&lang=en&tlang=bg&fmt=ttml", "ext": "ttml"}, {"url": "https://www.youtube.com/api/timedtext?signature=EED6FD0033F8A2599F2E3BA26432A122580CA0AD.2AD06799702E0C6A73B7404198A518D89F6683E8&caps=asr&asr_langs=nl%2Cja%2Cen%2Cko%2Cde%2Cfr%2Cru%2Cit%2Ces%2Cpt&key=yttt1&hl=en&xorp=True&xoaf=1&v=vF7eyJ2g3kU&sparams=asr_langs%2Ccaps%2Cv%2Cxoaf%2Cxorp%2Cexpire&expire=1542508208&kind=asr&lang=en&tlang=bg&fmt=vtt", "ext": "vtt"}], "my": [{"url": "https://www.youtube.com/api/timedtext?signature=EED6FD0033F8A2599F2E3BA26432A122580CA0AD.2AD06799702E0C6A73B7404198A518D89F6683E8&caps=asr&asr_langs=nl%2Cja%2Cen%2Cko%2Cde%2Cfr%2Cru%2Cit%2Ces%2Cpt&key=yttt1&hl=en&xorp=True&xoaf=1&v=vF7eyJ2g3kU&sparams=asr_langs%2Ccaps%2Cv%2Cxoaf%2Cxorp%2Cexpire&expire=1542508208&kind=asr&lang=en&tlang=my&fmt=ttml", "ext": "ttml"}, {"url": "https://www.youtube.com/api/timedtext?signature=EED6FD0033F8A2599F2E3BA26432A122580CA0AD.2AD06799702E0C6A73B7404198A518D89F6683E8&caps=asr&asr_langs=nl%2Cja%2Cen%2Cko%2Cde%2Cfr%2Cru%2Cit%2Ces%2Cpt&key=yttt1&hl=en&xorp=True&xoaf=1&v=vF7eyJ2g3kU&sparams=asr_langs%2Ccaps%2Cv%2Cxoaf%2Cxorp%2Cexpire&expire=1542508208&kind=asr&lang=en&tlang=my&fmt=vtt", "ext": "vtt"}], "ca": [{"url": "https://www.youtube.com/api/timedtext?signature=EED6FD0033F8A2599F2E3BA26432A122580CA0AD.2AD06799702E0C6A73B7404198A518D89F6683E8&caps=asr&asr_langs=nl%2Cja%2Cen%2Cko%2Cde%2Cfr%2Cru%2Cit%2Ces%2Cpt&key=yttt1&hl=en&xorp=True&xoaf=1&v=vF7eyJ2g3kU&sparams=asr_langs%2Ccaps%2Cv%2Cxoaf%2Cxorp%2Cexpire&expire=1542508208&kind=asr&lang=en&tlang=ca&fmt=ttml", "ext": "ttml"}, {"url": "https://www.youtube.com/api/timedtext?signature=EED6FD0033F8A2599F2E3BA26432A122580CA0AD.2AD06799702E0C6A73B7404198A518D89F6683E8&caps=asr&asr_langs=nl%2Cja%2Cen%2Cko%2Cde%2Cfr%2Cru%2Cit%2Ces%2Cpt&key=yttt1&hl=en&xorp=True&xoaf=1&v=vF7eyJ2g3kU&sparams=asr_langs%2Ccaps%2Cv%2Cxoaf%2Cxorp%2Cexpire&expire=1542508208&kind=asr&lang=en&tlang=ca&fmt=vtt", "ext": "vtt"}], "ceb": [{"url": "https://www.youtube.com/api/timedtext?signature=EED6FD0033F8A2599F2E3BA26432A122580CA0AD.2AD06799702E0C6A73B7404198A518D89F6683E8&caps=asr&asr_langs=nl%2Cja%2Cen%2Cko%2Cde%2Cfr%2Cru%2Cit%2Ces%2Cpt&key=yttt1&hl=en&xorp=True&xoaf=1&v=vF7eyJ2g3kU&sparams=asr_langs%2Ccaps%2Cv%2Cxoaf%2Cxorp%2Cexpire&expire=1542508208&kind=asr&lang=en&tlang=ceb&fmt=ttml", "ext": "ttml"}, {"url": "https://www.youtube.com/api/timedtext?signature=EED6FD0033F8A2599F2E3BA26432A122580CA0AD.2AD06799702E0C6A73B7404198A518D89F6683E8&caps=asr&asr_langs=nl%2Cja%2Cen%2Cko%2Cde%2Cfr%2Cru%2Cit%2Ces%2Cpt&key=yttt1&hl=en&xorp=True&xoaf=1&v=vF7eyJ2g3kU&sparams=asr_langs%2Ccaps%2Cv%2Cxoaf%2Cxorp%2Cexpire&expire=1542508208&kind=asr&lang=en&tlang=ceb&fmt=vtt", "ext": "vtt"}], "zh-Hans": [{"url": "https://www.youtube.com/api/timedtext?signature=EED6FD0033F8A2599F2E3BA26432A122580CA0AD.2AD06799702E0C6A73B7404198A518D89F6683E8&caps=asr&asr_langs=nl%2Cja%2Cen%2Cko%2Cde%2Cfr%2Cru%2Cit%2Ces%2Cpt&key=yttt1&hl=en&xorp=True&xoaf=1&v=vF7eyJ2g3kU&sparams=asr_langs%2Ccaps%2Cv%2Cxoaf%2Cxorp%2Cexpire&expire=1542508208&kind=asr&lang=en&tlang=zh-Hans&fmt=ttml", "ext": "ttml"}, {"url": "https://www.youtube.com/api/timedtext?signature=EED6FD0033F8A2599F2E3BA26432A122580CA0AD.2AD06799702E0C6A73B7404198A518D89F6683E8&caps=asr&asr_langs=nl%2Cja%2Cen%2Cko%2Cde%2Cfr%2Cru%2Cit%2Ces%2Cpt&key=yttt1&hl=en&xorp=True&xoaf=1&v=vF7eyJ2g3kU&sparams=asr_langs%2Ccaps%2Cv%2Cxoaf%2Cxorp%2Cexpire&expire=1542508208&kind=asr&lang=en&tlang=zh-Hans&fmt=vtt", "ext": "vtt"}], "zh-Hant": [{"url": "https://www.youtube.com/api/timedtext?signature=EED6FD0033F8A2599F2E3BA26432A122580CA0AD.2AD06799702E0C6A73B7404198A518D89F6683E8&caps=asr&asr_langs=nl%2Cja%2Cen%2Cko%2Cde%2Cfr%2Cru%2Cit%2Ces%2Cpt&key=yttt1&hl=en&xorp=True&xoaf=1&v=vF7eyJ2g3kU&sparams=asr_langs%2Ccaps%2Cv%2Cxoaf%2Cxorp%2Cexpire&expire=1542508208&kind=asr&lang=en&tlang=zh-Hant&fmt=ttml", "ext": "ttml"}, {"url": "https://www.youtube.com/api/timedtext?signature=EED6FD0033F8A2599F2E3BA26432A122580CA0AD.2AD06799702E0C6A73B7404198A518D89F6683E8&caps=asr&asr_langs=nl%2Cja%2Cen%2Cko%2Cde%2Cfr%2Cru%2Cit%2Ces%2Cpt&key=yttt1&hl=en&xorp=True&xoaf=1&v=vF7eyJ2g3kU&sparams=asr_langs%2Ccaps%2Cv%2Cxoaf%2Cxorp%2Cexpire&expire=1542508208&kind=asr&lang=en&tlang=zh-Hant&fmt=vtt", "ext": "vtt"}], "co": [{"url": "https://www.youtube.com/api/timedtext?signature=EED6FD0033F8A2599F2E3BA26432A122580CA0AD.2AD06799702E0C6A73B7404198A518D89F6683E8&caps=asr&asr_langs=nl%2Cja%2Cen%2Cko%2Cde%2Cfr%2Cru%2Cit%2Ces%2Cpt&key=yttt1&hl=en&xorp=True&xoaf=1&v=vF7eyJ2g3kU&sparams=asr_langs%2Ccaps%2Cv%2Cxoaf%2Cxorp%2Cexpire&expire=1542508208&kind=asr&lang=en&tlang=co&fmt=ttml", "ext": "ttml"}, {"url": "https://www.youtube.com/api/timedtext?signature=EED6FD0033F8A2599F2E3BA26432A122580CA0AD.2AD06799702E0C6A73B7404198A518D89F6683E8&caps=asr&asr_langs=nl%2Cja%2Cen%2Cko%2Cde%2Cfr%2Cru%2Cit%2Ces%2Cpt&key=yttt1&hl=en&xorp=True&xoaf=1&v=vF7eyJ2g3kU&sparams=asr_langs%2Ccaps%2Cv%2Cxoaf%2Cxorp%2Cexpire&expire=1542508208&kind=asr&lang=en&tlang=co&fmt=vtt", "ext": "vtt"}], "hr": [{"url": "https://www.youtube.com/api/timedtext?signature=EED6FD0033F8A2599F2E3BA26432A122580CA0AD.2AD06799702E0C6A73B7404198A518D89F6683E8&caps=asr&asr_langs=nl%2Cja%2Cen%2Cko%2Cde%2Cfr%2Cru%2Cit%2Ces%2Cpt&key=yttt1&hl=en&xorp=True&xoaf=1&v=vF7eyJ2g3kU&sparams=asr_langs%2Ccaps%2Cv%2Cxoaf%2Cxorp%2Cexpire&expire=1542508208&kind=asr&lang=en&tlang=hr&fmt=ttml", "ext": "ttml"}, {"url": "https://www.youtube.com/api/timedtext?signature=EED6FD0033F8A2599F2E3BA26432A122580CA0AD.2AD06799702E0C6A73B7404198A518D89F6683E8&caps=asr&asr_langs=nl%2Cja%2Cen%2Cko%2Cde%2Cfr%2Cru%2Cit%2Ces%2Cpt&key=yttt1&hl=en&xorp=True&xoaf=1&v=vF7eyJ2g3kU&sparams=asr_langs%2Ccaps%2Cv%2Cxoaf%2Cxorp%2Cexpire&expire=1542508208&kind=asr&lang=en&tlang=hr&fmt=vtt", "ext": "vtt"}], "cs": [{"url": "https://www.youtube.com/api/timedtext?signature=EED6FD0033F8A2599F2E3BA26432A122580CA0AD.2AD06799702E0C6A73B7404198A518D89F6683E8&caps=asr&asr_langs=nl%2Cja%2Cen%2Cko%2Cde%2Cfr%2Cru%2Cit%2Ces%2Cpt&key=yttt1&hl=en&xorp=True&xoaf=1&v=vF7eyJ2g3kU&sparams=asr_langs%2Ccaps%2Cv%2Cxoaf%2Cxorp%2Cexpire&expire=1542508208&kind=asr&lang=en&tlang=cs&fmt=ttml", "ext": "ttml"}, {"url": "https://www.youtube.com/api/timedtext?signature=EED6FD0033F8A2599F2E3BA26432A122580CA0AD.2AD06799702E0C6A73B7404198A518D89F6683E8&caps=asr&asr_langs=nl%2Cja%2Cen%2Cko%2Cde%2Cfr%2Cru%2Cit%2Ces%2Cpt&key=yttt1&hl=en&xorp=True&xoaf=1&v=vF7eyJ2g3kU&sparams=asr_langs%2Ccaps%2Cv%2Cxoaf%2Cxorp%2Cexpire&expire=1542508208&kind=asr&lang=en&tlang=cs&fmt=vtt", "ext": "vtt"}], "da": [{"url": "https://www.youtube.com/api/timedtext?signature=EED6FD0033F8A2599F2E3BA26432A122580CA0AD.2AD06799702E0C6A73B7404198A518D89F6683E8&caps=asr&asr_langs=nl%2Cja%2Cen%2Cko%2Cde%2Cfr%2Cru%2Cit%2Ces%2Cpt&key=yttt1&hl=en&xorp=True&xoaf=1&v=vF7eyJ2g3kU&sparams=asr_langs%2Ccaps%2Cv%2Cxoaf%2Cxorp%2Cexpire&expire=1542508208&kind=asr&lang=en&tlang=da&fmt=ttml", "ext": "ttml"}, {"url": "https://www.youtube.com/api/timedtext?signature=EED6FD0033F8A2599F2E3BA26432A122580CA0AD.2AD06799702E0C6A73B7404198A518D89F6683E8&caps=asr&asr_langs=nl%2Cja%2Cen%2Cko%2Cde%2Cfr%2Cru%2Cit%2Ces%2Cpt&key=yttt1&hl=en&xorp=True&xoaf=1&v=vF7eyJ2g3kU&sparams=asr_langs%2Ccaps%2Cv%2Cxoaf%2Cxorp%2Cexpire&expire=1542508208&kind=asr&lang=en&tlang=da&fmt=vtt", "ext": "vtt"}], "nl": [{"url": "https://www.youtube.com/api/timedtext?signature=EED6FD0033F8A2599F2E3BA26432A122580CA0AD.2AD06799702E0C6A73B7404198A518D89F6683E8&caps=asr&asr_langs=nl%2Cja%2Cen%2Cko%2Cde%2Cfr%2Cru%2Cit%2Ces%2Cpt&key=yttt1&hl=en&xorp=True&xoaf=1&v=vF7eyJ2g3kU&sparams=asr_langs%2Ccaps%2Cv%2Cxoaf%2Cxorp%2Cexpire&expire=1542508208&kind=asr&lang=en&tlang=nl&fmt=ttml", "ext": "ttml"}, {"url": "https://www.youtube.com/api/timedtext?signature=EED6FD0033F8A2599F2E3BA26432A122580CA0AD.2AD06799702E0C6A73B7404198A518D89F6683E8&caps=asr&asr_langs=nl%2Cja%2Cen%2Cko%2Cde%2Cfr%2Cru%2Cit%2Ces%2Cpt&key=yttt1&hl=en&xorp=True&xoaf=1&v=vF7eyJ2g3kU&sparams=asr_langs%2Ccaps%2Cv%2Cxoaf%2Cxorp%2Cexpire&expire=1542508208&kind=asr&lang=en&tlang=nl&fmt=vtt", "ext": "vtt"}], "en": [{"url": "https://www.youtube.com/api/timedtext?signature=EED6FD0033F8A2599F2E3BA26432A122580CA0AD.2AD06799702E0C6A73B7404198A518D89F6683E8&caps=asr&asr_langs=nl%2Cja%2Cen%2Cko%2Cde%2Cfr%2Cru%2Cit%2Ces%2Cpt&key=yttt1&hl=en&xorp=True&xoaf=1&v=vF7eyJ2g3kU&sparams=asr_langs%2Ccaps%2Cv%2Cxoaf%2Cxorp%2Cexpire&expire=1542508208&kind=asr&lang=en&tlang=en&fmt=ttml", "ext": "ttml"}, {"url": "https://www.youtube.com/api/timedtext?signature=EED6FD0033F8A2599F2E3BA26432A122580CA0AD.2AD06799702E0C6A73B7404198A518D89F6683E8&caps=asr&asr_langs=nl%2Cja%2Cen%2Cko%2Cde%2Cfr%2Cru%2Cit%2Ces%2Cpt&key=yttt1&hl=en&xorp=True&xoaf=1&v=vF7eyJ2g3kU&sparams=asr_langs%2Ccaps%2Cv%2Cxoaf%2Cxorp%2Cexpire&expire=1542508208&kind=asr&lang=en&tlang=en&fmt=vtt", "ext": "vtt"}], "eo": [{"url": "https://www.youtube.com/api/timedtext?signature=EED6FD0033F8A2599F2E3BA26432A122580CA0AD.2AD06799702E0C6A73B7404198A518D89F6683E8&caps=asr&asr_langs=nl%2Cja%2Cen%2Cko%2Cde%2Cfr%2Cru%2Cit%2Ces%2Cpt&key=yttt1&hl=en&xorp=True&xoaf=1&v=vF7eyJ2g3kU&sparams=asr_langs%2Ccaps%2Cv%2Cxoaf%2Cxorp%2Cexpire&expire=1542508208&kind=asr&lang=en&tlang=eo&fmt=ttml", "ext": "ttml"}, {"url": "https://www.youtube.com/api/timedtext?signature=EED6FD0033F8A2599F2E3BA26432A122580CA0AD.2AD06799702E0C6A73B7404198A518D89F6683E8&caps=asr&asr_langs=nl%2Cja%2Cen%2Cko%2Cde%2Cfr%2Cru%2Cit%2Ces%2Cpt&key=yttt1&hl=en&xorp=True&xoaf=1&v=vF7eyJ2g3kU&sparams=asr_langs%2Ccaps%2Cv%2Cxoaf%2Cxorp%2Cexpire&expire=1542508208&kind=asr&lang=en&tlang=eo&fmt=vtt", "ext": "vtt"}], "et": [{"url": "https://www.youtube.com/api/timedtext?signature=EED6FD0033F8A2599F2E3BA26432A122580CA0AD.2AD06799702E0C6A73B7404198A518D89F6683E8&caps=asr&asr_langs=nl%2Cja%2Cen%2Cko%2Cde%2Cfr%2Cru%2Cit%2Ces%2Cpt&key=yttt1&hl=en&xorp=True&xoaf=1&v=vF7eyJ2g3kU&sparams=asr_langs%2Ccaps%2Cv%2Cxoaf%2Cxorp%2Cexpire&expire=1542508208&kind=asr&lang=en&tlang=et&fmt=ttml", "ext": "ttml"}, {"url": "https://www.youtube.com/api/timedtext?signature=EED6FD0033F8A2599F2E3BA26432A122580CA0AD.2AD06799702E0C6A73B7404198A518D89F6683E8&caps=asr&asr_langs=nl%2Cja%2Cen%2Cko%2Cde%2Cfr%2Cru%2Cit%2Ces%2Cpt&key=yttt1&hl=en&xorp=True&xoaf=1&v=vF7eyJ2g3kU&sparams=asr_langs%2Ccaps%2Cv%2Cxoaf%2Cxorp%2Cexpire&expire=1542508208&kind=asr&lang=en&tlang=et&fmt=vtt", "ext": "vtt"}], "fil": [{"url": "https://www.youtube.com/api/timedtext?signature=EED6FD0033F8A2599F2E3BA26432A122580CA0AD.2AD06799702E0C6A73B7404198A518D89F6683E8&caps=asr&asr_langs=nl%2Cja%2Cen%2Cko%2Cde%2Cfr%2Cru%2Cit%2Ces%2Cpt&key=yttt1&hl=en&xorp=True&xoaf=1&v=vF7eyJ2g3kU&sparams=asr_langs%2Ccaps%2Cv%2Cxoaf%2Cxorp%2Cexpire&expire=1542508208&kind=asr&lang=en&tlang=fil&fmt=ttml", "ext": "ttml"}, {"url": "https://www.youtube.com/api/timedtext?signature=EED6FD0033F8A2599F2E3BA26432A122580CA0AD.2AD06799702E0C6A73B7404198A518D89F6683E8&caps=asr&asr_langs=nl%2Cja%2Cen%2Cko%2Cde%2Cfr%2Cru%2Cit%2Ces%2Cpt&key=yttt1&hl=en&xorp=True&xoaf=1&v=vF7eyJ2g3kU&sparams=asr_langs%2Ccaps%2Cv%2Cxoaf%2Cxorp%2Cexpire&expire=1542508208&kind=asr&lang=en&tlang=fil&fmt=vtt", "ext": "vtt"}], "fi": [{"url": "https://www.youtube.com/api/timedtext?signature=EED6FD0033F8A2599F2E3BA26432A122580CA0AD.2AD06799702E0C6A73B7404198A518D89F6683E8&caps=asr&asr_langs=nl%2Cja%2Cen%2Cko%2Cde%2Cfr%2Cru%2Cit%2Ces%2Cpt&key=yttt1&hl=en&xorp=True&xoaf=1&v=vF7eyJ2g3kU&sparams=asr_langs%2Ccaps%2Cv%2Cxoaf%2Cxorp%2Cexpire&expire=1542508208&kind=asr&lang=en&tlang=fi&fmt=ttml", "ext": "ttml"}, {"url": "https://www.youtube.com/api/timedtext?signature=EED6FD0033F8A2599F2E3BA26432A122580CA0AD.2AD06799702E0C6A73B7404198A518D89F6683E8&caps=asr&asr_langs=nl%2Cja%2Cen%2Cko%2Cde%2Cfr%2Cru%2Cit%2Ces%2Cpt&key=yttt1&hl=en&xorp=True&xoaf=1&v=vF7eyJ2g3kU&sparams=asr_langs%2Ccaps%2Cv%2Cxoaf%2Cxorp%2Cexpire&expire=1542508208&kind=asr&lang=en&tlang=fi&fmt=vtt", "ext": "vtt"}], "fr": [{"url": "https://www.youtube.com/api/timedtext?signature=EED6FD0033F8A2599F2E3BA26432A122580CA0AD.2AD06799702E0C6A73B7404198A518D89F6683E8&caps=asr&asr_langs=nl%2Cja%2Cen%2Cko%2Cde%2Cfr%2Cru%2Cit%2Ces%2Cpt&key=yttt1&hl=en&xorp=True&xoaf=1&v=vF7eyJ2g3kU&sparams=asr_langs%2Ccaps%2Cv%2Cxoaf%2Cxorp%2Cexpire&expire=1542508208&kind=asr&lang=en&tlang=fr&fmt=ttml", "ext": "ttml"}, {"url": "https://www.youtube.com/api/timedtext?signature=EED6FD0033F8A2599F2E3BA26432A122580CA0AD.2AD06799702E0C6A73B7404198A518D89F6683E8&caps=asr&asr_langs=nl%2Cja%2Cen%2Cko%2Cde%2Cfr%2Cru%2Cit%2Ces%2Cpt&key=yttt1&hl=en&xorp=True&xoaf=1&v=vF7eyJ2g3kU&sparams=asr_langs%2Ccaps%2Cv%2Cxoaf%2Cxorp%2Cexpire&expire=1542508208&kind=asr&lang=en&tlang=fr&fmt=vtt", "ext": "vtt"}], "gl": [{"url": "https://www.youtube.com/api/timedtext?signature=EED6FD0033F8A2599F2E3BA26432A122580CA0AD.2AD06799702E0C6A73B7404198A518D89F6683E8&caps=asr&asr_langs=nl%2Cja%2Cen%2Cko%2Cde%2Cfr%2Cru%2Cit%2Ces%2Cpt&key=yttt1&hl=en&xorp=True&xoaf=1&v=vF7eyJ2g3kU&sparams=asr_langs%2Ccaps%2Cv%2Cxoaf%2Cxorp%2Cexpire&expire=1542508208&kind=asr&lang=en&tlang=gl&fmt=ttml", "ext": "ttml"}, {"url": "https://www.youtube.com/api/timedtext?signature=EED6FD0033F8A2599F2E3BA26432A122580CA0AD.2AD06799702E0C6A73B7404198A518D89F6683E8&caps=asr&asr_langs=nl%2Cja%2Cen%2Cko%2Cde%2Cfr%2Cru%2Cit%2Ces%2Cpt&key=yttt1&hl=en&xorp=True&xoaf=1&v=vF7eyJ2g3kU&sparams=asr_langs%2Ccaps%2Cv%2Cxoaf%2Cxorp%2Cexpire&expire=1542508208&kind=asr&lang=en&tlang=gl&fmt=vtt", "ext": "vtt"}], "ka": [{"url": "https://www.youtube.com/api/timedtext?signature=EED6FD0033F8A2599F2E3BA26432A122580CA0AD.2AD06799702E0C6A73B7404198A518D89F6683E8&caps=asr&asr_langs=nl%2Cja%2Cen%2Cko%2Cde%2Cfr%2Cru%2Cit%2Ces%2Cpt&key=yttt1&hl=en&xorp=True&xoaf=1&v=vF7eyJ2g3kU&sparams=asr_langs%2Ccaps%2Cv%2Cxoaf%2Cxorp%2Cexpire&expire=1542508208&kind=asr&lang=en&tlang=ka&fmt=ttml", "ext": "ttml"}, {"url": "https://www.youtube.com/api/timedtext?signature=EED6FD0033F8A2599F2E3BA26432A122580CA0AD.2AD06799702E0C6A73B7404198A518D89F6683E8&caps=asr&asr_langs=nl%2Cja%2Cen%2Cko%2Cde%2Cfr%2Cru%2Cit%2Ces%2Cpt&key=yttt1&hl=en&xorp=True&xoaf=1&v=vF7eyJ2g3kU&sparams=asr_langs%2Ccaps%2Cv%2Cxoaf%2Cxorp%2Cexpire&expire=1542508208&kind=asr&lang=en&tlang=ka&fmt=vtt", "ext": "vtt"}], "de": [{"url": "https://www.youtube.com/api/timedtext?signature=EED6FD0033F8A2599F2E3BA26432A122580CA0AD.2AD06799702E0C6A73B7404198A518D89F6683E8&caps=asr&asr_langs=nl%2Cja%2Cen%2Cko%2Cde%2Cfr%2Cru%2Cit%2Ces%2Cpt&key=yttt1&hl=en&xorp=True&xoaf=1&v=vF7eyJ2g3kU&sparams=asr_langs%2Ccaps%2Cv%2Cxoaf%2Cxorp%2Cexpire&expire=1542508208&kind=asr&lang=en&tlang=de&fmt=ttml", "ext": "ttml"}, {"url": "https://www.youtube.com/api/timedtext?signature=EED6FD0033F8A2599F2E3BA26432A122580CA0AD.2AD06799702E0C6A73B7404198A518D89F6683E8&caps=asr&asr_langs=nl%2Cja%2Cen%2Cko%2Cde%2Cfr%2Cru%2Cit%2Ces%2Cpt&key=yttt1&hl=en&xorp=True&xoaf=1&v=vF7eyJ2g3kU&sparams=asr_langs%2Ccaps%2Cv%2Cxoaf%2Cxorp%2Cexpire&expire=1542508208&kind=asr&lang=en&tlang=de&fmt=vtt", "ext": "vtt"}], "el": [{"url": "https://www.youtube.com/api/timedtext?signature=EED6FD0033F8A2599F2E3BA26432A122580CA0AD.2AD06799702E0C6A73B7404198A518D89F6683E8&caps=asr&asr_langs=nl%2Cja%2Cen%2Cko%2Cde%2Cfr%2Cru%2Cit%2Ces%2Cpt&key=yttt1&hl=en&xorp=True&xoaf=1&v=vF7eyJ2g3kU&sparams=asr_langs%2Ccaps%2Cv%2Cxoaf%2Cxorp%2Cexpire&expire=1542508208&kind=asr&lang=en&tlang=el&fmt=ttml", "ext": "ttml"}, {"url": "https://www.youtube.com/api/timedtext?signature=EED6FD0033F8A2599F2E3BA26432A122580CA0AD.2AD06799702E0C6A73B7404198A518D89F6683E8&caps=asr&asr_langs=nl%2Cja%2Cen%2Cko%2Cde%2Cfr%2Cru%2Cit%2Ces%2Cpt&key=yttt1&hl=en&xorp=True&xoaf=1&v=vF7eyJ2g3kU&sparams=asr_langs%2Ccaps%2Cv%2Cxoaf%2Cxorp%2Cexpire&expire=1542508208&kind=asr&lang=en&tlang=el&fmt=vtt", "ext": "vtt"}], "gu": [{"url": "https://www.youtube.com/api/timedtext?signature=EED6FD0033F8A2599F2E3BA26432A122580CA0AD.2AD06799702E0C6A73B7404198A518D89F6683E8&caps=asr&asr_langs=nl%2Cja%2Cen%2Cko%2Cde%2Cfr%2Cru%2Cit%2Ces%2Cpt&key=yttt1&hl=en&xorp=True&xoaf=1&v=vF7eyJ2g3kU&sparams=asr_langs%2Ccaps%2Cv%2Cxoaf%2Cxorp%2Cexpire&expire=1542508208&kind=asr&lang=en&tlang=gu&fmt=ttml", "ext": "ttml"}, {"url": "https://www.youtube.com/api/timedtext?signature=EED6FD0033F8A2599F2E3BA26432A122580CA0AD.2AD06799702E0C6A73B7404198A518D89F6683E8&caps=asr&asr_langs=nl%2Cja%2Cen%2Cko%2Cde%2Cfr%2Cru%2Cit%2Ces%2Cpt&key=yttt1&hl=en&xorp=True&xoaf=1&v=vF7eyJ2g3kU&sparams=asr_langs%2Ccaps%2Cv%2Cxoaf%2Cxorp%2Cexpire&expire=1542508208&kind=asr&lang=en&tlang=gu&fmt=vtt", "ext": "vtt"}], "ht": [{"url": "https://www.youtube.com/api/timedtext?signature=EED6FD0033F8A2599F2E3BA26432A122580CA0AD.2AD06799702E0C6A73B7404198A518D89F6683E8&caps=asr&asr_langs=nl%2Cja%2Cen%2Cko%2Cde%2Cfr%2Cru%2Cit%2Ces%2Cpt&key=yttt1&hl=en&xorp=True&xoaf=1&v=vF7eyJ2g3kU&sparams=asr_langs%2Ccaps%2Cv%2Cxoaf%2Cxorp%2Cexpire&expire=1542508208&kind=asr&lang=en&tlang=ht&fmt=ttml", "ext": "ttml"}, {"url": "https://www.youtube.com/api/timedtext?signature=EED6FD0033F8A2599F2E3BA26432A122580CA0AD.2AD06799702E0C6A73B7404198A518D89F6683E8&caps=asr&asr_langs=nl%2Cja%2Cen%2Cko%2Cde%2Cfr%2Cru%2Cit%2Ces%2Cpt&key=yttt1&hl=en&xorp=True&xoaf=1&v=vF7eyJ2g3kU&sparams=asr_langs%2Ccaps%2Cv%2Cxoaf%2Cxorp%2Cexpire&expire=1542508208&kind=asr&lang=en&tlang=ht&fmt=vtt", "ext": "vtt"}], "ha": [{"url": "https://www.youtube.com/api/timedtext?signature=EED6FD0033F8A2599F2E3BA26432A122580CA0AD.2AD06799702E0C6A73B7404198A518D89F6683E8&caps=asr&asr_langs=nl%2Cja%2Cen%2Cko%2Cde%2Cfr%2Cru%2Cit%2Ces%2Cpt&key=yttt1&hl=en&xorp=True&xoaf=1&v=vF7eyJ2g3kU&sparams=asr_langs%2Ccaps%2Cv%2Cxoaf%2Cxorp%2Cexpire&expire=1542508208&kind=asr&lang=en&tlang=ha&fmt=ttml", "ext": "ttml"}, {"url": "https://www.youtube.com/api/timedtext?signature=EED6FD0033F8A2599F2E3BA26432A122580CA0AD.2AD06799702E0C6A73B7404198A518D89F6683E8&caps=asr&asr_langs=nl%2Cja%2Cen%2Cko%2Cde%2Cfr%2Cru%2Cit%2Ces%2Cpt&key=yttt1&hl=en&xorp=True&xoaf=1&v=vF7eyJ2g3kU&sparams=asr_langs%2Ccaps%2Cv%2Cxoaf%2Cxorp%2Cexpire&expire=1542508208&kind=asr&lang=en&tlang=ha&fmt=vtt", "ext": "vtt"}], "haw": [{"url": "https://www.youtube.com/api/timedtext?signature=EED6FD0033F8A2599F2E3BA26432A122580CA0AD.2AD06799702E0C6A73B7404198A518D89F6683E8&caps=asr&asr_langs=nl%2Cja%2Cen%2Cko%2Cde%2Cfr%2Cru%2Cit%2Ces%2Cpt&key=yttt1&hl=en&xorp=True&xoaf=1&v=vF7eyJ2g3kU&sparams=asr_langs%2Ccaps%2Cv%2Cxoaf%2Cxorp%2Cexpire&expire=1542508208&kind=asr&lang=en&tlang=haw&fmt=ttml", "ext": "ttml"}, {"url": "https://www.youtube.com/api/timedtext?signature=EED6FD0033F8A2599F2E3BA26432A122580CA0AD.2AD06799702E0C6A73B7404198A518D89F6683E8&caps=asr&asr_langs=nl%2Cja%2Cen%2Cko%2Cde%2Cfr%2Cru%2Cit%2Ces%2Cpt&key=yttt1&hl=en&xorp=True&xoaf=1&v=vF7eyJ2g3kU&sparams=asr_langs%2Ccaps%2Cv%2Cxoaf%2Cxorp%2Cexpire&expire=1542508208&kind=asr&lang=en&tlang=haw&fmt=vtt", "ext": "vtt"}], "iw": [{"url": "https://www.youtube.com/api/timedtext?signature=EED6FD0033F8A2599F2E3BA26432A122580CA0AD.2AD06799702E0C6A73B7404198A518D89F6683E8&caps=asr&asr_langs=nl%2Cja%2Cen%2Cko%2Cde%2Cfr%2Cru%2Cit%2Ces%2Cpt&key=yttt1&hl=en&xorp=True&xoaf=1&v=vF7eyJ2g3kU&sparams=asr_langs%2Ccaps%2Cv%2Cxoaf%2Cxorp%2Cexpire&expire=1542508208&kind=asr&lang=en&tlang=iw&fmt=ttml", "ext": "ttml"}, {"url": "https://www.youtube.com/api/timedtext?signature=EED6FD0033F8A2599F2E3BA26432A122580CA0AD.2AD06799702E0C6A73B7404198A518D89F6683E8&caps=asr&asr_langs=nl%2Cja%2Cen%2Cko%2Cde%2Cfr%2Cru%2Cit%2Ces%2Cpt&key=yttt1&hl=en&xorp=True&xoaf=1&v=vF7eyJ2g3kU&sparams=asr_langs%2Ccaps%2Cv%2Cxoaf%2Cxorp%2Cexpire&expire=1542508208&kind=asr&lang=en&tlang=iw&fmt=vtt", "ext": "vtt"}], "hi": [{"url": "https://www.youtube.com/api/timedtext?signature=EED6FD0033F8A2599F2E3BA26432A122580CA0AD.2AD06799702E0C6A73B7404198A518D89F6683E8&caps=asr&asr_langs=nl%2Cja%2Cen%2Cko%2Cde%2Cfr%2Cru%2Cit%2Ces%2Cpt&key=yttt1&hl=en&xorp=True&xoaf=1&v=vF7eyJ2g3kU&sparams=asr_langs%2Ccaps%2Cv%2Cxoaf%2Cxorp%2Cexpire&expire=1542508208&kind=asr&lang=en&tlang=hi&fmt=ttml", "ext": "ttml"}, {"url": "https://www.youtube.com/api/timedtext?signature=EED6FD0033F8A2599F2E3BA26432A122580CA0AD.2AD06799702E0C6A73B7404198A518D89F6683E8&caps=asr&asr_langs=nl%2Cja%2Cen%2Cko%2Cde%2Cfr%2Cru%2Cit%2Ces%2Cpt&key=yttt1&hl=en&xorp=True&xoaf=1&v=vF7eyJ2g3kU&sparams=asr_langs%2Ccaps%2Cv%2Cxoaf%2Cxorp%2Cexpire&expire=1542508208&kind=asr&lang=en&tlang=hi&fmt=vtt", "ext": "vtt"}], "hmn": [{"url": "https://www.youtube.com/api/timedtext?signature=EED6FD0033F8A2599F2E3BA26432A122580CA0AD.2AD06799702E0C6A73B7404198A518D89F6683E8&caps=asr&asr_langs=nl%2Cja%2Cen%2Cko%2Cde%2Cfr%2Cru%2Cit%2Ces%2Cpt&key=yttt1&hl=en&xorp=True&xoaf=1&v=vF7eyJ2g3kU&sparams=asr_langs%2Ccaps%2Cv%2Cxoaf%2Cxorp%2Cexpire&expire=1542508208&kind=asr&lang=en&tlang=hmn&fmt=ttml", "ext": "ttml"}, {"url": "https://www.youtube.com/api/timedtext?signature=EED6FD0033F8A2599F2E3BA26432A122580CA0AD.2AD06799702E0C6A73B7404198A518D89F6683E8&caps=asr&asr_langs=nl%2Cja%2Cen%2Cko%2Cde%2Cfr%2Cru%2Cit%2Ces%2Cpt&key=yttt1&hl=en&xorp=True&xoaf=1&v=vF7eyJ2g3kU&sparams=asr_langs%2Ccaps%2Cv%2Cxoaf%2Cxorp%2Cexpire&expire=1542508208&kind=asr&lang=en&tlang=hmn&fmt=vtt", "ext": "vtt"}], "hu": [{"url": "https://www.youtube.com/api/timedtext?signature=EED6FD0033F8A2599F2E3BA26432A122580CA0AD.2AD06799702E0C6A73B7404198A518D89F6683E8&caps=asr&asr_langs=nl%2Cja%2Cen%2Cko%2Cde%2Cfr%2Cru%2Cit%2Ces%2Cpt&key=yttt1&hl=en&xorp=True&xoaf=1&v=vF7eyJ2g3kU&sparams=asr_langs%2Ccaps%2Cv%2Cxoaf%2Cxorp%2Cexpire&expire=1542508208&kind=asr&lang=en&tlang=hu&fmt=ttml", "ext": "ttml"}, {"url": "https://www.youtube.com/api/timedtext?signature=EED6FD0033F8A2599F2E3BA26432A122580CA0AD.2AD06799702E0C6A73B7404198A518D89F6683E8&caps=asr&asr_langs=nl%2Cja%2Cen%2Cko%2Cde%2Cfr%2Cru%2Cit%2Ces%2Cpt&key=yttt1&hl=en&xorp=True&xoaf=1&v=vF7eyJ2g3kU&sparams=asr_langs%2Ccaps%2Cv%2Cxoaf%2Cxorp%2Cexpire&expire=1542508208&kind=asr&lang=en&tlang=hu&fmt=vtt", "ext": "vtt"}], "is": [{"url": "https://www.youtube.com/api/timedtext?signature=EED6FD0033F8A2599F2E3BA26432A122580CA0AD.2AD06799702E0C6A73B7404198A518D89F6683E8&caps=asr&asr_langs=nl%2Cja%2Cen%2Cko%2Cde%2Cfr%2Cru%2Cit%2Ces%2Cpt&key=yttt1&hl=en&xorp=True&xoaf=1&v=vF7eyJ2g3kU&sparams=asr_langs%2Ccaps%2Cv%2Cxoaf%2Cxorp%2Cexpire&expire=1542508208&kind=asr&lang=en&tlang=is&fmt=ttml", "ext": "ttml"}, {"url": "https://www.youtube.com/api/timedtext?signature=EED6FD0033F8A2599F2E3BA26432A122580CA0AD.2AD06799702E0C6A73B7404198A518D89F6683E8&caps=asr&asr_langs=nl%2Cja%2Cen%2Cko%2Cde%2Cfr%2Cru%2Cit%2Ces%2Cpt&key=yttt1&hl=en&xorp=True&xoaf=1&v=vF7eyJ2g3kU&sparams=asr_langs%2Ccaps%2Cv%2Cxoaf%2Cxorp%2Cexpire&expire=1542508208&kind=asr&lang=en&tlang=is&fmt=vtt", "ext": "vtt"}], "ig": [{"url": "https://www.youtube.com/api/timedtext?signature=EED6FD0033F8A2599F2E3BA26432A122580CA0AD.2AD06799702E0C6A73B7404198A518D89F6683E8&caps=asr&asr_langs=nl%2Cja%2Cen%2Cko%2Cde%2Cfr%2Cru%2Cit%2Ces%2Cpt&key=yttt1&hl=en&xorp=True&xoaf=1&v=vF7eyJ2g3kU&sparams=asr_langs%2Ccaps%2Cv%2Cxoaf%2Cxorp%2Cexpire&expire=1542508208&kind=asr&lang=en&tlang=ig&fmt=ttml", "ext": "ttml"}, {"url": "https://www.youtube.com/api/timedtext?signature=EED6FD0033F8A2599F2E3BA26432A122580CA0AD.2AD06799702E0C6A73B7404198A518D89F6683E8&caps=asr&asr_langs=nl%2Cja%2Cen%2Cko%2Cde%2Cfr%2Cru%2Cit%2Ces%2Cpt&key=yttt1&hl=en&xorp=True&xoaf=1&v=vF7eyJ2g3kU&sparams=asr_langs%2Ccaps%2Cv%2Cxoaf%2Cxorp%2Cexpire&expire=1542508208&kind=asr&lang=en&tlang=ig&fmt=vtt", "ext": "vtt"}], "id": [{"url": "https://www.youtube.com/api/timedtext?signature=EED6FD0033F8A2599F2E3BA26432A122580CA0AD.2AD06799702E0C6A73B7404198A518D89F6683E8&caps=asr&asr_langs=nl%2Cja%2Cen%2Cko%2Cde%2Cfr%2Cru%2Cit%2Ces%2Cpt&key=yttt1&hl=en&xorp=True&xoaf=1&v=vF7eyJ2g3kU&sparams=asr_langs%2Ccaps%2Cv%2Cxoaf%2Cxorp%2Cexpire&expire=1542508208&kind=asr&lang=en&tlang=id&fmt=ttml", "ext": "ttml"}, {"url": "https://www.youtube.com/api/timedtext?signature=EED6FD0033F8A2599F2E3BA26432A122580CA0AD.2AD06799702E0C6A73B7404198A518D89F6683E8&caps=asr&asr_langs=nl%2Cja%2Cen%2Cko%2Cde%2Cfr%2Cru%2Cit%2Ces%2Cpt&key=yttt1&hl=en&xorp=True&xoaf=1&v=vF7eyJ2g3kU&sparams=asr_langs%2Ccaps%2Cv%2Cxoaf%2Cxorp%2Cexpire&expire=1542508208&kind=asr&lang=en&tlang=id&fmt=vtt", "ext": "vtt"}], "ga": [{"url": "https://www.youtube.com/api/timedtext?signature=EED6FD0033F8A2599F2E3BA26432A122580CA0AD.2AD06799702E0C6A73B7404198A518D89F6683E8&caps=asr&asr_langs=nl%2Cja%2Cen%2Cko%2Cde%2Cfr%2Cru%2Cit%2Ces%2Cpt&key=yttt1&hl=en&xorp=True&xoaf=1&v=vF7eyJ2g3kU&sparams=asr_langs%2Ccaps%2Cv%2Cxoaf%2Cxorp%2Cexpire&expire=1542508208&kind=asr&lang=en&tlang=ga&fmt=ttml", "ext": "ttml"}, {"url": "https://www.youtube.com/api/timedtext?signature=EED6FD0033F8A2599F2E3BA26432A122580CA0AD.2AD06799702E0C6A73B7404198A518D89F6683E8&caps=asr&asr_langs=nl%2Cja%2Cen%2Cko%2Cde%2Cfr%2Cru%2Cit%2Ces%2Cpt&key=yttt1&hl=en&xorp=True&xoaf=1&v=vF7eyJ2g3kU&sparams=asr_langs%2Ccaps%2Cv%2Cxoaf%2Cxorp%2Cexpire&expire=1542508208&kind=asr&lang=en&tlang=ga&fmt=vtt", "ext": "vtt"}], "it": [{"url": "https://www.youtube.com/api/timedtext?signature=EED6FD0033F8A2599F2E3BA26432A122580CA0AD.2AD06799702E0C6A73B7404198A518D89F6683E8&caps=asr&asr_langs=nl%2Cja%2Cen%2Cko%2Cde%2Cfr%2Cru%2Cit%2Ces%2Cpt&key=yttt1&hl=en&xorp=True&xoaf=1&v=vF7eyJ2g3kU&sparams=asr_langs%2Ccaps%2Cv%2Cxoaf%2Cxorp%2Cexpire&expire=1542508208&kind=asr&lang=en&tlang=it&fmt=ttml", "ext": "ttml"}, {"url": "https://www.youtube.com/api/timedtext?signature=EED6FD0033F8A2599F2E3BA26432A122580CA0AD.2AD06799702E0C6A73B7404198A518D89F6683E8&caps=asr&asr_langs=nl%2Cja%2Cen%2Cko%2Cde%2Cfr%2Cru%2Cit%2Ces%2Cpt&key=yttt1&hl=en&xorp=True&xoaf=1&v=vF7eyJ2g3kU&sparams=asr_langs%2Ccaps%2Cv%2Cxoaf%2Cxorp%2Cexpire&expire=1542508208&kind=asr&lang=en&tlang=it&fmt=vtt", "ext": "vtt"}], "ja": [{"url": "https://www.youtube.com/api/timedtext?signature=EED6FD0033F8A2599F2E3BA26432A122580CA0AD.2AD06799702E0C6A73B7404198A518D89F6683E8&caps=asr&asr_langs=nl%2Cja%2Cen%2Cko%2Cde%2Cfr%2Cru%2Cit%2Ces%2Cpt&key=yttt1&hl=en&xorp=True&xoaf=1&v=vF7eyJ2g3kU&sparams=asr_langs%2Ccaps%2Cv%2Cxoaf%2Cxorp%2Cexpire&expire=1542508208&kind=asr&lang=en&tlang=ja&fmt=ttml", "ext": "ttml"}, {"url": "https://www.youtube.com/api/timedtext?signature=EED6FD0033F8A2599F2E3BA26432A122580CA0AD.2AD06799702E0C6A73B7404198A518D89F6683E8&caps=asr&asr_langs=nl%2Cja%2Cen%2Cko%2Cde%2Cfr%2Cru%2Cit%2Ces%2Cpt&key=yttt1&hl=en&xorp=True&xoaf=1&v=vF7eyJ2g3kU&sparams=asr_langs%2Ccaps%2Cv%2Cxoaf%2Cxorp%2Cexpire&expire=1542508208&kind=asr&lang=en&tlang=ja&fmt=vtt", "ext": "vtt"}], "jv": [{"url": "https://www.youtube.com/api/timedtext?signature=EED6FD0033F8A2599F2E3BA26432A122580CA0AD.2AD06799702E0C6A73B7404198A518D89F6683E8&caps=asr&asr_langs=nl%2Cja%2Cen%2Cko%2Cde%2Cfr%2Cru%2Cit%2Ces%2Cpt&key=yttt1&hl=en&xorp=True&xoaf=1&v=vF7eyJ2g3kU&sparams=asr_langs%2Ccaps%2Cv%2Cxoaf%2Cxorp%2Cexpire&expire=1542508208&kind=asr&lang=en&tlang=jv&fmt=ttml", "ext": "ttml"}, {"url": "https://www.youtube.com/api/timedtext?signature=EED6FD0033F8A2599F2E3BA26432A122580CA0AD.2AD06799702E0C6A73B7404198A518D89F6683E8&caps=asr&asr_langs=nl%2Cja%2Cen%2Cko%2Cde%2Cfr%2Cru%2Cit%2Ces%2Cpt&key=yttt1&hl=en&xorp=True&xoaf=1&v=vF7eyJ2g3kU&sparams=asr_langs%2Ccaps%2Cv%2Cxoaf%2Cxorp%2Cexpire&expire=1542508208&kind=asr&lang=en&tlang=jv&fmt=vtt", "ext": "vtt"}], "kn": [{"url": "https://www.youtube.com/api/timedtext?signature=EED6FD0033F8A2599F2E3BA26432A122580CA0AD.2AD06799702E0C6A73B7404198A518D89F6683E8&caps=asr&asr_langs=nl%2Cja%2Cen%2Cko%2Cde%2Cfr%2Cru%2Cit%2Ces%2Cpt&key=yttt1&hl=en&xorp=True&xoaf=1&v=vF7eyJ2g3kU&sparams=asr_langs%2Ccaps%2Cv%2Cxoaf%2Cxorp%2Cexpire&expire=1542508208&kind=asr&lang=en&tlang=kn&fmt=ttml", "ext": "ttml"}, {"url": "https://www.youtube.com/api/timedtext?signature=EED6FD0033F8A2599F2E3BA26432A122580CA0AD.2AD06799702E0C6A73B7404198A518D89F6683E8&caps=asr&asr_langs=nl%2Cja%2Cen%2Cko%2Cde%2Cfr%2Cru%2Cit%2Ces%2Cpt&key=yttt1&hl=en&xorp=True&xoaf=1&v=vF7eyJ2g3kU&sparams=asr_langs%2Ccaps%2Cv%2Cxoaf%2Cxorp%2Cexpire&expire=1542508208&kind=asr&lang=en&tlang=kn&fmt=vtt", "ext": "vtt"}], "kk": [{"url": "https://www.youtube.com/api/timedtext?signature=EED6FD0033F8A2599F2E3BA26432A122580CA0AD.2AD06799702E0C6A73B7404198A518D89F6683E8&caps=asr&asr_langs=nl%2Cja%2Cen%2Cko%2Cde%2Cfr%2Cru%2Cit%2Ces%2Cpt&key=yttt1&hl=en&xorp=True&xoaf=1&v=vF7eyJ2g3kU&sparams=asr_langs%2Ccaps%2Cv%2Cxoaf%2Cxorp%2Cexpire&expire=1542508208&kind=asr&lang=en&tlang=kk&fmt=ttml", "ext": "ttml"}, {"url": "https://www.youtube.com/api/timedtext?signature=EED6FD0033F8A2599F2E3BA26432A122580CA0AD.2AD06799702E0C6A73B7404198A518D89F6683E8&caps=asr&asr_langs=nl%2Cja%2Cen%2Cko%2Cde%2Cfr%2Cru%2Cit%2Ces%2Cpt&key=yttt1&hl=en&xorp=True&xoaf=1&v=vF7eyJ2g3kU&sparams=asr_langs%2Ccaps%2Cv%2Cxoaf%2Cxorp%2Cexpire&expire=1542508208&kind=asr&lang=en&tlang=kk&fmt=vtt", "ext": "vtt"}], "km": [{"url": "https://www.youtube.com/api/timedtext?signature=EED6FD0033F8A2599F2E3BA26432A122580CA0AD.2AD06799702E0C6A73B7404198A518D89F6683E8&caps=asr&asr_langs=nl%2Cja%2Cen%2Cko%2Cde%2Cfr%2Cru%2Cit%2Ces%2Cpt&key=yttt1&hl=en&xorp=True&xoaf=1&v=vF7eyJ2g3kU&sparams=asr_langs%2Ccaps%2Cv%2Cxoaf%2Cxorp%2Cexpire&expire=1542508208&kind=asr&lang=en&tlang=km&fmt=ttml", "ext": "ttml"}, {"url": "https://www.youtube.com/api/timedtext?signature=EED6FD0033F8A2599F2E3BA26432A122580CA0AD.2AD06799702E0C6A73B7404198A518D89F6683E8&caps=asr&asr_langs=nl%2Cja%2Cen%2Cko%2Cde%2Cfr%2Cru%2Cit%2Ces%2Cpt&key=yttt1&hl=en&xorp=True&xoaf=1&v=vF7eyJ2g3kU&sparams=asr_langs%2Ccaps%2Cv%2Cxoaf%2Cxorp%2Cexpire&expire=1542508208&kind=asr&lang=en&tlang=km&fmt=vtt", "ext": "vtt"}], "ko": [{"url": "https://www.youtube.com/api/timedtext?signature=EED6FD0033F8A2599F2E3BA26432A122580CA0AD.2AD06799702E0C6A73B7404198A518D89F6683E8&caps=asr&asr_langs=nl%2Cja%2Cen%2Cko%2Cde%2Cfr%2Cru%2Cit%2Ces%2Cpt&key=yttt1&hl=en&xorp=True&xoaf=1&v=vF7eyJ2g3kU&sparams=asr_langs%2Ccaps%2Cv%2Cxoaf%2Cxorp%2Cexpire&expire=1542508208&kind=asr&lang=en&tlang=ko&fmt=ttml", "ext": "ttml"}, {"url": "https://www.youtube.com/api/timedtext?signature=EED6FD0033F8A2599F2E3BA26432A122580CA0AD.2AD06799702E0C6A73B7404198A518D89F6683E8&caps=asr&asr_langs=nl%2Cja%2Cen%2Cko%2Cde%2Cfr%2Cru%2Cit%2Ces%2Cpt&key=yttt1&hl=en&xorp=True&xoaf=1&v=vF7eyJ2g3kU&sparams=asr_langs%2Ccaps%2Cv%2Cxoaf%2Cxorp%2Cexpire&expire=1542508208&kind=asr&lang=en&tlang=ko&fmt=vtt", "ext": "vtt"}], "ku": [{"url": "https://www.youtube.com/api/timedtext?signature=EED6FD0033F8A2599F2E3BA26432A122580CA0AD.2AD06799702E0C6A73B7404198A518D89F6683E8&caps=asr&asr_langs=nl%2Cja%2Cen%2Cko%2Cde%2Cfr%2Cru%2Cit%2Ces%2Cpt&key=yttt1&hl=en&xorp=True&xoaf=1&v=vF7eyJ2g3kU&sparams=asr_langs%2Ccaps%2Cv%2Cxoaf%2Cxorp%2Cexpire&expire=1542508208&kind=asr&lang=en&tlang=ku&fmt=ttml", "ext": "ttml"}, {"url": "https://www.youtube.com/api/timedtext?signature=EED6FD0033F8A2599F2E3BA26432A122580CA0AD.2AD06799702E0C6A73B7404198A518D89F6683E8&caps=asr&asr_langs=nl%2Cja%2Cen%2Cko%2Cde%2Cfr%2Cru%2Cit%2Ces%2Cpt&key=yttt1&hl=en&xorp=True&xoaf=1&v=vF7eyJ2g3kU&sparams=asr_langs%2Ccaps%2Cv%2Cxoaf%2Cxorp%2Cexpire&expire=1542508208&kind=asr&lang=en&tlang=ku&fmt=vtt", "ext": "vtt"}], "ky": [{"url": "https://www.youtube.com/api/timedtext?signature=EED6FD0033F8A2599F2E3BA26432A122580CA0AD.2AD06799702E0C6A73B7404198A518D89F6683E8&caps=asr&asr_langs=nl%2Cja%2Cen%2Cko%2Cde%2Cfr%2Cru%2Cit%2Ces%2Cpt&key=yttt1&hl=en&xorp=True&xoaf=1&v=vF7eyJ2g3kU&sparams=asr_langs%2Ccaps%2Cv%2Cxoaf%2Cxorp%2Cexpire&expire=1542508208&kind=asr&lang=en&tlang=ky&fmt=ttml", "ext": "ttml"}, {"url": "https://www.youtube.com/api/timedtext?signature=EED6FD0033F8A2599F2E3BA26432A122580CA0AD.2AD06799702E0C6A73B7404198A518D89F6683E8&caps=asr&asr_langs=nl%2Cja%2Cen%2Cko%2Cde%2Cfr%2Cru%2Cit%2Ces%2Cpt&key=yttt1&hl=en&xorp=True&xoaf=1&v=vF7eyJ2g3kU&sparams=asr_langs%2Ccaps%2Cv%2Cxoaf%2Cxorp%2Cexpire&expire=1542508208&kind=asr&lang=en&tlang=ky&fmt=vtt", "ext": "vtt"}], "lo": [{"url": "https://www.youtube.com/api/timedtext?signature=EED6FD0033F8A2599F2E3BA26432A122580CA0AD.2AD06799702E0C6A73B7404198A518D89F6683E8&caps=asr&asr_langs=nl%2Cja%2Cen%2Cko%2Cde%2Cfr%2Cru%2Cit%2Ces%2Cpt&key=yttt1&hl=en&xorp=True&xoaf=1&v=vF7eyJ2g3kU&sparams=asr_langs%2Ccaps%2Cv%2Cxoaf%2Cxorp%2Cexpire&expire=1542508208&kind=asr&lang=en&tlang=lo&fmt=ttml", "ext": "ttml"}, {"url": "https://www.youtube.com/api/timedtext?signature=EED6FD0033F8A2599F2E3BA26432A122580CA0AD.2AD06799702E0C6A73B7404198A518D89F6683E8&caps=asr&asr_langs=nl%2Cja%2Cen%2Cko%2Cde%2Cfr%2Cru%2Cit%2Ces%2Cpt&key=yttt1&hl=en&xorp=True&xoaf=1&v=vF7eyJ2g3kU&sparams=asr_langs%2Ccaps%2Cv%2Cxoaf%2Cxorp%2Cexpire&expire=1542508208&kind=asr&lang=en&tlang=lo&fmt=vtt", "ext": "vtt"}], "la": [{"url": "https://www.youtube.com/api/timedtext?signature=EED6FD0033F8A2599F2E3BA26432A122580CA0AD.2AD06799702E0C6A73B7404198A518D89F6683E8&caps=asr&asr_langs=nl%2Cja%2Cen%2Cko%2Cde%2Cfr%2Cru%2Cit%2Ces%2Cpt&key=yttt1&hl=en&xorp=True&xoaf=1&v=vF7eyJ2g3kU&sparams=asr_langs%2Ccaps%2Cv%2Cxoaf%2Cxorp%2Cexpire&expire=1542508208&kind=asr&lang=en&tlang=la&fmt=ttml", "ext": "ttml"}, {"url": "https://www.youtube.com/api/timedtext?signature=EED6FD0033F8A2599F2E3BA26432A122580CA0AD.2AD06799702E0C6A73B7404198A518D89F6683E8&caps=asr&asr_langs=nl%2Cja%2Cen%2Cko%2Cde%2Cfr%2Cru%2Cit%2Ces%2Cpt&key=yttt1&hl=en&xorp=True&xoaf=1&v=vF7eyJ2g3kU&sparams=asr_langs%2Ccaps%2Cv%2Cxoaf%2Cxorp%2Cexpire&expire=1542508208&kind=asr&lang=en&tlang=la&fmt=vtt", "ext": "vtt"}], "lv": [{"url": "https://www.youtube.com/api/timedtext?signature=EED6FD0033F8A2599F2E3BA26432A122580CA0AD.2AD06799702E0C6A73B7404198A518D89F6683E8&caps=asr&asr_langs=nl%2Cja%2Cen%2Cko%2Cde%2Cfr%2Cru%2Cit%2Ces%2Cpt&key=yttt1&hl=en&xorp=True&xoaf=1&v=vF7eyJ2g3kU&sparams=asr_langs%2Ccaps%2Cv%2Cxoaf%2Cxorp%2Cexpire&expire=1542508208&kind=asr&lang=en&tlang=lv&fmt=ttml", "ext": "ttml"}, {"url": "https://www.youtube.com/api/timedtext?signature=EED6FD0033F8A2599F2E3BA26432A122580CA0AD.2AD06799702E0C6A73B7404198A518D89F6683E8&caps=asr&asr_langs=nl%2Cja%2Cen%2Cko%2Cde%2Cfr%2Cru%2Cit%2Ces%2Cpt&key=yttt1&hl=en&xorp=True&xoaf=1&v=vF7eyJ2g3kU&sparams=asr_langs%2Ccaps%2Cv%2Cxoaf%2Cxorp%2Cexpire&expire=1542508208&kind=asr&lang=en&tlang=lv&fmt=vtt", "ext": "vtt"}], "lt": [{"url": "https://www.youtube.com/api/timedtext?signature=EED6FD0033F8A2599F2E3BA26432A122580CA0AD.2AD06799702E0C6A73B7404198A518D89F6683E8&caps=asr&asr_langs=nl%2Cja%2Cen%2Cko%2Cde%2Cfr%2Cru%2Cit%2Ces%2Cpt&key=yttt1&hl=en&xorp=True&xoaf=1&v=vF7eyJ2g3kU&sparams=asr_langs%2Ccaps%2Cv%2Cxoaf%2Cxorp%2Cexpire&expire=1542508208&kind=asr&lang=en&tlang=lt&fmt=ttml", "ext": "ttml"}, {"url": "https://www.youtube.com/api/timedtext?signature=EED6FD0033F8A2599F2E3BA26432A122580CA0AD.2AD06799702E0C6A73B7404198A518D89F6683E8&caps=asr&asr_langs=nl%2Cja%2Cen%2Cko%2Cde%2Cfr%2Cru%2Cit%2Ces%2Cpt&key=yttt1&hl=en&xorp=True&xoaf=1&v=vF7eyJ2g3kU&sparams=asr_langs%2Ccaps%2Cv%2Cxoaf%2Cxorp%2Cexpire&expire=1542508208&kind=asr&lang=en&tlang=lt&fmt=vtt", "ext": "vtt"}], "lb": [{"url": "https://www.youtube.com/api/timedtext?signature=EED6FD0033F8A2599F2E3BA26432A122580CA0AD.2AD06799702E0C6A73B7404198A518D89F6683E8&caps=asr&asr_langs=nl%2Cja%2Cen%2Cko%2Cde%2Cfr%2Cru%2Cit%2Ces%2Cpt&key=yttt1&hl=en&xorp=True&xoaf=1&v=vF7eyJ2g3kU&sparams=asr_langs%2Ccaps%2Cv%2Cxoaf%2Cxorp%2Cexpire&expire=1542508208&kind=asr&lang=en&tlang=lb&fmt=ttml", "ext": "ttml"}, {"url": "https://www.youtube.com/api/timedtext?signature=EED6FD0033F8A2599F2E3BA26432A122580CA0AD.2AD06799702E0C6A73B7404198A518D89F6683E8&caps=asr&asr_langs=nl%2Cja%2Cen%2Cko%2Cde%2Cfr%2Cru%2Cit%2Ces%2Cpt&key=yttt1&hl=en&xorp=True&xoaf=1&v=vF7eyJ2g3kU&sparams=asr_langs%2Ccaps%2Cv%2Cxoaf%2Cxorp%2Cexpire&expire=1542508208&kind=asr&lang=en&tlang=lb&fmt=vtt", "ext": "vtt"}], "mk": [{"url": "https://www.youtube.com/api/timedtext?signature=EED6FD0033F8A2599F2E3BA26432A122580CA0AD.2AD06799702E0C6A73B7404198A518D89F6683E8&caps=asr&asr_langs=nl%2Cja%2Cen%2Cko%2Cde%2Cfr%2Cru%2Cit%2Ces%2Cpt&key=yttt1&hl=en&xorp=True&xoaf=1&v=vF7eyJ2g3kU&sparams=asr_langs%2Ccaps%2Cv%2Cxoaf%2Cxorp%2Cexpire&expire=1542508208&kind=asr&lang=en&tlang=mk&fmt=ttml", "ext": "ttml"}, {"url": "https://www.youtube.com/api/timedtext?signature=EED6FD0033F8A2599F2E3BA26432A122580CA0AD.2AD06799702E0C6A73B7404198A518D89F6683E8&caps=asr&asr_langs=nl%2Cja%2Cen%2Cko%2Cde%2Cfr%2Cru%2Cit%2Ces%2Cpt&key=yttt1&hl=en&xorp=True&xoaf=1&v=vF7eyJ2g3kU&sparams=asr_langs%2Ccaps%2Cv%2Cxoaf%2Cxorp%2Cexpire&expire=1542508208&kind=asr&lang=en&tlang=mk&fmt=vtt", "ext": "vtt"}], "mg": [{"url": "https://www.youtube.com/api/timedtext?signature=EED6FD0033F8A2599F2E3BA26432A122580CA0AD.2AD06799702E0C6A73B7404198A518D89F6683E8&caps=asr&asr_langs=nl%2Cja%2Cen%2Cko%2Cde%2Cfr%2Cru%2Cit%2Ces%2Cpt&key=yttt1&hl=en&xorp=True&xoaf=1&v=vF7eyJ2g3kU&sparams=asr_langs%2Ccaps%2Cv%2Cxoaf%2Cxorp%2Cexpire&expire=1542508208&kind=asr&lang=en&tlang=mg&fmt=ttml", "ext": "ttml"}, {"url": "https://www.youtube.com/api/timedtext?signature=EED6FD0033F8A2599F2E3BA26432A122580CA0AD.2AD06799702E0C6A73B7404198A518D89F6683E8&caps=asr&asr_langs=nl%2Cja%2Cen%2Cko%2Cde%2Cfr%2Cru%2Cit%2Ces%2Cpt&key=yttt1&hl=en&xorp=True&xoaf=1&v=vF7eyJ2g3kU&sparams=asr_langs%2Ccaps%2Cv%2Cxoaf%2Cxorp%2Cexpire&expire=1542508208&kind=asr&lang=en&tlang=mg&fmt=vtt", "ext": "vtt"}], "ms": [{"url": "https://www.youtube.com/api/timedtext?signature=EED6FD0033F8A2599F2E3BA26432A122580CA0AD.2AD06799702E0C6A73B7404198A518D89F6683E8&caps=asr&asr_langs=nl%2Cja%2Cen%2Cko%2Cde%2Cfr%2Cru%2Cit%2Ces%2Cpt&key=yttt1&hl=en&xorp=True&xoaf=1&v=vF7eyJ2g3kU&sparams=asr_langs%2Ccaps%2Cv%2Cxoaf%2Cxorp%2Cexpire&expire=1542508208&kind=asr&lang=en&tlang=ms&fmt=ttml", "ext": "ttml"}, {"url": "https://www.youtube.com/api/timedtext?signature=EED6FD0033F8A2599F2E3BA26432A122580CA0AD.2AD06799702E0C6A73B7404198A518D89F6683E8&caps=asr&asr_langs=nl%2Cja%2Cen%2Cko%2Cde%2Cfr%2Cru%2Cit%2Ces%2Cpt&key=yttt1&hl=en&xorp=True&xoaf=1&v=vF7eyJ2g3kU&sparams=asr_langs%2Ccaps%2Cv%2Cxoaf%2Cxorp%2Cexpire&expire=1542508208&kind=asr&lang=en&tlang=ms&fmt=vtt", "ext": "vtt"}], "ml": [{"url": "https://www.youtube.com/api/timedtext?signature=EED6FD0033F8A2599F2E3BA26432A122580CA0AD.2AD06799702E0C6A73B7404198A518D89F6683E8&caps=asr&asr_langs=nl%2Cja%2Cen%2Cko%2Cde%2Cfr%2Cru%2Cit%2Ces%2Cpt&key=yttt1&hl=en&xorp=True&xoaf=1&v=vF7eyJ2g3kU&sparams=asr_langs%2Ccaps%2Cv%2Cxoaf%2Cxorp%2Cexpire&expire=1542508208&kind=asr&lang=en&tlang=ml&fmt=ttml", "ext": "ttml"}, {"url": "https://www.youtube.com/api/timedtext?signature=EED6FD0033F8A2599F2E3BA26432A122580CA0AD.2AD06799702E0C6A73B7404198A518D89F6683E8&caps=asr&asr_langs=nl%2Cja%2Cen%2Cko%2Cde%2Cfr%2Cru%2Cit%2Ces%2Cpt&key=yttt1&hl=en&xorp=True&xoaf=1&v=vF7eyJ2g3kU&sparams=asr_langs%2Ccaps%2Cv%2Cxoaf%2Cxorp%2Cexpire&expire=1542508208&kind=asr&lang=en&tlang=ml&fmt=vtt", "ext": "vtt"}], "mt": [{"url": "https://www.youtube.com/api/timedtext?signature=EED6FD0033F8A2599F2E3BA26432A122580CA0AD.2AD06799702E0C6A73B7404198A518D89F6683E8&caps=asr&asr_langs=nl%2Cja%2Cen%2Cko%2Cde%2Cfr%2Cru%2Cit%2Ces%2Cpt&key=yttt1&hl=en&xorp=True&xoaf=1&v=vF7eyJ2g3kU&sparams=asr_langs%2Ccaps%2Cv%2Cxoaf%2Cxorp%2Cexpire&expire=1542508208&kind=asr&lang=en&tlang=mt&fmt=ttml", "ext": "ttml"}, {"url": "https://www.youtube.com/api/timedtext?signature=EED6FD0033F8A2599F2E3BA26432A122580CA0AD.2AD06799702E0C6A73B7404198A518D89F6683E8&caps=asr&asr_langs=nl%2Cja%2Cen%2Cko%2Cde%2Cfr%2Cru%2Cit%2Ces%2Cpt&key=yttt1&hl=en&xorp=True&xoaf=1&v=vF7eyJ2g3kU&sparams=asr_langs%2Ccaps%2Cv%2Cxoaf%2Cxorp%2Cexpire&expire=1542508208&kind=asr&lang=en&tlang=mt&fmt=vtt", "ext": "vtt"}], "mi": [{"url": "https://www.youtube.com/api/timedtext?signature=EED6FD0033F8A2599F2E3BA26432A122580CA0AD.2AD06799702E0C6A73B7404198A518D89F6683E8&caps=asr&asr_langs=nl%2Cja%2Cen%2Cko%2Cde%2Cfr%2Cru%2Cit%2Ces%2Cpt&key=yttt1&hl=en&xorp=True&xoaf=1&v=vF7eyJ2g3kU&sparams=asr_langs%2Ccaps%2Cv%2Cxoaf%2Cxorp%2Cexpire&expire=1542508208&kind=asr&lang=en&tlang=mi&fmt=ttml", "ext": "ttml"}, {"url": "https://www.youtube.com/api/timedtext?signature=EED6FD0033F8A2599F2E3BA26432A122580CA0AD.2AD06799702E0C6A73B7404198A518D89F6683E8&caps=asr&asr_langs=nl%2Cja%2Cen%2Cko%2Cde%2Cfr%2Cru%2Cit%2Ces%2Cpt&key=yttt1&hl=en&xorp=True&xoaf=1&v=vF7eyJ2g3kU&sparams=asr_langs%2Ccaps%2Cv%2Cxoaf%2Cxorp%2Cexpire&expire=1542508208&kind=asr&lang=en&tlang=mi&fmt=vtt", "ext": "vtt"}], "mr": [{"url": "https://www.youtube.com/api/timedtext?signature=EED6FD0033F8A2599F2E3BA26432A122580CA0AD.2AD06799702E0C6A73B7404198A518D89F6683E8&caps=asr&asr_langs=nl%2Cja%2Cen%2Cko%2Cde%2Cfr%2Cru%2Cit%2Ces%2Cpt&key=yttt1&hl=en&xorp=True&xoaf=1&v=vF7eyJ2g3kU&sparams=asr_langs%2Ccaps%2Cv%2Cxoaf%2Cxorp%2Cexpire&expire=1542508208&kind=asr&lang=en&tlang=mr&fmt=ttml", "ext": "ttml"}, {"url": "https://www.youtube.com/api/timedtext?signature=EED6FD0033F8A2599F2E3BA26432A122580CA0AD.2AD06799702E0C6A73B7404198A518D89F6683E8&caps=asr&asr_langs=nl%2Cja%2Cen%2Cko%2Cde%2Cfr%2Cru%2Cit%2Ces%2Cpt&key=yttt1&hl=en&xorp=True&xoaf=1&v=vF7eyJ2g3kU&sparams=asr_langs%2Ccaps%2Cv%2Cxoaf%2Cxorp%2Cexpire&expire=1542508208&kind=asr&lang=en&tlang=mr&fmt=vtt", "ext": "vtt"}], "mn": [{"url": "https://www.youtube.com/api/timedtext?signature=EED6FD0033F8A2599F2E3BA26432A122580CA0AD.2AD06799702E0C6A73B7404198A518D89F6683E8&caps=asr&asr_langs=nl%2Cja%2Cen%2Cko%2Cde%2Cfr%2Cru%2Cit%2Ces%2Cpt&key=yttt1&hl=en&xorp=True&xoaf=1&v=vF7eyJ2g3kU&sparams=asr_langs%2Ccaps%2Cv%2Cxoaf%2Cxorp%2Cexpire&expire=1542508208&kind=asr&lang=en&tlang=mn&fmt=ttml", "ext": "ttml"}, {"url": "https://www.youtube.com/api/timedtext?signature=EED6FD0033F8A2599F2E3BA26432A122580CA0AD.2AD06799702E0C6A73B7404198A518D89F6683E8&caps=asr&asr_langs=nl%2Cja%2Cen%2Cko%2Cde%2Cfr%2Cru%2Cit%2Ces%2Cpt&key=yttt1&hl=en&xorp=True&xoaf=1&v=vF7eyJ2g3kU&sparams=asr_langs%2Ccaps%2Cv%2Cxoaf%2Cxorp%2Cexpire&expire=1542508208&kind=asr&lang=en&tlang=mn&fmt=vtt", "ext": "vtt"}], "ne": [{"url": "https://www.youtube.com/api/timedtext?signature=EED6FD0033F8A2599F2E3BA26432A122580CA0AD.2AD06799702E0C6A73B7404198A518D89F6683E8&caps=asr&asr_langs=nl%2Cja%2Cen%2Cko%2Cde%2Cfr%2Cru%2Cit%2Ces%2Cpt&key=yttt1&hl=en&xorp=True&xoaf=1&v=vF7eyJ2g3kU&sparams=asr_langs%2Ccaps%2Cv%2Cxoaf%2Cxorp%2Cexpire&expire=1542508208&kind=asr&lang=en&tlang=ne&fmt=ttml", "ext": "ttml"}, {"url": "https://www.youtube.com/api/timedtext?signature=EED6FD0033F8A2599F2E3BA26432A122580CA0AD.2AD06799702E0C6A73B7404198A518D89F6683E8&caps=asr&asr_langs=nl%2Cja%2Cen%2Cko%2Cde%2Cfr%2Cru%2Cit%2Ces%2Cpt&key=yttt1&hl=en&xorp=True&xoaf=1&v=vF7eyJ2g3kU&sparams=asr_langs%2Ccaps%2Cv%2Cxoaf%2Cxorp%2Cexpire&expire=1542508208&kind=asr&lang=en&tlang=ne&fmt=vtt", "ext": "vtt"}], "no": [{"url": "https://www.youtube.com/api/timedtext?signature=EED6FD0033F8A2599F2E3BA26432A122580CA0AD.2AD06799702E0C6A73B7404198A518D89F6683E8&caps=asr&asr_langs=nl%2Cja%2Cen%2Cko%2Cde%2Cfr%2Cru%2Cit%2Ces%2Cpt&key=yttt1&hl=en&xorp=True&xoaf=1&v=vF7eyJ2g3kU&sparams=asr_langs%2Ccaps%2Cv%2Cxoaf%2Cxorp%2Cexpire&expire=1542508208&kind=asr&lang=en&tlang=no&fmt=ttml", "ext": "ttml"}, {"url": "https://www.youtube.com/api/timedtext?signature=EED6FD0033F8A2599F2E3BA26432A122580CA0AD.2AD06799702E0C6A73B7404198A518D89F6683E8&caps=asr&asr_langs=nl%2Cja%2Cen%2Cko%2Cde%2Cfr%2Cru%2Cit%2Ces%2Cpt&key=yttt1&hl=en&xorp=True&xoaf=1&v=vF7eyJ2g3kU&sparams=asr_langs%2Ccaps%2Cv%2Cxoaf%2Cxorp%2Cexpire&expire=1542508208&kind=asr&lang=en&tlang=no&fmt=vtt", "ext": "vtt"}], "ny": [{"url": "https://www.youtube.com/api/timedtext?signature=EED6FD0033F8A2599F2E3BA26432A122580CA0AD.2AD06799702E0C6A73B7404198A518D89F6683E8&caps=asr&asr_langs=nl%2Cja%2Cen%2Cko%2Cde%2Cfr%2Cru%2Cit%2Ces%2Cpt&key=yttt1&hl=en&xorp=True&xoaf=1&v=vF7eyJ2g3kU&sparams=asr_langs%2Ccaps%2Cv%2Cxoaf%2Cxorp%2Cexpire&expire=1542508208&kind=asr&lang=en&tlang=ny&fmt=ttml", "ext": "ttml"}, {"url": "https://www.youtube.com/api/timedtext?signature=EED6FD0033F8A2599F2E3BA26432A122580CA0AD.2AD06799702E0C6A73B7404198A518D89F6683E8&caps=asr&asr_langs=nl%2Cja%2Cen%2Cko%2Cde%2Cfr%2Cru%2Cit%2Ces%2Cpt&key=yttt1&hl=en&xorp=True&xoaf=1&v=vF7eyJ2g3kU&sparams=asr_langs%2Ccaps%2Cv%2Cxoaf%2Cxorp%2Cexpire&expire=1542508208&kind=asr&lang=en&tlang=ny&fmt=vtt", "ext": "vtt"}], "ps": [{"url": "https://www.youtube.com/api/timedtext?signature=EED6FD0033F8A2599F2E3BA26432A122580CA0AD.2AD06799702E0C6A73B7404198A518D89F6683E8&caps=asr&asr_langs=nl%2Cja%2Cen%2Cko%2Cde%2Cfr%2Cru%2Cit%2Ces%2Cpt&key=yttt1&hl=en&xorp=True&xoaf=1&v=vF7eyJ2g3kU&sparams=asr_langs%2Ccaps%2Cv%2Cxoaf%2Cxorp%2Cexpire&expire=1542508208&kind=asr&lang=en&tlang=ps&fmt=ttml", "ext": "ttml"}, {"url": "https://www.youtube.com/api/timedtext?signature=EED6FD0033F8A2599F2E3BA26432A122580CA0AD.2AD06799702E0C6A73B7404198A518D89F6683E8&caps=asr&asr_langs=nl%2Cja%2Cen%2Cko%2Cde%2Cfr%2Cru%2Cit%2Ces%2Cpt&key=yttt1&hl=en&xorp=True&xoaf=1&v=vF7eyJ2g3kU&sparams=asr_langs%2Ccaps%2Cv%2Cxoaf%2Cxorp%2Cexpire&expire=1542508208&kind=asr&lang=en&tlang=ps&fmt=vtt", "ext": "vtt"}], "fa": [{"url": "https://www.youtube.com/api/timedtext?signature=EED6FD0033F8A2599F2E3BA26432A122580CA0AD.2AD06799702E0C6A73B7404198A518D89F6683E8&caps=asr&asr_langs=nl%2Cja%2Cen%2Cko%2Cde%2Cfr%2Cru%2Cit%2Ces%2Cpt&key=yttt1&hl=en&xorp=True&xoaf=1&v=vF7eyJ2g3kU&sparams=asr_langs%2Ccaps%2Cv%2Cxoaf%2Cxorp%2Cexpire&expire=1542508208&kind=asr&lang=en&tlang=fa&fmt=ttml", "ext": "ttml"}, {"url": "https://www.youtube.com/api/timedtext?signature=EED6FD0033F8A2599F2E3BA26432A122580CA0AD.2AD06799702E0C6A73B7404198A518D89F6683E8&caps=asr&asr_langs=nl%2Cja%2Cen%2Cko%2Cde%2Cfr%2Cru%2Cit%2Ces%2Cpt&key=yttt1&hl=en&xorp=True&xoaf=1&v=vF7eyJ2g3kU&sparams=asr_langs%2Ccaps%2Cv%2Cxoaf%2Cxorp%2Cexpire&expire=1542508208&kind=asr&lang=en&tlang=fa&fmt=vtt", "ext": "vtt"}], "pl": [{"url": "https://www.youtube.com/api/timedtext?signature=EED6FD0033F8A2599F2E3BA26432A122580CA0AD.2AD06799702E0C6A73B7404198A518D89F6683E8&caps=asr&asr_langs=nl%2Cja%2Cen%2Cko%2Cde%2Cfr%2Cru%2Cit%2Ces%2Cpt&key=yttt1&hl=en&xorp=True&xoaf=1&v=vF7eyJ2g3kU&sparams=asr_langs%2Ccaps%2Cv%2Cxoaf%2Cxorp%2Cexpire&expire=1542508208&kind=asr&lang=en&tlang=pl&fmt=ttml", "ext": "ttml"}, {"url": "https://www.youtube.com/api/timedtext?signature=EED6FD0033F8A2599F2E3BA26432A122580CA0AD.2AD06799702E0C6A73B7404198A518D89F6683E8&caps=asr&asr_langs=nl%2Cja%2Cen%2Cko%2Cde%2Cfr%2Cru%2Cit%2Ces%2Cpt&key=yttt1&hl=en&xorp=True&xoaf=1&v=vF7eyJ2g3kU&sparams=asr_langs%2Ccaps%2Cv%2Cxoaf%2Cxorp%2Cexpire&expire=1542508208&kind=asr&lang=en&tlang=pl&fmt=vtt", "ext": "vtt"}], "pt": [{"url": "https://www.youtube.com/api/timedtext?signature=EED6FD0033F8A2599F2E3BA26432A122580CA0AD.2AD06799702E0C6A73B7404198A518D89F6683E8&caps=asr&asr_langs=nl%2Cja%2Cen%2Cko%2Cde%2Cfr%2Cru%2Cit%2Ces%2Cpt&key=yttt1&hl=en&xorp=True&xoaf=1&v=vF7eyJ2g3kU&sparams=asr_langs%2Ccaps%2Cv%2Cxoaf%2Cxorp%2Cexpire&expire=1542508208&kind=asr&lang=en&tlang=pt&fmt=ttml", "ext": "ttml"}, {"url": "https://www.youtube.com/api/timedtext?signature=EED6FD0033F8A2599F2E3BA26432A122580CA0AD.2AD06799702E0C6A73B7404198A518D89F6683E8&caps=asr&asr_langs=nl%2Cja%2Cen%2Cko%2Cde%2Cfr%2Cru%2Cit%2Ces%2Cpt&key=yttt1&hl=en&xorp=True&xoaf=1&v=vF7eyJ2g3kU&sparams=asr_langs%2Ccaps%2Cv%2Cxoaf%2Cxorp%2Cexpire&expire=1542508208&kind=asr&lang=en&tlang=pt&fmt=vtt", "ext": "vtt"}], "pa": [{"url": "https://www.youtube.com/api/timedtext?signature=EED6FD0033F8A2599F2E3BA26432A122580CA0AD.2AD06799702E0C6A73B7404198A518D89F6683E8&caps=asr&asr_langs=nl%2Cja%2Cen%2Cko%2Cde%2Cfr%2Cru%2Cit%2Ces%2Cpt&key=yttt1&hl=en&xorp=True&xoaf=1&v=vF7eyJ2g3kU&sparams=asr_langs%2Ccaps%2Cv%2Cxoaf%2Cxorp%2Cexpire&expire=1542508208&kind=asr&lang=en&tlang=pa&fmt=ttml", "ext": "ttml"}, {"url": "https://www.youtube.com/api/timedtext?signature=EED6FD0033F8A2599F2E3BA26432A122580CA0AD.2AD06799702E0C6A73B7404198A518D89F6683E8&caps=asr&asr_langs=nl%2Cja%2Cen%2Cko%2Cde%2Cfr%2Cru%2Cit%2Ces%2Cpt&key=yttt1&hl=en&xorp=True&xoaf=1&v=vF7eyJ2g3kU&sparams=asr_langs%2Ccaps%2Cv%2Cxoaf%2Cxorp%2Cexpire&expire=1542508208&kind=asr&lang=en&tlang=pa&fmt=vtt", "ext": "vtt"}], "ro": [{"url": "https://www.youtube.com/api/timedtext?signature=EED6FD0033F8A2599F2E3BA26432A122580CA0AD.2AD06799702E0C6A73B7404198A518D89F6683E8&caps=asr&asr_langs=nl%2Cja%2Cen%2Cko%2Cde%2Cfr%2Cru%2Cit%2Ces%2Cpt&key=yttt1&hl=en&xorp=True&xoaf=1&v=vF7eyJ2g3kU&sparams=asr_langs%2Ccaps%2Cv%2Cxoaf%2Cxorp%2Cexpire&expire=1542508208&kind=asr&lang=en&tlang=ro&fmt=ttml", "ext": "ttml"}, {"url": "https://www.youtube.com/api/timedtext?signature=EED6FD0033F8A2599F2E3BA26432A122580CA0AD.2AD06799702E0C6A73B7404198A518D89F6683E8&caps=asr&asr_langs=nl%2Cja%2Cen%2Cko%2Cde%2Cfr%2Cru%2Cit%2Ces%2Cpt&key=yttt1&hl=en&xorp=True&xoaf=1&v=vF7eyJ2g3kU&sparams=asr_langs%2Ccaps%2Cv%2Cxoaf%2Cxorp%2Cexpire&expire=1542508208&kind=asr&lang=en&tlang=ro&fmt=vtt", "ext": "vtt"}], "ru": [{"url": "https://www.youtube.com/api/timedtext?signature=EED6FD0033F8A2599F2E3BA26432A122580CA0AD.2AD06799702E0C6A73B7404198A518D89F6683E8&caps=asr&asr_langs=nl%2Cja%2Cen%2Cko%2Cde%2Cfr%2Cru%2Cit%2Ces%2Cpt&key=yttt1&hl=en&xorp=True&xoaf=1&v=vF7eyJ2g3kU&sparams=asr_langs%2Ccaps%2Cv%2Cxoaf%2Cxorp%2Cexpire&expire=1542508208&kind=asr&lang=en&tlang=ru&fmt=ttml", "ext": "ttml"}, {"url": "https://www.youtube.com/api/timedtext?signature=EED6FD0033F8A2599F2E3BA26432A122580CA0AD.2AD06799702E0C6A73B7404198A518D89F6683E8&caps=asr&asr_langs=nl%2Cja%2Cen%2Cko%2Cde%2Cfr%2Cru%2Cit%2Ces%2Cpt&key=yttt1&hl=en&xorp=True&xoaf=1&v=vF7eyJ2g3kU&sparams=asr_langs%2Ccaps%2Cv%2Cxoaf%2Cxorp%2Cexpire&expire=1542508208&kind=asr&lang=en&tlang=ru&fmt=vtt", "ext": "vtt"}], "sm": [{"url": "https://www.youtube.com/api/timedtext?signature=EED6FD0033F8A2599F2E3BA26432A122580CA0AD.2AD06799702E0C6A73B7404198A518D89F6683E8&caps=asr&asr_langs=nl%2Cja%2Cen%2Cko%2Cde%2Cfr%2Cru%2Cit%2Ces%2Cpt&key=yttt1&hl=en&xorp=True&xoaf=1&v=vF7eyJ2g3kU&sparams=asr_langs%2Ccaps%2Cv%2Cxoaf%2Cxorp%2Cexpire&expire=1542508208&kind=asr&lang=en&tlang=sm&fmt=ttml", "ext": "ttml"}, {"url": "https://www.youtube.com/api/timedtext?signature=EED6FD0033F8A2599F2E3BA26432A122580CA0AD.2AD06799702E0C6A73B7404198A518D89F6683E8&caps=asr&asr_langs=nl%2Cja%2Cen%2Cko%2Cde%2Cfr%2Cru%2Cit%2Ces%2Cpt&key=yttt1&hl=en&xorp=True&xoaf=1&v=vF7eyJ2g3kU&sparams=asr_langs%2Ccaps%2Cv%2Cxoaf%2Cxorp%2Cexpire&expire=1542508208&kind=asr&lang=en&tlang=sm&fmt=vtt", "ext": "vtt"}], "gd": [{"url": "https://www.youtube.com/api/timedtext?signature=EED6FD0033F8A2599F2E3BA26432A122580CA0AD.2AD06799702E0C6A73B7404198A518D89F6683E8&caps=asr&asr_langs=nl%2Cja%2Cen%2Cko%2Cde%2Cfr%2Cru%2Cit%2Ces%2Cpt&key=yttt1&hl=en&xorp=True&xoaf=1&v=vF7eyJ2g3kU&sparams=asr_langs%2Ccaps%2Cv%2Cxoaf%2Cxorp%2Cexpire&expire=1542508208&kind=asr&lang=en&tlang=gd&fmt=ttml", "ext": "ttml"}, {"url": "https://www.youtube.com/api/timedtext?signature=EED6FD0033F8A2599F2E3BA26432A122580CA0AD.2AD06799702E0C6A73B7404198A518D89F6683E8&caps=asr&asr_langs=nl%2Cja%2Cen%2Cko%2Cde%2Cfr%2Cru%2Cit%2Ces%2Cpt&key=yttt1&hl=en&xorp=True&xoaf=1&v=vF7eyJ2g3kU&sparams=asr_langs%2Ccaps%2Cv%2Cxoaf%2Cxorp%2Cexpire&expire=1542508208&kind=asr&lang=en&tlang=gd&fmt=vtt", "ext": "vtt"}], "sr": [{"url": "https://www.youtube.com/api/timedtext?signature=EED6FD0033F8A2599F2E3BA26432A122580CA0AD.2AD06799702E0C6A73B7404198A518D89F6683E8&caps=asr&asr_langs=nl%2Cja%2Cen%2Cko%2Cde%2Cfr%2Cru%2Cit%2Ces%2Cpt&key=yttt1&hl=en&xorp=True&xoaf=1&v=vF7eyJ2g3kU&sparams=asr_langs%2Ccaps%2Cv%2Cxoaf%2Cxorp%2Cexpire&expire=1542508208&kind=asr&lang=en&tlang=sr&fmt=ttml", "ext": "ttml"}, {"url": "https://www.youtube.com/api/timedtext?signature=EED6FD0033F8A2599F2E3BA26432A122580CA0AD.2AD06799702E0C6A73B7404198A518D89F6683E8&caps=asr&asr_langs=nl%2Cja%2Cen%2Cko%2Cde%2Cfr%2Cru%2Cit%2Ces%2Cpt&key=yttt1&hl=en&xorp=True&xoaf=1&v=vF7eyJ2g3kU&sparams=asr_langs%2Ccaps%2Cv%2Cxoaf%2Cxorp%2Cexpire&expire=1542508208&kind=asr&lang=en&tlang=sr&fmt=vtt", "ext": "vtt"}], "sn": [{"url": "https://www.youtube.com/api/timedtext?signature=EED6FD0033F8A2599F2E3BA26432A122580CA0AD.2AD06799702E0C6A73B7404198A518D89F6683E8&caps=asr&asr_langs=nl%2Cja%2Cen%2Cko%2Cde%2Cfr%2Cru%2Cit%2Ces%2Cpt&key=yttt1&hl=en&xorp=True&xoaf=1&v=vF7eyJ2g3kU&sparams=asr_langs%2Ccaps%2Cv%2Cxoaf%2Cxorp%2Cexpire&expire=1542508208&kind=asr&lang=en&tlang=sn&fmt=ttml", "ext": "ttml"}, {"url": "https://www.youtube.com/api/timedtext?signature=EED6FD0033F8A2599F2E3BA26432A122580CA0AD.2AD06799702E0C6A73B7404198A518D89F6683E8&caps=asr&asr_langs=nl%2Cja%2Cen%2Cko%2Cde%2Cfr%2Cru%2Cit%2Ces%2Cpt&key=yttt1&hl=en&xorp=True&xoaf=1&v=vF7eyJ2g3kU&sparams=asr_langs%2Ccaps%2Cv%2Cxoaf%2Cxorp%2Cexpire&expire=1542508208&kind=asr&lang=en&tlang=sn&fmt=vtt", "ext": "vtt"}], "sd": [{"url": "https://www.youtube.com/api/timedtext?signature=EED6FD0033F8A2599F2E3BA26432A122580CA0AD.2AD06799702E0C6A73B7404198A518D89F6683E8&caps=asr&asr_langs=nl%2Cja%2Cen%2Cko%2Cde%2Cfr%2Cru%2Cit%2Ces%2Cpt&key=yttt1&hl=en&xorp=True&xoaf=1&v=vF7eyJ2g3kU&sparams=asr_langs%2Ccaps%2Cv%2Cxoaf%2Cxorp%2Cexpire&expire=1542508208&kind=asr&lang=en&tlang=sd&fmt=ttml", "ext": "ttml"}, {"url": "https://www.youtube.com/api/timedtext?signature=EED6FD0033F8A2599F2E3BA26432A122580CA0AD.2AD06799702E0C6A73B7404198A518D89F6683E8&caps=asr&asr_langs=nl%2Cja%2Cen%2Cko%2Cde%2Cfr%2Cru%2Cit%2Ces%2Cpt&key=yttt1&hl=en&xorp=True&xoaf=1&v=vF7eyJ2g3kU&sparams=asr_langs%2Ccaps%2Cv%2Cxoaf%2Cxorp%2Cexpire&expire=1542508208&kind=asr&lang=en&tlang=sd&fmt=vtt", "ext": "vtt"}], "si": [{"url": "https://www.youtube.com/api/timedtext?signature=EED6FD0033F8A2599F2E3BA26432A122580CA0AD.2AD06799702E0C6A73B7404198A518D89F6683E8&caps=asr&asr_langs=nl%2Cja%2Cen%2Cko%2Cde%2Cfr%2Cru%2Cit%2Ces%2Cpt&key=yttt1&hl=en&xorp=True&xoaf=1&v=vF7eyJ2g3kU&sparams=asr_langs%2Ccaps%2Cv%2Cxoaf%2Cxorp%2Cexpire&expire=1542508208&kind=asr&lang=en&tlang=si&fmt=ttml", "ext": "ttml"}, {"url": "https://www.youtube.com/api/timedtext?signature=EED6FD0033F8A2599F2E3BA26432A122580CA0AD.2AD06799702E0C6A73B7404198A518D89F6683E8&caps=asr&asr_langs=nl%2Cja%2Cen%2Cko%2Cde%2Cfr%2Cru%2Cit%2Ces%2Cpt&key=yttt1&hl=en&xorp=True&xoaf=1&v=vF7eyJ2g3kU&sparams=asr_langs%2Ccaps%2Cv%2Cxoaf%2Cxorp%2Cexpire&expire=1542508208&kind=asr&lang=en&tlang=si&fmt=vtt", "ext": "vtt"}], "sk": [{"url": "https://www.youtube.com/api/timedtext?signature=EED6FD0033F8A2599F2E3BA26432A122580CA0AD.2AD06799702E0C6A73B7404198A518D89F6683E8&caps=asr&asr_langs=nl%2Cja%2Cen%2Cko%2Cde%2Cfr%2Cru%2Cit%2Ces%2Cpt&key=yttt1&hl=en&xorp=True&xoaf=1&v=vF7eyJ2g3kU&sparams=asr_langs%2Ccaps%2Cv%2Cxoaf%2Cxorp%2Cexpire&expire=1542508208&kind=asr&lang=en&tlang=sk&fmt=ttml", "ext": "ttml"}, {"url": "https://www.youtube.com/api/timedtext?signature=EED6FD0033F8A2599F2E3BA26432A122580CA0AD.2AD06799702E0C6A73B7404198A518D89F6683E8&caps=asr&asr_langs=nl%2Cja%2Cen%2Cko%2Cde%2Cfr%2Cru%2Cit%2Ces%2Cpt&key=yttt1&hl=en&xorp=True&xoaf=1&v=vF7eyJ2g3kU&sparams=asr_langs%2Ccaps%2Cv%2Cxoaf%2Cxorp%2Cexpire&expire=1542508208&kind=asr&lang=en&tlang=sk&fmt=vtt", "ext": "vtt"}], "sl": [{"url": "https://www.youtube.com/api/timedtext?signature=EED6FD0033F8A2599F2E3BA26432A122580CA0AD.2AD06799702E0C6A73B7404198A518D89F6683E8&caps=asr&asr_langs=nl%2Cja%2Cen%2Cko%2Cde%2Cfr%2Cru%2Cit%2Ces%2Cpt&key=yttt1&hl=en&xorp=True&xoaf=1&v=vF7eyJ2g3kU&sparams=asr_langs%2Ccaps%2Cv%2Cxoaf%2Cxorp%2Cexpire&expire=1542508208&kind=asr&lang=en&tlang=sl&fmt=ttml", "ext": "ttml"}, {"url": "https://www.youtube.com/api/timedtext?signature=EED6FD0033F8A2599F2E3BA26432A122580CA0AD.2AD06799702E0C6A73B7404198A518D89F6683E8&caps=asr&asr_langs=nl%2Cja%2Cen%2Cko%2Cde%2Cfr%2Cru%2Cit%2Ces%2Cpt&key=yttt1&hl=en&xorp=True&xoaf=1&v=vF7eyJ2g3kU&sparams=asr_langs%2Ccaps%2Cv%2Cxoaf%2Cxorp%2Cexpire&expire=1542508208&kind=asr&lang=en&tlang=sl&fmt=vtt", "ext": "vtt"}], "so": [{"url": "https://www.youtube.com/api/timedtext?signature=EED6FD0033F8A2599F2E3BA26432A122580CA0AD.2AD06799702E0C6A73B7404198A518D89F6683E8&caps=asr&asr_langs=nl%2Cja%2Cen%2Cko%2Cde%2Cfr%2Cru%2Cit%2Ces%2Cpt&key=yttt1&hl=en&xorp=True&xoaf=1&v=vF7eyJ2g3kU&sparams=asr_langs%2Ccaps%2Cv%2Cxoaf%2Cxorp%2Cexpire&expire=1542508208&kind=asr&lang=en&tlang=so&fmt=ttml", "ext": "ttml"}, {"url": "https://www.youtube.com/api/timedtext?signature=EED6FD0033F8A2599F2E3BA26432A122580CA0AD.2AD06799702E0C6A73B7404198A518D89F6683E8&caps=asr&asr_langs=nl%2Cja%2Cen%2Cko%2Cde%2Cfr%2Cru%2Cit%2Ces%2Cpt&key=yttt1&hl=en&xorp=True&xoaf=1&v=vF7eyJ2g3kU&sparams=asr_langs%2Ccaps%2Cv%2Cxoaf%2Cxorp%2Cexpire&expire=1542508208&kind=asr&lang=en&tlang=so&fmt=vtt", "ext": "vtt"}], "st": [{"url": "https://www.youtube.com/api/timedtext?signature=EED6FD0033F8A2599F2E3BA26432A122580CA0AD.2AD06799702E0C6A73B7404198A518D89F6683E8&caps=asr&asr_langs=nl%2Cja%2Cen%2Cko%2Cde%2Cfr%2Cru%2Cit%2Ces%2Cpt&key=yttt1&hl=en&xorp=True&xoaf=1&v=vF7eyJ2g3kU&sparams=asr_langs%2Ccaps%2Cv%2Cxoaf%2Cxorp%2Cexpire&expire=1542508208&kind=asr&lang=en&tlang=st&fmt=ttml", "ext": "ttml"}, {"url": "https://www.youtube.com/api/timedtext?signature=EED6FD0033F8A2599F2E3BA26432A122580CA0AD.2AD06799702E0C6A73B7404198A518D89F6683E8&caps=asr&asr_langs=nl%2Cja%2Cen%2Cko%2Cde%2Cfr%2Cru%2Cit%2Ces%2Cpt&key=yttt1&hl=en&xorp=True&xoaf=1&v=vF7eyJ2g3kU&sparams=asr_langs%2Ccaps%2Cv%2Cxoaf%2Cxorp%2Cexpire&expire=1542508208&kind=asr&lang=en&tlang=st&fmt=vtt", "ext": "vtt"}], "es": [{"url": "https://www.youtube.com/api/timedtext?signature=EED6FD0033F8A2599F2E3BA26432A122580CA0AD.2AD06799702E0C6A73B7404198A518D89F6683E8&caps=asr&asr_langs=nl%2Cja%2Cen%2Cko%2Cde%2Cfr%2Cru%2Cit%2Ces%2Cpt&key=yttt1&hl=en&xorp=True&xoaf=1&v=vF7eyJ2g3kU&sparams=asr_langs%2Ccaps%2Cv%2Cxoaf%2Cxorp%2Cexpire&expire=1542508208&kind=asr&lang=en&tlang=es&fmt=ttml", "ext": "ttml"}, {"url": "https://www.youtube.com/api/timedtext?signature=EED6FD0033F8A2599F2E3BA26432A122580CA0AD.2AD06799702E0C6A73B7404198A518D89F6683E8&caps=asr&asr_langs=nl%2Cja%2Cen%2Cko%2Cde%2Cfr%2Cru%2Cit%2Ces%2Cpt&key=yttt1&hl=en&xorp=True&xoaf=1&v=vF7eyJ2g3kU&sparams=asr_langs%2Ccaps%2Cv%2Cxoaf%2Cxorp%2Cexpire&expire=1542508208&kind=asr&lang=en&tlang=es&fmt=vtt", "ext": "vtt"}], "su": [{"url": "https://www.youtube.com/api/timedtext?signature=EED6FD0033F8A2599F2E3BA26432A122580CA0AD.2AD06799702E0C6A73B7404198A518D89F6683E8&caps=asr&asr_langs=nl%2Cja%2Cen%2Cko%2Cde%2Cfr%2Cru%2Cit%2Ces%2Cpt&key=yttt1&hl=en&xorp=True&xoaf=1&v=vF7eyJ2g3kU&sparams=asr_langs%2Ccaps%2Cv%2Cxoaf%2Cxorp%2Cexpire&expire=1542508208&kind=asr&lang=en&tlang=su&fmt=ttml", "ext": "ttml"}, {"url": "https://www.youtube.com/api/timedtext?signature=EED6FD0033F8A2599F2E3BA26432A122580CA0AD.2AD06799702E0C6A73B7404198A518D89F6683E8&caps=asr&asr_langs=nl%2Cja%2Cen%2Cko%2Cde%2Cfr%2Cru%2Cit%2Ces%2Cpt&key=yttt1&hl=en&xorp=True&xoaf=1&v=vF7eyJ2g3kU&sparams=asr_langs%2Ccaps%2Cv%2Cxoaf%2Cxorp%2Cexpire&expire=1542508208&kind=asr&lang=en&tlang=su&fmt=vtt", "ext": "vtt"}], "sw": [{"url": "https://www.youtube.com/api/timedtext?signature=EED6FD0033F8A2599F2E3BA26432A122580CA0AD.2AD06799702E0C6A73B7404198A518D89F6683E8&caps=asr&asr_langs=nl%2Cja%2Cen%2Cko%2Cde%2Cfr%2Cru%2Cit%2Ces%2Cpt&key=yttt1&hl=en&xorp=True&xoaf=1&v=vF7eyJ2g3kU&sparams=asr_langs%2Ccaps%2Cv%2Cxoaf%2Cxorp%2Cexpire&expire=1542508208&kind=asr&lang=en&tlang=sw&fmt=ttml", "ext": "ttml"}, {"url": "https://www.youtube.com/api/timedtext?signature=EED6FD0033F8A2599F2E3BA26432A122580CA0AD.2AD06799702E0C6A73B7404198A518D89F6683E8&caps=asr&asr_langs=nl%2Cja%2Cen%2Cko%2Cde%2Cfr%2Cru%2Cit%2Ces%2Cpt&key=yttt1&hl=en&xorp=True&xoaf=1&v=vF7eyJ2g3kU&sparams=asr_langs%2Ccaps%2Cv%2Cxoaf%2Cxorp%2Cexpire&expire=1542508208&kind=asr&lang=en&tlang=sw&fmt=vtt", "ext": "vtt"}], "sv": [{"url": "https://www.youtube.com/api/timedtext?signature=EED6FD0033F8A2599F2E3BA26432A122580CA0AD.2AD06799702E0C6A73B7404198A518D89F6683E8&caps=asr&asr_langs=nl%2Cja%2Cen%2Cko%2Cde%2Cfr%2Cru%2Cit%2Ces%2Cpt&key=yttt1&hl=en&xorp=True&xoaf=1&v=vF7eyJ2g3kU&sparams=asr_langs%2Ccaps%2Cv%2Cxoaf%2Cxorp%2Cexpire&expire=1542508208&kind=asr&lang=en&tlang=sv&fmt=ttml", "ext": "ttml"}, {"url": "https://www.youtube.com/api/timedtext?signature=EED6FD0033F8A2599F2E3BA26432A122580CA0AD.2AD06799702E0C6A73B7404198A518D89F6683E8&caps=asr&asr_langs=nl%2Cja%2Cen%2Cko%2Cde%2Cfr%2Cru%2Cit%2Ces%2Cpt&key=yttt1&hl=en&xorp=True&xoaf=1&v=vF7eyJ2g3kU&sparams=asr_langs%2Ccaps%2Cv%2Cxoaf%2Cxorp%2Cexpire&expire=1542508208&kind=asr&lang=en&tlang=sv&fmt=vtt", "ext": "vtt"}], "tg": [{"url": "https://www.youtube.com/api/timedtext?signature=EED6FD0033F8A2599F2E3BA26432A122580CA0AD.2AD06799702E0C6A73B7404198A518D89F6683E8&caps=asr&asr_langs=nl%2Cja%2Cen%2Cko%2Cde%2Cfr%2Cru%2Cit%2Ces%2Cpt&key=yttt1&hl=en&xorp=True&xoaf=1&v=vF7eyJ2g3kU&sparams=asr_langs%2Ccaps%2Cv%2Cxoaf%2Cxorp%2Cexpire&expire=1542508208&kind=asr&lang=en&tlang=tg&fmt=ttml", "ext": "ttml"}, {"url": "https://www.youtube.com/api/timedtext?signature=EED6FD0033F8A2599F2E3BA26432A122580CA0AD.2AD06799702E0C6A73B7404198A518D89F6683E8&caps=asr&asr_langs=nl%2Cja%2Cen%2Cko%2Cde%2Cfr%2Cru%2Cit%2Ces%2Cpt&key=yttt1&hl=en&xorp=True&xoaf=1&v=vF7eyJ2g3kU&sparams=asr_langs%2Ccaps%2Cv%2Cxoaf%2Cxorp%2Cexpire&expire=1542508208&kind=asr&lang=en&tlang=tg&fmt=vtt", "ext": "vtt"}], "ta": [{"url": "https://www.youtube.com/api/timedtext?signature=EED6FD0033F8A2599F2E3BA26432A122580CA0AD.2AD06799702E0C6A73B7404198A518D89F6683E8&caps=asr&asr_langs=nl%2Cja%2Cen%2Cko%2Cde%2Cfr%2Cru%2Cit%2Ces%2Cpt&key=yttt1&hl=en&xorp=True&xoaf=1&v=vF7eyJ2g3kU&sparams=asr_langs%2Ccaps%2Cv%2Cxoaf%2Cxorp%2Cexpire&expire=1542508208&kind=asr&lang=en&tlang=ta&fmt=ttml", "ext": "ttml"}, {"url": "https://www.youtube.com/api/timedtext?signature=EED6FD0033F8A2599F2E3BA26432A122580CA0AD.2AD06799702E0C6A73B7404198A518D89F6683E8&caps=asr&asr_langs=nl%2Cja%2Cen%2Cko%2Cde%2Cfr%2Cru%2Cit%2Ces%2Cpt&key=yttt1&hl=en&xorp=True&xoaf=1&v=vF7eyJ2g3kU&sparams=asr_langs%2Ccaps%2Cv%2Cxoaf%2Cxorp%2Cexpire&expire=1542508208&kind=asr&lang=en&tlang=ta&fmt=vtt", "ext": "vtt"}], "te": [{"url": "https://www.youtube.com/api/timedtext?signature=EED6FD0033F8A2599F2E3BA26432A122580CA0AD.2AD06799702E0C6A73B7404198A518D89F6683E8&caps=asr&asr_langs=nl%2Cja%2Cen%2Cko%2Cde%2Cfr%2Cru%2Cit%2Ces%2Cpt&key=yttt1&hl=en&xorp=True&xoaf=1&v=vF7eyJ2g3kU&sparams=asr_langs%2Ccaps%2Cv%2Cxoaf%2Cxorp%2Cexpire&expire=1542508208&kind=asr&lang=en&tlang=te&fmt=ttml", "ext": "ttml"}, {"url": "https://www.youtube.com/api/timedtext?signature=EED6FD0033F8A2599F2E3BA26432A122580CA0AD.2AD06799702E0C6A73B7404198A518D89F6683E8&caps=asr&asr_langs=nl%2Cja%2Cen%2Cko%2Cde%2Cfr%2Cru%2Cit%2Ces%2Cpt&key=yttt1&hl=en&xorp=True&xoaf=1&v=vF7eyJ2g3kU&sparams=asr_langs%2Ccaps%2Cv%2Cxoaf%2Cxorp%2Cexpire&expire=1542508208&kind=asr&lang=en&tlang=te&fmt=vtt", "ext": "vtt"}], "th": [{"url": "https://www.youtube.com/api/timedtext?signature=EED6FD0033F8A2599F2E3BA26432A122580CA0AD.2AD06799702E0C6A73B7404198A518D89F6683E8&caps=asr&asr_langs=nl%2Cja%2Cen%2Cko%2Cde%2Cfr%2Cru%2Cit%2Ces%2Cpt&key=yttt1&hl=en&xorp=True&xoaf=1&v=vF7eyJ2g3kU&sparams=asr_langs%2Ccaps%2Cv%2Cxoaf%2Cxorp%2Cexpire&expire=1542508208&kind=asr&lang=en&tlang=th&fmt=ttml", "ext": "ttml"}, {"url": "https://www.youtube.com/api/timedtext?signature=EED6FD0033F8A2599F2E3BA26432A122580CA0AD.2AD06799702E0C6A73B7404198A518D89F6683E8&caps=asr&asr_langs=nl%2Cja%2Cen%2Cko%2Cde%2Cfr%2Cru%2Cit%2Ces%2Cpt&key=yttt1&hl=en&xorp=True&xoaf=1&v=vF7eyJ2g3kU&sparams=asr_langs%2Ccaps%2Cv%2Cxoaf%2Cxorp%2Cexpire&expire=1542508208&kind=asr&lang=en&tlang=th&fmt=vtt", "ext": "vtt"}], "tr": [{"url": "https://www.youtube.com/api/timedtext?signature=EED6FD0033F8A2599F2E3BA26432A122580CA0AD.2AD06799702E0C6A73B7404198A518D89F6683E8&caps=asr&asr_langs=nl%2Cja%2Cen%2Cko%2Cde%2Cfr%2Cru%2Cit%2Ces%2Cpt&key=yttt1&hl=en&xorp=True&xoaf=1&v=vF7eyJ2g3kU&sparams=asr_langs%2Ccaps%2Cv%2Cxoaf%2Cxorp%2Cexpire&expire=1542508208&kind=asr&lang=en&tlang=tr&fmt=ttml", "ext": "ttml"}, {"url": "https://www.youtube.com/api/timedtext?signature=EED6FD0033F8A2599F2E3BA26432A122580CA0AD.2AD06799702E0C6A73B7404198A518D89F6683E8&caps=asr&asr_langs=nl%2Cja%2Cen%2Cko%2Cde%2Cfr%2Cru%2Cit%2Ces%2Cpt&key=yttt1&hl=en&xorp=True&xoaf=1&v=vF7eyJ2g3kU&sparams=asr_langs%2Ccaps%2Cv%2Cxoaf%2Cxorp%2Cexpire&expire=1542508208&kind=asr&lang=en&tlang=tr&fmt=vtt", "ext": "vtt"}], "uk": [{"url": "https://www.youtube.com/api/timedtext?signature=EED6FD0033F8A2599F2E3BA26432A122580CA0AD.2AD06799702E0C6A73B7404198A518D89F6683E8&caps=asr&asr_langs=nl%2Cja%2Cen%2Cko%2Cde%2Cfr%2Cru%2Cit%2Ces%2Cpt&key=yttt1&hl=en&xorp=True&xoaf=1&v=vF7eyJ2g3kU&sparams=asr_langs%2Ccaps%2Cv%2Cxoaf%2Cxorp%2Cexpire&expire=1542508208&kind=asr&lang=en&tlang=uk&fmt=ttml", "ext": "ttml"}, {"url": "https://www.youtube.com/api/timedtext?signature=EED6FD0033F8A2599F2E3BA26432A122580CA0AD.2AD06799702E0C6A73B7404198A518D89F6683E8&caps=asr&asr_langs=nl%2Cja%2Cen%2Cko%2Cde%2Cfr%2Cru%2Cit%2Ces%2Cpt&key=yttt1&hl=en&xorp=True&xoaf=1&v=vF7eyJ2g3kU&sparams=asr_langs%2Ccaps%2Cv%2Cxoaf%2Cxorp%2Cexpire&expire=1542508208&kind=asr&lang=en&tlang=uk&fmt=vtt", "ext": "vtt"}], "ur": [{"url": "https://www.youtube.com/api/timedtext?signature=EED6FD0033F8A2599F2E3BA26432A122580CA0AD.2AD06799702E0C6A73B7404198A518D89F6683E8&caps=asr&asr_langs=nl%2Cja%2Cen%2Cko%2Cde%2Cfr%2Cru%2Cit%2Ces%2Cpt&key=yttt1&hl=en&xorp=True&xoaf=1&v=vF7eyJ2g3kU&sparams=asr_langs%2Ccaps%2Cv%2Cxoaf%2Cxorp%2Cexpire&expire=1542508208&kind=asr&lang=en&tlang=ur&fmt=ttml", "ext": "ttml"}, {"url": "https://www.youtube.com/api/timedtext?signature=EED6FD0033F8A2599F2E3BA26432A122580CA0AD.2AD06799702E0C6A73B7404198A518D89F6683E8&caps=asr&asr_langs=nl%2Cja%2Cen%2Cko%2Cde%2Cfr%2Cru%2Cit%2Ces%2Cpt&key=yttt1&hl=en&xorp=True&xoaf=1&v=vF7eyJ2g3kU&sparams=asr_langs%2Ccaps%2Cv%2Cxoaf%2Cxorp%2Cexpire&expire=1542508208&kind=asr&lang=en&tlang=ur&fmt=vtt", "ext": "vtt"}], "uz": [{"url": "https://www.youtube.com/api/timedtext?signature=EED6FD0033F8A2599F2E3BA26432A122580CA0AD.2AD06799702E0C6A73B7404198A518D89F6683E8&caps=asr&asr_langs=nl%2Cja%2Cen%2Cko%2Cde%2Cfr%2Cru%2Cit%2Ces%2Cpt&key=yttt1&hl=en&xorp=True&xoaf=1&v=vF7eyJ2g3kU&sparams=asr_langs%2Ccaps%2Cv%2Cxoaf%2Cxorp%2Cexpire&expire=1542508208&kind=asr&lang=en&tlang=uz&fmt=ttml", "ext": "ttml"}, {"url": "https://www.youtube.com/api/timedtext?signature=EED6FD0033F8A2599F2E3BA26432A122580CA0AD.2AD06799702E0C6A73B7404198A518D89F6683E8&caps=asr&asr_langs=nl%2Cja%2Cen%2Cko%2Cde%2Cfr%2Cru%2Cit%2Ces%2Cpt&key=yttt1&hl=en&xorp=True&xoaf=1&v=vF7eyJ2g3kU&sparams=asr_langs%2Ccaps%2Cv%2Cxoaf%2Cxorp%2Cexpire&expire=1542508208&kind=asr&lang=en&tlang=uz&fmt=vtt", "ext": "vtt"}], "vi": [{"url": "https://www.youtube.com/api/timedtext?signature=EED6FD0033F8A2599F2E3BA26432A122580CA0AD.2AD06799702E0C6A73B7404198A518D89F6683E8&caps=asr&asr_langs=nl%2Cja%2Cen%2Cko%2Cde%2Cfr%2Cru%2Cit%2Ces%2Cpt&key=yttt1&hl=en&xorp=True&xoaf=1&v=vF7eyJ2g3kU&sparams=asr_langs%2Ccaps%2Cv%2Cxoaf%2Cxorp%2Cexpire&expire=1542508208&kind=asr&lang=en&tlang=vi&fmt=ttml", "ext": "ttml"}, {"url": "https://www.youtube.com/api/timedtext?signature=EED6FD0033F8A2599F2E3BA26432A122580CA0AD.2AD06799702E0C6A73B7404198A518D89F6683E8&caps=asr&asr_langs=nl%2Cja%2Cen%2Cko%2Cde%2Cfr%2Cru%2Cit%2Ces%2Cpt&key=yttt1&hl=en&xorp=True&xoaf=1&v=vF7eyJ2g3kU&sparams=asr_langs%2Ccaps%2Cv%2Cxoaf%2Cxorp%2Cexpire&expire=1542508208&kind=asr&lang=en&tlang=vi&fmt=vtt", "ext": "vtt"}], "cy": [{"url": "https://www.youtube.com/api/timedtext?signature=EED6FD0033F8A2599F2E3BA26432A122580CA0AD.2AD06799702E0C6A73B7404198A518D89F6683E8&caps=asr&asr_langs=nl%2Cja%2Cen%2Cko%2Cde%2Cfr%2Cru%2Cit%2Ces%2Cpt&key=yttt1&hl=en&xorp=True&xoaf=1&v=vF7eyJ2g3kU&sparams=asr_langs%2Ccaps%2Cv%2Cxoaf%2Cxorp%2Cexpire&expire=1542508208&kind=asr&lang=en&tlang=cy&fmt=ttml", "ext": "ttml"}, {"url": "https://www.youtube.com/api/timedtext?signature=EED6FD0033F8A2599F2E3BA26432A122580CA0AD.2AD06799702E0C6A73B7404198A518D89F6683E8&caps=asr&asr_langs=nl%2Cja%2Cen%2Cko%2Cde%2Cfr%2Cru%2Cit%2Ces%2Cpt&key=yttt1&hl=en&xorp=True&xoaf=1&v=vF7eyJ2g3kU&sparams=asr_langs%2Ccaps%2Cv%2Cxoaf%2Cxorp%2Cexpire&expire=1542508208&kind=asr&lang=en&tlang=cy&fmt=vtt", "ext": "vtt"}], "fy": [{"url": "https://www.youtube.com/api/timedtext?signature=EED6FD0033F8A2599F2E3BA26432A122580CA0AD.2AD06799702E0C6A73B7404198A518D89F6683E8&caps=asr&asr_langs=nl%2Cja%2Cen%2Cko%2Cde%2Cfr%2Cru%2Cit%2Ces%2Cpt&key=yttt1&hl=en&xorp=True&xoaf=1&v=vF7eyJ2g3kU&sparams=asr_langs%2Ccaps%2Cv%2Cxoaf%2Cxorp%2Cexpire&expire=1542508208&kind=asr&lang=en&tlang=fy&fmt=ttml", "ext": "ttml"}, {"url": "https://www.youtube.com/api/timedtext?signature=EED6FD0033F8A2599F2E3BA26432A122580CA0AD.2AD06799702E0C6A73B7404198A518D89F6683E8&caps=asr&asr_langs=nl%2Cja%2Cen%2Cko%2Cde%2Cfr%2Cru%2Cit%2Ces%2Cpt&key=yttt1&hl=en&xorp=True&xoaf=1&v=vF7eyJ2g3kU&sparams=asr_langs%2Ccaps%2Cv%2Cxoaf%2Cxorp%2Cexpire&expire=1542508208&kind=asr&lang=en&tlang=fy&fmt=vtt", "ext": "vtt"}], "xh": [{"url": "https://www.youtube.com/api/timedtext?signature=EED6FD0033F8A2599F2E3BA26432A122580CA0AD.2AD06799702E0C6A73B7404198A518D89F6683E8&caps=asr&asr_langs=nl%2Cja%2Cen%2Cko%2Cde%2Cfr%2Cru%2Cit%2Ces%2Cpt&key=yttt1&hl=en&xorp=True&xoaf=1&v=vF7eyJ2g3kU&sparams=asr_langs%2Ccaps%2Cv%2Cxoaf%2Cxorp%2Cexpire&expire=1542508208&kind=asr&lang=en&tlang=xh&fmt=ttml", "ext": "ttml"}, {"url": "https://www.youtube.com/api/timedtext?signature=EED6FD0033F8A2599F2E3BA26432A122580CA0AD.2AD06799702E0C6A73B7404198A518D89F6683E8&caps=asr&asr_langs=nl%2Cja%2Cen%2Cko%2Cde%2Cfr%2Cru%2Cit%2Ces%2Cpt&key=yttt1&hl=en&xorp=True&xoaf=1&v=vF7eyJ2g3kU&sparams=asr_langs%2Ccaps%2Cv%2Cxoaf%2Cxorp%2Cexpire&expire=1542508208&kind=asr&lang=en&tlang=xh&fmt=vtt", "ext": "vtt"}], "yi": [{"url": "https://www.youtube.com/api/timedtext?signature=EED6FD0033F8A2599F2E3BA26432A122580CA0AD.2AD06799702E0C6A73B7404198A518D89F6683E8&caps=asr&asr_langs=nl%2Cja%2Cen%2Cko%2Cde%2Cfr%2Cru%2Cit%2Ces%2Cpt&key=yttt1&hl=en&xorp=True&xoaf=1&v=vF7eyJ2g3kU&sparams=asr_langs%2Ccaps%2Cv%2Cxoaf%2Cxorp%2Cexpire&expire=1542508208&kind=asr&lang=en&tlang=yi&fmt=ttml", "ext": "ttml"}, {"url": "https://www.youtube.com/api/timedtext?signature=EED6FD0033F8A2599F2E3BA26432A122580CA0AD.2AD06799702E0C6A73B7404198A518D89F6683E8&caps=asr&asr_langs=nl%2Cja%2Cen%2Cko%2Cde%2Cfr%2Cru%2Cit%2Ces%2Cpt&key=yttt1&hl=en&xorp=True&xoaf=1&v=vF7eyJ2g3kU&sparams=asr_langs%2Ccaps%2Cv%2Cxoaf%2Cxorp%2Cexpire&expire=1542508208&kind=asr&lang=en&tlang=yi&fmt=vtt", "ext": "vtt"}], "yo": [{"url": "https://www.youtube.com/api/timedtext?signature=EED6FD0033F8A2599F2E3BA26432A122580CA0AD.2AD06799702E0C6A73B7404198A518D89F6683E8&caps=asr&asr_langs=nl%2Cja%2Cen%2Cko%2Cde%2Cfr%2Cru%2Cit%2Ces%2Cpt&key=yttt1&hl=en&xorp=True&xoaf=1&v=vF7eyJ2g3kU&sparams=asr_langs%2Ccaps%2Cv%2Cxoaf%2Cxorp%2Cexpire&expire=1542508208&kind=asr&lang=en&tlang=yo&fmt=ttml", "ext": "ttml"}, {"url": "https://www.youtube.com/api/timedtext?signature=EED6FD0033F8A2599F2E3BA26432A122580CA0AD.2AD06799702E0C6A73B7404198A518D89F6683E8&caps=asr&asr_langs=nl%2Cja%2Cen%2Cko%2Cde%2Cfr%2Cru%2Cit%2Ces%2Cpt&key=yttt1&hl=en&xorp=True&xoaf=1&v=vF7eyJ2g3kU&sparams=asr_langs%2Ccaps%2Cv%2Cxoaf%2Cxorp%2Cexpire&expire=1542508208&kind=asr&lang=en&tlang=yo&fmt=vtt", "ext": "vtt"}], "zu": [{"url": "https://www.youtube.com/api/timedtext?signature=EED6FD0033F8A2599F2E3BA26432A122580CA0AD.2AD06799702E0C6A73B7404198A518D89F6683E8&caps=asr&asr_langs=nl%2Cja%2Cen%2Cko%2Cde%2Cfr%2Cru%2Cit%2Ces%2Cpt&key=yttt1&hl=en&xorp=True&xoaf=1&v=vF7eyJ2g3kU&sparams=asr_langs%2Ccaps%2Cv%2Cxoaf%2Cxorp%2Cexpire&expire=1542508208&kind=asr&lang=en&tlang=zu&fmt=ttml", "ext": "ttml"}, {"url": "https://www.youtube.com/api/timedtext?signature=EED6FD0033F8A2599F2E3BA26432A122580CA0AD.2AD06799702E0C6A73B7404198A518D89F6683E8&caps=asr&asr_langs=nl%2Cja%2Cen%2Cko%2Cde%2Cfr%2Cru%2Cit%2Ces%2Cpt&key=yttt1&hl=en&xorp=True&xoaf=1&v=vF7eyJ2g3kU&sparams=asr_langs%2Ccaps%2Cv%2Cxoaf%2Cxorp%2Cexpire&expire=1542508208&kind=asr&lang=en&tlang=zu&fmt=vtt", "ext": "vtt"}]}, "duration": 3040, "age_limit": 0, "annotations": null, "chapters": null, "webpage_url": "https://www.youtube.com/watch?v=vF7eyJ2g3kU", "view_count": 118281, "like_count": 423, "dislike_count": 6, "average_rating": 4.94405603409, "formats": [{"format_id": "171", "url": "https://r4---sn-o097znlk.googlevideo.com/videoplayback?ei=QGzwW9_JGIWukwaR1YdQ&key=yt6&keepalive=yes&initcwndbps=1785000&expire=1542504608&clen=32367556&fvip=6&source=youtube&signature=C20B1EDD756C3EBAC959C205A0AC882B156C3CAD.19CC3B8096223E3A38826CF6F8D06462775EBCB3&lmt=1399512779173395&ipbits=0&gir=yes&c=WEB&ms=au%2Crdu&requiressl=yes&mt=1542482879&pl=22&itag=171&id=o-AA5-xQ2Lzkp7JeOWRpKXPJymwKRfQrIz-t0x6EzWljsC&dur=3039.894&mv=m&mime=audio%2Fwebm&sparams=clen%2Cdur%2Cei%2Cgir%2Cid%2Cinitcwndbps%2Cip%2Cipbits%2Citag%2Ckeepalive%2Clmt%2Cmime%2Cmm%2Cmn%2Cms%2Cmv%2Cpl%2Crequiressl%2Csource%2Cexpire&mm=31%2C29&ip=69.181.125.22&mn=sn-o097znlk%2Csn-n4v7sn76&ratebypass=yes", "player_url": "/yts/jsbin/player_ias-vflof8Kxx/en_US/base.js", "ext": "webm", "acodec": "vorbis", "format_note": "DASH audio", "abr": 128, "filesize": 32367556, "tbr": 99.994, "fps": 1, "quality": -1, "vcodec": "none", "downloader_options": {"http_chunk_size": 10485760}, "format": "171 - audio only (DASH audio)", "protocol": "https", "http_headers": {"User-Agent": "Mozilla/5.0 (X11; Linux x86_64; rv:59.0) Gecko/20100101 Firefox/59.0", "Accept-Charset": "ISO-8859-1,utf-8;q=0.7,*;q=0.7", "Accept": "text/html,application/xhtml+xml,application/xml;q=0.9,*/*;q=0.8", "Accept-Encoding": "gzip, deflate", "Accept-Language": "en-us,en;q=0.5"}}, {"format_id": "140", "url": "https://r4---sn-o097znlk.googlevideo.com/videoplayback?ei=QGzwW9_JGIWukwaR1YdQ&key=yt6&keepalive=yes&txp=5432432&initcwndbps=1785000&expire=1542504608&clen=48282799&fvip=6&source=youtube&signature=756F7F67B9595F147B42CAA1AB1D8D5B4627CFB1.E3C82548FCEB82E48A61A1577E229FE7121CE739&lmt=1540447495153009&ipbits=0&gir=yes&c=WEB&ms=au%2Crdu&requiressl=yes&mt=1542482879&pl=22&itag=140&id=o-AA5-xQ2Lzkp7JeOWRpKXPJymwKRfQrIz-t0x6EzWljsC&dur=3039.979&mv=m&mime=audio%2Fmp4&sparams=clen%2Cdur%2Cei%2Cgir%2Cid%2Cinitcwndbps%2Cip%2Cipbits%2Citag%2Ckeepalive%2Clmt%2Cmime%2Cmm%2Cmn%2Cms%2Cmv%2Cpl%2Crequiressl%2Csource%2Cexpire&mm=31%2C29&ip=69.181.125.22&mn=sn-o097znlk%2Csn-n4v7sn76&ratebypass=yes", "player_url": "/yts/jsbin/player_ias-vflof8Kxx/en_US/base.js", "ext": "m4a", "format_note": "DASH audio", "acodec": "mp4a.40.2", "abr": 128, "container": "m4a_dash", "filesize": 48282799, "tbr": 130.711, "quality": -1, "vcodec": "none", "downloader_options": {"http_chunk_size": 10485760}, "format": "140 - audio only (DASH audio)", "protocol": "https", "http_headers": {"User-Agent": "Mozilla/5.0 (X11; Linux x86_64; rv:59.0) Gecko/20100101 Firefox/59.0", "Accept-Charset": "ISO-8859-1,utf-8;q=0.7,*;q=0.7", "Accept": "text/html,application/xhtml+xml,application/xml;q=0.9,*/*;q=0.8", "Accept-Encoding": "gzip, deflate", "Accept-Language": "en-us,en;q=0.5"}}, {"format_id": "160", "url": "https://r4---sn-o097znlk.googlevideo.com/videoplayback?ei=QGzwW9_JGIWukwaR1YdQ&aitags=133%2C134%2C135%2C160&key=yt6&keepalive=yes&txp=5432432&initcwndbps=1785000&expire=1542504608&clen=17769371&fvip=6&source=youtube&signature=2AB889E71CCB9F8F0AA99E6F1B954385398A00F2.AB2EDB8267597C0EF3EE1F3FB3428E3BCFCB351E&lmt=1540447217946922&ipbits=0&gir=yes&c=WEB&ms=au%2Crdu&requiressl=yes&mt=1542482879&pl=22&itag=160&id=o-AA5-xQ2Lzkp7JeOWRpKXPJymwKRfQrIz-t0x6EzWljsC&dur=3039.903&mv=m&mime=video%2Fmp4&sparams=aitags%2Cclen%2Cdur%2Cei%2Cgir%2Cid%2Cinitcwndbps%2Cip%2Cipbits%2Citag%2Ckeepalive%2Clmt%2Cmime%2Cmm%2Cmn%2Cms%2Cmv%2Cpl%2Crequiressl%2Csource%2Cexpire&mm=31%2C29&ip=69.181.125.22&mn=sn-o097znlk%2Csn-n4v7sn76&ratebypass=yes", "player_url": "/yts/jsbin/player_ias-vflof8Kxx/en_US/base.js", "ext": "mp4", "height": 144, "format_note": "144p", "vcodec": "avc1.4d400c", "filesize": 17769371, "tbr": 85.677, "width": 192, "fps": 30, "quality": -1, "acodec": "none", "downloader_options": {"http_chunk_size": 10485760}, "format": "160 - 192x144 (144p)", "protocol": "https", "http_headers": {"User-Agent": "Mozilla/5.0 (X11; Linux x86_64; rv:59.0) Gecko/20100101 Firefox/59.0", "Accept-Charset": "ISO-8859-1,utf-8;q=0.7,*;q=0.7", "Accept": "text/html,application/xhtml+xml,application/xml;q=0.9,*/*;q=0.8", "Accept-Encoding": "gzip, deflate", "Accept-Language": "en-us,en;q=0.5"}}, {"format_id": "133", "url": "https://r4---sn-o097znlk.googlevideo.com/videoplayback?ei=QGzwW9_JGIWukwaR1YdQ&aitags=133%2C134%2C135%2C160&key=yt6&keepalive=yes&txp=5432432&initcwndbps=1785000&expire=1542504608&clen=30150878&fvip=6&source=youtube&signature=1E2233D7182B91215F1272AC2911B0BE60E767F9.AD77925DF17CE898A2045E4CDD15FCB437F5D331&lmt=1540447313954722&ipbits=0&gir=yes&c=WEB&ms=au%2Crdu&requiressl=yes&mt=1542482879&pl=22&itag=133&id=o-AA5-xQ2Lzkp7JeOWRpKXPJymwKRfQrIz-t0x6EzWljsC&dur=3039.903&mv=m&mime=video%2Fmp4&sparams=aitags%2Cclen%2Cdur%2Cei%2Cgir%2Cid%2Cinitcwndbps%2Cip%2Cipbits%2Citag%2Ckeepalive%2Clmt%2Cmime%2Cmm%2Cmn%2Cms%2Cmv%2Cpl%2Crequiressl%2Csource%2Cexpire&mm=31%2C29&ip=69.181.125.22&mn=sn-o097znlk%2Csn-n4v7sn76&ratebypass=yes", "player_url": "/yts/jsbin/player_ias-vflof8Kxx/en_US/base.js", "ext": "mp4", "height": 240, "format_note": "240p", "vcodec": "avc1.4d400d", "filesize": 30150878, "tbr": 184.154, "width": 320, "fps": 30, "quality": -1, "acodec": "none", "downloader_options": {"http_chunk_size": 10485760}, "format": "133 - 320x240 (240p)", "protocol": "https", "http_headers": {"User-Agent": "Mozilla/5.0 (X11; Linux x86_64; rv:59.0) Gecko/20100101 Firefox/59.0", "Accept-Charset": "ISO-8859-1,utf-8;q=0.7,*;q=0.7", "Accept": "text/html,application/xhtml+xml,application/xml;q=0.9,*/*;q=0.8", "Accept-Encoding": "gzip, deflate", "Accept-Language": "en-us,en;q=0.5"}}, {"format_id": "134", "url": "https://r4---sn-o097znlk.googlevideo.com/videoplayback?ei=QGzwW9_JGIWukwaR1YdQ&aitags=133%2C134%2C135%2C160&key=yt6&keepalive=yes&txp=5432432&initcwndbps=1785000&expire=1542504608&clen=71248465&fvip=6&source=youtube&signature=3E8FFF717071B73D10387DE6A35BB7A05509B191.95A5910BD447979ED3C6B50F69A8552F0D3BBD19&lmt=1540448878407825&ipbits=0&gir=yes&c=WEB&ms=au%2Crdu&requiressl=yes&mt=1542482879&pl=22&itag=134&id=o-AA5-xQ2Lzkp7JeOWRpKXPJymwKRfQrIz-t0x6EzWljsC&dur=3039.903&mv=m&mime=video%2Fmp4&sparams=aitags%2Cclen%2Cdur%2Cei%2Cgir%2Cid%2Cinitcwndbps%2Cip%2Cipbits%2Citag%2Ckeepalive%2Clmt%2Cmime%2Cmm%2Cmn%2Cms%2Cmv%2Cpl%2Crequiressl%2Csource%2Cexpire&mm=31%2C29&ip=69.181.125.22&mn=sn-o097znlk%2Csn-n4v7sn76&ratebypass=yes", "player_url": "/yts/jsbin/player_ias-vflof8Kxx/en_US/base.js", "ext": "mp4", "height": 360, "format_note": "360p", "vcodec": "avc1.4d401e", "filesize": 71248465, "tbr": 433.213, "width": 480, "fps": 30, "quality": -1, "acodec": "none", "downloader_options": {"http_chunk_size": 10485760}, "format": "134 - 480x360 (360p)", "protocol": "https", "http_headers": {"User-Agent": "Mozilla/5.0 (X11; Linux x86_64; rv:59.0) Gecko/20100101 Firefox/59.0", "Accept-Charset": "ISO-8859-1,utf-8;q=0.7,*;q=0.7", "Accept": "text/html,application/xhtml+xml,application/xml;q=0.9,*/*;q=0.8", "Accept-Encoding": "gzip, deflate", "Accept-Language": "en-us,en;q=0.5"}}, {"format_id": "135", "url": "https://r4---sn-o097znlk.googlevideo.com/videoplayback?ei=QGzwW9_JGIWukwaR1YdQ&aitags=133%2C134%2C135%2C160&key=yt6&keepalive=yes&txp=5432432&initcwndbps=1785000&expire=1542504608&clen=144820601&fvip=6&source=youtube&signature=91CCF815A7223254EEF73BF0C5A8CCDD1A97EF09.1BB83DCC852F36A01B9C9A1205F8D1E2CC1C935E&lmt=1540447217947734&ipbits=0&gir=yes&c=WEB&ms=au%2Crdu&requiressl=yes&mt=1542482879&pl=22&itag=135&id=o-AA5-xQ2Lzkp7JeOWRpKXPJymwKRfQrIz-t0x6EzWljsC&dur=3039.903&mv=m&mime=video%2Fmp4&sparams=aitags%2Cclen%2Cdur%2Cei%2Cgir%2Cid%2Cinitcwndbps%2Cip%2Cipbits%2Citag%2Ckeepalive%2Clmt%2Cmime%2Cmm%2Cmn%2Cms%2Cmv%2Cpl%2Crequiressl%2Csource%2Cexpire&mm=31%2C29&ip=69.181.125.22&mn=sn-o097znlk%2Csn-n4v7sn76&ratebypass=yes", "player_url": "/yts/jsbin/player_ias-vflof8Kxx/en_US/base.js", "ext": "mp4", "height": 480, "format_note": "480p", "vcodec": "avc1.4d401e", "filesize": 144820601, "tbr": 887.142, "width": 640, "fps": 30, "quality": -1, "acodec": "none", "downloader_options": {"http_chunk_size": 10485760}, "format": "135 - 640x480 (480p)", "protocol": "https", "http_headers": {"User-Agent": "Mozilla/5.0 (X11; Linux x86_64; rv:59.0) Gecko/20100101 Firefox/59.0", "Accept-Charset": "ISO-8859-1,utf-8;q=0.7,*;q=0.7", "Accept": "text/html,application/xhtml+xml,application/xml;q=0.9,*/*;q=0.8", "Accept-Encoding": "gzip, deflate", "Accept-Language": "en-us,en;q=0.5"}}, {"format_id": "17", "url": "https://r4---sn-o097znlk.googlevideo.com/videoplayback?ei=QGzwW9_JGIWukwaR1YdQ&key=yt6&initcwndbps=1785000&expire=1542504608&clen=31026022&fvip=6&source=youtube&signature=62EC3C2D0997318BE3222BC2718DB2E395376AB5.5605F3E23935B226420278E610FF0BF2EC524FD8&lmt=1390760961987973&ipbits=0&gir=yes&c=WEB&ms=au%2Crdu&requiressl=yes&mt=1542482879&pl=22&itag=17&id=o-AA5-xQ2Lzkp7JeOWRpKXPJymwKRfQrIz-t0x6EzWljsC&dur=3040.235&mv=m&mime=video%2F3gpp&sparams=clen%2Cdur%2Cei%2Cgir%2Cid%2Cinitcwndbps%2Cip%2Cipbits%2Citag%2Clmt%2Cmime%2Cmm%2Cmn%2Cms%2Cmv%2Cpl%2Crequiressl%2Csource%2Cexpire&mm=31%2C29&ip=69.181.125.22&mn=sn-o097znlk%2Csn-n4v7sn76&ratebypass=yes", "player_url": "/yts/jsbin/player_ias-vflof8Kxx/en_US/base.js", "ext": "3gp", "width": 176, "height": 144, "acodec": "mp4a.40.2", "abr": 24, "vcodec": "mp4v.20.3", "resolution": "176x144", "filesize": 31026022, "format_note": "small", "format": "17 - 176x144 (small)", "protocol": "https", "http_headers": {"User-Agent": "Mozilla/5.0 (X11; Linux x86_64; rv:59.0) Gecko/20100101 Firefox/59.0", "Accept-Charset": "ISO-8859-1,utf-8;q=0.7,*;q=0.7", "Accept": "text/html,application/xhtml+xml,application/xml;q=0.9,*/*;q=0.8", "Accept-Encoding": "gzip, deflate", "Accept-Language": "en-us,en;q=0.5"}}, {"format_id": "36", "url": "https://r4---sn-o097znlk.googlevideo.com/videoplayback?ei=QGzwW9_JGIWukwaR1YdQ&key=yt6&initcwndbps=1785000&expire=1542504608&clen=85897600&fvip=6&source=youtube&signature=6009D5DF3C4841F2A6635B769844E072C0117417.C1C736854013F1FFBA48C263371624CE79B1D097&lmt=1426590578745406&ipbits=0&gir=yes&c=WEB&ms=au%2Crdu&requiressl=yes&mt=1542482879&pl=22&itag=36&id=o-AA5-xQ2Lzkp7JeOWRpKXPJymwKRfQrIz-t0x6EzWljsC&dur=3040.095&mv=m&mime=video%2F3gpp&sparams=clen%2Cdur%2Cei%2Cgir%2Cid%2Cinitcwndbps%2Cip%2Cipbits%2Citag%2Clmt%2Cmime%2Cmm%2Cmn%2Cms%2Cmv%2Cpl%2Crequiressl%2Csource%2Cexpire&mm=31%2C29&ip=69.181.125.22&mn=sn-o097znlk%2Csn-n4v7sn76&ratebypass=yes", "player_url": "/yts/jsbin/player_ias-vflof8Kxx/en_US/base.js", "ext": "3gp", "width": 320, "acodec": "mp4a.40.2", "vcodec": "mp4v.20.3", "resolution": "320x240", "height": 240, "filesize": 85897600, "format_note": "small", "format": "36 - 320x240 (small)", "protocol": "https", "http_headers": {"User-Agent": "Mozilla/5.0 (X11; Linux x86_64; rv:59.0) Gecko/20100101 Firefox/59.0", "Accept-Charset": "ISO-8859-1,utf-8;q=0.7,*;q=0.7", "Accept": "text/html,application/xhtml+xml,application/xml;q=0.9,*/*;q=0.8", "Accept-Encoding": "gzip, deflate", "Accept-Language": "en-us,en;q=0.5"}}, {"format_id": "18", "url": "https://r4---sn-o097znlk.googlevideo.com/videoplayback?ei=QGzwW9_JGIWukwaR1YdQ&key=yt6&initcwndbps=1785000&expire=1542504608&ratebypass=yes&clen=161946385&fvip=6&source=youtube&signature=46817AFCDDE81D3AF5DAAAFDA6B9914C706D830A.121E0CAA4B022357876D14E1264EB677C8D16773&lmt=1390760707644905&ipbits=0&gir=yes&c=WEB&ms=au%2Crdu&requiressl=yes&mt=1542482879&pl=22&itag=18&id=o-AA5-xQ2Lzkp7JeOWRpKXPJymwKRfQrIz-t0x6EzWljsC&dur=3039.956&mv=m&mime=video%2Fmp4&sparams=clen%2Cdur%2Cei%2Cgir%2Cid%2Cinitcwndbps%2Cip%2Cipbits%2Citag%2Clmt%2Cmime%2Cmm%2Cmn%2Cms%2Cmv%2Cpl%2Cratebypass%2Crequiressl%2Csource%2Cexpire&mm=31%2C29&ip=69.181.125.22&mn=sn-o097znlk%2Csn-n4v7sn76", "player_url": "/yts/jsbin/player_ias-vflof8Kxx/en_US/base.js", "ext": "mp4", "width": 480, "height": 360, "acodec": "mp4a.40.2", "abr": 96, "vcodec": "avc1.42001E", "resolution": "480x360", "filesize": 161946385, "format_note": "medium", "quality": 1, "format": "18 - 480x360 (medium)", "protocol": "https", "http_headers": {"User-Agent": "Mozilla/5.0 (X11; Linux x86_64; rv:59.0) Gecko/20100101 Firefox/59.0", "Accept-Charset": "ISO-8859-1,utf-8;q=0.7,*;q=0.7", "Accept": "text/html,application/xhtml+xml,application/xml;q=0.9,*/*;q=0.8", "Accept-Encoding": "gzip, deflate", "Accept-Language": "en-us,en;q=0.5"}}, {"format_id": "43", "url": "https://r4---sn-o097znlk.googlevideo.com/videoplayback?ei=QGzwW9_JGIWukwaR1YdQ&key=yt6&initcwndbps=1785000&expire=1542504608&ratebypass=yes&clen=170112984&fvip=6&source=youtube&signature=4E09FACBBA2A364445597D9AB0B446A898A2C86B.3EE3989A74D9717313101B2A444BE90D9081F093&lmt=1280313889071456&ipbits=0&gir=yes&c=WEB&ms=au%2Crdu&requiressl=yes&mt=1542482879&pl=22&itag=43&id=o-AA5-xQ2Lzkp7JeOWRpKXPJymwKRfQrIz-t0x6EzWljsC&dur=0.000&mv=m&mime=video%2Fwebm&sparams=clen%2Cdur%2Cei%2Cgir%2Cid%2Cinitcwndbps%2Cip%2Cipbits%2Citag%2Clmt%2Cmime%2Cmm%2Cmn%2Cms%2Cmv%2Cpl%2Cratebypass%2Crequiressl%2Csource%2Cexpire&mm=31%2C29&ip=69.181.125.22&mn=sn-o097znlk%2Csn-n4v7sn76", "player_url": "/yts/jsbin/player_ias-vflof8Kxx/en_US/base.js", "ext": "webm", "width": 640, "height": 360, "acodec": "vorbis", "abr": 128, "vcodec": "vp8.0", "resolution": "640x360", "filesize": 170112984, "format_note": "medium", "quality": 1, "format": "43 - 640x360 (medium)", "protocol": "https", "http_headers": {"User-Agent": "Mozilla/5.0 (X11; Linux x86_64; rv:59.0) Gecko/20100101 Firefox/59.0", "Accept-Charset": "ISO-8859-1,utf-8;q=0.7,*;q=0.7", "Accept": "text/html,application/xhtml+xml,application/xml;q=0.9,*/*;q=0.8", "Accept-Encoding": "gzip, deflate", "Accept-Language": "en-us,en;q=0.5"}}], "is_live": null, "start_time": null, "end_time": null, "series": null, "season_number": null, "episode_number": null, "track": null, "artist": null, "extractor": "youtube", "webpage_url_basename": "vF7eyJ2g3kU", "extractor_key": "Youtube", "n_entries": 35, "playlist": "MIT 18.06 Linear Algebra, Spring 2005", "playlist_id": "PLE7DDD91010BC51F8", "playlist_title": "MIT 18.06 Linear Algebra, Spring 2005", "playlist_uploader": "MIT OpenCourseWare", "playlist_uploader_id": "MIT", "playlist_index": 28, "thumbnails": [{"url": "https://i.ytimg.com/vi/vF7eyJ2g3kU/hqdefault.jpg", "id": "0"}], "display_id": "vF7eyJ2g3kU", "format_id": "43", "url": "https://r4---sn-o097znlk.googlevideo.com/videoplayback?ei=QGzwW9_JGIWukwaR1YdQ&key=yt6&initcwndbps=1785000&expire=1542504608&ratebypass=yes&clen=170112984&fvip=6&source=youtube&signature=4E09FACBBA2A364445597D9AB0B446A898A2C86B.3EE3989A74D9717313101B2A444BE90D9081F093&lmt=1280313889071456&ipbits=0&gir=yes&c=WEB&ms=au%2Crdu&requiressl=yes&mt=1542482879&pl=22&itag=43&id=o-AA5-xQ2Lzkp7JeOWRpKXPJymwKRfQrIz-t0x6EzWljsC&dur=0.000&mv=m&mime=video%2Fwebm&sparams=clen%2Cdur%2Cei%2Cgir%2Cid%2Cinitcwndbps%2Cip%2Cipbits%2Citag%2Clmt%2Cmime%2Cmm%2Cmn%2Cms%2Cmv%2Cpl%2Cratebypass%2Crequiressl%2Csource%2Cexpire&mm=31%2C29&ip=69.181.125.22&mn=sn-o097znlk%2Csn-n4v7sn76", "player_url": "/yts/jsbin/player_ias-vflof8Kxx/en_US/base.js", "ext": "webm", "width": 640, "height": 360, "acodec": "vorbis", "abr": 128, "vcodec": "vp8.0", "resolution": "640x360", "filesize": 170112984, "format_note": "medium", "quality": 1, "format": "43 - 640x360 (medium)", "protocol": "https", "http_headers": {"User-Agent": "Mozilla/5.0 (X11; Linux x86_64; rv:59.0) Gecko/20100101 Firefox/59.0", "Accept-Charset": "ISO-8859-1,utf-8;q=0.7,*;q=0.7", "Accept": "text/html,application/xhtml+xml,application/xml;q=0.9,*/*;q=0.8", "Accept-Encoding": "gzip, deflate", "Accept-Language": "en-us,en;q=0.5"}, "fulltitle": "Lec 27 | MIT 18.06 Linear Algebra, Spring 2005", "_filename": "Lec 27 _ MIT 18.06 Linear Algebra, Spring 2005-vF7eyJ2g3kU.webm"}