{"id": "sFxA8eIS6tA", "uploader": "MIT OpenCourseWare", "uploader_id": "MIT", "uploader_url": "http://www.youtube.com/user/MIT", "channel_id": "UCEBb1b_L6zDS3xTUrIALZOw", "channel_url": "http://www.youtube.com/channel/UCEBb1b_L6zDS3xTUrIALZOw", "upload_date": "20090506", "license": null, "creator": null, "title": "Lec 24b  | MIT 18.06 Linear Algebra, Spring 2005", "alt_title": null, "thumbnail": "https://i.ytimg.com/vi/sFxA8eIS6tA/hqdefault.jpg", "description": "Lecture 24b : Quiz 2 Review.*\n\n* NOTE: the audio is in the right channel only. If you hear no audio, you are listening only to the left channel.\n\nView the complete course at: http://ocw.mit.edu/18-06S05\n\nLicense: Creative Commons BY-NC-SA\nMore information at http://ocw.mit.edu/terms\nMore courses at http://ocw.mit.edu", "categories": ["Education"], "tags": ["matrix theory", "linear algebra", "systems of equations", "vector spaces", "determinants", "eigenvalues", "similarity", "positive definite matrices", "least-squares approximations", "networks", "Fourier transforms", "Markov processes"], "subtitles": {"en": [{"url": "https://www.youtube.com/api/timedtext?lang=en&v=sFxA8eIS6tA&fmt=ttml&name=CC", "ext": "ttml"}, {"url": "https://www.youtube.com/api/timedtext?lang=en&v=sFxA8eIS6tA&fmt=vtt&name=CC", "ext": "vtt"}]}, "automatic_captions": {"af": [{"url": "https://www.youtube.com/api/timedtext?xorp=True&key=yttt1&caps=asr&v=sFxA8eIS6tA&sparams=asr_langs%2Ccaps%2Cv%2Cxoaf%2Cxorp%2Cexpire&asr_langs=it%2Cfr%2Ces%2Cnl%2Cen%2Cru%2Cko%2Cde%2Cpt%2Cja&hl=en&signature=20DE5C8E4257C5B3B77AEFCD51C0E17A98C8BA4D.4CE815EDDB9C3CB57C84EA3E803BAC9ADE4459D4&expire=1544701167&xoaf=1&kind=asr&lang=en&tlang=af&fmt=ttml", "ext": "ttml"}, {"url": "https://www.youtube.com/api/timedtext?xorp=True&key=yttt1&caps=asr&v=sFxA8eIS6tA&sparams=asr_langs%2Ccaps%2Cv%2Cxoaf%2Cxorp%2Cexpire&asr_langs=it%2Cfr%2Ces%2Cnl%2Cen%2Cru%2Cko%2Cde%2Cpt%2Cja&hl=en&signature=20DE5C8E4257C5B3B77AEFCD51C0E17A98C8BA4D.4CE815EDDB9C3CB57C84EA3E803BAC9ADE4459D4&expire=1544701167&xoaf=1&kind=asr&lang=en&tlang=af&fmt=vtt", "ext": "vtt"}], "sq": [{"url": "https://www.youtube.com/api/timedtext?xorp=True&key=yttt1&caps=asr&v=sFxA8eIS6tA&sparams=asr_langs%2Ccaps%2Cv%2Cxoaf%2Cxorp%2Cexpire&asr_langs=it%2Cfr%2Ces%2Cnl%2Cen%2Cru%2Cko%2Cde%2Cpt%2Cja&hl=en&signature=20DE5C8E4257C5B3B77AEFCD51C0E17A98C8BA4D.4CE815EDDB9C3CB57C84EA3E803BAC9ADE4459D4&expire=1544701167&xoaf=1&kind=asr&lang=en&tlang=sq&fmt=ttml", "ext": "ttml"}, {"url": "https://www.youtube.com/api/timedtext?xorp=True&key=yttt1&caps=asr&v=sFxA8eIS6tA&sparams=asr_langs%2Ccaps%2Cv%2Cxoaf%2Cxorp%2Cexpire&asr_langs=it%2Cfr%2Ces%2Cnl%2Cen%2Cru%2Cko%2Cde%2Cpt%2Cja&hl=en&signature=20DE5C8E4257C5B3B77AEFCD51C0E17A98C8BA4D.4CE815EDDB9C3CB57C84EA3E803BAC9ADE4459D4&expire=1544701167&xoaf=1&kind=asr&lang=en&tlang=sq&fmt=vtt", "ext": "vtt"}], "am": [{"url": "https://www.youtube.com/api/timedtext?xorp=True&key=yttt1&caps=asr&v=sFxA8eIS6tA&sparams=asr_langs%2Ccaps%2Cv%2Cxoaf%2Cxorp%2Cexpire&asr_langs=it%2Cfr%2Ces%2Cnl%2Cen%2Cru%2Cko%2Cde%2Cpt%2Cja&hl=en&signature=20DE5C8E4257C5B3B77AEFCD51C0E17A98C8BA4D.4CE815EDDB9C3CB57C84EA3E803BAC9ADE4459D4&expire=1544701167&xoaf=1&kind=asr&lang=en&tlang=am&fmt=ttml", "ext": "ttml"}, {"url": "https://www.youtube.com/api/timedtext?xorp=True&key=yttt1&caps=asr&v=sFxA8eIS6tA&sparams=asr_langs%2Ccaps%2Cv%2Cxoaf%2Cxorp%2Cexpire&asr_langs=it%2Cfr%2Ces%2Cnl%2Cen%2Cru%2Cko%2Cde%2Cpt%2Cja&hl=en&signature=20DE5C8E4257C5B3B77AEFCD51C0E17A98C8BA4D.4CE815EDDB9C3CB57C84EA3E803BAC9ADE4459D4&expire=1544701167&xoaf=1&kind=asr&lang=en&tlang=am&fmt=vtt", "ext": "vtt"}], "ar": [{"url": "https://www.youtube.com/api/timedtext?xorp=True&key=yttt1&caps=asr&v=sFxA8eIS6tA&sparams=asr_langs%2Ccaps%2Cv%2Cxoaf%2Cxorp%2Cexpire&asr_langs=it%2Cfr%2Ces%2Cnl%2Cen%2Cru%2Cko%2Cde%2Cpt%2Cja&hl=en&signature=20DE5C8E4257C5B3B77AEFCD51C0E17A98C8BA4D.4CE815EDDB9C3CB57C84EA3E803BAC9ADE4459D4&expire=1544701167&xoaf=1&kind=asr&lang=en&tlang=ar&fmt=ttml", "ext": "ttml"}, {"url": "https://www.youtube.com/api/timedtext?xorp=True&key=yttt1&caps=asr&v=sFxA8eIS6tA&sparams=asr_langs%2Ccaps%2Cv%2Cxoaf%2Cxorp%2Cexpire&asr_langs=it%2Cfr%2Ces%2Cnl%2Cen%2Cru%2Cko%2Cde%2Cpt%2Cja&hl=en&signature=20DE5C8E4257C5B3B77AEFCD51C0E17A98C8BA4D.4CE815EDDB9C3CB57C84EA3E803BAC9ADE4459D4&expire=1544701167&xoaf=1&kind=asr&lang=en&tlang=ar&fmt=vtt", "ext": "vtt"}], "hy": [{"url": "https://www.youtube.com/api/timedtext?xorp=True&key=yttt1&caps=asr&v=sFxA8eIS6tA&sparams=asr_langs%2Ccaps%2Cv%2Cxoaf%2Cxorp%2Cexpire&asr_langs=it%2Cfr%2Ces%2Cnl%2Cen%2Cru%2Cko%2Cde%2Cpt%2Cja&hl=en&signature=20DE5C8E4257C5B3B77AEFCD51C0E17A98C8BA4D.4CE815EDDB9C3CB57C84EA3E803BAC9ADE4459D4&expire=1544701167&xoaf=1&kind=asr&lang=en&tlang=hy&fmt=ttml", "ext": "ttml"}, {"url": "https://www.youtube.com/api/timedtext?xorp=True&key=yttt1&caps=asr&v=sFxA8eIS6tA&sparams=asr_langs%2Ccaps%2Cv%2Cxoaf%2Cxorp%2Cexpire&asr_langs=it%2Cfr%2Ces%2Cnl%2Cen%2Cru%2Cko%2Cde%2Cpt%2Cja&hl=en&signature=20DE5C8E4257C5B3B77AEFCD51C0E17A98C8BA4D.4CE815EDDB9C3CB57C84EA3E803BAC9ADE4459D4&expire=1544701167&xoaf=1&kind=asr&lang=en&tlang=hy&fmt=vtt", "ext": "vtt"}], "az": [{"url": "https://www.youtube.com/api/timedtext?xorp=True&key=yttt1&caps=asr&v=sFxA8eIS6tA&sparams=asr_langs%2Ccaps%2Cv%2Cxoaf%2Cxorp%2Cexpire&asr_langs=it%2Cfr%2Ces%2Cnl%2Cen%2Cru%2Cko%2Cde%2Cpt%2Cja&hl=en&signature=20DE5C8E4257C5B3B77AEFCD51C0E17A98C8BA4D.4CE815EDDB9C3CB57C84EA3E803BAC9ADE4459D4&expire=1544701167&xoaf=1&kind=asr&lang=en&tlang=az&fmt=ttml", "ext": "ttml"}, {"url": "https://www.youtube.com/api/timedtext?xorp=True&key=yttt1&caps=asr&v=sFxA8eIS6tA&sparams=asr_langs%2Ccaps%2Cv%2Cxoaf%2Cxorp%2Cexpire&asr_langs=it%2Cfr%2Ces%2Cnl%2Cen%2Cru%2Cko%2Cde%2Cpt%2Cja&hl=en&signature=20DE5C8E4257C5B3B77AEFCD51C0E17A98C8BA4D.4CE815EDDB9C3CB57C84EA3E803BAC9ADE4459D4&expire=1544701167&xoaf=1&kind=asr&lang=en&tlang=az&fmt=vtt", "ext": "vtt"}], "bn": [{"url": "https://www.youtube.com/api/timedtext?xorp=True&key=yttt1&caps=asr&v=sFxA8eIS6tA&sparams=asr_langs%2Ccaps%2Cv%2Cxoaf%2Cxorp%2Cexpire&asr_langs=it%2Cfr%2Ces%2Cnl%2Cen%2Cru%2Cko%2Cde%2Cpt%2Cja&hl=en&signature=20DE5C8E4257C5B3B77AEFCD51C0E17A98C8BA4D.4CE815EDDB9C3CB57C84EA3E803BAC9ADE4459D4&expire=1544701167&xoaf=1&kind=asr&lang=en&tlang=bn&fmt=ttml", "ext": "ttml"}, {"url": "https://www.youtube.com/api/timedtext?xorp=True&key=yttt1&caps=asr&v=sFxA8eIS6tA&sparams=asr_langs%2Ccaps%2Cv%2Cxoaf%2Cxorp%2Cexpire&asr_langs=it%2Cfr%2Ces%2Cnl%2Cen%2Cru%2Cko%2Cde%2Cpt%2Cja&hl=en&signature=20DE5C8E4257C5B3B77AEFCD51C0E17A98C8BA4D.4CE815EDDB9C3CB57C84EA3E803BAC9ADE4459D4&expire=1544701167&xoaf=1&kind=asr&lang=en&tlang=bn&fmt=vtt", "ext": "vtt"}], "eu": [{"url": "https://www.youtube.com/api/timedtext?xorp=True&key=yttt1&caps=asr&v=sFxA8eIS6tA&sparams=asr_langs%2Ccaps%2Cv%2Cxoaf%2Cxorp%2Cexpire&asr_langs=it%2Cfr%2Ces%2Cnl%2Cen%2Cru%2Cko%2Cde%2Cpt%2Cja&hl=en&signature=20DE5C8E4257C5B3B77AEFCD51C0E17A98C8BA4D.4CE815EDDB9C3CB57C84EA3E803BAC9ADE4459D4&expire=1544701167&xoaf=1&kind=asr&lang=en&tlang=eu&fmt=ttml", "ext": "ttml"}, {"url": "https://www.youtube.com/api/timedtext?xorp=True&key=yttt1&caps=asr&v=sFxA8eIS6tA&sparams=asr_langs%2Ccaps%2Cv%2Cxoaf%2Cxorp%2Cexpire&asr_langs=it%2Cfr%2Ces%2Cnl%2Cen%2Cru%2Cko%2Cde%2Cpt%2Cja&hl=en&signature=20DE5C8E4257C5B3B77AEFCD51C0E17A98C8BA4D.4CE815EDDB9C3CB57C84EA3E803BAC9ADE4459D4&expire=1544701167&xoaf=1&kind=asr&lang=en&tlang=eu&fmt=vtt", "ext": "vtt"}], "be": [{"url": "https://www.youtube.com/api/timedtext?xorp=True&key=yttt1&caps=asr&v=sFxA8eIS6tA&sparams=asr_langs%2Ccaps%2Cv%2Cxoaf%2Cxorp%2Cexpire&asr_langs=it%2Cfr%2Ces%2Cnl%2Cen%2Cru%2Cko%2Cde%2Cpt%2Cja&hl=en&signature=20DE5C8E4257C5B3B77AEFCD51C0E17A98C8BA4D.4CE815EDDB9C3CB57C84EA3E803BAC9ADE4459D4&expire=1544701167&xoaf=1&kind=asr&lang=en&tlang=be&fmt=ttml", "ext": "ttml"}, {"url": "https://www.youtube.com/api/timedtext?xorp=True&key=yttt1&caps=asr&v=sFxA8eIS6tA&sparams=asr_langs%2Ccaps%2Cv%2Cxoaf%2Cxorp%2Cexpire&asr_langs=it%2Cfr%2Ces%2Cnl%2Cen%2Cru%2Cko%2Cde%2Cpt%2Cja&hl=en&signature=20DE5C8E4257C5B3B77AEFCD51C0E17A98C8BA4D.4CE815EDDB9C3CB57C84EA3E803BAC9ADE4459D4&expire=1544701167&xoaf=1&kind=asr&lang=en&tlang=be&fmt=vtt", "ext": "vtt"}], "bs": [{"url": "https://www.youtube.com/api/timedtext?xorp=True&key=yttt1&caps=asr&v=sFxA8eIS6tA&sparams=asr_langs%2Ccaps%2Cv%2Cxoaf%2Cxorp%2Cexpire&asr_langs=it%2Cfr%2Ces%2Cnl%2Cen%2Cru%2Cko%2Cde%2Cpt%2Cja&hl=en&signature=20DE5C8E4257C5B3B77AEFCD51C0E17A98C8BA4D.4CE815EDDB9C3CB57C84EA3E803BAC9ADE4459D4&expire=1544701167&xoaf=1&kind=asr&lang=en&tlang=bs&fmt=ttml", "ext": "ttml"}, {"url": "https://www.youtube.com/api/timedtext?xorp=True&key=yttt1&caps=asr&v=sFxA8eIS6tA&sparams=asr_langs%2Ccaps%2Cv%2Cxoaf%2Cxorp%2Cexpire&asr_langs=it%2Cfr%2Ces%2Cnl%2Cen%2Cru%2Cko%2Cde%2Cpt%2Cja&hl=en&signature=20DE5C8E4257C5B3B77AEFCD51C0E17A98C8BA4D.4CE815EDDB9C3CB57C84EA3E803BAC9ADE4459D4&expire=1544701167&xoaf=1&kind=asr&lang=en&tlang=bs&fmt=vtt", "ext": "vtt"}], "bg": [{"url": "https://www.youtube.com/api/timedtext?xorp=True&key=yttt1&caps=asr&v=sFxA8eIS6tA&sparams=asr_langs%2Ccaps%2Cv%2Cxoaf%2Cxorp%2Cexpire&asr_langs=it%2Cfr%2Ces%2Cnl%2Cen%2Cru%2Cko%2Cde%2Cpt%2Cja&hl=en&signature=20DE5C8E4257C5B3B77AEFCD51C0E17A98C8BA4D.4CE815EDDB9C3CB57C84EA3E803BAC9ADE4459D4&expire=1544701167&xoaf=1&kind=asr&lang=en&tlang=bg&fmt=ttml", "ext": "ttml"}, {"url": "https://www.youtube.com/api/timedtext?xorp=True&key=yttt1&caps=asr&v=sFxA8eIS6tA&sparams=asr_langs%2Ccaps%2Cv%2Cxoaf%2Cxorp%2Cexpire&asr_langs=it%2Cfr%2Ces%2Cnl%2Cen%2Cru%2Cko%2Cde%2Cpt%2Cja&hl=en&signature=20DE5C8E4257C5B3B77AEFCD51C0E17A98C8BA4D.4CE815EDDB9C3CB57C84EA3E803BAC9ADE4459D4&expire=1544701167&xoaf=1&kind=asr&lang=en&tlang=bg&fmt=vtt", "ext": "vtt"}], "my": [{"url": "https://www.youtube.com/api/timedtext?xorp=True&key=yttt1&caps=asr&v=sFxA8eIS6tA&sparams=asr_langs%2Ccaps%2Cv%2Cxoaf%2Cxorp%2Cexpire&asr_langs=it%2Cfr%2Ces%2Cnl%2Cen%2Cru%2Cko%2Cde%2Cpt%2Cja&hl=en&signature=20DE5C8E4257C5B3B77AEFCD51C0E17A98C8BA4D.4CE815EDDB9C3CB57C84EA3E803BAC9ADE4459D4&expire=1544701167&xoaf=1&kind=asr&lang=en&tlang=my&fmt=ttml", "ext": "ttml"}, {"url": "https://www.youtube.com/api/timedtext?xorp=True&key=yttt1&caps=asr&v=sFxA8eIS6tA&sparams=asr_langs%2Ccaps%2Cv%2Cxoaf%2Cxorp%2Cexpire&asr_langs=it%2Cfr%2Ces%2Cnl%2Cen%2Cru%2Cko%2Cde%2Cpt%2Cja&hl=en&signature=20DE5C8E4257C5B3B77AEFCD51C0E17A98C8BA4D.4CE815EDDB9C3CB57C84EA3E803BAC9ADE4459D4&expire=1544701167&xoaf=1&kind=asr&lang=en&tlang=my&fmt=vtt", "ext": "vtt"}], "ca": [{"url": "https://www.youtube.com/api/timedtext?xorp=True&key=yttt1&caps=asr&v=sFxA8eIS6tA&sparams=asr_langs%2Ccaps%2Cv%2Cxoaf%2Cxorp%2Cexpire&asr_langs=it%2Cfr%2Ces%2Cnl%2Cen%2Cru%2Cko%2Cde%2Cpt%2Cja&hl=en&signature=20DE5C8E4257C5B3B77AEFCD51C0E17A98C8BA4D.4CE815EDDB9C3CB57C84EA3E803BAC9ADE4459D4&expire=1544701167&xoaf=1&kind=asr&lang=en&tlang=ca&fmt=ttml", "ext": "ttml"}, {"url": "https://www.youtube.com/api/timedtext?xorp=True&key=yttt1&caps=asr&v=sFxA8eIS6tA&sparams=asr_langs%2Ccaps%2Cv%2Cxoaf%2Cxorp%2Cexpire&asr_langs=it%2Cfr%2Ces%2Cnl%2Cen%2Cru%2Cko%2Cde%2Cpt%2Cja&hl=en&signature=20DE5C8E4257C5B3B77AEFCD51C0E17A98C8BA4D.4CE815EDDB9C3CB57C84EA3E803BAC9ADE4459D4&expire=1544701167&xoaf=1&kind=asr&lang=en&tlang=ca&fmt=vtt", "ext": "vtt"}], "ceb": [{"url": "https://www.youtube.com/api/timedtext?xorp=True&key=yttt1&caps=asr&v=sFxA8eIS6tA&sparams=asr_langs%2Ccaps%2Cv%2Cxoaf%2Cxorp%2Cexpire&asr_langs=it%2Cfr%2Ces%2Cnl%2Cen%2Cru%2Cko%2Cde%2Cpt%2Cja&hl=en&signature=20DE5C8E4257C5B3B77AEFCD51C0E17A98C8BA4D.4CE815EDDB9C3CB57C84EA3E803BAC9ADE4459D4&expire=1544701167&xoaf=1&kind=asr&lang=en&tlang=ceb&fmt=ttml", "ext": "ttml"}, {"url": "https://www.youtube.com/api/timedtext?xorp=True&key=yttt1&caps=asr&v=sFxA8eIS6tA&sparams=asr_langs%2Ccaps%2Cv%2Cxoaf%2Cxorp%2Cexpire&asr_langs=it%2Cfr%2Ces%2Cnl%2Cen%2Cru%2Cko%2Cde%2Cpt%2Cja&hl=en&signature=20DE5C8E4257C5B3B77AEFCD51C0E17A98C8BA4D.4CE815EDDB9C3CB57C84EA3E803BAC9ADE4459D4&expire=1544701167&xoaf=1&kind=asr&lang=en&tlang=ceb&fmt=vtt", "ext": "vtt"}], "zh-Hans": [{"url": "https://www.youtube.com/api/timedtext?xorp=True&key=yttt1&caps=asr&v=sFxA8eIS6tA&sparams=asr_langs%2Ccaps%2Cv%2Cxoaf%2Cxorp%2Cexpire&asr_langs=it%2Cfr%2Ces%2Cnl%2Cen%2Cru%2Cko%2Cde%2Cpt%2Cja&hl=en&signature=20DE5C8E4257C5B3B77AEFCD51C0E17A98C8BA4D.4CE815EDDB9C3CB57C84EA3E803BAC9ADE4459D4&expire=1544701167&xoaf=1&kind=asr&lang=en&tlang=zh-Hans&fmt=ttml", "ext": "ttml"}, {"url": "https://www.youtube.com/api/timedtext?xorp=True&key=yttt1&caps=asr&v=sFxA8eIS6tA&sparams=asr_langs%2Ccaps%2Cv%2Cxoaf%2Cxorp%2Cexpire&asr_langs=it%2Cfr%2Ces%2Cnl%2Cen%2Cru%2Cko%2Cde%2Cpt%2Cja&hl=en&signature=20DE5C8E4257C5B3B77AEFCD51C0E17A98C8BA4D.4CE815EDDB9C3CB57C84EA3E803BAC9ADE4459D4&expire=1544701167&xoaf=1&kind=asr&lang=en&tlang=zh-Hans&fmt=vtt", "ext": "vtt"}], "zh-Hant": [{"url": "https://www.youtube.com/api/timedtext?xorp=True&key=yttt1&caps=asr&v=sFxA8eIS6tA&sparams=asr_langs%2Ccaps%2Cv%2Cxoaf%2Cxorp%2Cexpire&asr_langs=it%2Cfr%2Ces%2Cnl%2Cen%2Cru%2Cko%2Cde%2Cpt%2Cja&hl=en&signature=20DE5C8E4257C5B3B77AEFCD51C0E17A98C8BA4D.4CE815EDDB9C3CB57C84EA3E803BAC9ADE4459D4&expire=1544701167&xoaf=1&kind=asr&lang=en&tlang=zh-Hant&fmt=ttml", "ext": "ttml"}, {"url": "https://www.youtube.com/api/timedtext?xorp=True&key=yttt1&caps=asr&v=sFxA8eIS6tA&sparams=asr_langs%2Ccaps%2Cv%2Cxoaf%2Cxorp%2Cexpire&asr_langs=it%2Cfr%2Ces%2Cnl%2Cen%2Cru%2Cko%2Cde%2Cpt%2Cja&hl=en&signature=20DE5C8E4257C5B3B77AEFCD51C0E17A98C8BA4D.4CE815EDDB9C3CB57C84EA3E803BAC9ADE4459D4&expire=1544701167&xoaf=1&kind=asr&lang=en&tlang=zh-Hant&fmt=vtt", "ext": "vtt"}], "co": [{"url": "https://www.youtube.com/api/timedtext?xorp=True&key=yttt1&caps=asr&v=sFxA8eIS6tA&sparams=asr_langs%2Ccaps%2Cv%2Cxoaf%2Cxorp%2Cexpire&asr_langs=it%2Cfr%2Ces%2Cnl%2Cen%2Cru%2Cko%2Cde%2Cpt%2Cja&hl=en&signature=20DE5C8E4257C5B3B77AEFCD51C0E17A98C8BA4D.4CE815EDDB9C3CB57C84EA3E803BAC9ADE4459D4&expire=1544701167&xoaf=1&kind=asr&lang=en&tlang=co&fmt=ttml", "ext": "ttml"}, {"url": "https://www.youtube.com/api/timedtext?xorp=True&key=yttt1&caps=asr&v=sFxA8eIS6tA&sparams=asr_langs%2Ccaps%2Cv%2Cxoaf%2Cxorp%2Cexpire&asr_langs=it%2Cfr%2Ces%2Cnl%2Cen%2Cru%2Cko%2Cde%2Cpt%2Cja&hl=en&signature=20DE5C8E4257C5B3B77AEFCD51C0E17A98C8BA4D.4CE815EDDB9C3CB57C84EA3E803BAC9ADE4459D4&expire=1544701167&xoaf=1&kind=asr&lang=en&tlang=co&fmt=vtt", "ext": "vtt"}], "hr": [{"url": "https://www.youtube.com/api/timedtext?xorp=True&key=yttt1&caps=asr&v=sFxA8eIS6tA&sparams=asr_langs%2Ccaps%2Cv%2Cxoaf%2Cxorp%2Cexpire&asr_langs=it%2Cfr%2Ces%2Cnl%2Cen%2Cru%2Cko%2Cde%2Cpt%2Cja&hl=en&signature=20DE5C8E4257C5B3B77AEFCD51C0E17A98C8BA4D.4CE815EDDB9C3CB57C84EA3E803BAC9ADE4459D4&expire=1544701167&xoaf=1&kind=asr&lang=en&tlang=hr&fmt=ttml", "ext": "ttml"}, {"url": "https://www.youtube.com/api/timedtext?xorp=True&key=yttt1&caps=asr&v=sFxA8eIS6tA&sparams=asr_langs%2Ccaps%2Cv%2Cxoaf%2Cxorp%2Cexpire&asr_langs=it%2Cfr%2Ces%2Cnl%2Cen%2Cru%2Cko%2Cde%2Cpt%2Cja&hl=en&signature=20DE5C8E4257C5B3B77AEFCD51C0E17A98C8BA4D.4CE815EDDB9C3CB57C84EA3E803BAC9ADE4459D4&expire=1544701167&xoaf=1&kind=asr&lang=en&tlang=hr&fmt=vtt", "ext": "vtt"}], "cs": [{"url": "https://www.youtube.com/api/timedtext?xorp=True&key=yttt1&caps=asr&v=sFxA8eIS6tA&sparams=asr_langs%2Ccaps%2Cv%2Cxoaf%2Cxorp%2Cexpire&asr_langs=it%2Cfr%2Ces%2Cnl%2Cen%2Cru%2Cko%2Cde%2Cpt%2Cja&hl=en&signature=20DE5C8E4257C5B3B77AEFCD51C0E17A98C8BA4D.4CE815EDDB9C3CB57C84EA3E803BAC9ADE4459D4&expire=1544701167&xoaf=1&kind=asr&lang=en&tlang=cs&fmt=ttml", "ext": "ttml"}, {"url": "https://www.youtube.com/api/timedtext?xorp=True&key=yttt1&caps=asr&v=sFxA8eIS6tA&sparams=asr_langs%2Ccaps%2Cv%2Cxoaf%2Cxorp%2Cexpire&asr_langs=it%2Cfr%2Ces%2Cnl%2Cen%2Cru%2Cko%2Cde%2Cpt%2Cja&hl=en&signature=20DE5C8E4257C5B3B77AEFCD51C0E17A98C8BA4D.4CE815EDDB9C3CB57C84EA3E803BAC9ADE4459D4&expire=1544701167&xoaf=1&kind=asr&lang=en&tlang=cs&fmt=vtt", "ext": "vtt"}], "da": [{"url": "https://www.youtube.com/api/timedtext?xorp=True&key=yttt1&caps=asr&v=sFxA8eIS6tA&sparams=asr_langs%2Ccaps%2Cv%2Cxoaf%2Cxorp%2Cexpire&asr_langs=it%2Cfr%2Ces%2Cnl%2Cen%2Cru%2Cko%2Cde%2Cpt%2Cja&hl=en&signature=20DE5C8E4257C5B3B77AEFCD51C0E17A98C8BA4D.4CE815EDDB9C3CB57C84EA3E803BAC9ADE4459D4&expire=1544701167&xoaf=1&kind=asr&lang=en&tlang=da&fmt=ttml", "ext": "ttml"}, {"url": "https://www.youtube.com/api/timedtext?xorp=True&key=yttt1&caps=asr&v=sFxA8eIS6tA&sparams=asr_langs%2Ccaps%2Cv%2Cxoaf%2Cxorp%2Cexpire&asr_langs=it%2Cfr%2Ces%2Cnl%2Cen%2Cru%2Cko%2Cde%2Cpt%2Cja&hl=en&signature=20DE5C8E4257C5B3B77AEFCD51C0E17A98C8BA4D.4CE815EDDB9C3CB57C84EA3E803BAC9ADE4459D4&expire=1544701167&xoaf=1&kind=asr&lang=en&tlang=da&fmt=vtt", "ext": "vtt"}], "nl": [{"url": "https://www.youtube.com/api/timedtext?xorp=True&key=yttt1&caps=asr&v=sFxA8eIS6tA&sparams=asr_langs%2Ccaps%2Cv%2Cxoaf%2Cxorp%2Cexpire&asr_langs=it%2Cfr%2Ces%2Cnl%2Cen%2Cru%2Cko%2Cde%2Cpt%2Cja&hl=en&signature=20DE5C8E4257C5B3B77AEFCD51C0E17A98C8BA4D.4CE815EDDB9C3CB57C84EA3E803BAC9ADE4459D4&expire=1544701167&xoaf=1&kind=asr&lang=en&tlang=nl&fmt=ttml", "ext": "ttml"}, {"url": "https://www.youtube.com/api/timedtext?xorp=True&key=yttt1&caps=asr&v=sFxA8eIS6tA&sparams=asr_langs%2Ccaps%2Cv%2Cxoaf%2Cxorp%2Cexpire&asr_langs=it%2Cfr%2Ces%2Cnl%2Cen%2Cru%2Cko%2Cde%2Cpt%2Cja&hl=en&signature=20DE5C8E4257C5B3B77AEFCD51C0E17A98C8BA4D.4CE815EDDB9C3CB57C84EA3E803BAC9ADE4459D4&expire=1544701167&xoaf=1&kind=asr&lang=en&tlang=nl&fmt=vtt", "ext": "vtt"}], "en": [{"url": "https://www.youtube.com/api/timedtext?xorp=True&key=yttt1&caps=asr&v=sFxA8eIS6tA&sparams=asr_langs%2Ccaps%2Cv%2Cxoaf%2Cxorp%2Cexpire&asr_langs=it%2Cfr%2Ces%2Cnl%2Cen%2Cru%2Cko%2Cde%2Cpt%2Cja&hl=en&signature=20DE5C8E4257C5B3B77AEFCD51C0E17A98C8BA4D.4CE815EDDB9C3CB57C84EA3E803BAC9ADE4459D4&expire=1544701167&xoaf=1&kind=asr&lang=en&tlang=en&fmt=ttml", "ext": "ttml"}, {"url": "https://www.youtube.com/api/timedtext?xorp=True&key=yttt1&caps=asr&v=sFxA8eIS6tA&sparams=asr_langs%2Ccaps%2Cv%2Cxoaf%2Cxorp%2Cexpire&asr_langs=it%2Cfr%2Ces%2Cnl%2Cen%2Cru%2Cko%2Cde%2Cpt%2Cja&hl=en&signature=20DE5C8E4257C5B3B77AEFCD51C0E17A98C8BA4D.4CE815EDDB9C3CB57C84EA3E803BAC9ADE4459D4&expire=1544701167&xoaf=1&kind=asr&lang=en&tlang=en&fmt=vtt", "ext": "vtt"}], "eo": [{"url": "https://www.youtube.com/api/timedtext?xorp=True&key=yttt1&caps=asr&v=sFxA8eIS6tA&sparams=asr_langs%2Ccaps%2Cv%2Cxoaf%2Cxorp%2Cexpire&asr_langs=it%2Cfr%2Ces%2Cnl%2Cen%2Cru%2Cko%2Cde%2Cpt%2Cja&hl=en&signature=20DE5C8E4257C5B3B77AEFCD51C0E17A98C8BA4D.4CE815EDDB9C3CB57C84EA3E803BAC9ADE4459D4&expire=1544701167&xoaf=1&kind=asr&lang=en&tlang=eo&fmt=ttml", "ext": "ttml"}, {"url": "https://www.youtube.com/api/timedtext?xorp=True&key=yttt1&caps=asr&v=sFxA8eIS6tA&sparams=asr_langs%2Ccaps%2Cv%2Cxoaf%2Cxorp%2Cexpire&asr_langs=it%2Cfr%2Ces%2Cnl%2Cen%2Cru%2Cko%2Cde%2Cpt%2Cja&hl=en&signature=20DE5C8E4257C5B3B77AEFCD51C0E17A98C8BA4D.4CE815EDDB9C3CB57C84EA3E803BAC9ADE4459D4&expire=1544701167&xoaf=1&kind=asr&lang=en&tlang=eo&fmt=vtt", "ext": "vtt"}], "et": [{"url": "https://www.youtube.com/api/timedtext?xorp=True&key=yttt1&caps=asr&v=sFxA8eIS6tA&sparams=asr_langs%2Ccaps%2Cv%2Cxoaf%2Cxorp%2Cexpire&asr_langs=it%2Cfr%2Ces%2Cnl%2Cen%2Cru%2Cko%2Cde%2Cpt%2Cja&hl=en&signature=20DE5C8E4257C5B3B77AEFCD51C0E17A98C8BA4D.4CE815EDDB9C3CB57C84EA3E803BAC9ADE4459D4&expire=1544701167&xoaf=1&kind=asr&lang=en&tlang=et&fmt=ttml", "ext": "ttml"}, {"url": "https://www.youtube.com/api/timedtext?xorp=True&key=yttt1&caps=asr&v=sFxA8eIS6tA&sparams=asr_langs%2Ccaps%2Cv%2Cxoaf%2Cxorp%2Cexpire&asr_langs=it%2Cfr%2Ces%2Cnl%2Cen%2Cru%2Cko%2Cde%2Cpt%2Cja&hl=en&signature=20DE5C8E4257C5B3B77AEFCD51C0E17A98C8BA4D.4CE815EDDB9C3CB57C84EA3E803BAC9ADE4459D4&expire=1544701167&xoaf=1&kind=asr&lang=en&tlang=et&fmt=vtt", "ext": "vtt"}], "fil": [{"url": "https://www.youtube.com/api/timedtext?xorp=True&key=yttt1&caps=asr&v=sFxA8eIS6tA&sparams=asr_langs%2Ccaps%2Cv%2Cxoaf%2Cxorp%2Cexpire&asr_langs=it%2Cfr%2Ces%2Cnl%2Cen%2Cru%2Cko%2Cde%2Cpt%2Cja&hl=en&signature=20DE5C8E4257C5B3B77AEFCD51C0E17A98C8BA4D.4CE815EDDB9C3CB57C84EA3E803BAC9ADE4459D4&expire=1544701167&xoaf=1&kind=asr&lang=en&tlang=fil&fmt=ttml", "ext": "ttml"}, {"url": "https://www.youtube.com/api/timedtext?xorp=True&key=yttt1&caps=asr&v=sFxA8eIS6tA&sparams=asr_langs%2Ccaps%2Cv%2Cxoaf%2Cxorp%2Cexpire&asr_langs=it%2Cfr%2Ces%2Cnl%2Cen%2Cru%2Cko%2Cde%2Cpt%2Cja&hl=en&signature=20DE5C8E4257C5B3B77AEFCD51C0E17A98C8BA4D.4CE815EDDB9C3CB57C84EA3E803BAC9ADE4459D4&expire=1544701167&xoaf=1&kind=asr&lang=en&tlang=fil&fmt=vtt", "ext": "vtt"}], "fi": [{"url": "https://www.youtube.com/api/timedtext?xorp=True&key=yttt1&caps=asr&v=sFxA8eIS6tA&sparams=asr_langs%2Ccaps%2Cv%2Cxoaf%2Cxorp%2Cexpire&asr_langs=it%2Cfr%2Ces%2Cnl%2Cen%2Cru%2Cko%2Cde%2Cpt%2Cja&hl=en&signature=20DE5C8E4257C5B3B77AEFCD51C0E17A98C8BA4D.4CE815EDDB9C3CB57C84EA3E803BAC9ADE4459D4&expire=1544701167&xoaf=1&kind=asr&lang=en&tlang=fi&fmt=ttml", "ext": "ttml"}, {"url": "https://www.youtube.com/api/timedtext?xorp=True&key=yttt1&caps=asr&v=sFxA8eIS6tA&sparams=asr_langs%2Ccaps%2Cv%2Cxoaf%2Cxorp%2Cexpire&asr_langs=it%2Cfr%2Ces%2Cnl%2Cen%2Cru%2Cko%2Cde%2Cpt%2Cja&hl=en&signature=20DE5C8E4257C5B3B77AEFCD51C0E17A98C8BA4D.4CE815EDDB9C3CB57C84EA3E803BAC9ADE4459D4&expire=1544701167&xoaf=1&kind=asr&lang=en&tlang=fi&fmt=vtt", "ext": "vtt"}], "fr": [{"url": "https://www.youtube.com/api/timedtext?xorp=True&key=yttt1&caps=asr&v=sFxA8eIS6tA&sparams=asr_langs%2Ccaps%2Cv%2Cxoaf%2Cxorp%2Cexpire&asr_langs=it%2Cfr%2Ces%2Cnl%2Cen%2Cru%2Cko%2Cde%2Cpt%2Cja&hl=en&signature=20DE5C8E4257C5B3B77AEFCD51C0E17A98C8BA4D.4CE815EDDB9C3CB57C84EA3E803BAC9ADE4459D4&expire=1544701167&xoaf=1&kind=asr&lang=en&tlang=fr&fmt=ttml", "ext": "ttml"}, {"url": "https://www.youtube.com/api/timedtext?xorp=True&key=yttt1&caps=asr&v=sFxA8eIS6tA&sparams=asr_langs%2Ccaps%2Cv%2Cxoaf%2Cxorp%2Cexpire&asr_langs=it%2Cfr%2Ces%2Cnl%2Cen%2Cru%2Cko%2Cde%2Cpt%2Cja&hl=en&signature=20DE5C8E4257C5B3B77AEFCD51C0E17A98C8BA4D.4CE815EDDB9C3CB57C84EA3E803BAC9ADE4459D4&expire=1544701167&xoaf=1&kind=asr&lang=en&tlang=fr&fmt=vtt", "ext": "vtt"}], "gl": [{"url": "https://www.youtube.com/api/timedtext?xorp=True&key=yttt1&caps=asr&v=sFxA8eIS6tA&sparams=asr_langs%2Ccaps%2Cv%2Cxoaf%2Cxorp%2Cexpire&asr_langs=it%2Cfr%2Ces%2Cnl%2Cen%2Cru%2Cko%2Cde%2Cpt%2Cja&hl=en&signature=20DE5C8E4257C5B3B77AEFCD51C0E17A98C8BA4D.4CE815EDDB9C3CB57C84EA3E803BAC9ADE4459D4&expire=1544701167&xoaf=1&kind=asr&lang=en&tlang=gl&fmt=ttml", "ext": "ttml"}, {"url": "https://www.youtube.com/api/timedtext?xorp=True&key=yttt1&caps=asr&v=sFxA8eIS6tA&sparams=asr_langs%2Ccaps%2Cv%2Cxoaf%2Cxorp%2Cexpire&asr_langs=it%2Cfr%2Ces%2Cnl%2Cen%2Cru%2Cko%2Cde%2Cpt%2Cja&hl=en&signature=20DE5C8E4257C5B3B77AEFCD51C0E17A98C8BA4D.4CE815EDDB9C3CB57C84EA3E803BAC9ADE4459D4&expire=1544701167&xoaf=1&kind=asr&lang=en&tlang=gl&fmt=vtt", "ext": "vtt"}], "ka": [{"url": "https://www.youtube.com/api/timedtext?xorp=True&key=yttt1&caps=asr&v=sFxA8eIS6tA&sparams=asr_langs%2Ccaps%2Cv%2Cxoaf%2Cxorp%2Cexpire&asr_langs=it%2Cfr%2Ces%2Cnl%2Cen%2Cru%2Cko%2Cde%2Cpt%2Cja&hl=en&signature=20DE5C8E4257C5B3B77AEFCD51C0E17A98C8BA4D.4CE815EDDB9C3CB57C84EA3E803BAC9ADE4459D4&expire=1544701167&xoaf=1&kind=asr&lang=en&tlang=ka&fmt=ttml", "ext": "ttml"}, {"url": "https://www.youtube.com/api/timedtext?xorp=True&key=yttt1&caps=asr&v=sFxA8eIS6tA&sparams=asr_langs%2Ccaps%2Cv%2Cxoaf%2Cxorp%2Cexpire&asr_langs=it%2Cfr%2Ces%2Cnl%2Cen%2Cru%2Cko%2Cde%2Cpt%2Cja&hl=en&signature=20DE5C8E4257C5B3B77AEFCD51C0E17A98C8BA4D.4CE815EDDB9C3CB57C84EA3E803BAC9ADE4459D4&expire=1544701167&xoaf=1&kind=asr&lang=en&tlang=ka&fmt=vtt", "ext": "vtt"}], "de": [{"url": "https://www.youtube.com/api/timedtext?xorp=True&key=yttt1&caps=asr&v=sFxA8eIS6tA&sparams=asr_langs%2Ccaps%2Cv%2Cxoaf%2Cxorp%2Cexpire&asr_langs=it%2Cfr%2Ces%2Cnl%2Cen%2Cru%2Cko%2Cde%2Cpt%2Cja&hl=en&signature=20DE5C8E4257C5B3B77AEFCD51C0E17A98C8BA4D.4CE815EDDB9C3CB57C84EA3E803BAC9ADE4459D4&expire=1544701167&xoaf=1&kind=asr&lang=en&tlang=de&fmt=ttml", "ext": "ttml"}, {"url": "https://www.youtube.com/api/timedtext?xorp=True&key=yttt1&caps=asr&v=sFxA8eIS6tA&sparams=asr_langs%2Ccaps%2Cv%2Cxoaf%2Cxorp%2Cexpire&asr_langs=it%2Cfr%2Ces%2Cnl%2Cen%2Cru%2Cko%2Cde%2Cpt%2Cja&hl=en&signature=20DE5C8E4257C5B3B77AEFCD51C0E17A98C8BA4D.4CE815EDDB9C3CB57C84EA3E803BAC9ADE4459D4&expire=1544701167&xoaf=1&kind=asr&lang=en&tlang=de&fmt=vtt", "ext": "vtt"}], "el": [{"url": "https://www.youtube.com/api/timedtext?xorp=True&key=yttt1&caps=asr&v=sFxA8eIS6tA&sparams=asr_langs%2Ccaps%2Cv%2Cxoaf%2Cxorp%2Cexpire&asr_langs=it%2Cfr%2Ces%2Cnl%2Cen%2Cru%2Cko%2Cde%2Cpt%2Cja&hl=en&signature=20DE5C8E4257C5B3B77AEFCD51C0E17A98C8BA4D.4CE815EDDB9C3CB57C84EA3E803BAC9ADE4459D4&expire=1544701167&xoaf=1&kind=asr&lang=en&tlang=el&fmt=ttml", "ext": "ttml"}, {"url": "https://www.youtube.com/api/timedtext?xorp=True&key=yttt1&caps=asr&v=sFxA8eIS6tA&sparams=asr_langs%2Ccaps%2Cv%2Cxoaf%2Cxorp%2Cexpire&asr_langs=it%2Cfr%2Ces%2Cnl%2Cen%2Cru%2Cko%2Cde%2Cpt%2Cja&hl=en&signature=20DE5C8E4257C5B3B77AEFCD51C0E17A98C8BA4D.4CE815EDDB9C3CB57C84EA3E803BAC9ADE4459D4&expire=1544701167&xoaf=1&kind=asr&lang=en&tlang=el&fmt=vtt", "ext": "vtt"}], "gu": [{"url": "https://www.youtube.com/api/timedtext?xorp=True&key=yttt1&caps=asr&v=sFxA8eIS6tA&sparams=asr_langs%2Ccaps%2Cv%2Cxoaf%2Cxorp%2Cexpire&asr_langs=it%2Cfr%2Ces%2Cnl%2Cen%2Cru%2Cko%2Cde%2Cpt%2Cja&hl=en&signature=20DE5C8E4257C5B3B77AEFCD51C0E17A98C8BA4D.4CE815EDDB9C3CB57C84EA3E803BAC9ADE4459D4&expire=1544701167&xoaf=1&kind=asr&lang=en&tlang=gu&fmt=ttml", "ext": "ttml"}, {"url": "https://www.youtube.com/api/timedtext?xorp=True&key=yttt1&caps=asr&v=sFxA8eIS6tA&sparams=asr_langs%2Ccaps%2Cv%2Cxoaf%2Cxorp%2Cexpire&asr_langs=it%2Cfr%2Ces%2Cnl%2Cen%2Cru%2Cko%2Cde%2Cpt%2Cja&hl=en&signature=20DE5C8E4257C5B3B77AEFCD51C0E17A98C8BA4D.4CE815EDDB9C3CB57C84EA3E803BAC9ADE4459D4&expire=1544701167&xoaf=1&kind=asr&lang=en&tlang=gu&fmt=vtt", "ext": "vtt"}], "ht": [{"url": "https://www.youtube.com/api/timedtext?xorp=True&key=yttt1&caps=asr&v=sFxA8eIS6tA&sparams=asr_langs%2Ccaps%2Cv%2Cxoaf%2Cxorp%2Cexpire&asr_langs=it%2Cfr%2Ces%2Cnl%2Cen%2Cru%2Cko%2Cde%2Cpt%2Cja&hl=en&signature=20DE5C8E4257C5B3B77AEFCD51C0E17A98C8BA4D.4CE815EDDB9C3CB57C84EA3E803BAC9ADE4459D4&expire=1544701167&xoaf=1&kind=asr&lang=en&tlang=ht&fmt=ttml", "ext": "ttml"}, {"url": "https://www.youtube.com/api/timedtext?xorp=True&key=yttt1&caps=asr&v=sFxA8eIS6tA&sparams=asr_langs%2Ccaps%2Cv%2Cxoaf%2Cxorp%2Cexpire&asr_langs=it%2Cfr%2Ces%2Cnl%2Cen%2Cru%2Cko%2Cde%2Cpt%2Cja&hl=en&signature=20DE5C8E4257C5B3B77AEFCD51C0E17A98C8BA4D.4CE815EDDB9C3CB57C84EA3E803BAC9ADE4459D4&expire=1544701167&xoaf=1&kind=asr&lang=en&tlang=ht&fmt=vtt", "ext": "vtt"}], "ha": [{"url": "https://www.youtube.com/api/timedtext?xorp=True&key=yttt1&caps=asr&v=sFxA8eIS6tA&sparams=asr_langs%2Ccaps%2Cv%2Cxoaf%2Cxorp%2Cexpire&asr_langs=it%2Cfr%2Ces%2Cnl%2Cen%2Cru%2Cko%2Cde%2Cpt%2Cja&hl=en&signature=20DE5C8E4257C5B3B77AEFCD51C0E17A98C8BA4D.4CE815EDDB9C3CB57C84EA3E803BAC9ADE4459D4&expire=1544701167&xoaf=1&kind=asr&lang=en&tlang=ha&fmt=ttml", "ext": "ttml"}, {"url": "https://www.youtube.com/api/timedtext?xorp=True&key=yttt1&caps=asr&v=sFxA8eIS6tA&sparams=asr_langs%2Ccaps%2Cv%2Cxoaf%2Cxorp%2Cexpire&asr_langs=it%2Cfr%2Ces%2Cnl%2Cen%2Cru%2Cko%2Cde%2Cpt%2Cja&hl=en&signature=20DE5C8E4257C5B3B77AEFCD51C0E17A98C8BA4D.4CE815EDDB9C3CB57C84EA3E803BAC9ADE4459D4&expire=1544701167&xoaf=1&kind=asr&lang=en&tlang=ha&fmt=vtt", "ext": "vtt"}], "haw": [{"url": "https://www.youtube.com/api/timedtext?xorp=True&key=yttt1&caps=asr&v=sFxA8eIS6tA&sparams=asr_langs%2Ccaps%2Cv%2Cxoaf%2Cxorp%2Cexpire&asr_langs=it%2Cfr%2Ces%2Cnl%2Cen%2Cru%2Cko%2Cde%2Cpt%2Cja&hl=en&signature=20DE5C8E4257C5B3B77AEFCD51C0E17A98C8BA4D.4CE815EDDB9C3CB57C84EA3E803BAC9ADE4459D4&expire=1544701167&xoaf=1&kind=asr&lang=en&tlang=haw&fmt=ttml", "ext": "ttml"}, {"url": "https://www.youtube.com/api/timedtext?xorp=True&key=yttt1&caps=asr&v=sFxA8eIS6tA&sparams=asr_langs%2Ccaps%2Cv%2Cxoaf%2Cxorp%2Cexpire&asr_langs=it%2Cfr%2Ces%2Cnl%2Cen%2Cru%2Cko%2Cde%2Cpt%2Cja&hl=en&signature=20DE5C8E4257C5B3B77AEFCD51C0E17A98C8BA4D.4CE815EDDB9C3CB57C84EA3E803BAC9ADE4459D4&expire=1544701167&xoaf=1&kind=asr&lang=en&tlang=haw&fmt=vtt", "ext": "vtt"}], "iw": [{"url": "https://www.youtube.com/api/timedtext?xorp=True&key=yttt1&caps=asr&v=sFxA8eIS6tA&sparams=asr_langs%2Ccaps%2Cv%2Cxoaf%2Cxorp%2Cexpire&asr_langs=it%2Cfr%2Ces%2Cnl%2Cen%2Cru%2Cko%2Cde%2Cpt%2Cja&hl=en&signature=20DE5C8E4257C5B3B77AEFCD51C0E17A98C8BA4D.4CE815EDDB9C3CB57C84EA3E803BAC9ADE4459D4&expire=1544701167&xoaf=1&kind=asr&lang=en&tlang=iw&fmt=ttml", "ext": "ttml"}, {"url": "https://www.youtube.com/api/timedtext?xorp=True&key=yttt1&caps=asr&v=sFxA8eIS6tA&sparams=asr_langs%2Ccaps%2Cv%2Cxoaf%2Cxorp%2Cexpire&asr_langs=it%2Cfr%2Ces%2Cnl%2Cen%2Cru%2Cko%2Cde%2Cpt%2Cja&hl=en&signature=20DE5C8E4257C5B3B77AEFCD51C0E17A98C8BA4D.4CE815EDDB9C3CB57C84EA3E803BAC9ADE4459D4&expire=1544701167&xoaf=1&kind=asr&lang=en&tlang=iw&fmt=vtt", "ext": "vtt"}], "hi": [{"url": "https://www.youtube.com/api/timedtext?xorp=True&key=yttt1&caps=asr&v=sFxA8eIS6tA&sparams=asr_langs%2Ccaps%2Cv%2Cxoaf%2Cxorp%2Cexpire&asr_langs=it%2Cfr%2Ces%2Cnl%2Cen%2Cru%2Cko%2Cde%2Cpt%2Cja&hl=en&signature=20DE5C8E4257C5B3B77AEFCD51C0E17A98C8BA4D.4CE815EDDB9C3CB57C84EA3E803BAC9ADE4459D4&expire=1544701167&xoaf=1&kind=asr&lang=en&tlang=hi&fmt=ttml", "ext": "ttml"}, {"url": "https://www.youtube.com/api/timedtext?xorp=True&key=yttt1&caps=asr&v=sFxA8eIS6tA&sparams=asr_langs%2Ccaps%2Cv%2Cxoaf%2Cxorp%2Cexpire&asr_langs=it%2Cfr%2Ces%2Cnl%2Cen%2Cru%2Cko%2Cde%2Cpt%2Cja&hl=en&signature=20DE5C8E4257C5B3B77AEFCD51C0E17A98C8BA4D.4CE815EDDB9C3CB57C84EA3E803BAC9ADE4459D4&expire=1544701167&xoaf=1&kind=asr&lang=en&tlang=hi&fmt=vtt", "ext": "vtt"}], "hmn": [{"url": "https://www.youtube.com/api/timedtext?xorp=True&key=yttt1&caps=asr&v=sFxA8eIS6tA&sparams=asr_langs%2Ccaps%2Cv%2Cxoaf%2Cxorp%2Cexpire&asr_langs=it%2Cfr%2Ces%2Cnl%2Cen%2Cru%2Cko%2Cde%2Cpt%2Cja&hl=en&signature=20DE5C8E4257C5B3B77AEFCD51C0E17A98C8BA4D.4CE815EDDB9C3CB57C84EA3E803BAC9ADE4459D4&expire=1544701167&xoaf=1&kind=asr&lang=en&tlang=hmn&fmt=ttml", "ext": "ttml"}, {"url": "https://www.youtube.com/api/timedtext?xorp=True&key=yttt1&caps=asr&v=sFxA8eIS6tA&sparams=asr_langs%2Ccaps%2Cv%2Cxoaf%2Cxorp%2Cexpire&asr_langs=it%2Cfr%2Ces%2Cnl%2Cen%2Cru%2Cko%2Cde%2Cpt%2Cja&hl=en&signature=20DE5C8E4257C5B3B77AEFCD51C0E17A98C8BA4D.4CE815EDDB9C3CB57C84EA3E803BAC9ADE4459D4&expire=1544701167&xoaf=1&kind=asr&lang=en&tlang=hmn&fmt=vtt", "ext": "vtt"}], "hu": [{"url": "https://www.youtube.com/api/timedtext?xorp=True&key=yttt1&caps=asr&v=sFxA8eIS6tA&sparams=asr_langs%2Ccaps%2Cv%2Cxoaf%2Cxorp%2Cexpire&asr_langs=it%2Cfr%2Ces%2Cnl%2Cen%2Cru%2Cko%2Cde%2Cpt%2Cja&hl=en&signature=20DE5C8E4257C5B3B77AEFCD51C0E17A98C8BA4D.4CE815EDDB9C3CB57C84EA3E803BAC9ADE4459D4&expire=1544701167&xoaf=1&kind=asr&lang=en&tlang=hu&fmt=ttml", "ext": "ttml"}, {"url": "https://www.youtube.com/api/timedtext?xorp=True&key=yttt1&caps=asr&v=sFxA8eIS6tA&sparams=asr_langs%2Ccaps%2Cv%2Cxoaf%2Cxorp%2Cexpire&asr_langs=it%2Cfr%2Ces%2Cnl%2Cen%2Cru%2Cko%2Cde%2Cpt%2Cja&hl=en&signature=20DE5C8E4257C5B3B77AEFCD51C0E17A98C8BA4D.4CE815EDDB9C3CB57C84EA3E803BAC9ADE4459D4&expire=1544701167&xoaf=1&kind=asr&lang=en&tlang=hu&fmt=vtt", "ext": "vtt"}], "is": [{"url": "https://www.youtube.com/api/timedtext?xorp=True&key=yttt1&caps=asr&v=sFxA8eIS6tA&sparams=asr_langs%2Ccaps%2Cv%2Cxoaf%2Cxorp%2Cexpire&asr_langs=it%2Cfr%2Ces%2Cnl%2Cen%2Cru%2Cko%2Cde%2Cpt%2Cja&hl=en&signature=20DE5C8E4257C5B3B77AEFCD51C0E17A98C8BA4D.4CE815EDDB9C3CB57C84EA3E803BAC9ADE4459D4&expire=1544701167&xoaf=1&kind=asr&lang=en&tlang=is&fmt=ttml", "ext": "ttml"}, {"url": "https://www.youtube.com/api/timedtext?xorp=True&key=yttt1&caps=asr&v=sFxA8eIS6tA&sparams=asr_langs%2Ccaps%2Cv%2Cxoaf%2Cxorp%2Cexpire&asr_langs=it%2Cfr%2Ces%2Cnl%2Cen%2Cru%2Cko%2Cde%2Cpt%2Cja&hl=en&signature=20DE5C8E4257C5B3B77AEFCD51C0E17A98C8BA4D.4CE815EDDB9C3CB57C84EA3E803BAC9ADE4459D4&expire=1544701167&xoaf=1&kind=asr&lang=en&tlang=is&fmt=vtt", "ext": "vtt"}], "ig": [{"url": "https://www.youtube.com/api/timedtext?xorp=True&key=yttt1&caps=asr&v=sFxA8eIS6tA&sparams=asr_langs%2Ccaps%2Cv%2Cxoaf%2Cxorp%2Cexpire&asr_langs=it%2Cfr%2Ces%2Cnl%2Cen%2Cru%2Cko%2Cde%2Cpt%2Cja&hl=en&signature=20DE5C8E4257C5B3B77AEFCD51C0E17A98C8BA4D.4CE815EDDB9C3CB57C84EA3E803BAC9ADE4459D4&expire=1544701167&xoaf=1&kind=asr&lang=en&tlang=ig&fmt=ttml", "ext": "ttml"}, {"url": "https://www.youtube.com/api/timedtext?xorp=True&key=yttt1&caps=asr&v=sFxA8eIS6tA&sparams=asr_langs%2Ccaps%2Cv%2Cxoaf%2Cxorp%2Cexpire&asr_langs=it%2Cfr%2Ces%2Cnl%2Cen%2Cru%2Cko%2Cde%2Cpt%2Cja&hl=en&signature=20DE5C8E4257C5B3B77AEFCD51C0E17A98C8BA4D.4CE815EDDB9C3CB57C84EA3E803BAC9ADE4459D4&expire=1544701167&xoaf=1&kind=asr&lang=en&tlang=ig&fmt=vtt", "ext": "vtt"}], "id": [{"url": "https://www.youtube.com/api/timedtext?xorp=True&key=yttt1&caps=asr&v=sFxA8eIS6tA&sparams=asr_langs%2Ccaps%2Cv%2Cxoaf%2Cxorp%2Cexpire&asr_langs=it%2Cfr%2Ces%2Cnl%2Cen%2Cru%2Cko%2Cde%2Cpt%2Cja&hl=en&signature=20DE5C8E4257C5B3B77AEFCD51C0E17A98C8BA4D.4CE815EDDB9C3CB57C84EA3E803BAC9ADE4459D4&expire=1544701167&xoaf=1&kind=asr&lang=en&tlang=id&fmt=ttml", "ext": "ttml"}, {"url": "https://www.youtube.com/api/timedtext?xorp=True&key=yttt1&caps=asr&v=sFxA8eIS6tA&sparams=asr_langs%2Ccaps%2Cv%2Cxoaf%2Cxorp%2Cexpire&asr_langs=it%2Cfr%2Ces%2Cnl%2Cen%2Cru%2Cko%2Cde%2Cpt%2Cja&hl=en&signature=20DE5C8E4257C5B3B77AEFCD51C0E17A98C8BA4D.4CE815EDDB9C3CB57C84EA3E803BAC9ADE4459D4&expire=1544701167&xoaf=1&kind=asr&lang=en&tlang=id&fmt=vtt", "ext": "vtt"}], "ga": [{"url": "https://www.youtube.com/api/timedtext?xorp=True&key=yttt1&caps=asr&v=sFxA8eIS6tA&sparams=asr_langs%2Ccaps%2Cv%2Cxoaf%2Cxorp%2Cexpire&asr_langs=it%2Cfr%2Ces%2Cnl%2Cen%2Cru%2Cko%2Cde%2Cpt%2Cja&hl=en&signature=20DE5C8E4257C5B3B77AEFCD51C0E17A98C8BA4D.4CE815EDDB9C3CB57C84EA3E803BAC9ADE4459D4&expire=1544701167&xoaf=1&kind=asr&lang=en&tlang=ga&fmt=ttml", "ext": "ttml"}, {"url": "https://www.youtube.com/api/timedtext?xorp=True&key=yttt1&caps=asr&v=sFxA8eIS6tA&sparams=asr_langs%2Ccaps%2Cv%2Cxoaf%2Cxorp%2Cexpire&asr_langs=it%2Cfr%2Ces%2Cnl%2Cen%2Cru%2Cko%2Cde%2Cpt%2Cja&hl=en&signature=20DE5C8E4257C5B3B77AEFCD51C0E17A98C8BA4D.4CE815EDDB9C3CB57C84EA3E803BAC9ADE4459D4&expire=1544701167&xoaf=1&kind=asr&lang=en&tlang=ga&fmt=vtt", "ext": "vtt"}], "it": [{"url": "https://www.youtube.com/api/timedtext?xorp=True&key=yttt1&caps=asr&v=sFxA8eIS6tA&sparams=asr_langs%2Ccaps%2Cv%2Cxoaf%2Cxorp%2Cexpire&asr_langs=it%2Cfr%2Ces%2Cnl%2Cen%2Cru%2Cko%2Cde%2Cpt%2Cja&hl=en&signature=20DE5C8E4257C5B3B77AEFCD51C0E17A98C8BA4D.4CE815EDDB9C3CB57C84EA3E803BAC9ADE4459D4&expire=1544701167&xoaf=1&kind=asr&lang=en&tlang=it&fmt=ttml", "ext": "ttml"}, {"url": "https://www.youtube.com/api/timedtext?xorp=True&key=yttt1&caps=asr&v=sFxA8eIS6tA&sparams=asr_langs%2Ccaps%2Cv%2Cxoaf%2Cxorp%2Cexpire&asr_langs=it%2Cfr%2Ces%2Cnl%2Cen%2Cru%2Cko%2Cde%2Cpt%2Cja&hl=en&signature=20DE5C8E4257C5B3B77AEFCD51C0E17A98C8BA4D.4CE815EDDB9C3CB57C84EA3E803BAC9ADE4459D4&expire=1544701167&xoaf=1&kind=asr&lang=en&tlang=it&fmt=vtt", "ext": "vtt"}], "ja": [{"url": "https://www.youtube.com/api/timedtext?xorp=True&key=yttt1&caps=asr&v=sFxA8eIS6tA&sparams=asr_langs%2Ccaps%2Cv%2Cxoaf%2Cxorp%2Cexpire&asr_langs=it%2Cfr%2Ces%2Cnl%2Cen%2Cru%2Cko%2Cde%2Cpt%2Cja&hl=en&signature=20DE5C8E4257C5B3B77AEFCD51C0E17A98C8BA4D.4CE815EDDB9C3CB57C84EA3E803BAC9ADE4459D4&expire=1544701167&xoaf=1&kind=asr&lang=en&tlang=ja&fmt=ttml", "ext": "ttml"}, {"url": "https://www.youtube.com/api/timedtext?xorp=True&key=yttt1&caps=asr&v=sFxA8eIS6tA&sparams=asr_langs%2Ccaps%2Cv%2Cxoaf%2Cxorp%2Cexpire&asr_langs=it%2Cfr%2Ces%2Cnl%2Cen%2Cru%2Cko%2Cde%2Cpt%2Cja&hl=en&signature=20DE5C8E4257C5B3B77AEFCD51C0E17A98C8BA4D.4CE815EDDB9C3CB57C84EA3E803BAC9ADE4459D4&expire=1544701167&xoaf=1&kind=asr&lang=en&tlang=ja&fmt=vtt", "ext": "vtt"}], "jv": [{"url": "https://www.youtube.com/api/timedtext?xorp=True&key=yttt1&caps=asr&v=sFxA8eIS6tA&sparams=asr_langs%2Ccaps%2Cv%2Cxoaf%2Cxorp%2Cexpire&asr_langs=it%2Cfr%2Ces%2Cnl%2Cen%2Cru%2Cko%2Cde%2Cpt%2Cja&hl=en&signature=20DE5C8E4257C5B3B77AEFCD51C0E17A98C8BA4D.4CE815EDDB9C3CB57C84EA3E803BAC9ADE4459D4&expire=1544701167&xoaf=1&kind=asr&lang=en&tlang=jv&fmt=ttml", "ext": "ttml"}, {"url": "https://www.youtube.com/api/timedtext?xorp=True&key=yttt1&caps=asr&v=sFxA8eIS6tA&sparams=asr_langs%2Ccaps%2Cv%2Cxoaf%2Cxorp%2Cexpire&asr_langs=it%2Cfr%2Ces%2Cnl%2Cen%2Cru%2Cko%2Cde%2Cpt%2Cja&hl=en&signature=20DE5C8E4257C5B3B77AEFCD51C0E17A98C8BA4D.4CE815EDDB9C3CB57C84EA3E803BAC9ADE4459D4&expire=1544701167&xoaf=1&kind=asr&lang=en&tlang=jv&fmt=vtt", "ext": "vtt"}], "kn": [{"url": "https://www.youtube.com/api/timedtext?xorp=True&key=yttt1&caps=asr&v=sFxA8eIS6tA&sparams=asr_langs%2Ccaps%2Cv%2Cxoaf%2Cxorp%2Cexpire&asr_langs=it%2Cfr%2Ces%2Cnl%2Cen%2Cru%2Cko%2Cde%2Cpt%2Cja&hl=en&signature=20DE5C8E4257C5B3B77AEFCD51C0E17A98C8BA4D.4CE815EDDB9C3CB57C84EA3E803BAC9ADE4459D4&expire=1544701167&xoaf=1&kind=asr&lang=en&tlang=kn&fmt=ttml", "ext": "ttml"}, {"url": "https://www.youtube.com/api/timedtext?xorp=True&key=yttt1&caps=asr&v=sFxA8eIS6tA&sparams=asr_langs%2Ccaps%2Cv%2Cxoaf%2Cxorp%2Cexpire&asr_langs=it%2Cfr%2Ces%2Cnl%2Cen%2Cru%2Cko%2Cde%2Cpt%2Cja&hl=en&signature=20DE5C8E4257C5B3B77AEFCD51C0E17A98C8BA4D.4CE815EDDB9C3CB57C84EA3E803BAC9ADE4459D4&expire=1544701167&xoaf=1&kind=asr&lang=en&tlang=kn&fmt=vtt", "ext": "vtt"}], "kk": [{"url": "https://www.youtube.com/api/timedtext?xorp=True&key=yttt1&caps=asr&v=sFxA8eIS6tA&sparams=asr_langs%2Ccaps%2Cv%2Cxoaf%2Cxorp%2Cexpire&asr_langs=it%2Cfr%2Ces%2Cnl%2Cen%2Cru%2Cko%2Cde%2Cpt%2Cja&hl=en&signature=20DE5C8E4257C5B3B77AEFCD51C0E17A98C8BA4D.4CE815EDDB9C3CB57C84EA3E803BAC9ADE4459D4&expire=1544701167&xoaf=1&kind=asr&lang=en&tlang=kk&fmt=ttml", "ext": "ttml"}, {"url": "https://www.youtube.com/api/timedtext?xorp=True&key=yttt1&caps=asr&v=sFxA8eIS6tA&sparams=asr_langs%2Ccaps%2Cv%2Cxoaf%2Cxorp%2Cexpire&asr_langs=it%2Cfr%2Ces%2Cnl%2Cen%2Cru%2Cko%2Cde%2Cpt%2Cja&hl=en&signature=20DE5C8E4257C5B3B77AEFCD51C0E17A98C8BA4D.4CE815EDDB9C3CB57C84EA3E803BAC9ADE4459D4&expire=1544701167&xoaf=1&kind=asr&lang=en&tlang=kk&fmt=vtt", "ext": "vtt"}], "km": [{"url": "https://www.youtube.com/api/timedtext?xorp=True&key=yttt1&caps=asr&v=sFxA8eIS6tA&sparams=asr_langs%2Ccaps%2Cv%2Cxoaf%2Cxorp%2Cexpire&asr_langs=it%2Cfr%2Ces%2Cnl%2Cen%2Cru%2Cko%2Cde%2Cpt%2Cja&hl=en&signature=20DE5C8E4257C5B3B77AEFCD51C0E17A98C8BA4D.4CE815EDDB9C3CB57C84EA3E803BAC9ADE4459D4&expire=1544701167&xoaf=1&kind=asr&lang=en&tlang=km&fmt=ttml", "ext": "ttml"}, {"url": "https://www.youtube.com/api/timedtext?xorp=True&key=yttt1&caps=asr&v=sFxA8eIS6tA&sparams=asr_langs%2Ccaps%2Cv%2Cxoaf%2Cxorp%2Cexpire&asr_langs=it%2Cfr%2Ces%2Cnl%2Cen%2Cru%2Cko%2Cde%2Cpt%2Cja&hl=en&signature=20DE5C8E4257C5B3B77AEFCD51C0E17A98C8BA4D.4CE815EDDB9C3CB57C84EA3E803BAC9ADE4459D4&expire=1544701167&xoaf=1&kind=asr&lang=en&tlang=km&fmt=vtt", "ext": "vtt"}], "ko": [{"url": "https://www.youtube.com/api/timedtext?xorp=True&key=yttt1&caps=asr&v=sFxA8eIS6tA&sparams=asr_langs%2Ccaps%2Cv%2Cxoaf%2Cxorp%2Cexpire&asr_langs=it%2Cfr%2Ces%2Cnl%2Cen%2Cru%2Cko%2Cde%2Cpt%2Cja&hl=en&signature=20DE5C8E4257C5B3B77AEFCD51C0E17A98C8BA4D.4CE815EDDB9C3CB57C84EA3E803BAC9ADE4459D4&expire=1544701167&xoaf=1&kind=asr&lang=en&tlang=ko&fmt=ttml", "ext": "ttml"}, {"url": "https://www.youtube.com/api/timedtext?xorp=True&key=yttt1&caps=asr&v=sFxA8eIS6tA&sparams=asr_langs%2Ccaps%2Cv%2Cxoaf%2Cxorp%2Cexpire&asr_langs=it%2Cfr%2Ces%2Cnl%2Cen%2Cru%2Cko%2Cde%2Cpt%2Cja&hl=en&signature=20DE5C8E4257C5B3B77AEFCD51C0E17A98C8BA4D.4CE815EDDB9C3CB57C84EA3E803BAC9ADE4459D4&expire=1544701167&xoaf=1&kind=asr&lang=en&tlang=ko&fmt=vtt", "ext": "vtt"}], "ku": [{"url": "https://www.youtube.com/api/timedtext?xorp=True&key=yttt1&caps=asr&v=sFxA8eIS6tA&sparams=asr_langs%2Ccaps%2Cv%2Cxoaf%2Cxorp%2Cexpire&asr_langs=it%2Cfr%2Ces%2Cnl%2Cen%2Cru%2Cko%2Cde%2Cpt%2Cja&hl=en&signature=20DE5C8E4257C5B3B77AEFCD51C0E17A98C8BA4D.4CE815EDDB9C3CB57C84EA3E803BAC9ADE4459D4&expire=1544701167&xoaf=1&kind=asr&lang=en&tlang=ku&fmt=ttml", "ext": "ttml"}, {"url": "https://www.youtube.com/api/timedtext?xorp=True&key=yttt1&caps=asr&v=sFxA8eIS6tA&sparams=asr_langs%2Ccaps%2Cv%2Cxoaf%2Cxorp%2Cexpire&asr_langs=it%2Cfr%2Ces%2Cnl%2Cen%2Cru%2Cko%2Cde%2Cpt%2Cja&hl=en&signature=20DE5C8E4257C5B3B77AEFCD51C0E17A98C8BA4D.4CE815EDDB9C3CB57C84EA3E803BAC9ADE4459D4&expire=1544701167&xoaf=1&kind=asr&lang=en&tlang=ku&fmt=vtt", "ext": "vtt"}], "ky": [{"url": "https://www.youtube.com/api/timedtext?xorp=True&key=yttt1&caps=asr&v=sFxA8eIS6tA&sparams=asr_langs%2Ccaps%2Cv%2Cxoaf%2Cxorp%2Cexpire&asr_langs=it%2Cfr%2Ces%2Cnl%2Cen%2Cru%2Cko%2Cde%2Cpt%2Cja&hl=en&signature=20DE5C8E4257C5B3B77AEFCD51C0E17A98C8BA4D.4CE815EDDB9C3CB57C84EA3E803BAC9ADE4459D4&expire=1544701167&xoaf=1&kind=asr&lang=en&tlang=ky&fmt=ttml", "ext": "ttml"}, {"url": "https://www.youtube.com/api/timedtext?xorp=True&key=yttt1&caps=asr&v=sFxA8eIS6tA&sparams=asr_langs%2Ccaps%2Cv%2Cxoaf%2Cxorp%2Cexpire&asr_langs=it%2Cfr%2Ces%2Cnl%2Cen%2Cru%2Cko%2Cde%2Cpt%2Cja&hl=en&signature=20DE5C8E4257C5B3B77AEFCD51C0E17A98C8BA4D.4CE815EDDB9C3CB57C84EA3E803BAC9ADE4459D4&expire=1544701167&xoaf=1&kind=asr&lang=en&tlang=ky&fmt=vtt", "ext": "vtt"}], "lo": [{"url": "https://www.youtube.com/api/timedtext?xorp=True&key=yttt1&caps=asr&v=sFxA8eIS6tA&sparams=asr_langs%2Ccaps%2Cv%2Cxoaf%2Cxorp%2Cexpire&asr_langs=it%2Cfr%2Ces%2Cnl%2Cen%2Cru%2Cko%2Cde%2Cpt%2Cja&hl=en&signature=20DE5C8E4257C5B3B77AEFCD51C0E17A98C8BA4D.4CE815EDDB9C3CB57C84EA3E803BAC9ADE4459D4&expire=1544701167&xoaf=1&kind=asr&lang=en&tlang=lo&fmt=ttml", "ext": "ttml"}, {"url": "https://www.youtube.com/api/timedtext?xorp=True&key=yttt1&caps=asr&v=sFxA8eIS6tA&sparams=asr_langs%2Ccaps%2Cv%2Cxoaf%2Cxorp%2Cexpire&asr_langs=it%2Cfr%2Ces%2Cnl%2Cen%2Cru%2Cko%2Cde%2Cpt%2Cja&hl=en&signature=20DE5C8E4257C5B3B77AEFCD51C0E17A98C8BA4D.4CE815EDDB9C3CB57C84EA3E803BAC9ADE4459D4&expire=1544701167&xoaf=1&kind=asr&lang=en&tlang=lo&fmt=vtt", "ext": "vtt"}], "la": [{"url": "https://www.youtube.com/api/timedtext?xorp=True&key=yttt1&caps=asr&v=sFxA8eIS6tA&sparams=asr_langs%2Ccaps%2Cv%2Cxoaf%2Cxorp%2Cexpire&asr_langs=it%2Cfr%2Ces%2Cnl%2Cen%2Cru%2Cko%2Cde%2Cpt%2Cja&hl=en&signature=20DE5C8E4257C5B3B77AEFCD51C0E17A98C8BA4D.4CE815EDDB9C3CB57C84EA3E803BAC9ADE4459D4&expire=1544701167&xoaf=1&kind=asr&lang=en&tlang=la&fmt=ttml", "ext": "ttml"}, {"url": "https://www.youtube.com/api/timedtext?xorp=True&key=yttt1&caps=asr&v=sFxA8eIS6tA&sparams=asr_langs%2Ccaps%2Cv%2Cxoaf%2Cxorp%2Cexpire&asr_langs=it%2Cfr%2Ces%2Cnl%2Cen%2Cru%2Cko%2Cde%2Cpt%2Cja&hl=en&signature=20DE5C8E4257C5B3B77AEFCD51C0E17A98C8BA4D.4CE815EDDB9C3CB57C84EA3E803BAC9ADE4459D4&expire=1544701167&xoaf=1&kind=asr&lang=en&tlang=la&fmt=vtt", "ext": "vtt"}], "lv": [{"url": "https://www.youtube.com/api/timedtext?xorp=True&key=yttt1&caps=asr&v=sFxA8eIS6tA&sparams=asr_langs%2Ccaps%2Cv%2Cxoaf%2Cxorp%2Cexpire&asr_langs=it%2Cfr%2Ces%2Cnl%2Cen%2Cru%2Cko%2Cde%2Cpt%2Cja&hl=en&signature=20DE5C8E4257C5B3B77AEFCD51C0E17A98C8BA4D.4CE815EDDB9C3CB57C84EA3E803BAC9ADE4459D4&expire=1544701167&xoaf=1&kind=asr&lang=en&tlang=lv&fmt=ttml", "ext": "ttml"}, {"url": "https://www.youtube.com/api/timedtext?xorp=True&key=yttt1&caps=asr&v=sFxA8eIS6tA&sparams=asr_langs%2Ccaps%2Cv%2Cxoaf%2Cxorp%2Cexpire&asr_langs=it%2Cfr%2Ces%2Cnl%2Cen%2Cru%2Cko%2Cde%2Cpt%2Cja&hl=en&signature=20DE5C8E4257C5B3B77AEFCD51C0E17A98C8BA4D.4CE815EDDB9C3CB57C84EA3E803BAC9ADE4459D4&expire=1544701167&xoaf=1&kind=asr&lang=en&tlang=lv&fmt=vtt", "ext": "vtt"}], "lt": [{"url": "https://www.youtube.com/api/timedtext?xorp=True&key=yttt1&caps=asr&v=sFxA8eIS6tA&sparams=asr_langs%2Ccaps%2Cv%2Cxoaf%2Cxorp%2Cexpire&asr_langs=it%2Cfr%2Ces%2Cnl%2Cen%2Cru%2Cko%2Cde%2Cpt%2Cja&hl=en&signature=20DE5C8E4257C5B3B77AEFCD51C0E17A98C8BA4D.4CE815EDDB9C3CB57C84EA3E803BAC9ADE4459D4&expire=1544701167&xoaf=1&kind=asr&lang=en&tlang=lt&fmt=ttml", "ext": "ttml"}, {"url": "https://www.youtube.com/api/timedtext?xorp=True&key=yttt1&caps=asr&v=sFxA8eIS6tA&sparams=asr_langs%2Ccaps%2Cv%2Cxoaf%2Cxorp%2Cexpire&asr_langs=it%2Cfr%2Ces%2Cnl%2Cen%2Cru%2Cko%2Cde%2Cpt%2Cja&hl=en&signature=20DE5C8E4257C5B3B77AEFCD51C0E17A98C8BA4D.4CE815EDDB9C3CB57C84EA3E803BAC9ADE4459D4&expire=1544701167&xoaf=1&kind=asr&lang=en&tlang=lt&fmt=vtt", "ext": "vtt"}], "lb": [{"url": "https://www.youtube.com/api/timedtext?xorp=True&key=yttt1&caps=asr&v=sFxA8eIS6tA&sparams=asr_langs%2Ccaps%2Cv%2Cxoaf%2Cxorp%2Cexpire&asr_langs=it%2Cfr%2Ces%2Cnl%2Cen%2Cru%2Cko%2Cde%2Cpt%2Cja&hl=en&signature=20DE5C8E4257C5B3B77AEFCD51C0E17A98C8BA4D.4CE815EDDB9C3CB57C84EA3E803BAC9ADE4459D4&expire=1544701167&xoaf=1&kind=asr&lang=en&tlang=lb&fmt=ttml", "ext": "ttml"}, {"url": "https://www.youtube.com/api/timedtext?xorp=True&key=yttt1&caps=asr&v=sFxA8eIS6tA&sparams=asr_langs%2Ccaps%2Cv%2Cxoaf%2Cxorp%2Cexpire&asr_langs=it%2Cfr%2Ces%2Cnl%2Cen%2Cru%2Cko%2Cde%2Cpt%2Cja&hl=en&signature=20DE5C8E4257C5B3B77AEFCD51C0E17A98C8BA4D.4CE815EDDB9C3CB57C84EA3E803BAC9ADE4459D4&expire=1544701167&xoaf=1&kind=asr&lang=en&tlang=lb&fmt=vtt", "ext": "vtt"}], "mk": [{"url": "https://www.youtube.com/api/timedtext?xorp=True&key=yttt1&caps=asr&v=sFxA8eIS6tA&sparams=asr_langs%2Ccaps%2Cv%2Cxoaf%2Cxorp%2Cexpire&asr_langs=it%2Cfr%2Ces%2Cnl%2Cen%2Cru%2Cko%2Cde%2Cpt%2Cja&hl=en&signature=20DE5C8E4257C5B3B77AEFCD51C0E17A98C8BA4D.4CE815EDDB9C3CB57C84EA3E803BAC9ADE4459D4&expire=1544701167&xoaf=1&kind=asr&lang=en&tlang=mk&fmt=ttml", "ext": "ttml"}, {"url": "https://www.youtube.com/api/timedtext?xorp=True&key=yttt1&caps=asr&v=sFxA8eIS6tA&sparams=asr_langs%2Ccaps%2Cv%2Cxoaf%2Cxorp%2Cexpire&asr_langs=it%2Cfr%2Ces%2Cnl%2Cen%2Cru%2Cko%2Cde%2Cpt%2Cja&hl=en&signature=20DE5C8E4257C5B3B77AEFCD51C0E17A98C8BA4D.4CE815EDDB9C3CB57C84EA3E803BAC9ADE4459D4&expire=1544701167&xoaf=1&kind=asr&lang=en&tlang=mk&fmt=vtt", "ext": "vtt"}], "mg": [{"url": "https://www.youtube.com/api/timedtext?xorp=True&key=yttt1&caps=asr&v=sFxA8eIS6tA&sparams=asr_langs%2Ccaps%2Cv%2Cxoaf%2Cxorp%2Cexpire&asr_langs=it%2Cfr%2Ces%2Cnl%2Cen%2Cru%2Cko%2Cde%2Cpt%2Cja&hl=en&signature=20DE5C8E4257C5B3B77AEFCD51C0E17A98C8BA4D.4CE815EDDB9C3CB57C84EA3E803BAC9ADE4459D4&expire=1544701167&xoaf=1&kind=asr&lang=en&tlang=mg&fmt=ttml", "ext": "ttml"}, {"url": "https://www.youtube.com/api/timedtext?xorp=True&key=yttt1&caps=asr&v=sFxA8eIS6tA&sparams=asr_langs%2Ccaps%2Cv%2Cxoaf%2Cxorp%2Cexpire&asr_langs=it%2Cfr%2Ces%2Cnl%2Cen%2Cru%2Cko%2Cde%2Cpt%2Cja&hl=en&signature=20DE5C8E4257C5B3B77AEFCD51C0E17A98C8BA4D.4CE815EDDB9C3CB57C84EA3E803BAC9ADE4459D4&expire=1544701167&xoaf=1&kind=asr&lang=en&tlang=mg&fmt=vtt", "ext": "vtt"}], "ms": [{"url": "https://www.youtube.com/api/timedtext?xorp=True&key=yttt1&caps=asr&v=sFxA8eIS6tA&sparams=asr_langs%2Ccaps%2Cv%2Cxoaf%2Cxorp%2Cexpire&asr_langs=it%2Cfr%2Ces%2Cnl%2Cen%2Cru%2Cko%2Cde%2Cpt%2Cja&hl=en&signature=20DE5C8E4257C5B3B77AEFCD51C0E17A98C8BA4D.4CE815EDDB9C3CB57C84EA3E803BAC9ADE4459D4&expire=1544701167&xoaf=1&kind=asr&lang=en&tlang=ms&fmt=ttml", "ext": "ttml"}, {"url": "https://www.youtube.com/api/timedtext?xorp=True&key=yttt1&caps=asr&v=sFxA8eIS6tA&sparams=asr_langs%2Ccaps%2Cv%2Cxoaf%2Cxorp%2Cexpire&asr_langs=it%2Cfr%2Ces%2Cnl%2Cen%2Cru%2Cko%2Cde%2Cpt%2Cja&hl=en&signature=20DE5C8E4257C5B3B77AEFCD51C0E17A98C8BA4D.4CE815EDDB9C3CB57C84EA3E803BAC9ADE4459D4&expire=1544701167&xoaf=1&kind=asr&lang=en&tlang=ms&fmt=vtt", "ext": "vtt"}], "ml": [{"url": "https://www.youtube.com/api/timedtext?xorp=True&key=yttt1&caps=asr&v=sFxA8eIS6tA&sparams=asr_langs%2Ccaps%2Cv%2Cxoaf%2Cxorp%2Cexpire&asr_langs=it%2Cfr%2Ces%2Cnl%2Cen%2Cru%2Cko%2Cde%2Cpt%2Cja&hl=en&signature=20DE5C8E4257C5B3B77AEFCD51C0E17A98C8BA4D.4CE815EDDB9C3CB57C84EA3E803BAC9ADE4459D4&expire=1544701167&xoaf=1&kind=asr&lang=en&tlang=ml&fmt=ttml", "ext": "ttml"}, {"url": "https://www.youtube.com/api/timedtext?xorp=True&key=yttt1&caps=asr&v=sFxA8eIS6tA&sparams=asr_langs%2Ccaps%2Cv%2Cxoaf%2Cxorp%2Cexpire&asr_langs=it%2Cfr%2Ces%2Cnl%2Cen%2Cru%2Cko%2Cde%2Cpt%2Cja&hl=en&signature=20DE5C8E4257C5B3B77AEFCD51C0E17A98C8BA4D.4CE815EDDB9C3CB57C84EA3E803BAC9ADE4459D4&expire=1544701167&xoaf=1&kind=asr&lang=en&tlang=ml&fmt=vtt", "ext": "vtt"}], "mt": [{"url": "https://www.youtube.com/api/timedtext?xorp=True&key=yttt1&caps=asr&v=sFxA8eIS6tA&sparams=asr_langs%2Ccaps%2Cv%2Cxoaf%2Cxorp%2Cexpire&asr_langs=it%2Cfr%2Ces%2Cnl%2Cen%2Cru%2Cko%2Cde%2Cpt%2Cja&hl=en&signature=20DE5C8E4257C5B3B77AEFCD51C0E17A98C8BA4D.4CE815EDDB9C3CB57C84EA3E803BAC9ADE4459D4&expire=1544701167&xoaf=1&kind=asr&lang=en&tlang=mt&fmt=ttml", "ext": "ttml"}, {"url": "https://www.youtube.com/api/timedtext?xorp=True&key=yttt1&caps=asr&v=sFxA8eIS6tA&sparams=asr_langs%2Ccaps%2Cv%2Cxoaf%2Cxorp%2Cexpire&asr_langs=it%2Cfr%2Ces%2Cnl%2Cen%2Cru%2Cko%2Cde%2Cpt%2Cja&hl=en&signature=20DE5C8E4257C5B3B77AEFCD51C0E17A98C8BA4D.4CE815EDDB9C3CB57C84EA3E803BAC9ADE4459D4&expire=1544701167&xoaf=1&kind=asr&lang=en&tlang=mt&fmt=vtt", "ext": "vtt"}], "mi": [{"url": "https://www.youtube.com/api/timedtext?xorp=True&key=yttt1&caps=asr&v=sFxA8eIS6tA&sparams=asr_langs%2Ccaps%2Cv%2Cxoaf%2Cxorp%2Cexpire&asr_langs=it%2Cfr%2Ces%2Cnl%2Cen%2Cru%2Cko%2Cde%2Cpt%2Cja&hl=en&signature=20DE5C8E4257C5B3B77AEFCD51C0E17A98C8BA4D.4CE815EDDB9C3CB57C84EA3E803BAC9ADE4459D4&expire=1544701167&xoaf=1&kind=asr&lang=en&tlang=mi&fmt=ttml", "ext": "ttml"}, {"url": "https://www.youtube.com/api/timedtext?xorp=True&key=yttt1&caps=asr&v=sFxA8eIS6tA&sparams=asr_langs%2Ccaps%2Cv%2Cxoaf%2Cxorp%2Cexpire&asr_langs=it%2Cfr%2Ces%2Cnl%2Cen%2Cru%2Cko%2Cde%2Cpt%2Cja&hl=en&signature=20DE5C8E4257C5B3B77AEFCD51C0E17A98C8BA4D.4CE815EDDB9C3CB57C84EA3E803BAC9ADE4459D4&expire=1544701167&xoaf=1&kind=asr&lang=en&tlang=mi&fmt=vtt", "ext": "vtt"}], "mr": [{"url": "https://www.youtube.com/api/timedtext?xorp=True&key=yttt1&caps=asr&v=sFxA8eIS6tA&sparams=asr_langs%2Ccaps%2Cv%2Cxoaf%2Cxorp%2Cexpire&asr_langs=it%2Cfr%2Ces%2Cnl%2Cen%2Cru%2Cko%2Cde%2Cpt%2Cja&hl=en&signature=20DE5C8E4257C5B3B77AEFCD51C0E17A98C8BA4D.4CE815EDDB9C3CB57C84EA3E803BAC9ADE4459D4&expire=1544701167&xoaf=1&kind=asr&lang=en&tlang=mr&fmt=ttml", "ext": "ttml"}, {"url": "https://www.youtube.com/api/timedtext?xorp=True&key=yttt1&caps=asr&v=sFxA8eIS6tA&sparams=asr_langs%2Ccaps%2Cv%2Cxoaf%2Cxorp%2Cexpire&asr_langs=it%2Cfr%2Ces%2Cnl%2Cen%2Cru%2Cko%2Cde%2Cpt%2Cja&hl=en&signature=20DE5C8E4257C5B3B77AEFCD51C0E17A98C8BA4D.4CE815EDDB9C3CB57C84EA3E803BAC9ADE4459D4&expire=1544701167&xoaf=1&kind=asr&lang=en&tlang=mr&fmt=vtt", "ext": "vtt"}], "mn": [{"url": "https://www.youtube.com/api/timedtext?xorp=True&key=yttt1&caps=asr&v=sFxA8eIS6tA&sparams=asr_langs%2Ccaps%2Cv%2Cxoaf%2Cxorp%2Cexpire&asr_langs=it%2Cfr%2Ces%2Cnl%2Cen%2Cru%2Cko%2Cde%2Cpt%2Cja&hl=en&signature=20DE5C8E4257C5B3B77AEFCD51C0E17A98C8BA4D.4CE815EDDB9C3CB57C84EA3E803BAC9ADE4459D4&expire=1544701167&xoaf=1&kind=asr&lang=en&tlang=mn&fmt=ttml", "ext": "ttml"}, {"url": "https://www.youtube.com/api/timedtext?xorp=True&key=yttt1&caps=asr&v=sFxA8eIS6tA&sparams=asr_langs%2Ccaps%2Cv%2Cxoaf%2Cxorp%2Cexpire&asr_langs=it%2Cfr%2Ces%2Cnl%2Cen%2Cru%2Cko%2Cde%2Cpt%2Cja&hl=en&signature=20DE5C8E4257C5B3B77AEFCD51C0E17A98C8BA4D.4CE815EDDB9C3CB57C84EA3E803BAC9ADE4459D4&expire=1544701167&xoaf=1&kind=asr&lang=en&tlang=mn&fmt=vtt", "ext": "vtt"}], "ne": [{"url": "https://www.youtube.com/api/timedtext?xorp=True&key=yttt1&caps=asr&v=sFxA8eIS6tA&sparams=asr_langs%2Ccaps%2Cv%2Cxoaf%2Cxorp%2Cexpire&asr_langs=it%2Cfr%2Ces%2Cnl%2Cen%2Cru%2Cko%2Cde%2Cpt%2Cja&hl=en&signature=20DE5C8E4257C5B3B77AEFCD51C0E17A98C8BA4D.4CE815EDDB9C3CB57C84EA3E803BAC9ADE4459D4&expire=1544701167&xoaf=1&kind=asr&lang=en&tlang=ne&fmt=ttml", "ext": "ttml"}, {"url": "https://www.youtube.com/api/timedtext?xorp=True&key=yttt1&caps=asr&v=sFxA8eIS6tA&sparams=asr_langs%2Ccaps%2Cv%2Cxoaf%2Cxorp%2Cexpire&asr_langs=it%2Cfr%2Ces%2Cnl%2Cen%2Cru%2Cko%2Cde%2Cpt%2Cja&hl=en&signature=20DE5C8E4257C5B3B77AEFCD51C0E17A98C8BA4D.4CE815EDDB9C3CB57C84EA3E803BAC9ADE4459D4&expire=1544701167&xoaf=1&kind=asr&lang=en&tlang=ne&fmt=vtt", "ext": "vtt"}], "no": [{"url": "https://www.youtube.com/api/timedtext?xorp=True&key=yttt1&caps=asr&v=sFxA8eIS6tA&sparams=asr_langs%2Ccaps%2Cv%2Cxoaf%2Cxorp%2Cexpire&asr_langs=it%2Cfr%2Ces%2Cnl%2Cen%2Cru%2Cko%2Cde%2Cpt%2Cja&hl=en&signature=20DE5C8E4257C5B3B77AEFCD51C0E17A98C8BA4D.4CE815EDDB9C3CB57C84EA3E803BAC9ADE4459D4&expire=1544701167&xoaf=1&kind=asr&lang=en&tlang=no&fmt=ttml", "ext": "ttml"}, {"url": "https://www.youtube.com/api/timedtext?xorp=True&key=yttt1&caps=asr&v=sFxA8eIS6tA&sparams=asr_langs%2Ccaps%2Cv%2Cxoaf%2Cxorp%2Cexpire&asr_langs=it%2Cfr%2Ces%2Cnl%2Cen%2Cru%2Cko%2Cde%2Cpt%2Cja&hl=en&signature=20DE5C8E4257C5B3B77AEFCD51C0E17A98C8BA4D.4CE815EDDB9C3CB57C84EA3E803BAC9ADE4459D4&expire=1544701167&xoaf=1&kind=asr&lang=en&tlang=no&fmt=vtt", "ext": "vtt"}], "ny": [{"url": "https://www.youtube.com/api/timedtext?xorp=True&key=yttt1&caps=asr&v=sFxA8eIS6tA&sparams=asr_langs%2Ccaps%2Cv%2Cxoaf%2Cxorp%2Cexpire&asr_langs=it%2Cfr%2Ces%2Cnl%2Cen%2Cru%2Cko%2Cde%2Cpt%2Cja&hl=en&signature=20DE5C8E4257C5B3B77AEFCD51C0E17A98C8BA4D.4CE815EDDB9C3CB57C84EA3E803BAC9ADE4459D4&expire=1544701167&xoaf=1&kind=asr&lang=en&tlang=ny&fmt=ttml", "ext": "ttml"}, {"url": "https://www.youtube.com/api/timedtext?xorp=True&key=yttt1&caps=asr&v=sFxA8eIS6tA&sparams=asr_langs%2Ccaps%2Cv%2Cxoaf%2Cxorp%2Cexpire&asr_langs=it%2Cfr%2Ces%2Cnl%2Cen%2Cru%2Cko%2Cde%2Cpt%2Cja&hl=en&signature=20DE5C8E4257C5B3B77AEFCD51C0E17A98C8BA4D.4CE815EDDB9C3CB57C84EA3E803BAC9ADE4459D4&expire=1544701167&xoaf=1&kind=asr&lang=en&tlang=ny&fmt=vtt", "ext": "vtt"}], "ps": [{"url": "https://www.youtube.com/api/timedtext?xorp=True&key=yttt1&caps=asr&v=sFxA8eIS6tA&sparams=asr_langs%2Ccaps%2Cv%2Cxoaf%2Cxorp%2Cexpire&asr_langs=it%2Cfr%2Ces%2Cnl%2Cen%2Cru%2Cko%2Cde%2Cpt%2Cja&hl=en&signature=20DE5C8E4257C5B3B77AEFCD51C0E17A98C8BA4D.4CE815EDDB9C3CB57C84EA3E803BAC9ADE4459D4&expire=1544701167&xoaf=1&kind=asr&lang=en&tlang=ps&fmt=ttml", "ext": "ttml"}, {"url": "https://www.youtube.com/api/timedtext?xorp=True&key=yttt1&caps=asr&v=sFxA8eIS6tA&sparams=asr_langs%2Ccaps%2Cv%2Cxoaf%2Cxorp%2Cexpire&asr_langs=it%2Cfr%2Ces%2Cnl%2Cen%2Cru%2Cko%2Cde%2Cpt%2Cja&hl=en&signature=20DE5C8E4257C5B3B77AEFCD51C0E17A98C8BA4D.4CE815EDDB9C3CB57C84EA3E803BAC9ADE4459D4&expire=1544701167&xoaf=1&kind=asr&lang=en&tlang=ps&fmt=vtt", "ext": "vtt"}], "fa": [{"url": "https://www.youtube.com/api/timedtext?xorp=True&key=yttt1&caps=asr&v=sFxA8eIS6tA&sparams=asr_langs%2Ccaps%2Cv%2Cxoaf%2Cxorp%2Cexpire&asr_langs=it%2Cfr%2Ces%2Cnl%2Cen%2Cru%2Cko%2Cde%2Cpt%2Cja&hl=en&signature=20DE5C8E4257C5B3B77AEFCD51C0E17A98C8BA4D.4CE815EDDB9C3CB57C84EA3E803BAC9ADE4459D4&expire=1544701167&xoaf=1&kind=asr&lang=en&tlang=fa&fmt=ttml", "ext": "ttml"}, {"url": "https://www.youtube.com/api/timedtext?xorp=True&key=yttt1&caps=asr&v=sFxA8eIS6tA&sparams=asr_langs%2Ccaps%2Cv%2Cxoaf%2Cxorp%2Cexpire&asr_langs=it%2Cfr%2Ces%2Cnl%2Cen%2Cru%2Cko%2Cde%2Cpt%2Cja&hl=en&signature=20DE5C8E4257C5B3B77AEFCD51C0E17A98C8BA4D.4CE815EDDB9C3CB57C84EA3E803BAC9ADE4459D4&expire=1544701167&xoaf=1&kind=asr&lang=en&tlang=fa&fmt=vtt", "ext": "vtt"}], "pl": [{"url": "https://www.youtube.com/api/timedtext?xorp=True&key=yttt1&caps=asr&v=sFxA8eIS6tA&sparams=asr_langs%2Ccaps%2Cv%2Cxoaf%2Cxorp%2Cexpire&asr_langs=it%2Cfr%2Ces%2Cnl%2Cen%2Cru%2Cko%2Cde%2Cpt%2Cja&hl=en&signature=20DE5C8E4257C5B3B77AEFCD51C0E17A98C8BA4D.4CE815EDDB9C3CB57C84EA3E803BAC9ADE4459D4&expire=1544701167&xoaf=1&kind=asr&lang=en&tlang=pl&fmt=ttml", "ext": "ttml"}, {"url": "https://www.youtube.com/api/timedtext?xorp=True&key=yttt1&caps=asr&v=sFxA8eIS6tA&sparams=asr_langs%2Ccaps%2Cv%2Cxoaf%2Cxorp%2Cexpire&asr_langs=it%2Cfr%2Ces%2Cnl%2Cen%2Cru%2Cko%2Cde%2Cpt%2Cja&hl=en&signature=20DE5C8E4257C5B3B77AEFCD51C0E17A98C8BA4D.4CE815EDDB9C3CB57C84EA3E803BAC9ADE4459D4&expire=1544701167&xoaf=1&kind=asr&lang=en&tlang=pl&fmt=vtt", "ext": "vtt"}], "pt": [{"url": "https://www.youtube.com/api/timedtext?xorp=True&key=yttt1&caps=asr&v=sFxA8eIS6tA&sparams=asr_langs%2Ccaps%2Cv%2Cxoaf%2Cxorp%2Cexpire&asr_langs=it%2Cfr%2Ces%2Cnl%2Cen%2Cru%2Cko%2Cde%2Cpt%2Cja&hl=en&signature=20DE5C8E4257C5B3B77AEFCD51C0E17A98C8BA4D.4CE815EDDB9C3CB57C84EA3E803BAC9ADE4459D4&expire=1544701167&xoaf=1&kind=asr&lang=en&tlang=pt&fmt=ttml", "ext": "ttml"}, {"url": "https://www.youtube.com/api/timedtext?xorp=True&key=yttt1&caps=asr&v=sFxA8eIS6tA&sparams=asr_langs%2Ccaps%2Cv%2Cxoaf%2Cxorp%2Cexpire&asr_langs=it%2Cfr%2Ces%2Cnl%2Cen%2Cru%2Cko%2Cde%2Cpt%2Cja&hl=en&signature=20DE5C8E4257C5B3B77AEFCD51C0E17A98C8BA4D.4CE815EDDB9C3CB57C84EA3E803BAC9ADE4459D4&expire=1544701167&xoaf=1&kind=asr&lang=en&tlang=pt&fmt=vtt", "ext": "vtt"}], "pa": [{"url": "https://www.youtube.com/api/timedtext?xorp=True&key=yttt1&caps=asr&v=sFxA8eIS6tA&sparams=asr_langs%2Ccaps%2Cv%2Cxoaf%2Cxorp%2Cexpire&asr_langs=it%2Cfr%2Ces%2Cnl%2Cen%2Cru%2Cko%2Cde%2Cpt%2Cja&hl=en&signature=20DE5C8E4257C5B3B77AEFCD51C0E17A98C8BA4D.4CE815EDDB9C3CB57C84EA3E803BAC9ADE4459D4&expire=1544701167&xoaf=1&kind=asr&lang=en&tlang=pa&fmt=ttml", "ext": "ttml"}, {"url": "https://www.youtube.com/api/timedtext?xorp=True&key=yttt1&caps=asr&v=sFxA8eIS6tA&sparams=asr_langs%2Ccaps%2Cv%2Cxoaf%2Cxorp%2Cexpire&asr_langs=it%2Cfr%2Ces%2Cnl%2Cen%2Cru%2Cko%2Cde%2Cpt%2Cja&hl=en&signature=20DE5C8E4257C5B3B77AEFCD51C0E17A98C8BA4D.4CE815EDDB9C3CB57C84EA3E803BAC9ADE4459D4&expire=1544701167&xoaf=1&kind=asr&lang=en&tlang=pa&fmt=vtt", "ext": "vtt"}], "ro": [{"url": "https://www.youtube.com/api/timedtext?xorp=True&key=yttt1&caps=asr&v=sFxA8eIS6tA&sparams=asr_langs%2Ccaps%2Cv%2Cxoaf%2Cxorp%2Cexpire&asr_langs=it%2Cfr%2Ces%2Cnl%2Cen%2Cru%2Cko%2Cde%2Cpt%2Cja&hl=en&signature=20DE5C8E4257C5B3B77AEFCD51C0E17A98C8BA4D.4CE815EDDB9C3CB57C84EA3E803BAC9ADE4459D4&expire=1544701167&xoaf=1&kind=asr&lang=en&tlang=ro&fmt=ttml", "ext": "ttml"}, {"url": "https://www.youtube.com/api/timedtext?xorp=True&key=yttt1&caps=asr&v=sFxA8eIS6tA&sparams=asr_langs%2Ccaps%2Cv%2Cxoaf%2Cxorp%2Cexpire&asr_langs=it%2Cfr%2Ces%2Cnl%2Cen%2Cru%2Cko%2Cde%2Cpt%2Cja&hl=en&signature=20DE5C8E4257C5B3B77AEFCD51C0E17A98C8BA4D.4CE815EDDB9C3CB57C84EA3E803BAC9ADE4459D4&expire=1544701167&xoaf=1&kind=asr&lang=en&tlang=ro&fmt=vtt", "ext": "vtt"}], "ru": [{"url": "https://www.youtube.com/api/timedtext?xorp=True&key=yttt1&caps=asr&v=sFxA8eIS6tA&sparams=asr_langs%2Ccaps%2Cv%2Cxoaf%2Cxorp%2Cexpire&asr_langs=it%2Cfr%2Ces%2Cnl%2Cen%2Cru%2Cko%2Cde%2Cpt%2Cja&hl=en&signature=20DE5C8E4257C5B3B77AEFCD51C0E17A98C8BA4D.4CE815EDDB9C3CB57C84EA3E803BAC9ADE4459D4&expire=1544701167&xoaf=1&kind=asr&lang=en&tlang=ru&fmt=ttml", "ext": "ttml"}, {"url": "https://www.youtube.com/api/timedtext?xorp=True&key=yttt1&caps=asr&v=sFxA8eIS6tA&sparams=asr_langs%2Ccaps%2Cv%2Cxoaf%2Cxorp%2Cexpire&asr_langs=it%2Cfr%2Ces%2Cnl%2Cen%2Cru%2Cko%2Cde%2Cpt%2Cja&hl=en&signature=20DE5C8E4257C5B3B77AEFCD51C0E17A98C8BA4D.4CE815EDDB9C3CB57C84EA3E803BAC9ADE4459D4&expire=1544701167&xoaf=1&kind=asr&lang=en&tlang=ru&fmt=vtt", "ext": "vtt"}], "sm": [{"url": "https://www.youtube.com/api/timedtext?xorp=True&key=yttt1&caps=asr&v=sFxA8eIS6tA&sparams=asr_langs%2Ccaps%2Cv%2Cxoaf%2Cxorp%2Cexpire&asr_langs=it%2Cfr%2Ces%2Cnl%2Cen%2Cru%2Cko%2Cde%2Cpt%2Cja&hl=en&signature=20DE5C8E4257C5B3B77AEFCD51C0E17A98C8BA4D.4CE815EDDB9C3CB57C84EA3E803BAC9ADE4459D4&expire=1544701167&xoaf=1&kind=asr&lang=en&tlang=sm&fmt=ttml", "ext": "ttml"}, {"url": "https://www.youtube.com/api/timedtext?xorp=True&key=yttt1&caps=asr&v=sFxA8eIS6tA&sparams=asr_langs%2Ccaps%2Cv%2Cxoaf%2Cxorp%2Cexpire&asr_langs=it%2Cfr%2Ces%2Cnl%2Cen%2Cru%2Cko%2Cde%2Cpt%2Cja&hl=en&signature=20DE5C8E4257C5B3B77AEFCD51C0E17A98C8BA4D.4CE815EDDB9C3CB57C84EA3E803BAC9ADE4459D4&expire=1544701167&xoaf=1&kind=asr&lang=en&tlang=sm&fmt=vtt", "ext": "vtt"}], "gd": [{"url": "https://www.youtube.com/api/timedtext?xorp=True&key=yttt1&caps=asr&v=sFxA8eIS6tA&sparams=asr_langs%2Ccaps%2Cv%2Cxoaf%2Cxorp%2Cexpire&asr_langs=it%2Cfr%2Ces%2Cnl%2Cen%2Cru%2Cko%2Cde%2Cpt%2Cja&hl=en&signature=20DE5C8E4257C5B3B77AEFCD51C0E17A98C8BA4D.4CE815EDDB9C3CB57C84EA3E803BAC9ADE4459D4&expire=1544701167&xoaf=1&kind=asr&lang=en&tlang=gd&fmt=ttml", "ext": "ttml"}, {"url": "https://www.youtube.com/api/timedtext?xorp=True&key=yttt1&caps=asr&v=sFxA8eIS6tA&sparams=asr_langs%2Ccaps%2Cv%2Cxoaf%2Cxorp%2Cexpire&asr_langs=it%2Cfr%2Ces%2Cnl%2Cen%2Cru%2Cko%2Cde%2Cpt%2Cja&hl=en&signature=20DE5C8E4257C5B3B77AEFCD51C0E17A98C8BA4D.4CE815EDDB9C3CB57C84EA3E803BAC9ADE4459D4&expire=1544701167&xoaf=1&kind=asr&lang=en&tlang=gd&fmt=vtt", "ext": "vtt"}], "sr": [{"url": "https://www.youtube.com/api/timedtext?xorp=True&key=yttt1&caps=asr&v=sFxA8eIS6tA&sparams=asr_langs%2Ccaps%2Cv%2Cxoaf%2Cxorp%2Cexpire&asr_langs=it%2Cfr%2Ces%2Cnl%2Cen%2Cru%2Cko%2Cde%2Cpt%2Cja&hl=en&signature=20DE5C8E4257C5B3B77AEFCD51C0E17A98C8BA4D.4CE815EDDB9C3CB57C84EA3E803BAC9ADE4459D4&expire=1544701167&xoaf=1&kind=asr&lang=en&tlang=sr&fmt=ttml", "ext": "ttml"}, {"url": "https://www.youtube.com/api/timedtext?xorp=True&key=yttt1&caps=asr&v=sFxA8eIS6tA&sparams=asr_langs%2Ccaps%2Cv%2Cxoaf%2Cxorp%2Cexpire&asr_langs=it%2Cfr%2Ces%2Cnl%2Cen%2Cru%2Cko%2Cde%2Cpt%2Cja&hl=en&signature=20DE5C8E4257C5B3B77AEFCD51C0E17A98C8BA4D.4CE815EDDB9C3CB57C84EA3E803BAC9ADE4459D4&expire=1544701167&xoaf=1&kind=asr&lang=en&tlang=sr&fmt=vtt", "ext": "vtt"}], "sn": [{"url": "https://www.youtube.com/api/timedtext?xorp=True&key=yttt1&caps=asr&v=sFxA8eIS6tA&sparams=asr_langs%2Ccaps%2Cv%2Cxoaf%2Cxorp%2Cexpire&asr_langs=it%2Cfr%2Ces%2Cnl%2Cen%2Cru%2Cko%2Cde%2Cpt%2Cja&hl=en&signature=20DE5C8E4257C5B3B77AEFCD51C0E17A98C8BA4D.4CE815EDDB9C3CB57C84EA3E803BAC9ADE4459D4&expire=1544701167&xoaf=1&kind=asr&lang=en&tlang=sn&fmt=ttml", "ext": "ttml"}, {"url": "https://www.youtube.com/api/timedtext?xorp=True&key=yttt1&caps=asr&v=sFxA8eIS6tA&sparams=asr_langs%2Ccaps%2Cv%2Cxoaf%2Cxorp%2Cexpire&asr_langs=it%2Cfr%2Ces%2Cnl%2Cen%2Cru%2Cko%2Cde%2Cpt%2Cja&hl=en&signature=20DE5C8E4257C5B3B77AEFCD51C0E17A98C8BA4D.4CE815EDDB9C3CB57C84EA3E803BAC9ADE4459D4&expire=1544701167&xoaf=1&kind=asr&lang=en&tlang=sn&fmt=vtt", "ext": "vtt"}], "sd": [{"url": "https://www.youtube.com/api/timedtext?xorp=True&key=yttt1&caps=asr&v=sFxA8eIS6tA&sparams=asr_langs%2Ccaps%2Cv%2Cxoaf%2Cxorp%2Cexpire&asr_langs=it%2Cfr%2Ces%2Cnl%2Cen%2Cru%2Cko%2Cde%2Cpt%2Cja&hl=en&signature=20DE5C8E4257C5B3B77AEFCD51C0E17A98C8BA4D.4CE815EDDB9C3CB57C84EA3E803BAC9ADE4459D4&expire=1544701167&xoaf=1&kind=asr&lang=en&tlang=sd&fmt=ttml", "ext": "ttml"}, {"url": "https://www.youtube.com/api/timedtext?xorp=True&key=yttt1&caps=asr&v=sFxA8eIS6tA&sparams=asr_langs%2Ccaps%2Cv%2Cxoaf%2Cxorp%2Cexpire&asr_langs=it%2Cfr%2Ces%2Cnl%2Cen%2Cru%2Cko%2Cde%2Cpt%2Cja&hl=en&signature=20DE5C8E4257C5B3B77AEFCD51C0E17A98C8BA4D.4CE815EDDB9C3CB57C84EA3E803BAC9ADE4459D4&expire=1544701167&xoaf=1&kind=asr&lang=en&tlang=sd&fmt=vtt", "ext": "vtt"}], "si": [{"url": "https://www.youtube.com/api/timedtext?xorp=True&key=yttt1&caps=asr&v=sFxA8eIS6tA&sparams=asr_langs%2Ccaps%2Cv%2Cxoaf%2Cxorp%2Cexpire&asr_langs=it%2Cfr%2Ces%2Cnl%2Cen%2Cru%2Cko%2Cde%2Cpt%2Cja&hl=en&signature=20DE5C8E4257C5B3B77AEFCD51C0E17A98C8BA4D.4CE815EDDB9C3CB57C84EA3E803BAC9ADE4459D4&expire=1544701167&xoaf=1&kind=asr&lang=en&tlang=si&fmt=ttml", "ext": "ttml"}, {"url": "https://www.youtube.com/api/timedtext?xorp=True&key=yttt1&caps=asr&v=sFxA8eIS6tA&sparams=asr_langs%2Ccaps%2Cv%2Cxoaf%2Cxorp%2Cexpire&asr_langs=it%2Cfr%2Ces%2Cnl%2Cen%2Cru%2Cko%2Cde%2Cpt%2Cja&hl=en&signature=20DE5C8E4257C5B3B77AEFCD51C0E17A98C8BA4D.4CE815EDDB9C3CB57C84EA3E803BAC9ADE4459D4&expire=1544701167&xoaf=1&kind=asr&lang=en&tlang=si&fmt=vtt", "ext": "vtt"}], "sk": [{"url": "https://www.youtube.com/api/timedtext?xorp=True&key=yttt1&caps=asr&v=sFxA8eIS6tA&sparams=asr_langs%2Ccaps%2Cv%2Cxoaf%2Cxorp%2Cexpire&asr_langs=it%2Cfr%2Ces%2Cnl%2Cen%2Cru%2Cko%2Cde%2Cpt%2Cja&hl=en&signature=20DE5C8E4257C5B3B77AEFCD51C0E17A98C8BA4D.4CE815EDDB9C3CB57C84EA3E803BAC9ADE4459D4&expire=1544701167&xoaf=1&kind=asr&lang=en&tlang=sk&fmt=ttml", "ext": "ttml"}, {"url": "https://www.youtube.com/api/timedtext?xorp=True&key=yttt1&caps=asr&v=sFxA8eIS6tA&sparams=asr_langs%2Ccaps%2Cv%2Cxoaf%2Cxorp%2Cexpire&asr_langs=it%2Cfr%2Ces%2Cnl%2Cen%2Cru%2Cko%2Cde%2Cpt%2Cja&hl=en&signature=20DE5C8E4257C5B3B77AEFCD51C0E17A98C8BA4D.4CE815EDDB9C3CB57C84EA3E803BAC9ADE4459D4&expire=1544701167&xoaf=1&kind=asr&lang=en&tlang=sk&fmt=vtt", "ext": "vtt"}], "sl": [{"url": "https://www.youtube.com/api/timedtext?xorp=True&key=yttt1&caps=asr&v=sFxA8eIS6tA&sparams=asr_langs%2Ccaps%2Cv%2Cxoaf%2Cxorp%2Cexpire&asr_langs=it%2Cfr%2Ces%2Cnl%2Cen%2Cru%2Cko%2Cde%2Cpt%2Cja&hl=en&signature=20DE5C8E4257C5B3B77AEFCD51C0E17A98C8BA4D.4CE815EDDB9C3CB57C84EA3E803BAC9ADE4459D4&expire=1544701167&xoaf=1&kind=asr&lang=en&tlang=sl&fmt=ttml", "ext": "ttml"}, {"url": "https://www.youtube.com/api/timedtext?xorp=True&key=yttt1&caps=asr&v=sFxA8eIS6tA&sparams=asr_langs%2Ccaps%2Cv%2Cxoaf%2Cxorp%2Cexpire&asr_langs=it%2Cfr%2Ces%2Cnl%2Cen%2Cru%2Cko%2Cde%2Cpt%2Cja&hl=en&signature=20DE5C8E4257C5B3B77AEFCD51C0E17A98C8BA4D.4CE815EDDB9C3CB57C84EA3E803BAC9ADE4459D4&expire=1544701167&xoaf=1&kind=asr&lang=en&tlang=sl&fmt=vtt", "ext": "vtt"}], "so": [{"url": "https://www.youtube.com/api/timedtext?xorp=True&key=yttt1&caps=asr&v=sFxA8eIS6tA&sparams=asr_langs%2Ccaps%2Cv%2Cxoaf%2Cxorp%2Cexpire&asr_langs=it%2Cfr%2Ces%2Cnl%2Cen%2Cru%2Cko%2Cde%2Cpt%2Cja&hl=en&signature=20DE5C8E4257C5B3B77AEFCD51C0E17A98C8BA4D.4CE815EDDB9C3CB57C84EA3E803BAC9ADE4459D4&expire=1544701167&xoaf=1&kind=asr&lang=en&tlang=so&fmt=ttml", "ext": "ttml"}, {"url": "https://www.youtube.com/api/timedtext?xorp=True&key=yttt1&caps=asr&v=sFxA8eIS6tA&sparams=asr_langs%2Ccaps%2Cv%2Cxoaf%2Cxorp%2Cexpire&asr_langs=it%2Cfr%2Ces%2Cnl%2Cen%2Cru%2Cko%2Cde%2Cpt%2Cja&hl=en&signature=20DE5C8E4257C5B3B77AEFCD51C0E17A98C8BA4D.4CE815EDDB9C3CB57C84EA3E803BAC9ADE4459D4&expire=1544701167&xoaf=1&kind=asr&lang=en&tlang=so&fmt=vtt", "ext": "vtt"}], "st": [{"url": "https://www.youtube.com/api/timedtext?xorp=True&key=yttt1&caps=asr&v=sFxA8eIS6tA&sparams=asr_langs%2Ccaps%2Cv%2Cxoaf%2Cxorp%2Cexpire&asr_langs=it%2Cfr%2Ces%2Cnl%2Cen%2Cru%2Cko%2Cde%2Cpt%2Cja&hl=en&signature=20DE5C8E4257C5B3B77AEFCD51C0E17A98C8BA4D.4CE815EDDB9C3CB57C84EA3E803BAC9ADE4459D4&expire=1544701167&xoaf=1&kind=asr&lang=en&tlang=st&fmt=ttml", "ext": "ttml"}, {"url": "https://www.youtube.com/api/timedtext?xorp=True&key=yttt1&caps=asr&v=sFxA8eIS6tA&sparams=asr_langs%2Ccaps%2Cv%2Cxoaf%2Cxorp%2Cexpire&asr_langs=it%2Cfr%2Ces%2Cnl%2Cen%2Cru%2Cko%2Cde%2Cpt%2Cja&hl=en&signature=20DE5C8E4257C5B3B77AEFCD51C0E17A98C8BA4D.4CE815EDDB9C3CB57C84EA3E803BAC9ADE4459D4&expire=1544701167&xoaf=1&kind=asr&lang=en&tlang=st&fmt=vtt", "ext": "vtt"}], "es": [{"url": "https://www.youtube.com/api/timedtext?xorp=True&key=yttt1&caps=asr&v=sFxA8eIS6tA&sparams=asr_langs%2Ccaps%2Cv%2Cxoaf%2Cxorp%2Cexpire&asr_langs=it%2Cfr%2Ces%2Cnl%2Cen%2Cru%2Cko%2Cde%2Cpt%2Cja&hl=en&signature=20DE5C8E4257C5B3B77AEFCD51C0E17A98C8BA4D.4CE815EDDB9C3CB57C84EA3E803BAC9ADE4459D4&expire=1544701167&xoaf=1&kind=asr&lang=en&tlang=es&fmt=ttml", "ext": "ttml"}, {"url": "https://www.youtube.com/api/timedtext?xorp=True&key=yttt1&caps=asr&v=sFxA8eIS6tA&sparams=asr_langs%2Ccaps%2Cv%2Cxoaf%2Cxorp%2Cexpire&asr_langs=it%2Cfr%2Ces%2Cnl%2Cen%2Cru%2Cko%2Cde%2Cpt%2Cja&hl=en&signature=20DE5C8E4257C5B3B77AEFCD51C0E17A98C8BA4D.4CE815EDDB9C3CB57C84EA3E803BAC9ADE4459D4&expire=1544701167&xoaf=1&kind=asr&lang=en&tlang=es&fmt=vtt", "ext": "vtt"}], "su": [{"url": "https://www.youtube.com/api/timedtext?xorp=True&key=yttt1&caps=asr&v=sFxA8eIS6tA&sparams=asr_langs%2Ccaps%2Cv%2Cxoaf%2Cxorp%2Cexpire&asr_langs=it%2Cfr%2Ces%2Cnl%2Cen%2Cru%2Cko%2Cde%2Cpt%2Cja&hl=en&signature=20DE5C8E4257C5B3B77AEFCD51C0E17A98C8BA4D.4CE815EDDB9C3CB57C84EA3E803BAC9ADE4459D4&expire=1544701167&xoaf=1&kind=asr&lang=en&tlang=su&fmt=ttml", "ext": "ttml"}, {"url": "https://www.youtube.com/api/timedtext?xorp=True&key=yttt1&caps=asr&v=sFxA8eIS6tA&sparams=asr_langs%2Ccaps%2Cv%2Cxoaf%2Cxorp%2Cexpire&asr_langs=it%2Cfr%2Ces%2Cnl%2Cen%2Cru%2Cko%2Cde%2Cpt%2Cja&hl=en&signature=20DE5C8E4257C5B3B77AEFCD51C0E17A98C8BA4D.4CE815EDDB9C3CB57C84EA3E803BAC9ADE4459D4&expire=1544701167&xoaf=1&kind=asr&lang=en&tlang=su&fmt=vtt", "ext": "vtt"}], "sw": [{"url": "https://www.youtube.com/api/timedtext?xorp=True&key=yttt1&caps=asr&v=sFxA8eIS6tA&sparams=asr_langs%2Ccaps%2Cv%2Cxoaf%2Cxorp%2Cexpire&asr_langs=it%2Cfr%2Ces%2Cnl%2Cen%2Cru%2Cko%2Cde%2Cpt%2Cja&hl=en&signature=20DE5C8E4257C5B3B77AEFCD51C0E17A98C8BA4D.4CE815EDDB9C3CB57C84EA3E803BAC9ADE4459D4&expire=1544701167&xoaf=1&kind=asr&lang=en&tlang=sw&fmt=ttml", "ext": "ttml"}, {"url": "https://www.youtube.com/api/timedtext?xorp=True&key=yttt1&caps=asr&v=sFxA8eIS6tA&sparams=asr_langs%2Ccaps%2Cv%2Cxoaf%2Cxorp%2Cexpire&asr_langs=it%2Cfr%2Ces%2Cnl%2Cen%2Cru%2Cko%2Cde%2Cpt%2Cja&hl=en&signature=20DE5C8E4257C5B3B77AEFCD51C0E17A98C8BA4D.4CE815EDDB9C3CB57C84EA3E803BAC9ADE4459D4&expire=1544701167&xoaf=1&kind=asr&lang=en&tlang=sw&fmt=vtt", "ext": "vtt"}], "sv": [{"url": "https://www.youtube.com/api/timedtext?xorp=True&key=yttt1&caps=asr&v=sFxA8eIS6tA&sparams=asr_langs%2Ccaps%2Cv%2Cxoaf%2Cxorp%2Cexpire&asr_langs=it%2Cfr%2Ces%2Cnl%2Cen%2Cru%2Cko%2Cde%2Cpt%2Cja&hl=en&signature=20DE5C8E4257C5B3B77AEFCD51C0E17A98C8BA4D.4CE815EDDB9C3CB57C84EA3E803BAC9ADE4459D4&expire=1544701167&xoaf=1&kind=asr&lang=en&tlang=sv&fmt=ttml", "ext": "ttml"}, {"url": "https://www.youtube.com/api/timedtext?xorp=True&key=yttt1&caps=asr&v=sFxA8eIS6tA&sparams=asr_langs%2Ccaps%2Cv%2Cxoaf%2Cxorp%2Cexpire&asr_langs=it%2Cfr%2Ces%2Cnl%2Cen%2Cru%2Cko%2Cde%2Cpt%2Cja&hl=en&signature=20DE5C8E4257C5B3B77AEFCD51C0E17A98C8BA4D.4CE815EDDB9C3CB57C84EA3E803BAC9ADE4459D4&expire=1544701167&xoaf=1&kind=asr&lang=en&tlang=sv&fmt=vtt", "ext": "vtt"}], "tg": [{"url": "https://www.youtube.com/api/timedtext?xorp=True&key=yttt1&caps=asr&v=sFxA8eIS6tA&sparams=asr_langs%2Ccaps%2Cv%2Cxoaf%2Cxorp%2Cexpire&asr_langs=it%2Cfr%2Ces%2Cnl%2Cen%2Cru%2Cko%2Cde%2Cpt%2Cja&hl=en&signature=20DE5C8E4257C5B3B77AEFCD51C0E17A98C8BA4D.4CE815EDDB9C3CB57C84EA3E803BAC9ADE4459D4&expire=1544701167&xoaf=1&kind=asr&lang=en&tlang=tg&fmt=ttml", "ext": "ttml"}, {"url": "https://www.youtube.com/api/timedtext?xorp=True&key=yttt1&caps=asr&v=sFxA8eIS6tA&sparams=asr_langs%2Ccaps%2Cv%2Cxoaf%2Cxorp%2Cexpire&asr_langs=it%2Cfr%2Ces%2Cnl%2Cen%2Cru%2Cko%2Cde%2Cpt%2Cja&hl=en&signature=20DE5C8E4257C5B3B77AEFCD51C0E17A98C8BA4D.4CE815EDDB9C3CB57C84EA3E803BAC9ADE4459D4&expire=1544701167&xoaf=1&kind=asr&lang=en&tlang=tg&fmt=vtt", "ext": "vtt"}], "ta": [{"url": "https://www.youtube.com/api/timedtext?xorp=True&key=yttt1&caps=asr&v=sFxA8eIS6tA&sparams=asr_langs%2Ccaps%2Cv%2Cxoaf%2Cxorp%2Cexpire&asr_langs=it%2Cfr%2Ces%2Cnl%2Cen%2Cru%2Cko%2Cde%2Cpt%2Cja&hl=en&signature=20DE5C8E4257C5B3B77AEFCD51C0E17A98C8BA4D.4CE815EDDB9C3CB57C84EA3E803BAC9ADE4459D4&expire=1544701167&xoaf=1&kind=asr&lang=en&tlang=ta&fmt=ttml", "ext": "ttml"}, {"url": "https://www.youtube.com/api/timedtext?xorp=True&key=yttt1&caps=asr&v=sFxA8eIS6tA&sparams=asr_langs%2Ccaps%2Cv%2Cxoaf%2Cxorp%2Cexpire&asr_langs=it%2Cfr%2Ces%2Cnl%2Cen%2Cru%2Cko%2Cde%2Cpt%2Cja&hl=en&signature=20DE5C8E4257C5B3B77AEFCD51C0E17A98C8BA4D.4CE815EDDB9C3CB57C84EA3E803BAC9ADE4459D4&expire=1544701167&xoaf=1&kind=asr&lang=en&tlang=ta&fmt=vtt", "ext": "vtt"}], "te": [{"url": "https://www.youtube.com/api/timedtext?xorp=True&key=yttt1&caps=asr&v=sFxA8eIS6tA&sparams=asr_langs%2Ccaps%2Cv%2Cxoaf%2Cxorp%2Cexpire&asr_langs=it%2Cfr%2Ces%2Cnl%2Cen%2Cru%2Cko%2Cde%2Cpt%2Cja&hl=en&signature=20DE5C8E4257C5B3B77AEFCD51C0E17A98C8BA4D.4CE815EDDB9C3CB57C84EA3E803BAC9ADE4459D4&expire=1544701167&xoaf=1&kind=asr&lang=en&tlang=te&fmt=ttml", "ext": "ttml"}, {"url": "https://www.youtube.com/api/timedtext?xorp=True&key=yttt1&caps=asr&v=sFxA8eIS6tA&sparams=asr_langs%2Ccaps%2Cv%2Cxoaf%2Cxorp%2Cexpire&asr_langs=it%2Cfr%2Ces%2Cnl%2Cen%2Cru%2Cko%2Cde%2Cpt%2Cja&hl=en&signature=20DE5C8E4257C5B3B77AEFCD51C0E17A98C8BA4D.4CE815EDDB9C3CB57C84EA3E803BAC9ADE4459D4&expire=1544701167&xoaf=1&kind=asr&lang=en&tlang=te&fmt=vtt", "ext": "vtt"}], "th": [{"url": "https://www.youtube.com/api/timedtext?xorp=True&key=yttt1&caps=asr&v=sFxA8eIS6tA&sparams=asr_langs%2Ccaps%2Cv%2Cxoaf%2Cxorp%2Cexpire&asr_langs=it%2Cfr%2Ces%2Cnl%2Cen%2Cru%2Cko%2Cde%2Cpt%2Cja&hl=en&signature=20DE5C8E4257C5B3B77AEFCD51C0E17A98C8BA4D.4CE815EDDB9C3CB57C84EA3E803BAC9ADE4459D4&expire=1544701167&xoaf=1&kind=asr&lang=en&tlang=th&fmt=ttml", "ext": "ttml"}, {"url": "https://www.youtube.com/api/timedtext?xorp=True&key=yttt1&caps=asr&v=sFxA8eIS6tA&sparams=asr_langs%2Ccaps%2Cv%2Cxoaf%2Cxorp%2Cexpire&asr_langs=it%2Cfr%2Ces%2Cnl%2Cen%2Cru%2Cko%2Cde%2Cpt%2Cja&hl=en&signature=20DE5C8E4257C5B3B77AEFCD51C0E17A98C8BA4D.4CE815EDDB9C3CB57C84EA3E803BAC9ADE4459D4&expire=1544701167&xoaf=1&kind=asr&lang=en&tlang=th&fmt=vtt", "ext": "vtt"}], "tr": [{"url": "https://www.youtube.com/api/timedtext?xorp=True&key=yttt1&caps=asr&v=sFxA8eIS6tA&sparams=asr_langs%2Ccaps%2Cv%2Cxoaf%2Cxorp%2Cexpire&asr_langs=it%2Cfr%2Ces%2Cnl%2Cen%2Cru%2Cko%2Cde%2Cpt%2Cja&hl=en&signature=20DE5C8E4257C5B3B77AEFCD51C0E17A98C8BA4D.4CE815EDDB9C3CB57C84EA3E803BAC9ADE4459D4&expire=1544701167&xoaf=1&kind=asr&lang=en&tlang=tr&fmt=ttml", "ext": "ttml"}, {"url": "https://www.youtube.com/api/timedtext?xorp=True&key=yttt1&caps=asr&v=sFxA8eIS6tA&sparams=asr_langs%2Ccaps%2Cv%2Cxoaf%2Cxorp%2Cexpire&asr_langs=it%2Cfr%2Ces%2Cnl%2Cen%2Cru%2Cko%2Cde%2Cpt%2Cja&hl=en&signature=20DE5C8E4257C5B3B77AEFCD51C0E17A98C8BA4D.4CE815EDDB9C3CB57C84EA3E803BAC9ADE4459D4&expire=1544701167&xoaf=1&kind=asr&lang=en&tlang=tr&fmt=vtt", "ext": "vtt"}], "uk": [{"url": "https://www.youtube.com/api/timedtext?xorp=True&key=yttt1&caps=asr&v=sFxA8eIS6tA&sparams=asr_langs%2Ccaps%2Cv%2Cxoaf%2Cxorp%2Cexpire&asr_langs=it%2Cfr%2Ces%2Cnl%2Cen%2Cru%2Cko%2Cde%2Cpt%2Cja&hl=en&signature=20DE5C8E4257C5B3B77AEFCD51C0E17A98C8BA4D.4CE815EDDB9C3CB57C84EA3E803BAC9ADE4459D4&expire=1544701167&xoaf=1&kind=asr&lang=en&tlang=uk&fmt=ttml", "ext": "ttml"}, {"url": "https://www.youtube.com/api/timedtext?xorp=True&key=yttt1&caps=asr&v=sFxA8eIS6tA&sparams=asr_langs%2Ccaps%2Cv%2Cxoaf%2Cxorp%2Cexpire&asr_langs=it%2Cfr%2Ces%2Cnl%2Cen%2Cru%2Cko%2Cde%2Cpt%2Cja&hl=en&signature=20DE5C8E4257C5B3B77AEFCD51C0E17A98C8BA4D.4CE815EDDB9C3CB57C84EA3E803BAC9ADE4459D4&expire=1544701167&xoaf=1&kind=asr&lang=en&tlang=uk&fmt=vtt", "ext": "vtt"}], "ur": [{"url": "https://www.youtube.com/api/timedtext?xorp=True&key=yttt1&caps=asr&v=sFxA8eIS6tA&sparams=asr_langs%2Ccaps%2Cv%2Cxoaf%2Cxorp%2Cexpire&asr_langs=it%2Cfr%2Ces%2Cnl%2Cen%2Cru%2Cko%2Cde%2Cpt%2Cja&hl=en&signature=20DE5C8E4257C5B3B77AEFCD51C0E17A98C8BA4D.4CE815EDDB9C3CB57C84EA3E803BAC9ADE4459D4&expire=1544701167&xoaf=1&kind=asr&lang=en&tlang=ur&fmt=ttml", "ext": "ttml"}, {"url": "https://www.youtube.com/api/timedtext?xorp=True&key=yttt1&caps=asr&v=sFxA8eIS6tA&sparams=asr_langs%2Ccaps%2Cv%2Cxoaf%2Cxorp%2Cexpire&asr_langs=it%2Cfr%2Ces%2Cnl%2Cen%2Cru%2Cko%2Cde%2Cpt%2Cja&hl=en&signature=20DE5C8E4257C5B3B77AEFCD51C0E17A98C8BA4D.4CE815EDDB9C3CB57C84EA3E803BAC9ADE4459D4&expire=1544701167&xoaf=1&kind=asr&lang=en&tlang=ur&fmt=vtt", "ext": "vtt"}], "uz": [{"url": "https://www.youtube.com/api/timedtext?xorp=True&key=yttt1&caps=asr&v=sFxA8eIS6tA&sparams=asr_langs%2Ccaps%2Cv%2Cxoaf%2Cxorp%2Cexpire&asr_langs=it%2Cfr%2Ces%2Cnl%2Cen%2Cru%2Cko%2Cde%2Cpt%2Cja&hl=en&signature=20DE5C8E4257C5B3B77AEFCD51C0E17A98C8BA4D.4CE815EDDB9C3CB57C84EA3E803BAC9ADE4459D4&expire=1544701167&xoaf=1&kind=asr&lang=en&tlang=uz&fmt=ttml", "ext": "ttml"}, {"url": "https://www.youtube.com/api/timedtext?xorp=True&key=yttt1&caps=asr&v=sFxA8eIS6tA&sparams=asr_langs%2Ccaps%2Cv%2Cxoaf%2Cxorp%2Cexpire&asr_langs=it%2Cfr%2Ces%2Cnl%2Cen%2Cru%2Cko%2Cde%2Cpt%2Cja&hl=en&signature=20DE5C8E4257C5B3B77AEFCD51C0E17A98C8BA4D.4CE815EDDB9C3CB57C84EA3E803BAC9ADE4459D4&expire=1544701167&xoaf=1&kind=asr&lang=en&tlang=uz&fmt=vtt", "ext": "vtt"}], "vi": [{"url": "https://www.youtube.com/api/timedtext?xorp=True&key=yttt1&caps=asr&v=sFxA8eIS6tA&sparams=asr_langs%2Ccaps%2Cv%2Cxoaf%2Cxorp%2Cexpire&asr_langs=it%2Cfr%2Ces%2Cnl%2Cen%2Cru%2Cko%2Cde%2Cpt%2Cja&hl=en&signature=20DE5C8E4257C5B3B77AEFCD51C0E17A98C8BA4D.4CE815EDDB9C3CB57C84EA3E803BAC9ADE4459D4&expire=1544701167&xoaf=1&kind=asr&lang=en&tlang=vi&fmt=ttml", "ext": "ttml"}, {"url": "https://www.youtube.com/api/timedtext?xorp=True&key=yttt1&caps=asr&v=sFxA8eIS6tA&sparams=asr_langs%2Ccaps%2Cv%2Cxoaf%2Cxorp%2Cexpire&asr_langs=it%2Cfr%2Ces%2Cnl%2Cen%2Cru%2Cko%2Cde%2Cpt%2Cja&hl=en&signature=20DE5C8E4257C5B3B77AEFCD51C0E17A98C8BA4D.4CE815EDDB9C3CB57C84EA3E803BAC9ADE4459D4&expire=1544701167&xoaf=1&kind=asr&lang=en&tlang=vi&fmt=vtt", "ext": "vtt"}], "cy": [{"url": "https://www.youtube.com/api/timedtext?xorp=True&key=yttt1&caps=asr&v=sFxA8eIS6tA&sparams=asr_langs%2Ccaps%2Cv%2Cxoaf%2Cxorp%2Cexpire&asr_langs=it%2Cfr%2Ces%2Cnl%2Cen%2Cru%2Cko%2Cde%2Cpt%2Cja&hl=en&signature=20DE5C8E4257C5B3B77AEFCD51C0E17A98C8BA4D.4CE815EDDB9C3CB57C84EA3E803BAC9ADE4459D4&expire=1544701167&xoaf=1&kind=asr&lang=en&tlang=cy&fmt=ttml", "ext": "ttml"}, {"url": "https://www.youtube.com/api/timedtext?xorp=True&key=yttt1&caps=asr&v=sFxA8eIS6tA&sparams=asr_langs%2Ccaps%2Cv%2Cxoaf%2Cxorp%2Cexpire&asr_langs=it%2Cfr%2Ces%2Cnl%2Cen%2Cru%2Cko%2Cde%2Cpt%2Cja&hl=en&signature=20DE5C8E4257C5B3B77AEFCD51C0E17A98C8BA4D.4CE815EDDB9C3CB57C84EA3E803BAC9ADE4459D4&expire=1544701167&xoaf=1&kind=asr&lang=en&tlang=cy&fmt=vtt", "ext": "vtt"}], "fy": [{"url": "https://www.youtube.com/api/timedtext?xorp=True&key=yttt1&caps=asr&v=sFxA8eIS6tA&sparams=asr_langs%2Ccaps%2Cv%2Cxoaf%2Cxorp%2Cexpire&asr_langs=it%2Cfr%2Ces%2Cnl%2Cen%2Cru%2Cko%2Cde%2Cpt%2Cja&hl=en&signature=20DE5C8E4257C5B3B77AEFCD51C0E17A98C8BA4D.4CE815EDDB9C3CB57C84EA3E803BAC9ADE4459D4&expire=1544701167&xoaf=1&kind=asr&lang=en&tlang=fy&fmt=ttml", "ext": "ttml"}, {"url": "https://www.youtube.com/api/timedtext?xorp=True&key=yttt1&caps=asr&v=sFxA8eIS6tA&sparams=asr_langs%2Ccaps%2Cv%2Cxoaf%2Cxorp%2Cexpire&asr_langs=it%2Cfr%2Ces%2Cnl%2Cen%2Cru%2Cko%2Cde%2Cpt%2Cja&hl=en&signature=20DE5C8E4257C5B3B77AEFCD51C0E17A98C8BA4D.4CE815EDDB9C3CB57C84EA3E803BAC9ADE4459D4&expire=1544701167&xoaf=1&kind=asr&lang=en&tlang=fy&fmt=vtt", "ext": "vtt"}], "xh": [{"url": "https://www.youtube.com/api/timedtext?xorp=True&key=yttt1&caps=asr&v=sFxA8eIS6tA&sparams=asr_langs%2Ccaps%2Cv%2Cxoaf%2Cxorp%2Cexpire&asr_langs=it%2Cfr%2Ces%2Cnl%2Cen%2Cru%2Cko%2Cde%2Cpt%2Cja&hl=en&signature=20DE5C8E4257C5B3B77AEFCD51C0E17A98C8BA4D.4CE815EDDB9C3CB57C84EA3E803BAC9ADE4459D4&expire=1544701167&xoaf=1&kind=asr&lang=en&tlang=xh&fmt=ttml", "ext": "ttml"}, {"url": "https://www.youtube.com/api/timedtext?xorp=True&key=yttt1&caps=asr&v=sFxA8eIS6tA&sparams=asr_langs%2Ccaps%2Cv%2Cxoaf%2Cxorp%2Cexpire&asr_langs=it%2Cfr%2Ces%2Cnl%2Cen%2Cru%2Cko%2Cde%2Cpt%2Cja&hl=en&signature=20DE5C8E4257C5B3B77AEFCD51C0E17A98C8BA4D.4CE815EDDB9C3CB57C84EA3E803BAC9ADE4459D4&expire=1544701167&xoaf=1&kind=asr&lang=en&tlang=xh&fmt=vtt", "ext": "vtt"}], "yi": [{"url": "https://www.youtube.com/api/timedtext?xorp=True&key=yttt1&caps=asr&v=sFxA8eIS6tA&sparams=asr_langs%2Ccaps%2Cv%2Cxoaf%2Cxorp%2Cexpire&asr_langs=it%2Cfr%2Ces%2Cnl%2Cen%2Cru%2Cko%2Cde%2Cpt%2Cja&hl=en&signature=20DE5C8E4257C5B3B77AEFCD51C0E17A98C8BA4D.4CE815EDDB9C3CB57C84EA3E803BAC9ADE4459D4&expire=1544701167&xoaf=1&kind=asr&lang=en&tlang=yi&fmt=ttml", "ext": "ttml"}, {"url": "https://www.youtube.com/api/timedtext?xorp=True&key=yttt1&caps=asr&v=sFxA8eIS6tA&sparams=asr_langs%2Ccaps%2Cv%2Cxoaf%2Cxorp%2Cexpire&asr_langs=it%2Cfr%2Ces%2Cnl%2Cen%2Cru%2Cko%2Cde%2Cpt%2Cja&hl=en&signature=20DE5C8E4257C5B3B77AEFCD51C0E17A98C8BA4D.4CE815EDDB9C3CB57C84EA3E803BAC9ADE4459D4&expire=1544701167&xoaf=1&kind=asr&lang=en&tlang=yi&fmt=vtt", "ext": "vtt"}], "yo": [{"url": "https://www.youtube.com/api/timedtext?xorp=True&key=yttt1&caps=asr&v=sFxA8eIS6tA&sparams=asr_langs%2Ccaps%2Cv%2Cxoaf%2Cxorp%2Cexpire&asr_langs=it%2Cfr%2Ces%2Cnl%2Cen%2Cru%2Cko%2Cde%2Cpt%2Cja&hl=en&signature=20DE5C8E4257C5B3B77AEFCD51C0E17A98C8BA4D.4CE815EDDB9C3CB57C84EA3E803BAC9ADE4459D4&expire=1544701167&xoaf=1&kind=asr&lang=en&tlang=yo&fmt=ttml", "ext": "ttml"}, {"url": "https://www.youtube.com/api/timedtext?xorp=True&key=yttt1&caps=asr&v=sFxA8eIS6tA&sparams=asr_langs%2Ccaps%2Cv%2Cxoaf%2Cxorp%2Cexpire&asr_langs=it%2Cfr%2Ces%2Cnl%2Cen%2Cru%2Cko%2Cde%2Cpt%2Cja&hl=en&signature=20DE5C8E4257C5B3B77AEFCD51C0E17A98C8BA4D.4CE815EDDB9C3CB57C84EA3E803BAC9ADE4459D4&expire=1544701167&xoaf=1&kind=asr&lang=en&tlang=yo&fmt=vtt", "ext": "vtt"}], "zu": [{"url": "https://www.youtube.com/api/timedtext?xorp=True&key=yttt1&caps=asr&v=sFxA8eIS6tA&sparams=asr_langs%2Ccaps%2Cv%2Cxoaf%2Cxorp%2Cexpire&asr_langs=it%2Cfr%2Ces%2Cnl%2Cen%2Cru%2Cko%2Cde%2Cpt%2Cja&hl=en&signature=20DE5C8E4257C5B3B77AEFCD51C0E17A98C8BA4D.4CE815EDDB9C3CB57C84EA3E803BAC9ADE4459D4&expire=1544701167&xoaf=1&kind=asr&lang=en&tlang=zu&fmt=ttml", "ext": "ttml"}, {"url": "https://www.youtube.com/api/timedtext?xorp=True&key=yttt1&caps=asr&v=sFxA8eIS6tA&sparams=asr_langs%2Ccaps%2Cv%2Cxoaf%2Cxorp%2Cexpire&asr_langs=it%2Cfr%2Ces%2Cnl%2Cen%2Cru%2Cko%2Cde%2Cpt%2Cja&hl=en&signature=20DE5C8E4257C5B3B77AEFCD51C0E17A98C8BA4D.4CE815EDDB9C3CB57C84EA3E803BAC9ADE4459D4&expire=1544701167&xoaf=1&kind=asr&lang=en&tlang=zu&fmt=vtt", "ext": "vtt"}]}, "duration": 2900, "age_limit": 0, "annotations": null, "chapters": null, "webpage_url": "https://www.youtube.com/watch?v=sFxA8eIS6tA", "view_count": 86809, "like_count": 230, "dislike_count": 5, "average_rating": 4.91489362717, "formats": [{"format_id": "140", "url": "https://r5---sn-n4v7knll.googlevideo.com/videoplayback?ip=69.181.125.22&key=yt6&id=o-AFk3_y1YeWR3TzUvEziAXU1dc7TRRHw7_H0PZRLqLvpX&keepalive=yes&mn=sn-n4v7knll%2Csn-a5mlrn7l&mm=31%2C26&gir=yes&initcwndbps=1008750&mt=1544675830&ms=au%2Conr&ipbits=0&signature=B68E602F0D957E7FB8C7641F19D9893E970D02E6.6F86A5E70908C53416EF047AF7BF359A1B51B45C&lmt=1390923345807779&fvip=5&source=youtube&clen=46054403&mime=audio%2Fmp4&itag=140&expire=1544697567&mv=m&sparams=clen%2Cdur%2Cei%2Cgir%2Cid%2Cinitcwndbps%2Cip%2Cipbits%2Citag%2Ckeepalive%2Clmt%2Cmime%2Cmm%2Cmn%2Cms%2Cmv%2Cpl%2Crequiressl%2Csource%2Cexpire&pl=22&requiressl=yes&ei=f-IRXO2KKY-EkgbL_ZuICQ&c=WEB&dur=2899.731&ratebypass=yes", "player_url": "/yts/jsbin/player_ias-vflsBa1u2/en_US/base.js", "ext": "m4a", "format_note": "DASH audio", "acodec": "mp4a.40.2", "abr": 128, "container": "m4a_dash", "filesize": 46054403, "tbr": 130.547, "quality": -1, "vcodec": "none", "downloader_options": {"http_chunk_size": 10485760}, "format": "140 - audio only (DASH audio)", "protocol": "https", "http_headers": {"User-Agent": "Mozilla/5.0 (X11; Linux x86_64; rv:59.0) Gecko/20100101 Firefox/59.0", "Accept-Charset": "ISO-8859-1,utf-8;q=0.7,*;q=0.7", "Accept": "text/html,application/xhtml+xml,application/xml;q=0.9,*/*;q=0.8", "Accept-Encoding": "gzip, deflate", "Accept-Language": "en-us,en;q=0.5"}}, {"format_id": "171", "url": "https://r5---sn-n4v7knll.googlevideo.com/videoplayback?ip=69.181.125.22&key=yt6&id=o-AFk3_y1YeWR3TzUvEziAXU1dc7TRRHw7_H0PZRLqLvpX&keepalive=yes&mn=sn-n4v7knll%2Csn-a5mlrn7l&mm=31%2C26&gir=yes&initcwndbps=1008750&mt=1544675830&ms=au%2Conr&ipbits=0&signature=474B9BBA05B12B5E6F42FDD1C9F6380C04C7DCE9.08F441918EEC0F6B91CC630CF480FE623B1A4DE4&lmt=1401329993317417&fvip=5&source=youtube&clen=44522276&mime=audio%2Fwebm&itag=171&expire=1544697567&mv=m&sparams=clen%2Cdur%2Cei%2Cgir%2Cid%2Cinitcwndbps%2Cip%2Cipbits%2Citag%2Ckeepalive%2Clmt%2Cmime%2Cmm%2Cmn%2Cms%2Cmv%2Cpl%2Crequiressl%2Csource%2Cexpire&pl=22&requiressl=yes&ei=f-IRXO2KKY-EkgbL_ZuICQ&c=WEB&dur=2899.666&ratebypass=yes", "player_url": "/yts/jsbin/player_ias-vflsBa1u2/en_US/base.js", "ext": "webm", "acodec": "vorbis", "format_note": "DASH audio", "abr": 128, "filesize": 44522276, "tbr": 140.697, "fps": 1, "quality": -1, "vcodec": "none", "downloader_options": {"http_chunk_size": 10485760}, "format": "171 - audio only (DASH audio)", "protocol": "https", "http_headers": {"User-Agent": "Mozilla/5.0 (X11; Linux x86_64; rv:59.0) Gecko/20100101 Firefox/59.0", "Accept-Charset": "ISO-8859-1,utf-8;q=0.7,*;q=0.7", "Accept": "text/html,application/xhtml+xml,application/xml;q=0.9,*/*;q=0.8", "Accept-Encoding": "gzip, deflate", "Accept-Language": "en-us,en;q=0.5"}}, {"format_id": "160", "url": "https://r5---sn-n4v7knll.googlevideo.com/videoplayback?ip=69.181.125.22&key=yt6&id=o-AFk3_y1YeWR3TzUvEziAXU1dc7TRRHw7_H0PZRLqLvpX&keepalive=yes&aitags=133%2C134%2C135%2C160&mm=31%2C26&gir=yes&initcwndbps=1008750&mt=1544675830&ms=au%2Conr&ipbits=0&signature=412C78A9476A8786B81B1A93B4B3674BD6094372.0770A985FA71EF17067B80A9E6273E6F42E170E0&lmt=1390923547922539&fvip=5&mn=sn-n4v7knll%2Csn-a5mlrn7l&source=youtube&clen=41006408&mime=video%2Fmp4&itag=160&expire=1544697567&mv=m&sparams=aitags%2Cclen%2Cdur%2Cei%2Cgir%2Cid%2Cinitcwndbps%2Cip%2Cipbits%2Citag%2Ckeepalive%2Clmt%2Cmime%2Cmm%2Cmn%2Cms%2Cmv%2Cpl%2Crequiressl%2Csource%2Cexpire&pl=22&requiressl=yes&ei=f-IRXO2KKY-EkgbL_ZuICQ&c=WEB&dur=2899.663&ratebypass=yes", "player_url": "/yts/jsbin/player_ias-vflsBa1u2/en_US/base.js", "ext": "mp4", "height": 144, "format_note": "144p", "vcodec": "avc1.4d400c", "filesize": 41006408, "tbr": 125.074, "width": 192, "fps": 15, "quality": -1, "acodec": "none", "downloader_options": {"http_chunk_size": 10485760}, "format": "160 - 192x144 (144p)", "protocol": "https", "http_headers": {"User-Agent": "Mozilla/5.0 (X11; Linux x86_64; rv:59.0) Gecko/20100101 Firefox/59.0", "Accept-Charset": "ISO-8859-1,utf-8;q=0.7,*;q=0.7", "Accept": "text/html,application/xhtml+xml,application/xml;q=0.9,*/*;q=0.8", "Accept-Encoding": "gzip, deflate", "Accept-Language": "en-us,en;q=0.5"}}, {"format_id": "133", "url": "https://r5---sn-n4v7knll.googlevideo.com/videoplayback?ip=69.181.125.22&key=yt6&id=o-AFk3_y1YeWR3TzUvEziAXU1dc7TRRHw7_H0PZRLqLvpX&keepalive=yes&aitags=133%2C134%2C135%2C160&mm=31%2C26&gir=yes&initcwndbps=1008750&mt=1544675830&ms=au%2Conr&ipbits=0&signature=71BF061382259EA6B9440B4DFB5BB6F3680761FB.65CFD9B3F31FFD11D850A3689B721C5407D980E9&lmt=1390923345695659&fvip=5&mn=sn-n4v7knll%2Csn-a5mlrn7l&source=youtube&clen=88601615&mime=video%2Fmp4&itag=133&expire=1544697567&mv=m&sparams=aitags%2Cclen%2Cdur%2Cei%2Cgir%2Cid%2Cinitcwndbps%2Cip%2Cipbits%2Citag%2Ckeepalive%2Clmt%2Cmime%2Cmm%2Cmn%2Cms%2Cmv%2Cpl%2Crequiressl%2Csource%2Cexpire&pl=22&requiressl=yes&ei=f-IRXO2KKY-EkgbL_ZuICQ&c=WEB&dur=2899.663&ratebypass=yes", "player_url": "/yts/jsbin/player_ias-vflsBa1u2/en_US/base.js", "ext": "mp4", "height": 240, "format_note": "240p", "vcodec": "avc1.4d400d", "filesize": 88601615, "tbr": 256.127, "width": 320, "fps": 30, "quality": -1, "acodec": "none", "downloader_options": {"http_chunk_size": 10485760}, "format": "133 - 320x240 (240p)", "protocol": "https", "http_headers": {"User-Agent": "Mozilla/5.0 (X11; Linux x86_64; rv:59.0) Gecko/20100101 Firefox/59.0", "Accept-Charset": "ISO-8859-1,utf-8;q=0.7,*;q=0.7", "Accept": "text/html,application/xhtml+xml,application/xml;q=0.9,*/*;q=0.8", "Accept-Encoding": "gzip, deflate", "Accept-Language": "en-us,en;q=0.5"}}, {"format_id": "134", "url": "https://r5---sn-n4v7knll.googlevideo.com/videoplayback?ip=69.181.125.22&key=yt6&id=o-AFk3_y1YeWR3TzUvEziAXU1dc7TRRHw7_H0PZRLqLvpX&keepalive=yes&aitags=133%2C134%2C135%2C160&mm=31%2C26&gir=yes&initcwndbps=1008750&mt=1544675830&ms=au%2Conr&ipbits=0&signature=8B5DFA34435473EC6CF929DF414DDFCB25914216.2D4A914406E8DD91D10991F30F7283C560F5E76F&lmt=1390923349682596&fvip=5&mn=sn-n4v7knll%2Csn-a5mlrn7l&source=youtube&clen=91290226&mime=video%2Fmp4&itag=134&expire=1544697567&mv=m&sparams=aitags%2Cclen%2Cdur%2Cei%2Cgir%2Cid%2Cinitcwndbps%2Cip%2Cipbits%2Citag%2Ckeepalive%2Clmt%2Cmime%2Cmm%2Cmn%2Cms%2Cmv%2Cpl%2Crequiressl%2Csource%2Cexpire&pl=22&requiressl=yes&ei=f-IRXO2KKY-EkgbL_ZuICQ&c=WEB&dur=2899.663&ratebypass=yes", "player_url": "/yts/jsbin/player_ias-vflsBa1u2/en_US/base.js", "ext": "mp4", "height": 360, "format_note": "360p", "vcodec": "avc1.4d401e", "filesize": 91290226, "tbr": 428.47, "width": 480, "fps": 30, "quality": -1, "acodec": "none", "downloader_options": {"http_chunk_size": 10485760}, "format": "134 - 480x360 (360p)", "protocol": "https", "http_headers": {"User-Agent": "Mozilla/5.0 (X11; Linux x86_64; rv:59.0) Gecko/20100101 Firefox/59.0", "Accept-Charset": "ISO-8859-1,utf-8;q=0.7,*;q=0.7", "Accept": "text/html,application/xhtml+xml,application/xml;q=0.9,*/*;q=0.8", "Accept-Encoding": "gzip, deflate", "Accept-Language": "en-us,en;q=0.5"}}, {"format_id": "135", "url": "https://r5---sn-n4v7knll.googlevideo.com/videoplayback?ip=69.181.125.22&key=yt6&id=o-AFk3_y1YeWR3TzUvEziAXU1dc7TRRHw7_H0PZRLqLvpX&keepalive=yes&aitags=133%2C134%2C135%2C160&mm=31%2C26&gir=yes&initcwndbps=1008750&mt=1544675830&ms=au%2Conr&ipbits=0&signature=ACA5F7892E4C1CF77B68F803735303CAF05D3F84.197C193AE50E9FA214D2D2989FEE50CBEA323A13&lmt=1390923403778556&fvip=5&mn=sn-n4v7knll%2Csn-a5mlrn7l&source=youtube&clen=188067094&mime=video%2Fmp4&itag=135&expire=1544697567&mv=m&sparams=aitags%2Cclen%2Cdur%2Cei%2Cgir%2Cid%2Cinitcwndbps%2Cip%2Cipbits%2Citag%2Ckeepalive%2Clmt%2Cmime%2Cmm%2Cmn%2Cms%2Cmv%2Cpl%2Crequiressl%2Csource%2Cexpire&pl=22&requiressl=yes&ei=f-IRXO2KKY-EkgbL_ZuICQ&c=WEB&dur=2899.663&ratebypass=yes", "player_url": "/yts/jsbin/player_ias-vflsBa1u2/en_US/base.js", "ext": "mp4", "height": 480, "format_note": "480p", "vcodec": "avc1.4d401e", "filesize": 188067094, "tbr": 780.489, "width": 640, "fps": 30, "quality": -1, "acodec": "none", "downloader_options": {"http_chunk_size": 10485760}, "format": "135 - 640x480 (480p)", "protocol": "https", "http_headers": {"User-Agent": "Mozilla/5.0 (X11; Linux x86_64; rv:59.0) Gecko/20100101 Firefox/59.0", "Accept-Charset": "ISO-8859-1,utf-8;q=0.7,*;q=0.7", "Accept": "text/html,application/xhtml+xml,application/xml;q=0.9,*/*;q=0.8", "Accept-Encoding": "gzip, deflate", "Accept-Language": "en-us,en;q=0.5"}}, {"format_id": "17", "url": "https://r5---sn-n4v7knll.googlevideo.com/videoplayback?ip=69.181.125.22&key=yt6&id=o-AFk3_y1YeWR3TzUvEziAXU1dc7TRRHw7_H0PZRLqLvpX&mn=sn-n4v7knll%2Csn-a5mlrn7l&mm=31%2C26&gir=yes&initcwndbps=1008750&mt=1544675830&ms=au%2Conr&ipbits=0&signature=618A01DE82CDB7B73A65FCB2E285A8B2442E4B27.0C345885448CB867C82FE32ED13A2A4720CC5EC6&lmt=1390924442202390&fvip=5&source=youtube&clen=29547557&mime=video%2F3gpp&itag=17&expire=1544697567&mv=m&sparams=clen%2Cdur%2Cei%2Cgir%2Cid%2Cinitcwndbps%2Cip%2Cipbits%2Citag%2Clmt%2Cmime%2Cmm%2Cmn%2Cms%2Cmv%2Cpl%2Crequiressl%2Csource%2Cexpire&pl=22&requiressl=yes&ei=f-IRXO2KKY-EkgbL_ZuICQ&c=WEB&dur=2900.079&ratebypass=yes", "player_url": "/yts/jsbin/player_ias-vflsBa1u2/en_US/base.js", "ext": "3gp", "width": 176, "height": 144, "acodec": "mp4a.40.2", "abr": 24, "vcodec": "mp4v.20.3", "resolution": "176x144", "filesize": 29547557, "format_note": "small", "format": "17 - 176x144 (small)", "protocol": "https", "http_headers": {"User-Agent": "Mozilla/5.0 (X11; Linux x86_64; rv:59.0) Gecko/20100101 Firefox/59.0", "Accept-Charset": "ISO-8859-1,utf-8;q=0.7,*;q=0.7", "Accept": "text/html,application/xhtml+xml,application/xml;q=0.9,*/*;q=0.8", "Accept-Encoding": "gzip, deflate", "Accept-Language": "en-us,en;q=0.5"}}, {"format_id": "36", "url": "https://r5---sn-n4v7knll.googlevideo.com/videoplayback?ip=69.181.125.22&key=yt6&id=o-AFk3_y1YeWR3TzUvEziAXU1dc7TRRHw7_H0PZRLqLvpX&mn=sn-n4v7knll%2Csn-a5mlrn7l&mm=31%2C26&gir=yes&initcwndbps=1008750&mt=1544675830&ms=au%2Conr&ipbits=0&signature=92AA4BEB2E2E525F061E78007F0DBA22BB9F74AD.AF201533714A10105B8736D383E6A64E8630E796&lmt=1428689623202633&fvip=5&source=youtube&clen=81888102&mime=video%2F3gpp&itag=36&expire=1544697567&mv=m&sparams=clen%2Cdur%2Cei%2Cgir%2Cid%2Cinitcwndbps%2Cip%2Cipbits%2Citag%2Clmt%2Cmime%2Cmm%2Cmn%2Cms%2Cmv%2Cpl%2Crequiressl%2Csource%2Cexpire&pl=22&requiressl=yes&ei=f-IRXO2KKY-EkgbL_ZuICQ&c=WEB&dur=2899.847&ratebypass=yes", "player_url": "/yts/jsbin/player_ias-vflsBa1u2/en_US/base.js", "ext": "3gp", "width": 320, "acodec": "mp4a.40.2", "vcodec": "mp4v.20.3", "resolution": "320x240", "height": 240, "filesize": 81888102, "format_note": "small", "format": "36 - 320x240 (small)", "protocol": "https", "http_headers": {"User-Agent": "Mozilla/5.0 (X11; Linux x86_64; rv:59.0) Gecko/20100101 Firefox/59.0", "Accept-Charset": "ISO-8859-1,utf-8;q=0.7,*;q=0.7", "Accept": "text/html,application/xhtml+xml,application/xml;q=0.9,*/*;q=0.8", "Accept-Encoding": "gzip, deflate", "Accept-Language": "en-us,en;q=0.5"}}, {"format_id": "18", "url": "https://r5---sn-n4v7knll.googlevideo.com/videoplayback?ip=69.181.125.22&key=yt6&id=o-AFk3_y1YeWR3TzUvEziAXU1dc7TRRHw7_H0PZRLqLvpX&mn=sn-n4v7knll%2Csn-a5mlrn7l&mm=31%2C26&gir=yes&initcwndbps=1008750&mt=1544675830&ms=au%2Conr&ipbits=0&signature=6AE763FBD30659A60A4B788095096C68B90B1A04.C92363D5B726059FA64D63C7AF47EB5BED30967E&lmt=1390924069634104&fvip=5&ratebypass=yes&source=youtube&clen=134535908&mime=video%2Fmp4&itag=18&expire=1544697567&mv=m&sparams=clen%2Cdur%2Cei%2Cgir%2Cid%2Cinitcwndbps%2Cip%2Cipbits%2Citag%2Clmt%2Cmime%2Cmm%2Cmn%2Cms%2Cmv%2Cpl%2Cratebypass%2Crequiressl%2Csource%2Cexpire&pl=22&requiressl=yes&ei=f-IRXO2KKY-EkgbL_ZuICQ&c=WEB&dur=2899.731", "player_url": "/yts/jsbin/player_ias-vflsBa1u2/en_US/base.js", "ext": "mp4", "width": 480, "height": 360, "acodec": "mp4a.40.2", "abr": 96, "vcodec": "avc1.42001E", "resolution": "480x360", "filesize": 134535908, "format_note": "medium", "quality": 1, "format": "18 - 480x360 (medium)", "protocol": "https", "http_headers": {"User-Agent": "Mozilla/5.0 (X11; Linux x86_64; rv:59.0) Gecko/20100101 Firefox/59.0", "Accept-Charset": "ISO-8859-1,utf-8;q=0.7,*;q=0.7", "Accept": "text/html,application/xhtml+xml,application/xml;q=0.9,*/*;q=0.8", "Accept-Encoding": "gzip, deflate", "Accept-Language": "en-us,en;q=0.5"}}, {"format_id": "43", "url": "https://r5---sn-n4v7knll.googlevideo.com/videoplayback?ip=69.181.125.22&key=yt6&id=o-AFk3_y1YeWR3TzUvEziAXU1dc7TRRHw7_H0PZRLqLvpX&mn=sn-n4v7knll%2Csn-a5mlrn7l&mm=31%2C26&gir=yes&initcwndbps=1008750&mt=1544675830&ms=au%2Conr&ipbits=0&signature=524043299B35114402BCBF01ECC1B72278CDE551.C72940D7B1D9F5C1003B000944C3164B872008F8&lmt=1298834945884734&fvip=5&ratebypass=yes&source=youtube&clen=153603350&mime=video%2Fwebm&itag=43&expire=1544697567&mv=m&sparams=clen%2Cdur%2Cei%2Cgir%2Cid%2Cinitcwndbps%2Cip%2Cipbits%2Citag%2Clmt%2Cmime%2Cmm%2Cmn%2Cms%2Cmv%2Cpl%2Cratebypass%2Crequiressl%2Csource%2Cexpire&pl=22&requiressl=yes&ei=f-IRXO2KKY-EkgbL_ZuICQ&c=WEB&dur=0.000", "player_url": "/yts/jsbin/player_ias-vflsBa1u2/en_US/base.js", "ext": "webm", "width": 640, "height": 360, "acodec": "vorbis", "abr": 128, "vcodec": "vp8.0", "resolution": "640x360", "filesize": 153603350, "format_note": "medium", "quality": 1, "format": "43 - 640x360 (medium)", "protocol": "https", "http_headers": {"User-Agent": "Mozilla/5.0 (X11; Linux x86_64; rv:59.0) Gecko/20100101 Firefox/59.0", "Accept-Charset": "ISO-8859-1,utf-8;q=0.7,*;q=0.7", "Accept": "text/html,application/xhtml+xml,application/xml;q=0.9,*/*;q=0.8", "Accept-Encoding": "gzip, deflate", "Accept-Language": "en-us,en;q=0.5"}}], "is_live": null, "start_time": null, "end_time": null, "series": null, "season_number": null, "episode_number": null, "track": null, "artist": null, "extractor": "youtube", "webpage_url_basename": "sFxA8eIS6tA", "extractor_key": "Youtube", "n_entries": 35, "playlist": "MIT 18.06 Linear Algebra, Spring 2005", "playlist_id": "PLE7DDD91010BC51F8", "playlist_title": "MIT 18.06 Linear Algebra, Spring 2005", "playlist_uploader": "MIT OpenCourseWare", "playlist_uploader_id": "MIT", "playlist_index": 25, "thumbnails": [{"url": "https://i.ytimg.com/vi/sFxA8eIS6tA/hqdefault.jpg", "id": "0"}], "display_id": "sFxA8eIS6tA", "format_id": "43", "url": "https://r5---sn-n4v7knll.googlevideo.com/videoplayback?ip=69.181.125.22&key=yt6&id=o-AFk3_y1YeWR3TzUvEziAXU1dc7TRRHw7_H0PZRLqLvpX&mn=sn-n4v7knll%2Csn-a5mlrn7l&mm=31%2C26&gir=yes&initcwndbps=1008750&mt=1544675830&ms=au%2Conr&ipbits=0&signature=524043299B35114402BCBF01ECC1B72278CDE551.C72940D7B1D9F5C1003B000944C3164B872008F8&lmt=1298834945884734&fvip=5&ratebypass=yes&source=youtube&clen=153603350&mime=video%2Fwebm&itag=43&expire=1544697567&mv=m&sparams=clen%2Cdur%2Cei%2Cgir%2Cid%2Cinitcwndbps%2Cip%2Cipbits%2Citag%2Clmt%2Cmime%2Cmm%2Cmn%2Cms%2Cmv%2Cpl%2Cratebypass%2Crequiressl%2Csource%2Cexpire&pl=22&requiressl=yes&ei=f-IRXO2KKY-EkgbL_ZuICQ&c=WEB&dur=0.000", "player_url": "/yts/jsbin/player_ias-vflsBa1u2/en_US/base.js", "ext": "webm", "width": 640, "height": 360, "acodec": "vorbis", "abr": 128, "vcodec": "vp8.0", "resolution": "640x360", "filesize": 153603350, "format_note": "medium", "quality": 1, "format": "43 - 640x360 (medium)", "protocol": "https", "http_headers": {"User-Agent": "Mozilla/5.0 (X11; Linux x86_64; rv:59.0) Gecko/20100101 Firefox/59.0", "Accept-Charset": "ISO-8859-1,utf-8;q=0.7,*;q=0.7", "Accept": "text/html,application/xhtml+xml,application/xml;q=0.9,*/*;q=0.8", "Accept-Encoding": "gzip, deflate", "Accept-Language": "en-us,en;q=0.5"}, "fulltitle": "Lec 24b  | MIT 18.06 Linear Algebra, Spring 2005", "_filename": "Lec 24b  _ MIT 18.06 Linear Algebra, Spring 2005-sFxA8eIS6tA.webm"}