{"id": "Go2aLo7ZOlU", "uploader": "MIT OpenCourseWare", "uploader_id": "MIT", "uploader_url": "http://www.youtube.com/user/MIT", "channel_id": "UCEBb1b_L6zDS3xTUrIALZOw", "channel_url": "http://www.youtube.com/channel/UCEBb1b_L6zDS3xTUrIALZOw", "upload_date": "20090506", "license": null, "creator": null, "title": "Lec 33 | MIT 18.06 Linear Algebra, Spring 2005", "alt_title": null, "thumbnail": "https://i.ytimg.com/vi/Go2aLo7ZOlU/hqdefault.jpg", "description": "Lecture 33: Left and Right Inverses; Pseudoinverse.\nView the complete course at: http://ocw.mit.edu/18-06S05\n\nLicense: Creative Commons BY-NC-SA\nMore information at http://ocw.mit.edu/terms\nMore courses at http://ocw.mit.edu", "categories": ["Education"], "tags": ["matrix theory", "linear algebra", "systems of equations", "vector spaces", "determinants", "eigenvalues", "similarity", "positive definite matrices", "least-squares approximations", "networks", "Fourier transforms", "Markov processes"], "subtitles": {"en": [{"url": "https://www.youtube.com/api/timedtext?lang=en&v=Go2aLo7ZOlU&fmt=ttml&name=CC", "ext": "ttml"}, {"url": "https://www.youtube.com/api/timedtext?lang=en&v=Go2aLo7ZOlU&fmt=vtt&name=CC", "ext": "vtt"}]}, "automatic_captions": {"af": [{"url": "https://www.youtube.com/api/timedtext?key=yttt1&asr_langs=it%2Cfr%2Ces%2Cru%2Cja%2Cnl%2Cen%2Cpt%2Cde%2Cko&signature=E237C71E5F939FE1D1D31A15362DEEBC0CE6BE5C.EFAFDBF16AA6566D3CC31C97604F92E150D4BDE0&v=Go2aLo7ZOlU&sparams=asr_langs%2Ccaps%2Cv%2Cxoaf%2Cxorp%2Cexpire&xorp=True&caps=asr&hl=en&expire=1544701181&xoaf=1&kind=asr&lang=en&tlang=af&fmt=ttml", "ext": "ttml"}, {"url": "https://www.youtube.com/api/timedtext?key=yttt1&asr_langs=it%2Cfr%2Ces%2Cru%2Cja%2Cnl%2Cen%2Cpt%2Cde%2Cko&signature=E237C71E5F939FE1D1D31A15362DEEBC0CE6BE5C.EFAFDBF16AA6566D3CC31C97604F92E150D4BDE0&v=Go2aLo7ZOlU&sparams=asr_langs%2Ccaps%2Cv%2Cxoaf%2Cxorp%2Cexpire&xorp=True&caps=asr&hl=en&expire=1544701181&xoaf=1&kind=asr&lang=en&tlang=af&fmt=vtt", "ext": "vtt"}], "sq": [{"url": "https://www.youtube.com/api/timedtext?key=yttt1&asr_langs=it%2Cfr%2Ces%2Cru%2Cja%2Cnl%2Cen%2Cpt%2Cde%2Cko&signature=E237C71E5F939FE1D1D31A15362DEEBC0CE6BE5C.EFAFDBF16AA6566D3CC31C97604F92E150D4BDE0&v=Go2aLo7ZOlU&sparams=asr_langs%2Ccaps%2Cv%2Cxoaf%2Cxorp%2Cexpire&xorp=True&caps=asr&hl=en&expire=1544701181&xoaf=1&kind=asr&lang=en&tlang=sq&fmt=ttml", "ext": "ttml"}, {"url": "https://www.youtube.com/api/timedtext?key=yttt1&asr_langs=it%2Cfr%2Ces%2Cru%2Cja%2Cnl%2Cen%2Cpt%2Cde%2Cko&signature=E237C71E5F939FE1D1D31A15362DEEBC0CE6BE5C.EFAFDBF16AA6566D3CC31C97604F92E150D4BDE0&v=Go2aLo7ZOlU&sparams=asr_langs%2Ccaps%2Cv%2Cxoaf%2Cxorp%2Cexpire&xorp=True&caps=asr&hl=en&expire=1544701181&xoaf=1&kind=asr&lang=en&tlang=sq&fmt=vtt", "ext": "vtt"}], "am": [{"url": "https://www.youtube.com/api/timedtext?key=yttt1&asr_langs=it%2Cfr%2Ces%2Cru%2Cja%2Cnl%2Cen%2Cpt%2Cde%2Cko&signature=E237C71E5F939FE1D1D31A15362DEEBC0CE6BE5C.EFAFDBF16AA6566D3CC31C97604F92E150D4BDE0&v=Go2aLo7ZOlU&sparams=asr_langs%2Ccaps%2Cv%2Cxoaf%2Cxorp%2Cexpire&xorp=True&caps=asr&hl=en&expire=1544701181&xoaf=1&kind=asr&lang=en&tlang=am&fmt=ttml", "ext": "ttml"}, {"url": "https://www.youtube.com/api/timedtext?key=yttt1&asr_langs=it%2Cfr%2Ces%2Cru%2Cja%2Cnl%2Cen%2Cpt%2Cde%2Cko&signature=E237C71E5F939FE1D1D31A15362DEEBC0CE6BE5C.EFAFDBF16AA6566D3CC31C97604F92E150D4BDE0&v=Go2aLo7ZOlU&sparams=asr_langs%2Ccaps%2Cv%2Cxoaf%2Cxorp%2Cexpire&xorp=True&caps=asr&hl=en&expire=1544701181&xoaf=1&kind=asr&lang=en&tlang=am&fmt=vtt", "ext": "vtt"}], "ar": [{"url": "https://www.youtube.com/api/timedtext?key=yttt1&asr_langs=it%2Cfr%2Ces%2Cru%2Cja%2Cnl%2Cen%2Cpt%2Cde%2Cko&signature=E237C71E5F939FE1D1D31A15362DEEBC0CE6BE5C.EFAFDBF16AA6566D3CC31C97604F92E150D4BDE0&v=Go2aLo7ZOlU&sparams=asr_langs%2Ccaps%2Cv%2Cxoaf%2Cxorp%2Cexpire&xorp=True&caps=asr&hl=en&expire=1544701181&xoaf=1&kind=asr&lang=en&tlang=ar&fmt=ttml", "ext": "ttml"}, {"url": "https://www.youtube.com/api/timedtext?key=yttt1&asr_langs=it%2Cfr%2Ces%2Cru%2Cja%2Cnl%2Cen%2Cpt%2Cde%2Cko&signature=E237C71E5F939FE1D1D31A15362DEEBC0CE6BE5C.EFAFDBF16AA6566D3CC31C97604F92E150D4BDE0&v=Go2aLo7ZOlU&sparams=asr_langs%2Ccaps%2Cv%2Cxoaf%2Cxorp%2Cexpire&xorp=True&caps=asr&hl=en&expire=1544701181&xoaf=1&kind=asr&lang=en&tlang=ar&fmt=vtt", "ext": "vtt"}], "hy": [{"url": "https://www.youtube.com/api/timedtext?key=yttt1&asr_langs=it%2Cfr%2Ces%2Cru%2Cja%2Cnl%2Cen%2Cpt%2Cde%2Cko&signature=E237C71E5F939FE1D1D31A15362DEEBC0CE6BE5C.EFAFDBF16AA6566D3CC31C97604F92E150D4BDE0&v=Go2aLo7ZOlU&sparams=asr_langs%2Ccaps%2Cv%2Cxoaf%2Cxorp%2Cexpire&xorp=True&caps=asr&hl=en&expire=1544701181&xoaf=1&kind=asr&lang=en&tlang=hy&fmt=ttml", "ext": "ttml"}, {"url": "https://www.youtube.com/api/timedtext?key=yttt1&asr_langs=it%2Cfr%2Ces%2Cru%2Cja%2Cnl%2Cen%2Cpt%2Cde%2Cko&signature=E237C71E5F939FE1D1D31A15362DEEBC0CE6BE5C.EFAFDBF16AA6566D3CC31C97604F92E150D4BDE0&v=Go2aLo7ZOlU&sparams=asr_langs%2Ccaps%2Cv%2Cxoaf%2Cxorp%2Cexpire&xorp=True&caps=asr&hl=en&expire=1544701181&xoaf=1&kind=asr&lang=en&tlang=hy&fmt=vtt", "ext": "vtt"}], "az": [{"url": "https://www.youtube.com/api/timedtext?key=yttt1&asr_langs=it%2Cfr%2Ces%2Cru%2Cja%2Cnl%2Cen%2Cpt%2Cde%2Cko&signature=E237C71E5F939FE1D1D31A15362DEEBC0CE6BE5C.EFAFDBF16AA6566D3CC31C97604F92E150D4BDE0&v=Go2aLo7ZOlU&sparams=asr_langs%2Ccaps%2Cv%2Cxoaf%2Cxorp%2Cexpire&xorp=True&caps=asr&hl=en&expire=1544701181&xoaf=1&kind=asr&lang=en&tlang=az&fmt=ttml", "ext": "ttml"}, {"url": "https://www.youtube.com/api/timedtext?key=yttt1&asr_langs=it%2Cfr%2Ces%2Cru%2Cja%2Cnl%2Cen%2Cpt%2Cde%2Cko&signature=E237C71E5F939FE1D1D31A15362DEEBC0CE6BE5C.EFAFDBF16AA6566D3CC31C97604F92E150D4BDE0&v=Go2aLo7ZOlU&sparams=asr_langs%2Ccaps%2Cv%2Cxoaf%2Cxorp%2Cexpire&xorp=True&caps=asr&hl=en&expire=1544701181&xoaf=1&kind=asr&lang=en&tlang=az&fmt=vtt", "ext": "vtt"}], "bn": [{"url": "https://www.youtube.com/api/timedtext?key=yttt1&asr_langs=it%2Cfr%2Ces%2Cru%2Cja%2Cnl%2Cen%2Cpt%2Cde%2Cko&signature=E237C71E5F939FE1D1D31A15362DEEBC0CE6BE5C.EFAFDBF16AA6566D3CC31C97604F92E150D4BDE0&v=Go2aLo7ZOlU&sparams=asr_langs%2Ccaps%2Cv%2Cxoaf%2Cxorp%2Cexpire&xorp=True&caps=asr&hl=en&expire=1544701181&xoaf=1&kind=asr&lang=en&tlang=bn&fmt=ttml", "ext": "ttml"}, {"url": "https://www.youtube.com/api/timedtext?key=yttt1&asr_langs=it%2Cfr%2Ces%2Cru%2Cja%2Cnl%2Cen%2Cpt%2Cde%2Cko&signature=E237C71E5F939FE1D1D31A15362DEEBC0CE6BE5C.EFAFDBF16AA6566D3CC31C97604F92E150D4BDE0&v=Go2aLo7ZOlU&sparams=asr_langs%2Ccaps%2Cv%2Cxoaf%2Cxorp%2Cexpire&xorp=True&caps=asr&hl=en&expire=1544701181&xoaf=1&kind=asr&lang=en&tlang=bn&fmt=vtt", "ext": "vtt"}], "eu": [{"url": "https://www.youtube.com/api/timedtext?key=yttt1&asr_langs=it%2Cfr%2Ces%2Cru%2Cja%2Cnl%2Cen%2Cpt%2Cde%2Cko&signature=E237C71E5F939FE1D1D31A15362DEEBC0CE6BE5C.EFAFDBF16AA6566D3CC31C97604F92E150D4BDE0&v=Go2aLo7ZOlU&sparams=asr_langs%2Ccaps%2Cv%2Cxoaf%2Cxorp%2Cexpire&xorp=True&caps=asr&hl=en&expire=1544701181&xoaf=1&kind=asr&lang=en&tlang=eu&fmt=ttml", "ext": "ttml"}, {"url": "https://www.youtube.com/api/timedtext?key=yttt1&asr_langs=it%2Cfr%2Ces%2Cru%2Cja%2Cnl%2Cen%2Cpt%2Cde%2Cko&signature=E237C71E5F939FE1D1D31A15362DEEBC0CE6BE5C.EFAFDBF16AA6566D3CC31C97604F92E150D4BDE0&v=Go2aLo7ZOlU&sparams=asr_langs%2Ccaps%2Cv%2Cxoaf%2Cxorp%2Cexpire&xorp=True&caps=asr&hl=en&expire=1544701181&xoaf=1&kind=asr&lang=en&tlang=eu&fmt=vtt", "ext": "vtt"}], "be": [{"url": "https://www.youtube.com/api/timedtext?key=yttt1&asr_langs=it%2Cfr%2Ces%2Cru%2Cja%2Cnl%2Cen%2Cpt%2Cde%2Cko&signature=E237C71E5F939FE1D1D31A15362DEEBC0CE6BE5C.EFAFDBF16AA6566D3CC31C97604F92E150D4BDE0&v=Go2aLo7ZOlU&sparams=asr_langs%2Ccaps%2Cv%2Cxoaf%2Cxorp%2Cexpire&xorp=True&caps=asr&hl=en&expire=1544701181&xoaf=1&kind=asr&lang=en&tlang=be&fmt=ttml", "ext": "ttml"}, {"url": "https://www.youtube.com/api/timedtext?key=yttt1&asr_langs=it%2Cfr%2Ces%2Cru%2Cja%2Cnl%2Cen%2Cpt%2Cde%2Cko&signature=E237C71E5F939FE1D1D31A15362DEEBC0CE6BE5C.EFAFDBF16AA6566D3CC31C97604F92E150D4BDE0&v=Go2aLo7ZOlU&sparams=asr_langs%2Ccaps%2Cv%2Cxoaf%2Cxorp%2Cexpire&xorp=True&caps=asr&hl=en&expire=1544701181&xoaf=1&kind=asr&lang=en&tlang=be&fmt=vtt", "ext": "vtt"}], "bs": [{"url": "https://www.youtube.com/api/timedtext?key=yttt1&asr_langs=it%2Cfr%2Ces%2Cru%2Cja%2Cnl%2Cen%2Cpt%2Cde%2Cko&signature=E237C71E5F939FE1D1D31A15362DEEBC0CE6BE5C.EFAFDBF16AA6566D3CC31C97604F92E150D4BDE0&v=Go2aLo7ZOlU&sparams=asr_langs%2Ccaps%2Cv%2Cxoaf%2Cxorp%2Cexpire&xorp=True&caps=asr&hl=en&expire=1544701181&xoaf=1&kind=asr&lang=en&tlang=bs&fmt=ttml", "ext": "ttml"}, {"url": "https://www.youtube.com/api/timedtext?key=yttt1&asr_langs=it%2Cfr%2Ces%2Cru%2Cja%2Cnl%2Cen%2Cpt%2Cde%2Cko&signature=E237C71E5F939FE1D1D31A15362DEEBC0CE6BE5C.EFAFDBF16AA6566D3CC31C97604F92E150D4BDE0&v=Go2aLo7ZOlU&sparams=asr_langs%2Ccaps%2Cv%2Cxoaf%2Cxorp%2Cexpire&xorp=True&caps=asr&hl=en&expire=1544701181&xoaf=1&kind=asr&lang=en&tlang=bs&fmt=vtt", "ext": "vtt"}], "bg": [{"url": "https://www.youtube.com/api/timedtext?key=yttt1&asr_langs=it%2Cfr%2Ces%2Cru%2Cja%2Cnl%2Cen%2Cpt%2Cde%2Cko&signature=E237C71E5F939FE1D1D31A15362DEEBC0CE6BE5C.EFAFDBF16AA6566D3CC31C97604F92E150D4BDE0&v=Go2aLo7ZOlU&sparams=asr_langs%2Ccaps%2Cv%2Cxoaf%2Cxorp%2Cexpire&xorp=True&caps=asr&hl=en&expire=1544701181&xoaf=1&kind=asr&lang=en&tlang=bg&fmt=ttml", "ext": "ttml"}, {"url": "https://www.youtube.com/api/timedtext?key=yttt1&asr_langs=it%2Cfr%2Ces%2Cru%2Cja%2Cnl%2Cen%2Cpt%2Cde%2Cko&signature=E237C71E5F939FE1D1D31A15362DEEBC0CE6BE5C.EFAFDBF16AA6566D3CC31C97604F92E150D4BDE0&v=Go2aLo7ZOlU&sparams=asr_langs%2Ccaps%2Cv%2Cxoaf%2Cxorp%2Cexpire&xorp=True&caps=asr&hl=en&expire=1544701181&xoaf=1&kind=asr&lang=en&tlang=bg&fmt=vtt", "ext": "vtt"}], "my": [{"url": "https://www.youtube.com/api/timedtext?key=yttt1&asr_langs=it%2Cfr%2Ces%2Cru%2Cja%2Cnl%2Cen%2Cpt%2Cde%2Cko&signature=E237C71E5F939FE1D1D31A15362DEEBC0CE6BE5C.EFAFDBF16AA6566D3CC31C97604F92E150D4BDE0&v=Go2aLo7ZOlU&sparams=asr_langs%2Ccaps%2Cv%2Cxoaf%2Cxorp%2Cexpire&xorp=True&caps=asr&hl=en&expire=1544701181&xoaf=1&kind=asr&lang=en&tlang=my&fmt=ttml", "ext": "ttml"}, {"url": "https://www.youtube.com/api/timedtext?key=yttt1&asr_langs=it%2Cfr%2Ces%2Cru%2Cja%2Cnl%2Cen%2Cpt%2Cde%2Cko&signature=E237C71E5F939FE1D1D31A15362DEEBC0CE6BE5C.EFAFDBF16AA6566D3CC31C97604F92E150D4BDE0&v=Go2aLo7ZOlU&sparams=asr_langs%2Ccaps%2Cv%2Cxoaf%2Cxorp%2Cexpire&xorp=True&caps=asr&hl=en&expire=1544701181&xoaf=1&kind=asr&lang=en&tlang=my&fmt=vtt", "ext": "vtt"}], "ca": [{"url": "https://www.youtube.com/api/timedtext?key=yttt1&asr_langs=it%2Cfr%2Ces%2Cru%2Cja%2Cnl%2Cen%2Cpt%2Cde%2Cko&signature=E237C71E5F939FE1D1D31A15362DEEBC0CE6BE5C.EFAFDBF16AA6566D3CC31C97604F92E150D4BDE0&v=Go2aLo7ZOlU&sparams=asr_langs%2Ccaps%2Cv%2Cxoaf%2Cxorp%2Cexpire&xorp=True&caps=asr&hl=en&expire=1544701181&xoaf=1&kind=asr&lang=en&tlang=ca&fmt=ttml", "ext": "ttml"}, {"url": "https://www.youtube.com/api/timedtext?key=yttt1&asr_langs=it%2Cfr%2Ces%2Cru%2Cja%2Cnl%2Cen%2Cpt%2Cde%2Cko&signature=E237C71E5F939FE1D1D31A15362DEEBC0CE6BE5C.EFAFDBF16AA6566D3CC31C97604F92E150D4BDE0&v=Go2aLo7ZOlU&sparams=asr_langs%2Ccaps%2Cv%2Cxoaf%2Cxorp%2Cexpire&xorp=True&caps=asr&hl=en&expire=1544701181&xoaf=1&kind=asr&lang=en&tlang=ca&fmt=vtt", "ext": "vtt"}], "ceb": [{"url": "https://www.youtube.com/api/timedtext?key=yttt1&asr_langs=it%2Cfr%2Ces%2Cru%2Cja%2Cnl%2Cen%2Cpt%2Cde%2Cko&signature=E237C71E5F939FE1D1D31A15362DEEBC0CE6BE5C.EFAFDBF16AA6566D3CC31C97604F92E150D4BDE0&v=Go2aLo7ZOlU&sparams=asr_langs%2Ccaps%2Cv%2Cxoaf%2Cxorp%2Cexpire&xorp=True&caps=asr&hl=en&expire=1544701181&xoaf=1&kind=asr&lang=en&tlang=ceb&fmt=ttml", "ext": "ttml"}, {"url": "https://www.youtube.com/api/timedtext?key=yttt1&asr_langs=it%2Cfr%2Ces%2Cru%2Cja%2Cnl%2Cen%2Cpt%2Cde%2Cko&signature=E237C71E5F939FE1D1D31A15362DEEBC0CE6BE5C.EFAFDBF16AA6566D3CC31C97604F92E150D4BDE0&v=Go2aLo7ZOlU&sparams=asr_langs%2Ccaps%2Cv%2Cxoaf%2Cxorp%2Cexpire&xorp=True&caps=asr&hl=en&expire=1544701181&xoaf=1&kind=asr&lang=en&tlang=ceb&fmt=vtt", "ext": "vtt"}], "zh-Hans": [{"url": "https://www.youtube.com/api/timedtext?key=yttt1&asr_langs=it%2Cfr%2Ces%2Cru%2Cja%2Cnl%2Cen%2Cpt%2Cde%2Cko&signature=E237C71E5F939FE1D1D31A15362DEEBC0CE6BE5C.EFAFDBF16AA6566D3CC31C97604F92E150D4BDE0&v=Go2aLo7ZOlU&sparams=asr_langs%2Ccaps%2Cv%2Cxoaf%2Cxorp%2Cexpire&xorp=True&caps=asr&hl=en&expire=1544701181&xoaf=1&kind=asr&lang=en&tlang=zh-Hans&fmt=ttml", "ext": "ttml"}, {"url": "https://www.youtube.com/api/timedtext?key=yttt1&asr_langs=it%2Cfr%2Ces%2Cru%2Cja%2Cnl%2Cen%2Cpt%2Cde%2Cko&signature=E237C71E5F939FE1D1D31A15362DEEBC0CE6BE5C.EFAFDBF16AA6566D3CC31C97604F92E150D4BDE0&v=Go2aLo7ZOlU&sparams=asr_langs%2Ccaps%2Cv%2Cxoaf%2Cxorp%2Cexpire&xorp=True&caps=asr&hl=en&expire=1544701181&xoaf=1&kind=asr&lang=en&tlang=zh-Hans&fmt=vtt", "ext": "vtt"}], "zh-Hant": [{"url": "https://www.youtube.com/api/timedtext?key=yttt1&asr_langs=it%2Cfr%2Ces%2Cru%2Cja%2Cnl%2Cen%2Cpt%2Cde%2Cko&signature=E237C71E5F939FE1D1D31A15362DEEBC0CE6BE5C.EFAFDBF16AA6566D3CC31C97604F92E150D4BDE0&v=Go2aLo7ZOlU&sparams=asr_langs%2Ccaps%2Cv%2Cxoaf%2Cxorp%2Cexpire&xorp=True&caps=asr&hl=en&expire=1544701181&xoaf=1&kind=asr&lang=en&tlang=zh-Hant&fmt=ttml", "ext": "ttml"}, {"url": "https://www.youtube.com/api/timedtext?key=yttt1&asr_langs=it%2Cfr%2Ces%2Cru%2Cja%2Cnl%2Cen%2Cpt%2Cde%2Cko&signature=E237C71E5F939FE1D1D31A15362DEEBC0CE6BE5C.EFAFDBF16AA6566D3CC31C97604F92E150D4BDE0&v=Go2aLo7ZOlU&sparams=asr_langs%2Ccaps%2Cv%2Cxoaf%2Cxorp%2Cexpire&xorp=True&caps=asr&hl=en&expire=1544701181&xoaf=1&kind=asr&lang=en&tlang=zh-Hant&fmt=vtt", "ext": "vtt"}], "co": [{"url": "https://www.youtube.com/api/timedtext?key=yttt1&asr_langs=it%2Cfr%2Ces%2Cru%2Cja%2Cnl%2Cen%2Cpt%2Cde%2Cko&signature=E237C71E5F939FE1D1D31A15362DEEBC0CE6BE5C.EFAFDBF16AA6566D3CC31C97604F92E150D4BDE0&v=Go2aLo7ZOlU&sparams=asr_langs%2Ccaps%2Cv%2Cxoaf%2Cxorp%2Cexpire&xorp=True&caps=asr&hl=en&expire=1544701181&xoaf=1&kind=asr&lang=en&tlang=co&fmt=ttml", "ext": "ttml"}, {"url": "https://www.youtube.com/api/timedtext?key=yttt1&asr_langs=it%2Cfr%2Ces%2Cru%2Cja%2Cnl%2Cen%2Cpt%2Cde%2Cko&signature=E237C71E5F939FE1D1D31A15362DEEBC0CE6BE5C.EFAFDBF16AA6566D3CC31C97604F92E150D4BDE0&v=Go2aLo7ZOlU&sparams=asr_langs%2Ccaps%2Cv%2Cxoaf%2Cxorp%2Cexpire&xorp=True&caps=asr&hl=en&expire=1544701181&xoaf=1&kind=asr&lang=en&tlang=co&fmt=vtt", "ext": "vtt"}], "hr": [{"url": "https://www.youtube.com/api/timedtext?key=yttt1&asr_langs=it%2Cfr%2Ces%2Cru%2Cja%2Cnl%2Cen%2Cpt%2Cde%2Cko&signature=E237C71E5F939FE1D1D31A15362DEEBC0CE6BE5C.EFAFDBF16AA6566D3CC31C97604F92E150D4BDE0&v=Go2aLo7ZOlU&sparams=asr_langs%2Ccaps%2Cv%2Cxoaf%2Cxorp%2Cexpire&xorp=True&caps=asr&hl=en&expire=1544701181&xoaf=1&kind=asr&lang=en&tlang=hr&fmt=ttml", "ext": "ttml"}, {"url": "https://www.youtube.com/api/timedtext?key=yttt1&asr_langs=it%2Cfr%2Ces%2Cru%2Cja%2Cnl%2Cen%2Cpt%2Cde%2Cko&signature=E237C71E5F939FE1D1D31A15362DEEBC0CE6BE5C.EFAFDBF16AA6566D3CC31C97604F92E150D4BDE0&v=Go2aLo7ZOlU&sparams=asr_langs%2Ccaps%2Cv%2Cxoaf%2Cxorp%2Cexpire&xorp=True&caps=asr&hl=en&expire=1544701181&xoaf=1&kind=asr&lang=en&tlang=hr&fmt=vtt", "ext": "vtt"}], "cs": [{"url": "https://www.youtube.com/api/timedtext?key=yttt1&asr_langs=it%2Cfr%2Ces%2Cru%2Cja%2Cnl%2Cen%2Cpt%2Cde%2Cko&signature=E237C71E5F939FE1D1D31A15362DEEBC0CE6BE5C.EFAFDBF16AA6566D3CC31C97604F92E150D4BDE0&v=Go2aLo7ZOlU&sparams=asr_langs%2Ccaps%2Cv%2Cxoaf%2Cxorp%2Cexpire&xorp=True&caps=asr&hl=en&expire=1544701181&xoaf=1&kind=asr&lang=en&tlang=cs&fmt=ttml", "ext": "ttml"}, {"url": "https://www.youtube.com/api/timedtext?key=yttt1&asr_langs=it%2Cfr%2Ces%2Cru%2Cja%2Cnl%2Cen%2Cpt%2Cde%2Cko&signature=E237C71E5F939FE1D1D31A15362DEEBC0CE6BE5C.EFAFDBF16AA6566D3CC31C97604F92E150D4BDE0&v=Go2aLo7ZOlU&sparams=asr_langs%2Ccaps%2Cv%2Cxoaf%2Cxorp%2Cexpire&xorp=True&caps=asr&hl=en&expire=1544701181&xoaf=1&kind=asr&lang=en&tlang=cs&fmt=vtt", "ext": "vtt"}], "da": [{"url": "https://www.youtube.com/api/timedtext?key=yttt1&asr_langs=it%2Cfr%2Ces%2Cru%2Cja%2Cnl%2Cen%2Cpt%2Cde%2Cko&signature=E237C71E5F939FE1D1D31A15362DEEBC0CE6BE5C.EFAFDBF16AA6566D3CC31C97604F92E150D4BDE0&v=Go2aLo7ZOlU&sparams=asr_langs%2Ccaps%2Cv%2Cxoaf%2Cxorp%2Cexpire&xorp=True&caps=asr&hl=en&expire=1544701181&xoaf=1&kind=asr&lang=en&tlang=da&fmt=ttml", "ext": "ttml"}, {"url": "https://www.youtube.com/api/timedtext?key=yttt1&asr_langs=it%2Cfr%2Ces%2Cru%2Cja%2Cnl%2Cen%2Cpt%2Cde%2Cko&signature=E237C71E5F939FE1D1D31A15362DEEBC0CE6BE5C.EFAFDBF16AA6566D3CC31C97604F92E150D4BDE0&v=Go2aLo7ZOlU&sparams=asr_langs%2Ccaps%2Cv%2Cxoaf%2Cxorp%2Cexpire&xorp=True&caps=asr&hl=en&expire=1544701181&xoaf=1&kind=asr&lang=en&tlang=da&fmt=vtt", "ext": "vtt"}], "nl": [{"url": "https://www.youtube.com/api/timedtext?key=yttt1&asr_langs=it%2Cfr%2Ces%2Cru%2Cja%2Cnl%2Cen%2Cpt%2Cde%2Cko&signature=E237C71E5F939FE1D1D31A15362DEEBC0CE6BE5C.EFAFDBF16AA6566D3CC31C97604F92E150D4BDE0&v=Go2aLo7ZOlU&sparams=asr_langs%2Ccaps%2Cv%2Cxoaf%2Cxorp%2Cexpire&xorp=True&caps=asr&hl=en&expire=1544701181&xoaf=1&kind=asr&lang=en&tlang=nl&fmt=ttml", "ext": "ttml"}, {"url": "https://www.youtube.com/api/timedtext?key=yttt1&asr_langs=it%2Cfr%2Ces%2Cru%2Cja%2Cnl%2Cen%2Cpt%2Cde%2Cko&signature=E237C71E5F939FE1D1D31A15362DEEBC0CE6BE5C.EFAFDBF16AA6566D3CC31C97604F92E150D4BDE0&v=Go2aLo7ZOlU&sparams=asr_langs%2Ccaps%2Cv%2Cxoaf%2Cxorp%2Cexpire&xorp=True&caps=asr&hl=en&expire=1544701181&xoaf=1&kind=asr&lang=en&tlang=nl&fmt=vtt", "ext": "vtt"}], "en": [{"url": "https://www.youtube.com/api/timedtext?key=yttt1&asr_langs=it%2Cfr%2Ces%2Cru%2Cja%2Cnl%2Cen%2Cpt%2Cde%2Cko&signature=E237C71E5F939FE1D1D31A15362DEEBC0CE6BE5C.EFAFDBF16AA6566D3CC31C97604F92E150D4BDE0&v=Go2aLo7ZOlU&sparams=asr_langs%2Ccaps%2Cv%2Cxoaf%2Cxorp%2Cexpire&xorp=True&caps=asr&hl=en&expire=1544701181&xoaf=1&kind=asr&lang=en&tlang=en&fmt=ttml", "ext": "ttml"}, {"url": "https://www.youtube.com/api/timedtext?key=yttt1&asr_langs=it%2Cfr%2Ces%2Cru%2Cja%2Cnl%2Cen%2Cpt%2Cde%2Cko&signature=E237C71E5F939FE1D1D31A15362DEEBC0CE6BE5C.EFAFDBF16AA6566D3CC31C97604F92E150D4BDE0&v=Go2aLo7ZOlU&sparams=asr_langs%2Ccaps%2Cv%2Cxoaf%2Cxorp%2Cexpire&xorp=True&caps=asr&hl=en&expire=1544701181&xoaf=1&kind=asr&lang=en&tlang=en&fmt=vtt", "ext": "vtt"}], "eo": [{"url": "https://www.youtube.com/api/timedtext?key=yttt1&asr_langs=it%2Cfr%2Ces%2Cru%2Cja%2Cnl%2Cen%2Cpt%2Cde%2Cko&signature=E237C71E5F939FE1D1D31A15362DEEBC0CE6BE5C.EFAFDBF16AA6566D3CC31C97604F92E150D4BDE0&v=Go2aLo7ZOlU&sparams=asr_langs%2Ccaps%2Cv%2Cxoaf%2Cxorp%2Cexpire&xorp=True&caps=asr&hl=en&expire=1544701181&xoaf=1&kind=asr&lang=en&tlang=eo&fmt=ttml", "ext": "ttml"}, {"url": "https://www.youtube.com/api/timedtext?key=yttt1&asr_langs=it%2Cfr%2Ces%2Cru%2Cja%2Cnl%2Cen%2Cpt%2Cde%2Cko&signature=E237C71E5F939FE1D1D31A15362DEEBC0CE6BE5C.EFAFDBF16AA6566D3CC31C97604F92E150D4BDE0&v=Go2aLo7ZOlU&sparams=asr_langs%2Ccaps%2Cv%2Cxoaf%2Cxorp%2Cexpire&xorp=True&caps=asr&hl=en&expire=1544701181&xoaf=1&kind=asr&lang=en&tlang=eo&fmt=vtt", "ext": "vtt"}], "et": [{"url": "https://www.youtube.com/api/timedtext?key=yttt1&asr_langs=it%2Cfr%2Ces%2Cru%2Cja%2Cnl%2Cen%2Cpt%2Cde%2Cko&signature=E237C71E5F939FE1D1D31A15362DEEBC0CE6BE5C.EFAFDBF16AA6566D3CC31C97604F92E150D4BDE0&v=Go2aLo7ZOlU&sparams=asr_langs%2Ccaps%2Cv%2Cxoaf%2Cxorp%2Cexpire&xorp=True&caps=asr&hl=en&expire=1544701181&xoaf=1&kind=asr&lang=en&tlang=et&fmt=ttml", "ext": "ttml"}, {"url": "https://www.youtube.com/api/timedtext?key=yttt1&asr_langs=it%2Cfr%2Ces%2Cru%2Cja%2Cnl%2Cen%2Cpt%2Cde%2Cko&signature=E237C71E5F939FE1D1D31A15362DEEBC0CE6BE5C.EFAFDBF16AA6566D3CC31C97604F92E150D4BDE0&v=Go2aLo7ZOlU&sparams=asr_langs%2Ccaps%2Cv%2Cxoaf%2Cxorp%2Cexpire&xorp=True&caps=asr&hl=en&expire=1544701181&xoaf=1&kind=asr&lang=en&tlang=et&fmt=vtt", "ext": "vtt"}], "fil": [{"url": "https://www.youtube.com/api/timedtext?key=yttt1&asr_langs=it%2Cfr%2Ces%2Cru%2Cja%2Cnl%2Cen%2Cpt%2Cde%2Cko&signature=E237C71E5F939FE1D1D31A15362DEEBC0CE6BE5C.EFAFDBF16AA6566D3CC31C97604F92E150D4BDE0&v=Go2aLo7ZOlU&sparams=asr_langs%2Ccaps%2Cv%2Cxoaf%2Cxorp%2Cexpire&xorp=True&caps=asr&hl=en&expire=1544701181&xoaf=1&kind=asr&lang=en&tlang=fil&fmt=ttml", "ext": "ttml"}, {"url": "https://www.youtube.com/api/timedtext?key=yttt1&asr_langs=it%2Cfr%2Ces%2Cru%2Cja%2Cnl%2Cen%2Cpt%2Cde%2Cko&signature=E237C71E5F939FE1D1D31A15362DEEBC0CE6BE5C.EFAFDBF16AA6566D3CC31C97604F92E150D4BDE0&v=Go2aLo7ZOlU&sparams=asr_langs%2Ccaps%2Cv%2Cxoaf%2Cxorp%2Cexpire&xorp=True&caps=asr&hl=en&expire=1544701181&xoaf=1&kind=asr&lang=en&tlang=fil&fmt=vtt", "ext": "vtt"}], "fi": [{"url": "https://www.youtube.com/api/timedtext?key=yttt1&asr_langs=it%2Cfr%2Ces%2Cru%2Cja%2Cnl%2Cen%2Cpt%2Cde%2Cko&signature=E237C71E5F939FE1D1D31A15362DEEBC0CE6BE5C.EFAFDBF16AA6566D3CC31C97604F92E150D4BDE0&v=Go2aLo7ZOlU&sparams=asr_langs%2Ccaps%2Cv%2Cxoaf%2Cxorp%2Cexpire&xorp=True&caps=asr&hl=en&expire=1544701181&xoaf=1&kind=asr&lang=en&tlang=fi&fmt=ttml", "ext": "ttml"}, {"url": "https://www.youtube.com/api/timedtext?key=yttt1&asr_langs=it%2Cfr%2Ces%2Cru%2Cja%2Cnl%2Cen%2Cpt%2Cde%2Cko&signature=E237C71E5F939FE1D1D31A15362DEEBC0CE6BE5C.EFAFDBF16AA6566D3CC31C97604F92E150D4BDE0&v=Go2aLo7ZOlU&sparams=asr_langs%2Ccaps%2Cv%2Cxoaf%2Cxorp%2Cexpire&xorp=True&caps=asr&hl=en&expire=1544701181&xoaf=1&kind=asr&lang=en&tlang=fi&fmt=vtt", "ext": "vtt"}], "fr": [{"url": "https://www.youtube.com/api/timedtext?key=yttt1&asr_langs=it%2Cfr%2Ces%2Cru%2Cja%2Cnl%2Cen%2Cpt%2Cde%2Cko&signature=E237C71E5F939FE1D1D31A15362DEEBC0CE6BE5C.EFAFDBF16AA6566D3CC31C97604F92E150D4BDE0&v=Go2aLo7ZOlU&sparams=asr_langs%2Ccaps%2Cv%2Cxoaf%2Cxorp%2Cexpire&xorp=True&caps=asr&hl=en&expire=1544701181&xoaf=1&kind=asr&lang=en&tlang=fr&fmt=ttml", "ext": "ttml"}, {"url": "https://www.youtube.com/api/timedtext?key=yttt1&asr_langs=it%2Cfr%2Ces%2Cru%2Cja%2Cnl%2Cen%2Cpt%2Cde%2Cko&signature=E237C71E5F939FE1D1D31A15362DEEBC0CE6BE5C.EFAFDBF16AA6566D3CC31C97604F92E150D4BDE0&v=Go2aLo7ZOlU&sparams=asr_langs%2Ccaps%2Cv%2Cxoaf%2Cxorp%2Cexpire&xorp=True&caps=asr&hl=en&expire=1544701181&xoaf=1&kind=asr&lang=en&tlang=fr&fmt=vtt", "ext": "vtt"}], "gl": [{"url": "https://www.youtube.com/api/timedtext?key=yttt1&asr_langs=it%2Cfr%2Ces%2Cru%2Cja%2Cnl%2Cen%2Cpt%2Cde%2Cko&signature=E237C71E5F939FE1D1D31A15362DEEBC0CE6BE5C.EFAFDBF16AA6566D3CC31C97604F92E150D4BDE0&v=Go2aLo7ZOlU&sparams=asr_langs%2Ccaps%2Cv%2Cxoaf%2Cxorp%2Cexpire&xorp=True&caps=asr&hl=en&expire=1544701181&xoaf=1&kind=asr&lang=en&tlang=gl&fmt=ttml", "ext": "ttml"}, {"url": "https://www.youtube.com/api/timedtext?key=yttt1&asr_langs=it%2Cfr%2Ces%2Cru%2Cja%2Cnl%2Cen%2Cpt%2Cde%2Cko&signature=E237C71E5F939FE1D1D31A15362DEEBC0CE6BE5C.EFAFDBF16AA6566D3CC31C97604F92E150D4BDE0&v=Go2aLo7ZOlU&sparams=asr_langs%2Ccaps%2Cv%2Cxoaf%2Cxorp%2Cexpire&xorp=True&caps=asr&hl=en&expire=1544701181&xoaf=1&kind=asr&lang=en&tlang=gl&fmt=vtt", "ext": "vtt"}], "ka": [{"url": "https://www.youtube.com/api/timedtext?key=yttt1&asr_langs=it%2Cfr%2Ces%2Cru%2Cja%2Cnl%2Cen%2Cpt%2Cde%2Cko&signature=E237C71E5F939FE1D1D31A15362DEEBC0CE6BE5C.EFAFDBF16AA6566D3CC31C97604F92E150D4BDE0&v=Go2aLo7ZOlU&sparams=asr_langs%2Ccaps%2Cv%2Cxoaf%2Cxorp%2Cexpire&xorp=True&caps=asr&hl=en&expire=1544701181&xoaf=1&kind=asr&lang=en&tlang=ka&fmt=ttml", "ext": "ttml"}, {"url": "https://www.youtube.com/api/timedtext?key=yttt1&asr_langs=it%2Cfr%2Ces%2Cru%2Cja%2Cnl%2Cen%2Cpt%2Cde%2Cko&signature=E237C71E5F939FE1D1D31A15362DEEBC0CE6BE5C.EFAFDBF16AA6566D3CC31C97604F92E150D4BDE0&v=Go2aLo7ZOlU&sparams=asr_langs%2Ccaps%2Cv%2Cxoaf%2Cxorp%2Cexpire&xorp=True&caps=asr&hl=en&expire=1544701181&xoaf=1&kind=asr&lang=en&tlang=ka&fmt=vtt", "ext": "vtt"}], "de": [{"url": "https://www.youtube.com/api/timedtext?key=yttt1&asr_langs=it%2Cfr%2Ces%2Cru%2Cja%2Cnl%2Cen%2Cpt%2Cde%2Cko&signature=E237C71E5F939FE1D1D31A15362DEEBC0CE6BE5C.EFAFDBF16AA6566D3CC31C97604F92E150D4BDE0&v=Go2aLo7ZOlU&sparams=asr_langs%2Ccaps%2Cv%2Cxoaf%2Cxorp%2Cexpire&xorp=True&caps=asr&hl=en&expire=1544701181&xoaf=1&kind=asr&lang=en&tlang=de&fmt=ttml", "ext": "ttml"}, {"url": "https://www.youtube.com/api/timedtext?key=yttt1&asr_langs=it%2Cfr%2Ces%2Cru%2Cja%2Cnl%2Cen%2Cpt%2Cde%2Cko&signature=E237C71E5F939FE1D1D31A15362DEEBC0CE6BE5C.EFAFDBF16AA6566D3CC31C97604F92E150D4BDE0&v=Go2aLo7ZOlU&sparams=asr_langs%2Ccaps%2Cv%2Cxoaf%2Cxorp%2Cexpire&xorp=True&caps=asr&hl=en&expire=1544701181&xoaf=1&kind=asr&lang=en&tlang=de&fmt=vtt", "ext": "vtt"}], "el": [{"url": "https://www.youtube.com/api/timedtext?key=yttt1&asr_langs=it%2Cfr%2Ces%2Cru%2Cja%2Cnl%2Cen%2Cpt%2Cde%2Cko&signature=E237C71E5F939FE1D1D31A15362DEEBC0CE6BE5C.EFAFDBF16AA6566D3CC31C97604F92E150D4BDE0&v=Go2aLo7ZOlU&sparams=asr_langs%2Ccaps%2Cv%2Cxoaf%2Cxorp%2Cexpire&xorp=True&caps=asr&hl=en&expire=1544701181&xoaf=1&kind=asr&lang=en&tlang=el&fmt=ttml", "ext": "ttml"}, {"url": "https://www.youtube.com/api/timedtext?key=yttt1&asr_langs=it%2Cfr%2Ces%2Cru%2Cja%2Cnl%2Cen%2Cpt%2Cde%2Cko&signature=E237C71E5F939FE1D1D31A15362DEEBC0CE6BE5C.EFAFDBF16AA6566D3CC31C97604F92E150D4BDE0&v=Go2aLo7ZOlU&sparams=asr_langs%2Ccaps%2Cv%2Cxoaf%2Cxorp%2Cexpire&xorp=True&caps=asr&hl=en&expire=1544701181&xoaf=1&kind=asr&lang=en&tlang=el&fmt=vtt", "ext": "vtt"}], "gu": [{"url": "https://www.youtube.com/api/timedtext?key=yttt1&asr_langs=it%2Cfr%2Ces%2Cru%2Cja%2Cnl%2Cen%2Cpt%2Cde%2Cko&signature=E237C71E5F939FE1D1D31A15362DEEBC0CE6BE5C.EFAFDBF16AA6566D3CC31C97604F92E150D4BDE0&v=Go2aLo7ZOlU&sparams=asr_langs%2Ccaps%2Cv%2Cxoaf%2Cxorp%2Cexpire&xorp=True&caps=asr&hl=en&expire=1544701181&xoaf=1&kind=asr&lang=en&tlang=gu&fmt=ttml", "ext": "ttml"}, {"url": "https://www.youtube.com/api/timedtext?key=yttt1&asr_langs=it%2Cfr%2Ces%2Cru%2Cja%2Cnl%2Cen%2Cpt%2Cde%2Cko&signature=E237C71E5F939FE1D1D31A15362DEEBC0CE6BE5C.EFAFDBF16AA6566D3CC31C97604F92E150D4BDE0&v=Go2aLo7ZOlU&sparams=asr_langs%2Ccaps%2Cv%2Cxoaf%2Cxorp%2Cexpire&xorp=True&caps=asr&hl=en&expire=1544701181&xoaf=1&kind=asr&lang=en&tlang=gu&fmt=vtt", "ext": "vtt"}], "ht": [{"url": "https://www.youtube.com/api/timedtext?key=yttt1&asr_langs=it%2Cfr%2Ces%2Cru%2Cja%2Cnl%2Cen%2Cpt%2Cde%2Cko&signature=E237C71E5F939FE1D1D31A15362DEEBC0CE6BE5C.EFAFDBF16AA6566D3CC31C97604F92E150D4BDE0&v=Go2aLo7ZOlU&sparams=asr_langs%2Ccaps%2Cv%2Cxoaf%2Cxorp%2Cexpire&xorp=True&caps=asr&hl=en&expire=1544701181&xoaf=1&kind=asr&lang=en&tlang=ht&fmt=ttml", "ext": "ttml"}, {"url": "https://www.youtube.com/api/timedtext?key=yttt1&asr_langs=it%2Cfr%2Ces%2Cru%2Cja%2Cnl%2Cen%2Cpt%2Cde%2Cko&signature=E237C71E5F939FE1D1D31A15362DEEBC0CE6BE5C.EFAFDBF16AA6566D3CC31C97604F92E150D4BDE0&v=Go2aLo7ZOlU&sparams=asr_langs%2Ccaps%2Cv%2Cxoaf%2Cxorp%2Cexpire&xorp=True&caps=asr&hl=en&expire=1544701181&xoaf=1&kind=asr&lang=en&tlang=ht&fmt=vtt", "ext": "vtt"}], "ha": [{"url": "https://www.youtube.com/api/timedtext?key=yttt1&asr_langs=it%2Cfr%2Ces%2Cru%2Cja%2Cnl%2Cen%2Cpt%2Cde%2Cko&signature=E237C71E5F939FE1D1D31A15362DEEBC0CE6BE5C.EFAFDBF16AA6566D3CC31C97604F92E150D4BDE0&v=Go2aLo7ZOlU&sparams=asr_langs%2Ccaps%2Cv%2Cxoaf%2Cxorp%2Cexpire&xorp=True&caps=asr&hl=en&expire=1544701181&xoaf=1&kind=asr&lang=en&tlang=ha&fmt=ttml", "ext": "ttml"}, {"url": "https://www.youtube.com/api/timedtext?key=yttt1&asr_langs=it%2Cfr%2Ces%2Cru%2Cja%2Cnl%2Cen%2Cpt%2Cde%2Cko&signature=E237C71E5F939FE1D1D31A15362DEEBC0CE6BE5C.EFAFDBF16AA6566D3CC31C97604F92E150D4BDE0&v=Go2aLo7ZOlU&sparams=asr_langs%2Ccaps%2Cv%2Cxoaf%2Cxorp%2Cexpire&xorp=True&caps=asr&hl=en&expire=1544701181&xoaf=1&kind=asr&lang=en&tlang=ha&fmt=vtt", "ext": "vtt"}], "haw": [{"url": "https://www.youtube.com/api/timedtext?key=yttt1&asr_langs=it%2Cfr%2Ces%2Cru%2Cja%2Cnl%2Cen%2Cpt%2Cde%2Cko&signature=E237C71E5F939FE1D1D31A15362DEEBC0CE6BE5C.EFAFDBF16AA6566D3CC31C97604F92E150D4BDE0&v=Go2aLo7ZOlU&sparams=asr_langs%2Ccaps%2Cv%2Cxoaf%2Cxorp%2Cexpire&xorp=True&caps=asr&hl=en&expire=1544701181&xoaf=1&kind=asr&lang=en&tlang=haw&fmt=ttml", "ext": "ttml"}, {"url": "https://www.youtube.com/api/timedtext?key=yttt1&asr_langs=it%2Cfr%2Ces%2Cru%2Cja%2Cnl%2Cen%2Cpt%2Cde%2Cko&signature=E237C71E5F939FE1D1D31A15362DEEBC0CE6BE5C.EFAFDBF16AA6566D3CC31C97604F92E150D4BDE0&v=Go2aLo7ZOlU&sparams=asr_langs%2Ccaps%2Cv%2Cxoaf%2Cxorp%2Cexpire&xorp=True&caps=asr&hl=en&expire=1544701181&xoaf=1&kind=asr&lang=en&tlang=haw&fmt=vtt", "ext": "vtt"}], "iw": [{"url": "https://www.youtube.com/api/timedtext?key=yttt1&asr_langs=it%2Cfr%2Ces%2Cru%2Cja%2Cnl%2Cen%2Cpt%2Cde%2Cko&signature=E237C71E5F939FE1D1D31A15362DEEBC0CE6BE5C.EFAFDBF16AA6566D3CC31C97604F92E150D4BDE0&v=Go2aLo7ZOlU&sparams=asr_langs%2Ccaps%2Cv%2Cxoaf%2Cxorp%2Cexpire&xorp=True&caps=asr&hl=en&expire=1544701181&xoaf=1&kind=asr&lang=en&tlang=iw&fmt=ttml", "ext": "ttml"}, {"url": "https://www.youtube.com/api/timedtext?key=yttt1&asr_langs=it%2Cfr%2Ces%2Cru%2Cja%2Cnl%2Cen%2Cpt%2Cde%2Cko&signature=E237C71E5F939FE1D1D31A15362DEEBC0CE6BE5C.EFAFDBF16AA6566D3CC31C97604F92E150D4BDE0&v=Go2aLo7ZOlU&sparams=asr_langs%2Ccaps%2Cv%2Cxoaf%2Cxorp%2Cexpire&xorp=True&caps=asr&hl=en&expire=1544701181&xoaf=1&kind=asr&lang=en&tlang=iw&fmt=vtt", "ext": "vtt"}], "hi": [{"url": "https://www.youtube.com/api/timedtext?key=yttt1&asr_langs=it%2Cfr%2Ces%2Cru%2Cja%2Cnl%2Cen%2Cpt%2Cde%2Cko&signature=E237C71E5F939FE1D1D31A15362DEEBC0CE6BE5C.EFAFDBF16AA6566D3CC31C97604F92E150D4BDE0&v=Go2aLo7ZOlU&sparams=asr_langs%2Ccaps%2Cv%2Cxoaf%2Cxorp%2Cexpire&xorp=True&caps=asr&hl=en&expire=1544701181&xoaf=1&kind=asr&lang=en&tlang=hi&fmt=ttml", "ext": "ttml"}, {"url": "https://www.youtube.com/api/timedtext?key=yttt1&asr_langs=it%2Cfr%2Ces%2Cru%2Cja%2Cnl%2Cen%2Cpt%2Cde%2Cko&signature=E237C71E5F939FE1D1D31A15362DEEBC0CE6BE5C.EFAFDBF16AA6566D3CC31C97604F92E150D4BDE0&v=Go2aLo7ZOlU&sparams=asr_langs%2Ccaps%2Cv%2Cxoaf%2Cxorp%2Cexpire&xorp=True&caps=asr&hl=en&expire=1544701181&xoaf=1&kind=asr&lang=en&tlang=hi&fmt=vtt", "ext": "vtt"}], "hmn": [{"url": "https://www.youtube.com/api/timedtext?key=yttt1&asr_langs=it%2Cfr%2Ces%2Cru%2Cja%2Cnl%2Cen%2Cpt%2Cde%2Cko&signature=E237C71E5F939FE1D1D31A15362DEEBC0CE6BE5C.EFAFDBF16AA6566D3CC31C97604F92E150D4BDE0&v=Go2aLo7ZOlU&sparams=asr_langs%2Ccaps%2Cv%2Cxoaf%2Cxorp%2Cexpire&xorp=True&caps=asr&hl=en&expire=1544701181&xoaf=1&kind=asr&lang=en&tlang=hmn&fmt=ttml", "ext": "ttml"}, {"url": "https://www.youtube.com/api/timedtext?key=yttt1&asr_langs=it%2Cfr%2Ces%2Cru%2Cja%2Cnl%2Cen%2Cpt%2Cde%2Cko&signature=E237C71E5F939FE1D1D31A15362DEEBC0CE6BE5C.EFAFDBF16AA6566D3CC31C97604F92E150D4BDE0&v=Go2aLo7ZOlU&sparams=asr_langs%2Ccaps%2Cv%2Cxoaf%2Cxorp%2Cexpire&xorp=True&caps=asr&hl=en&expire=1544701181&xoaf=1&kind=asr&lang=en&tlang=hmn&fmt=vtt", "ext": "vtt"}], "hu": [{"url": "https://www.youtube.com/api/timedtext?key=yttt1&asr_langs=it%2Cfr%2Ces%2Cru%2Cja%2Cnl%2Cen%2Cpt%2Cde%2Cko&signature=E237C71E5F939FE1D1D31A15362DEEBC0CE6BE5C.EFAFDBF16AA6566D3CC31C97604F92E150D4BDE0&v=Go2aLo7ZOlU&sparams=asr_langs%2Ccaps%2Cv%2Cxoaf%2Cxorp%2Cexpire&xorp=True&caps=asr&hl=en&expire=1544701181&xoaf=1&kind=asr&lang=en&tlang=hu&fmt=ttml", "ext": "ttml"}, {"url": "https://www.youtube.com/api/timedtext?key=yttt1&asr_langs=it%2Cfr%2Ces%2Cru%2Cja%2Cnl%2Cen%2Cpt%2Cde%2Cko&signature=E237C71E5F939FE1D1D31A15362DEEBC0CE6BE5C.EFAFDBF16AA6566D3CC31C97604F92E150D4BDE0&v=Go2aLo7ZOlU&sparams=asr_langs%2Ccaps%2Cv%2Cxoaf%2Cxorp%2Cexpire&xorp=True&caps=asr&hl=en&expire=1544701181&xoaf=1&kind=asr&lang=en&tlang=hu&fmt=vtt", "ext": "vtt"}], "is": [{"url": "https://www.youtube.com/api/timedtext?key=yttt1&asr_langs=it%2Cfr%2Ces%2Cru%2Cja%2Cnl%2Cen%2Cpt%2Cde%2Cko&signature=E237C71E5F939FE1D1D31A15362DEEBC0CE6BE5C.EFAFDBF16AA6566D3CC31C97604F92E150D4BDE0&v=Go2aLo7ZOlU&sparams=asr_langs%2Ccaps%2Cv%2Cxoaf%2Cxorp%2Cexpire&xorp=True&caps=asr&hl=en&expire=1544701181&xoaf=1&kind=asr&lang=en&tlang=is&fmt=ttml", "ext": "ttml"}, {"url": "https://www.youtube.com/api/timedtext?key=yttt1&asr_langs=it%2Cfr%2Ces%2Cru%2Cja%2Cnl%2Cen%2Cpt%2Cde%2Cko&signature=E237C71E5F939FE1D1D31A15362DEEBC0CE6BE5C.EFAFDBF16AA6566D3CC31C97604F92E150D4BDE0&v=Go2aLo7ZOlU&sparams=asr_langs%2Ccaps%2Cv%2Cxoaf%2Cxorp%2Cexpire&xorp=True&caps=asr&hl=en&expire=1544701181&xoaf=1&kind=asr&lang=en&tlang=is&fmt=vtt", "ext": "vtt"}], "ig": [{"url": "https://www.youtube.com/api/timedtext?key=yttt1&asr_langs=it%2Cfr%2Ces%2Cru%2Cja%2Cnl%2Cen%2Cpt%2Cde%2Cko&signature=E237C71E5F939FE1D1D31A15362DEEBC0CE6BE5C.EFAFDBF16AA6566D3CC31C97604F92E150D4BDE0&v=Go2aLo7ZOlU&sparams=asr_langs%2Ccaps%2Cv%2Cxoaf%2Cxorp%2Cexpire&xorp=True&caps=asr&hl=en&expire=1544701181&xoaf=1&kind=asr&lang=en&tlang=ig&fmt=ttml", "ext": "ttml"}, {"url": "https://www.youtube.com/api/timedtext?key=yttt1&asr_langs=it%2Cfr%2Ces%2Cru%2Cja%2Cnl%2Cen%2Cpt%2Cde%2Cko&signature=E237C71E5F939FE1D1D31A15362DEEBC0CE6BE5C.EFAFDBF16AA6566D3CC31C97604F92E150D4BDE0&v=Go2aLo7ZOlU&sparams=asr_langs%2Ccaps%2Cv%2Cxoaf%2Cxorp%2Cexpire&xorp=True&caps=asr&hl=en&expire=1544701181&xoaf=1&kind=asr&lang=en&tlang=ig&fmt=vtt", "ext": "vtt"}], "id": [{"url": "https://www.youtube.com/api/timedtext?key=yttt1&asr_langs=it%2Cfr%2Ces%2Cru%2Cja%2Cnl%2Cen%2Cpt%2Cde%2Cko&signature=E237C71E5F939FE1D1D31A15362DEEBC0CE6BE5C.EFAFDBF16AA6566D3CC31C97604F92E150D4BDE0&v=Go2aLo7ZOlU&sparams=asr_langs%2Ccaps%2Cv%2Cxoaf%2Cxorp%2Cexpire&xorp=True&caps=asr&hl=en&expire=1544701181&xoaf=1&kind=asr&lang=en&tlang=id&fmt=ttml", "ext": "ttml"}, {"url": "https://www.youtube.com/api/timedtext?key=yttt1&asr_langs=it%2Cfr%2Ces%2Cru%2Cja%2Cnl%2Cen%2Cpt%2Cde%2Cko&signature=E237C71E5F939FE1D1D31A15362DEEBC0CE6BE5C.EFAFDBF16AA6566D3CC31C97604F92E150D4BDE0&v=Go2aLo7ZOlU&sparams=asr_langs%2Ccaps%2Cv%2Cxoaf%2Cxorp%2Cexpire&xorp=True&caps=asr&hl=en&expire=1544701181&xoaf=1&kind=asr&lang=en&tlang=id&fmt=vtt", "ext": "vtt"}], "ga": [{"url": "https://www.youtube.com/api/timedtext?key=yttt1&asr_langs=it%2Cfr%2Ces%2Cru%2Cja%2Cnl%2Cen%2Cpt%2Cde%2Cko&signature=E237C71E5F939FE1D1D31A15362DEEBC0CE6BE5C.EFAFDBF16AA6566D3CC31C97604F92E150D4BDE0&v=Go2aLo7ZOlU&sparams=asr_langs%2Ccaps%2Cv%2Cxoaf%2Cxorp%2Cexpire&xorp=True&caps=asr&hl=en&expire=1544701181&xoaf=1&kind=asr&lang=en&tlang=ga&fmt=ttml", "ext": "ttml"}, {"url": "https://www.youtube.com/api/timedtext?key=yttt1&asr_langs=it%2Cfr%2Ces%2Cru%2Cja%2Cnl%2Cen%2Cpt%2Cde%2Cko&signature=E237C71E5F939FE1D1D31A15362DEEBC0CE6BE5C.EFAFDBF16AA6566D3CC31C97604F92E150D4BDE0&v=Go2aLo7ZOlU&sparams=asr_langs%2Ccaps%2Cv%2Cxoaf%2Cxorp%2Cexpire&xorp=True&caps=asr&hl=en&expire=1544701181&xoaf=1&kind=asr&lang=en&tlang=ga&fmt=vtt", "ext": "vtt"}], "it": [{"url": "https://www.youtube.com/api/timedtext?key=yttt1&asr_langs=it%2Cfr%2Ces%2Cru%2Cja%2Cnl%2Cen%2Cpt%2Cde%2Cko&signature=E237C71E5F939FE1D1D31A15362DEEBC0CE6BE5C.EFAFDBF16AA6566D3CC31C97604F92E150D4BDE0&v=Go2aLo7ZOlU&sparams=asr_langs%2Ccaps%2Cv%2Cxoaf%2Cxorp%2Cexpire&xorp=True&caps=asr&hl=en&expire=1544701181&xoaf=1&kind=asr&lang=en&tlang=it&fmt=ttml", "ext": "ttml"}, {"url": "https://www.youtube.com/api/timedtext?key=yttt1&asr_langs=it%2Cfr%2Ces%2Cru%2Cja%2Cnl%2Cen%2Cpt%2Cde%2Cko&signature=E237C71E5F939FE1D1D31A15362DEEBC0CE6BE5C.EFAFDBF16AA6566D3CC31C97604F92E150D4BDE0&v=Go2aLo7ZOlU&sparams=asr_langs%2Ccaps%2Cv%2Cxoaf%2Cxorp%2Cexpire&xorp=True&caps=asr&hl=en&expire=1544701181&xoaf=1&kind=asr&lang=en&tlang=it&fmt=vtt", "ext": "vtt"}], "ja": [{"url": "https://www.youtube.com/api/timedtext?key=yttt1&asr_langs=it%2Cfr%2Ces%2Cru%2Cja%2Cnl%2Cen%2Cpt%2Cde%2Cko&signature=E237C71E5F939FE1D1D31A15362DEEBC0CE6BE5C.EFAFDBF16AA6566D3CC31C97604F92E150D4BDE0&v=Go2aLo7ZOlU&sparams=asr_langs%2Ccaps%2Cv%2Cxoaf%2Cxorp%2Cexpire&xorp=True&caps=asr&hl=en&expire=1544701181&xoaf=1&kind=asr&lang=en&tlang=ja&fmt=ttml", "ext": "ttml"}, {"url": "https://www.youtube.com/api/timedtext?key=yttt1&asr_langs=it%2Cfr%2Ces%2Cru%2Cja%2Cnl%2Cen%2Cpt%2Cde%2Cko&signature=E237C71E5F939FE1D1D31A15362DEEBC0CE6BE5C.EFAFDBF16AA6566D3CC31C97604F92E150D4BDE0&v=Go2aLo7ZOlU&sparams=asr_langs%2Ccaps%2Cv%2Cxoaf%2Cxorp%2Cexpire&xorp=True&caps=asr&hl=en&expire=1544701181&xoaf=1&kind=asr&lang=en&tlang=ja&fmt=vtt", "ext": "vtt"}], "jv": [{"url": "https://www.youtube.com/api/timedtext?key=yttt1&asr_langs=it%2Cfr%2Ces%2Cru%2Cja%2Cnl%2Cen%2Cpt%2Cde%2Cko&signature=E237C71E5F939FE1D1D31A15362DEEBC0CE6BE5C.EFAFDBF16AA6566D3CC31C97604F92E150D4BDE0&v=Go2aLo7ZOlU&sparams=asr_langs%2Ccaps%2Cv%2Cxoaf%2Cxorp%2Cexpire&xorp=True&caps=asr&hl=en&expire=1544701181&xoaf=1&kind=asr&lang=en&tlang=jv&fmt=ttml", "ext": "ttml"}, {"url": "https://www.youtube.com/api/timedtext?key=yttt1&asr_langs=it%2Cfr%2Ces%2Cru%2Cja%2Cnl%2Cen%2Cpt%2Cde%2Cko&signature=E237C71E5F939FE1D1D31A15362DEEBC0CE6BE5C.EFAFDBF16AA6566D3CC31C97604F92E150D4BDE0&v=Go2aLo7ZOlU&sparams=asr_langs%2Ccaps%2Cv%2Cxoaf%2Cxorp%2Cexpire&xorp=True&caps=asr&hl=en&expire=1544701181&xoaf=1&kind=asr&lang=en&tlang=jv&fmt=vtt", "ext": "vtt"}], "kn": [{"url": "https://www.youtube.com/api/timedtext?key=yttt1&asr_langs=it%2Cfr%2Ces%2Cru%2Cja%2Cnl%2Cen%2Cpt%2Cde%2Cko&signature=E237C71E5F939FE1D1D31A15362DEEBC0CE6BE5C.EFAFDBF16AA6566D3CC31C97604F92E150D4BDE0&v=Go2aLo7ZOlU&sparams=asr_langs%2Ccaps%2Cv%2Cxoaf%2Cxorp%2Cexpire&xorp=True&caps=asr&hl=en&expire=1544701181&xoaf=1&kind=asr&lang=en&tlang=kn&fmt=ttml", "ext": "ttml"}, {"url": "https://www.youtube.com/api/timedtext?key=yttt1&asr_langs=it%2Cfr%2Ces%2Cru%2Cja%2Cnl%2Cen%2Cpt%2Cde%2Cko&signature=E237C71E5F939FE1D1D31A15362DEEBC0CE6BE5C.EFAFDBF16AA6566D3CC31C97604F92E150D4BDE0&v=Go2aLo7ZOlU&sparams=asr_langs%2Ccaps%2Cv%2Cxoaf%2Cxorp%2Cexpire&xorp=True&caps=asr&hl=en&expire=1544701181&xoaf=1&kind=asr&lang=en&tlang=kn&fmt=vtt", "ext": "vtt"}], "kk": [{"url": "https://www.youtube.com/api/timedtext?key=yttt1&asr_langs=it%2Cfr%2Ces%2Cru%2Cja%2Cnl%2Cen%2Cpt%2Cde%2Cko&signature=E237C71E5F939FE1D1D31A15362DEEBC0CE6BE5C.EFAFDBF16AA6566D3CC31C97604F92E150D4BDE0&v=Go2aLo7ZOlU&sparams=asr_langs%2Ccaps%2Cv%2Cxoaf%2Cxorp%2Cexpire&xorp=True&caps=asr&hl=en&expire=1544701181&xoaf=1&kind=asr&lang=en&tlang=kk&fmt=ttml", "ext": "ttml"}, {"url": "https://www.youtube.com/api/timedtext?key=yttt1&asr_langs=it%2Cfr%2Ces%2Cru%2Cja%2Cnl%2Cen%2Cpt%2Cde%2Cko&signature=E237C71E5F939FE1D1D31A15362DEEBC0CE6BE5C.EFAFDBF16AA6566D3CC31C97604F92E150D4BDE0&v=Go2aLo7ZOlU&sparams=asr_langs%2Ccaps%2Cv%2Cxoaf%2Cxorp%2Cexpire&xorp=True&caps=asr&hl=en&expire=1544701181&xoaf=1&kind=asr&lang=en&tlang=kk&fmt=vtt", "ext": "vtt"}], "km": [{"url": "https://www.youtube.com/api/timedtext?key=yttt1&asr_langs=it%2Cfr%2Ces%2Cru%2Cja%2Cnl%2Cen%2Cpt%2Cde%2Cko&signature=E237C71E5F939FE1D1D31A15362DEEBC0CE6BE5C.EFAFDBF16AA6566D3CC31C97604F92E150D4BDE0&v=Go2aLo7ZOlU&sparams=asr_langs%2Ccaps%2Cv%2Cxoaf%2Cxorp%2Cexpire&xorp=True&caps=asr&hl=en&expire=1544701181&xoaf=1&kind=asr&lang=en&tlang=km&fmt=ttml", "ext": "ttml"}, {"url": "https://www.youtube.com/api/timedtext?key=yttt1&asr_langs=it%2Cfr%2Ces%2Cru%2Cja%2Cnl%2Cen%2Cpt%2Cde%2Cko&signature=E237C71E5F939FE1D1D31A15362DEEBC0CE6BE5C.EFAFDBF16AA6566D3CC31C97604F92E150D4BDE0&v=Go2aLo7ZOlU&sparams=asr_langs%2Ccaps%2Cv%2Cxoaf%2Cxorp%2Cexpire&xorp=True&caps=asr&hl=en&expire=1544701181&xoaf=1&kind=asr&lang=en&tlang=km&fmt=vtt", "ext": "vtt"}], "ko": [{"url": "https://www.youtube.com/api/timedtext?key=yttt1&asr_langs=it%2Cfr%2Ces%2Cru%2Cja%2Cnl%2Cen%2Cpt%2Cde%2Cko&signature=E237C71E5F939FE1D1D31A15362DEEBC0CE6BE5C.EFAFDBF16AA6566D3CC31C97604F92E150D4BDE0&v=Go2aLo7ZOlU&sparams=asr_langs%2Ccaps%2Cv%2Cxoaf%2Cxorp%2Cexpire&xorp=True&caps=asr&hl=en&expire=1544701181&xoaf=1&kind=asr&lang=en&tlang=ko&fmt=ttml", "ext": "ttml"}, {"url": "https://www.youtube.com/api/timedtext?key=yttt1&asr_langs=it%2Cfr%2Ces%2Cru%2Cja%2Cnl%2Cen%2Cpt%2Cde%2Cko&signature=E237C71E5F939FE1D1D31A15362DEEBC0CE6BE5C.EFAFDBF16AA6566D3CC31C97604F92E150D4BDE0&v=Go2aLo7ZOlU&sparams=asr_langs%2Ccaps%2Cv%2Cxoaf%2Cxorp%2Cexpire&xorp=True&caps=asr&hl=en&expire=1544701181&xoaf=1&kind=asr&lang=en&tlang=ko&fmt=vtt", "ext": "vtt"}], "ku": [{"url": "https://www.youtube.com/api/timedtext?key=yttt1&asr_langs=it%2Cfr%2Ces%2Cru%2Cja%2Cnl%2Cen%2Cpt%2Cde%2Cko&signature=E237C71E5F939FE1D1D31A15362DEEBC0CE6BE5C.EFAFDBF16AA6566D3CC31C97604F92E150D4BDE0&v=Go2aLo7ZOlU&sparams=asr_langs%2Ccaps%2Cv%2Cxoaf%2Cxorp%2Cexpire&xorp=True&caps=asr&hl=en&expire=1544701181&xoaf=1&kind=asr&lang=en&tlang=ku&fmt=ttml", "ext": "ttml"}, {"url": "https://www.youtube.com/api/timedtext?key=yttt1&asr_langs=it%2Cfr%2Ces%2Cru%2Cja%2Cnl%2Cen%2Cpt%2Cde%2Cko&signature=E237C71E5F939FE1D1D31A15362DEEBC0CE6BE5C.EFAFDBF16AA6566D3CC31C97604F92E150D4BDE0&v=Go2aLo7ZOlU&sparams=asr_langs%2Ccaps%2Cv%2Cxoaf%2Cxorp%2Cexpire&xorp=True&caps=asr&hl=en&expire=1544701181&xoaf=1&kind=asr&lang=en&tlang=ku&fmt=vtt", "ext": "vtt"}], "ky": [{"url": "https://www.youtube.com/api/timedtext?key=yttt1&asr_langs=it%2Cfr%2Ces%2Cru%2Cja%2Cnl%2Cen%2Cpt%2Cde%2Cko&signature=E237C71E5F939FE1D1D31A15362DEEBC0CE6BE5C.EFAFDBF16AA6566D3CC31C97604F92E150D4BDE0&v=Go2aLo7ZOlU&sparams=asr_langs%2Ccaps%2Cv%2Cxoaf%2Cxorp%2Cexpire&xorp=True&caps=asr&hl=en&expire=1544701181&xoaf=1&kind=asr&lang=en&tlang=ky&fmt=ttml", "ext": "ttml"}, {"url": "https://www.youtube.com/api/timedtext?key=yttt1&asr_langs=it%2Cfr%2Ces%2Cru%2Cja%2Cnl%2Cen%2Cpt%2Cde%2Cko&signature=E237C71E5F939FE1D1D31A15362DEEBC0CE6BE5C.EFAFDBF16AA6566D3CC31C97604F92E150D4BDE0&v=Go2aLo7ZOlU&sparams=asr_langs%2Ccaps%2Cv%2Cxoaf%2Cxorp%2Cexpire&xorp=True&caps=asr&hl=en&expire=1544701181&xoaf=1&kind=asr&lang=en&tlang=ky&fmt=vtt", "ext": "vtt"}], "lo": [{"url": "https://www.youtube.com/api/timedtext?key=yttt1&asr_langs=it%2Cfr%2Ces%2Cru%2Cja%2Cnl%2Cen%2Cpt%2Cde%2Cko&signature=E237C71E5F939FE1D1D31A15362DEEBC0CE6BE5C.EFAFDBF16AA6566D3CC31C97604F92E150D4BDE0&v=Go2aLo7ZOlU&sparams=asr_langs%2Ccaps%2Cv%2Cxoaf%2Cxorp%2Cexpire&xorp=True&caps=asr&hl=en&expire=1544701181&xoaf=1&kind=asr&lang=en&tlang=lo&fmt=ttml", "ext": "ttml"}, {"url": "https://www.youtube.com/api/timedtext?key=yttt1&asr_langs=it%2Cfr%2Ces%2Cru%2Cja%2Cnl%2Cen%2Cpt%2Cde%2Cko&signature=E237C71E5F939FE1D1D31A15362DEEBC0CE6BE5C.EFAFDBF16AA6566D3CC31C97604F92E150D4BDE0&v=Go2aLo7ZOlU&sparams=asr_langs%2Ccaps%2Cv%2Cxoaf%2Cxorp%2Cexpire&xorp=True&caps=asr&hl=en&expire=1544701181&xoaf=1&kind=asr&lang=en&tlang=lo&fmt=vtt", "ext": "vtt"}], "la": [{"url": "https://www.youtube.com/api/timedtext?key=yttt1&asr_langs=it%2Cfr%2Ces%2Cru%2Cja%2Cnl%2Cen%2Cpt%2Cde%2Cko&signature=E237C71E5F939FE1D1D31A15362DEEBC0CE6BE5C.EFAFDBF16AA6566D3CC31C97604F92E150D4BDE0&v=Go2aLo7ZOlU&sparams=asr_langs%2Ccaps%2Cv%2Cxoaf%2Cxorp%2Cexpire&xorp=True&caps=asr&hl=en&expire=1544701181&xoaf=1&kind=asr&lang=en&tlang=la&fmt=ttml", "ext": "ttml"}, {"url": "https://www.youtube.com/api/timedtext?key=yttt1&asr_langs=it%2Cfr%2Ces%2Cru%2Cja%2Cnl%2Cen%2Cpt%2Cde%2Cko&signature=E237C71E5F939FE1D1D31A15362DEEBC0CE6BE5C.EFAFDBF16AA6566D3CC31C97604F92E150D4BDE0&v=Go2aLo7ZOlU&sparams=asr_langs%2Ccaps%2Cv%2Cxoaf%2Cxorp%2Cexpire&xorp=True&caps=asr&hl=en&expire=1544701181&xoaf=1&kind=asr&lang=en&tlang=la&fmt=vtt", "ext": "vtt"}], "lv": [{"url": "https://www.youtube.com/api/timedtext?key=yttt1&asr_langs=it%2Cfr%2Ces%2Cru%2Cja%2Cnl%2Cen%2Cpt%2Cde%2Cko&signature=E237C71E5F939FE1D1D31A15362DEEBC0CE6BE5C.EFAFDBF16AA6566D3CC31C97604F92E150D4BDE0&v=Go2aLo7ZOlU&sparams=asr_langs%2Ccaps%2Cv%2Cxoaf%2Cxorp%2Cexpire&xorp=True&caps=asr&hl=en&expire=1544701181&xoaf=1&kind=asr&lang=en&tlang=lv&fmt=ttml", "ext": "ttml"}, {"url": "https://www.youtube.com/api/timedtext?key=yttt1&asr_langs=it%2Cfr%2Ces%2Cru%2Cja%2Cnl%2Cen%2Cpt%2Cde%2Cko&signature=E237C71E5F939FE1D1D31A15362DEEBC0CE6BE5C.EFAFDBF16AA6566D3CC31C97604F92E150D4BDE0&v=Go2aLo7ZOlU&sparams=asr_langs%2Ccaps%2Cv%2Cxoaf%2Cxorp%2Cexpire&xorp=True&caps=asr&hl=en&expire=1544701181&xoaf=1&kind=asr&lang=en&tlang=lv&fmt=vtt", "ext": "vtt"}], "lt": [{"url": "https://www.youtube.com/api/timedtext?key=yttt1&asr_langs=it%2Cfr%2Ces%2Cru%2Cja%2Cnl%2Cen%2Cpt%2Cde%2Cko&signature=E237C71E5F939FE1D1D31A15362DEEBC0CE6BE5C.EFAFDBF16AA6566D3CC31C97604F92E150D4BDE0&v=Go2aLo7ZOlU&sparams=asr_langs%2Ccaps%2Cv%2Cxoaf%2Cxorp%2Cexpire&xorp=True&caps=asr&hl=en&expire=1544701181&xoaf=1&kind=asr&lang=en&tlang=lt&fmt=ttml", "ext": "ttml"}, {"url": "https://www.youtube.com/api/timedtext?key=yttt1&asr_langs=it%2Cfr%2Ces%2Cru%2Cja%2Cnl%2Cen%2Cpt%2Cde%2Cko&signature=E237C71E5F939FE1D1D31A15362DEEBC0CE6BE5C.EFAFDBF16AA6566D3CC31C97604F92E150D4BDE0&v=Go2aLo7ZOlU&sparams=asr_langs%2Ccaps%2Cv%2Cxoaf%2Cxorp%2Cexpire&xorp=True&caps=asr&hl=en&expire=1544701181&xoaf=1&kind=asr&lang=en&tlang=lt&fmt=vtt", "ext": "vtt"}], "lb": [{"url": "https://www.youtube.com/api/timedtext?key=yttt1&asr_langs=it%2Cfr%2Ces%2Cru%2Cja%2Cnl%2Cen%2Cpt%2Cde%2Cko&signature=E237C71E5F939FE1D1D31A15362DEEBC0CE6BE5C.EFAFDBF16AA6566D3CC31C97604F92E150D4BDE0&v=Go2aLo7ZOlU&sparams=asr_langs%2Ccaps%2Cv%2Cxoaf%2Cxorp%2Cexpire&xorp=True&caps=asr&hl=en&expire=1544701181&xoaf=1&kind=asr&lang=en&tlang=lb&fmt=ttml", "ext": "ttml"}, {"url": "https://www.youtube.com/api/timedtext?key=yttt1&asr_langs=it%2Cfr%2Ces%2Cru%2Cja%2Cnl%2Cen%2Cpt%2Cde%2Cko&signature=E237C71E5F939FE1D1D31A15362DEEBC0CE6BE5C.EFAFDBF16AA6566D3CC31C97604F92E150D4BDE0&v=Go2aLo7ZOlU&sparams=asr_langs%2Ccaps%2Cv%2Cxoaf%2Cxorp%2Cexpire&xorp=True&caps=asr&hl=en&expire=1544701181&xoaf=1&kind=asr&lang=en&tlang=lb&fmt=vtt", "ext": "vtt"}], "mk": [{"url": "https://www.youtube.com/api/timedtext?key=yttt1&asr_langs=it%2Cfr%2Ces%2Cru%2Cja%2Cnl%2Cen%2Cpt%2Cde%2Cko&signature=E237C71E5F939FE1D1D31A15362DEEBC0CE6BE5C.EFAFDBF16AA6566D3CC31C97604F92E150D4BDE0&v=Go2aLo7ZOlU&sparams=asr_langs%2Ccaps%2Cv%2Cxoaf%2Cxorp%2Cexpire&xorp=True&caps=asr&hl=en&expire=1544701181&xoaf=1&kind=asr&lang=en&tlang=mk&fmt=ttml", "ext": "ttml"}, {"url": "https://www.youtube.com/api/timedtext?key=yttt1&asr_langs=it%2Cfr%2Ces%2Cru%2Cja%2Cnl%2Cen%2Cpt%2Cde%2Cko&signature=E237C71E5F939FE1D1D31A15362DEEBC0CE6BE5C.EFAFDBF16AA6566D3CC31C97604F92E150D4BDE0&v=Go2aLo7ZOlU&sparams=asr_langs%2Ccaps%2Cv%2Cxoaf%2Cxorp%2Cexpire&xorp=True&caps=asr&hl=en&expire=1544701181&xoaf=1&kind=asr&lang=en&tlang=mk&fmt=vtt", "ext": "vtt"}], "mg": [{"url": "https://www.youtube.com/api/timedtext?key=yttt1&asr_langs=it%2Cfr%2Ces%2Cru%2Cja%2Cnl%2Cen%2Cpt%2Cde%2Cko&signature=E237C71E5F939FE1D1D31A15362DEEBC0CE6BE5C.EFAFDBF16AA6566D3CC31C97604F92E150D4BDE0&v=Go2aLo7ZOlU&sparams=asr_langs%2Ccaps%2Cv%2Cxoaf%2Cxorp%2Cexpire&xorp=True&caps=asr&hl=en&expire=1544701181&xoaf=1&kind=asr&lang=en&tlang=mg&fmt=ttml", "ext": "ttml"}, {"url": "https://www.youtube.com/api/timedtext?key=yttt1&asr_langs=it%2Cfr%2Ces%2Cru%2Cja%2Cnl%2Cen%2Cpt%2Cde%2Cko&signature=E237C71E5F939FE1D1D31A15362DEEBC0CE6BE5C.EFAFDBF16AA6566D3CC31C97604F92E150D4BDE0&v=Go2aLo7ZOlU&sparams=asr_langs%2Ccaps%2Cv%2Cxoaf%2Cxorp%2Cexpire&xorp=True&caps=asr&hl=en&expire=1544701181&xoaf=1&kind=asr&lang=en&tlang=mg&fmt=vtt", "ext": "vtt"}], "ms": [{"url": "https://www.youtube.com/api/timedtext?key=yttt1&asr_langs=it%2Cfr%2Ces%2Cru%2Cja%2Cnl%2Cen%2Cpt%2Cde%2Cko&signature=E237C71E5F939FE1D1D31A15362DEEBC0CE6BE5C.EFAFDBF16AA6566D3CC31C97604F92E150D4BDE0&v=Go2aLo7ZOlU&sparams=asr_langs%2Ccaps%2Cv%2Cxoaf%2Cxorp%2Cexpire&xorp=True&caps=asr&hl=en&expire=1544701181&xoaf=1&kind=asr&lang=en&tlang=ms&fmt=ttml", "ext": "ttml"}, {"url": "https://www.youtube.com/api/timedtext?key=yttt1&asr_langs=it%2Cfr%2Ces%2Cru%2Cja%2Cnl%2Cen%2Cpt%2Cde%2Cko&signature=E237C71E5F939FE1D1D31A15362DEEBC0CE6BE5C.EFAFDBF16AA6566D3CC31C97604F92E150D4BDE0&v=Go2aLo7ZOlU&sparams=asr_langs%2Ccaps%2Cv%2Cxoaf%2Cxorp%2Cexpire&xorp=True&caps=asr&hl=en&expire=1544701181&xoaf=1&kind=asr&lang=en&tlang=ms&fmt=vtt", "ext": "vtt"}], "ml": [{"url": "https://www.youtube.com/api/timedtext?key=yttt1&asr_langs=it%2Cfr%2Ces%2Cru%2Cja%2Cnl%2Cen%2Cpt%2Cde%2Cko&signature=E237C71E5F939FE1D1D31A15362DEEBC0CE6BE5C.EFAFDBF16AA6566D3CC31C97604F92E150D4BDE0&v=Go2aLo7ZOlU&sparams=asr_langs%2Ccaps%2Cv%2Cxoaf%2Cxorp%2Cexpire&xorp=True&caps=asr&hl=en&expire=1544701181&xoaf=1&kind=asr&lang=en&tlang=ml&fmt=ttml", "ext": "ttml"}, {"url": "https://www.youtube.com/api/timedtext?key=yttt1&asr_langs=it%2Cfr%2Ces%2Cru%2Cja%2Cnl%2Cen%2Cpt%2Cde%2Cko&signature=E237C71E5F939FE1D1D31A15362DEEBC0CE6BE5C.EFAFDBF16AA6566D3CC31C97604F92E150D4BDE0&v=Go2aLo7ZOlU&sparams=asr_langs%2Ccaps%2Cv%2Cxoaf%2Cxorp%2Cexpire&xorp=True&caps=asr&hl=en&expire=1544701181&xoaf=1&kind=asr&lang=en&tlang=ml&fmt=vtt", "ext": "vtt"}], "mt": [{"url": "https://www.youtube.com/api/timedtext?key=yttt1&asr_langs=it%2Cfr%2Ces%2Cru%2Cja%2Cnl%2Cen%2Cpt%2Cde%2Cko&signature=E237C71E5F939FE1D1D31A15362DEEBC0CE6BE5C.EFAFDBF16AA6566D3CC31C97604F92E150D4BDE0&v=Go2aLo7ZOlU&sparams=asr_langs%2Ccaps%2Cv%2Cxoaf%2Cxorp%2Cexpire&xorp=True&caps=asr&hl=en&expire=1544701181&xoaf=1&kind=asr&lang=en&tlang=mt&fmt=ttml", "ext": "ttml"}, {"url": "https://www.youtube.com/api/timedtext?key=yttt1&asr_langs=it%2Cfr%2Ces%2Cru%2Cja%2Cnl%2Cen%2Cpt%2Cde%2Cko&signature=E237C71E5F939FE1D1D31A15362DEEBC0CE6BE5C.EFAFDBF16AA6566D3CC31C97604F92E150D4BDE0&v=Go2aLo7ZOlU&sparams=asr_langs%2Ccaps%2Cv%2Cxoaf%2Cxorp%2Cexpire&xorp=True&caps=asr&hl=en&expire=1544701181&xoaf=1&kind=asr&lang=en&tlang=mt&fmt=vtt", "ext": "vtt"}], "mi": [{"url": "https://www.youtube.com/api/timedtext?key=yttt1&asr_langs=it%2Cfr%2Ces%2Cru%2Cja%2Cnl%2Cen%2Cpt%2Cde%2Cko&signature=E237C71E5F939FE1D1D31A15362DEEBC0CE6BE5C.EFAFDBF16AA6566D3CC31C97604F92E150D4BDE0&v=Go2aLo7ZOlU&sparams=asr_langs%2Ccaps%2Cv%2Cxoaf%2Cxorp%2Cexpire&xorp=True&caps=asr&hl=en&expire=1544701181&xoaf=1&kind=asr&lang=en&tlang=mi&fmt=ttml", "ext": "ttml"}, {"url": "https://www.youtube.com/api/timedtext?key=yttt1&asr_langs=it%2Cfr%2Ces%2Cru%2Cja%2Cnl%2Cen%2Cpt%2Cde%2Cko&signature=E237C71E5F939FE1D1D31A15362DEEBC0CE6BE5C.EFAFDBF16AA6566D3CC31C97604F92E150D4BDE0&v=Go2aLo7ZOlU&sparams=asr_langs%2Ccaps%2Cv%2Cxoaf%2Cxorp%2Cexpire&xorp=True&caps=asr&hl=en&expire=1544701181&xoaf=1&kind=asr&lang=en&tlang=mi&fmt=vtt", "ext": "vtt"}], "mr": [{"url": "https://www.youtube.com/api/timedtext?key=yttt1&asr_langs=it%2Cfr%2Ces%2Cru%2Cja%2Cnl%2Cen%2Cpt%2Cde%2Cko&signature=E237C71E5F939FE1D1D31A15362DEEBC0CE6BE5C.EFAFDBF16AA6566D3CC31C97604F92E150D4BDE0&v=Go2aLo7ZOlU&sparams=asr_langs%2Ccaps%2Cv%2Cxoaf%2Cxorp%2Cexpire&xorp=True&caps=asr&hl=en&expire=1544701181&xoaf=1&kind=asr&lang=en&tlang=mr&fmt=ttml", "ext": "ttml"}, {"url": "https://www.youtube.com/api/timedtext?key=yttt1&asr_langs=it%2Cfr%2Ces%2Cru%2Cja%2Cnl%2Cen%2Cpt%2Cde%2Cko&signature=E237C71E5F939FE1D1D31A15362DEEBC0CE6BE5C.EFAFDBF16AA6566D3CC31C97604F92E150D4BDE0&v=Go2aLo7ZOlU&sparams=asr_langs%2Ccaps%2Cv%2Cxoaf%2Cxorp%2Cexpire&xorp=True&caps=asr&hl=en&expire=1544701181&xoaf=1&kind=asr&lang=en&tlang=mr&fmt=vtt", "ext": "vtt"}], "mn": [{"url": "https://www.youtube.com/api/timedtext?key=yttt1&asr_langs=it%2Cfr%2Ces%2Cru%2Cja%2Cnl%2Cen%2Cpt%2Cde%2Cko&signature=E237C71E5F939FE1D1D31A15362DEEBC0CE6BE5C.EFAFDBF16AA6566D3CC31C97604F92E150D4BDE0&v=Go2aLo7ZOlU&sparams=asr_langs%2Ccaps%2Cv%2Cxoaf%2Cxorp%2Cexpire&xorp=True&caps=asr&hl=en&expire=1544701181&xoaf=1&kind=asr&lang=en&tlang=mn&fmt=ttml", "ext": "ttml"}, {"url": "https://www.youtube.com/api/timedtext?key=yttt1&asr_langs=it%2Cfr%2Ces%2Cru%2Cja%2Cnl%2Cen%2Cpt%2Cde%2Cko&signature=E237C71E5F939FE1D1D31A15362DEEBC0CE6BE5C.EFAFDBF16AA6566D3CC31C97604F92E150D4BDE0&v=Go2aLo7ZOlU&sparams=asr_langs%2Ccaps%2Cv%2Cxoaf%2Cxorp%2Cexpire&xorp=True&caps=asr&hl=en&expire=1544701181&xoaf=1&kind=asr&lang=en&tlang=mn&fmt=vtt", "ext": "vtt"}], "ne": [{"url": "https://www.youtube.com/api/timedtext?key=yttt1&asr_langs=it%2Cfr%2Ces%2Cru%2Cja%2Cnl%2Cen%2Cpt%2Cde%2Cko&signature=E237C71E5F939FE1D1D31A15362DEEBC0CE6BE5C.EFAFDBF16AA6566D3CC31C97604F92E150D4BDE0&v=Go2aLo7ZOlU&sparams=asr_langs%2Ccaps%2Cv%2Cxoaf%2Cxorp%2Cexpire&xorp=True&caps=asr&hl=en&expire=1544701181&xoaf=1&kind=asr&lang=en&tlang=ne&fmt=ttml", "ext": "ttml"}, {"url": "https://www.youtube.com/api/timedtext?key=yttt1&asr_langs=it%2Cfr%2Ces%2Cru%2Cja%2Cnl%2Cen%2Cpt%2Cde%2Cko&signature=E237C71E5F939FE1D1D31A15362DEEBC0CE6BE5C.EFAFDBF16AA6566D3CC31C97604F92E150D4BDE0&v=Go2aLo7ZOlU&sparams=asr_langs%2Ccaps%2Cv%2Cxoaf%2Cxorp%2Cexpire&xorp=True&caps=asr&hl=en&expire=1544701181&xoaf=1&kind=asr&lang=en&tlang=ne&fmt=vtt", "ext": "vtt"}], "no": [{"url": "https://www.youtube.com/api/timedtext?key=yttt1&asr_langs=it%2Cfr%2Ces%2Cru%2Cja%2Cnl%2Cen%2Cpt%2Cde%2Cko&signature=E237C71E5F939FE1D1D31A15362DEEBC0CE6BE5C.EFAFDBF16AA6566D3CC31C97604F92E150D4BDE0&v=Go2aLo7ZOlU&sparams=asr_langs%2Ccaps%2Cv%2Cxoaf%2Cxorp%2Cexpire&xorp=True&caps=asr&hl=en&expire=1544701181&xoaf=1&kind=asr&lang=en&tlang=no&fmt=ttml", "ext": "ttml"}, {"url": "https://www.youtube.com/api/timedtext?key=yttt1&asr_langs=it%2Cfr%2Ces%2Cru%2Cja%2Cnl%2Cen%2Cpt%2Cde%2Cko&signature=E237C71E5F939FE1D1D31A15362DEEBC0CE6BE5C.EFAFDBF16AA6566D3CC31C97604F92E150D4BDE0&v=Go2aLo7ZOlU&sparams=asr_langs%2Ccaps%2Cv%2Cxoaf%2Cxorp%2Cexpire&xorp=True&caps=asr&hl=en&expire=1544701181&xoaf=1&kind=asr&lang=en&tlang=no&fmt=vtt", "ext": "vtt"}], "ny": [{"url": "https://www.youtube.com/api/timedtext?key=yttt1&asr_langs=it%2Cfr%2Ces%2Cru%2Cja%2Cnl%2Cen%2Cpt%2Cde%2Cko&signature=E237C71E5F939FE1D1D31A15362DEEBC0CE6BE5C.EFAFDBF16AA6566D3CC31C97604F92E150D4BDE0&v=Go2aLo7ZOlU&sparams=asr_langs%2Ccaps%2Cv%2Cxoaf%2Cxorp%2Cexpire&xorp=True&caps=asr&hl=en&expire=1544701181&xoaf=1&kind=asr&lang=en&tlang=ny&fmt=ttml", "ext": "ttml"}, {"url": "https://www.youtube.com/api/timedtext?key=yttt1&asr_langs=it%2Cfr%2Ces%2Cru%2Cja%2Cnl%2Cen%2Cpt%2Cde%2Cko&signature=E237C71E5F939FE1D1D31A15362DEEBC0CE6BE5C.EFAFDBF16AA6566D3CC31C97604F92E150D4BDE0&v=Go2aLo7ZOlU&sparams=asr_langs%2Ccaps%2Cv%2Cxoaf%2Cxorp%2Cexpire&xorp=True&caps=asr&hl=en&expire=1544701181&xoaf=1&kind=asr&lang=en&tlang=ny&fmt=vtt", "ext": "vtt"}], "ps": [{"url": "https://www.youtube.com/api/timedtext?key=yttt1&asr_langs=it%2Cfr%2Ces%2Cru%2Cja%2Cnl%2Cen%2Cpt%2Cde%2Cko&signature=E237C71E5F939FE1D1D31A15362DEEBC0CE6BE5C.EFAFDBF16AA6566D3CC31C97604F92E150D4BDE0&v=Go2aLo7ZOlU&sparams=asr_langs%2Ccaps%2Cv%2Cxoaf%2Cxorp%2Cexpire&xorp=True&caps=asr&hl=en&expire=1544701181&xoaf=1&kind=asr&lang=en&tlang=ps&fmt=ttml", "ext": "ttml"}, {"url": "https://www.youtube.com/api/timedtext?key=yttt1&asr_langs=it%2Cfr%2Ces%2Cru%2Cja%2Cnl%2Cen%2Cpt%2Cde%2Cko&signature=E237C71E5F939FE1D1D31A15362DEEBC0CE6BE5C.EFAFDBF16AA6566D3CC31C97604F92E150D4BDE0&v=Go2aLo7ZOlU&sparams=asr_langs%2Ccaps%2Cv%2Cxoaf%2Cxorp%2Cexpire&xorp=True&caps=asr&hl=en&expire=1544701181&xoaf=1&kind=asr&lang=en&tlang=ps&fmt=vtt", "ext": "vtt"}], "fa": [{"url": "https://www.youtube.com/api/timedtext?key=yttt1&asr_langs=it%2Cfr%2Ces%2Cru%2Cja%2Cnl%2Cen%2Cpt%2Cde%2Cko&signature=E237C71E5F939FE1D1D31A15362DEEBC0CE6BE5C.EFAFDBF16AA6566D3CC31C97604F92E150D4BDE0&v=Go2aLo7ZOlU&sparams=asr_langs%2Ccaps%2Cv%2Cxoaf%2Cxorp%2Cexpire&xorp=True&caps=asr&hl=en&expire=1544701181&xoaf=1&kind=asr&lang=en&tlang=fa&fmt=ttml", "ext": "ttml"}, {"url": "https://www.youtube.com/api/timedtext?key=yttt1&asr_langs=it%2Cfr%2Ces%2Cru%2Cja%2Cnl%2Cen%2Cpt%2Cde%2Cko&signature=E237C71E5F939FE1D1D31A15362DEEBC0CE6BE5C.EFAFDBF16AA6566D3CC31C97604F92E150D4BDE0&v=Go2aLo7ZOlU&sparams=asr_langs%2Ccaps%2Cv%2Cxoaf%2Cxorp%2Cexpire&xorp=True&caps=asr&hl=en&expire=1544701181&xoaf=1&kind=asr&lang=en&tlang=fa&fmt=vtt", "ext": "vtt"}], "pl": [{"url": "https://www.youtube.com/api/timedtext?key=yttt1&asr_langs=it%2Cfr%2Ces%2Cru%2Cja%2Cnl%2Cen%2Cpt%2Cde%2Cko&signature=E237C71E5F939FE1D1D31A15362DEEBC0CE6BE5C.EFAFDBF16AA6566D3CC31C97604F92E150D4BDE0&v=Go2aLo7ZOlU&sparams=asr_langs%2Ccaps%2Cv%2Cxoaf%2Cxorp%2Cexpire&xorp=True&caps=asr&hl=en&expire=1544701181&xoaf=1&kind=asr&lang=en&tlang=pl&fmt=ttml", "ext": "ttml"}, {"url": "https://www.youtube.com/api/timedtext?key=yttt1&asr_langs=it%2Cfr%2Ces%2Cru%2Cja%2Cnl%2Cen%2Cpt%2Cde%2Cko&signature=E237C71E5F939FE1D1D31A15362DEEBC0CE6BE5C.EFAFDBF16AA6566D3CC31C97604F92E150D4BDE0&v=Go2aLo7ZOlU&sparams=asr_langs%2Ccaps%2Cv%2Cxoaf%2Cxorp%2Cexpire&xorp=True&caps=asr&hl=en&expire=1544701181&xoaf=1&kind=asr&lang=en&tlang=pl&fmt=vtt", "ext": "vtt"}], "pt": [{"url": "https://www.youtube.com/api/timedtext?key=yttt1&asr_langs=it%2Cfr%2Ces%2Cru%2Cja%2Cnl%2Cen%2Cpt%2Cde%2Cko&signature=E237C71E5F939FE1D1D31A15362DEEBC0CE6BE5C.EFAFDBF16AA6566D3CC31C97604F92E150D4BDE0&v=Go2aLo7ZOlU&sparams=asr_langs%2Ccaps%2Cv%2Cxoaf%2Cxorp%2Cexpire&xorp=True&caps=asr&hl=en&expire=1544701181&xoaf=1&kind=asr&lang=en&tlang=pt&fmt=ttml", "ext": "ttml"}, {"url": "https://www.youtube.com/api/timedtext?key=yttt1&asr_langs=it%2Cfr%2Ces%2Cru%2Cja%2Cnl%2Cen%2Cpt%2Cde%2Cko&signature=E237C71E5F939FE1D1D31A15362DEEBC0CE6BE5C.EFAFDBF16AA6566D3CC31C97604F92E150D4BDE0&v=Go2aLo7ZOlU&sparams=asr_langs%2Ccaps%2Cv%2Cxoaf%2Cxorp%2Cexpire&xorp=True&caps=asr&hl=en&expire=1544701181&xoaf=1&kind=asr&lang=en&tlang=pt&fmt=vtt", "ext": "vtt"}], "pa": [{"url": "https://www.youtube.com/api/timedtext?key=yttt1&asr_langs=it%2Cfr%2Ces%2Cru%2Cja%2Cnl%2Cen%2Cpt%2Cde%2Cko&signature=E237C71E5F939FE1D1D31A15362DEEBC0CE6BE5C.EFAFDBF16AA6566D3CC31C97604F92E150D4BDE0&v=Go2aLo7ZOlU&sparams=asr_langs%2Ccaps%2Cv%2Cxoaf%2Cxorp%2Cexpire&xorp=True&caps=asr&hl=en&expire=1544701181&xoaf=1&kind=asr&lang=en&tlang=pa&fmt=ttml", "ext": "ttml"}, {"url": "https://www.youtube.com/api/timedtext?key=yttt1&asr_langs=it%2Cfr%2Ces%2Cru%2Cja%2Cnl%2Cen%2Cpt%2Cde%2Cko&signature=E237C71E5F939FE1D1D31A15362DEEBC0CE6BE5C.EFAFDBF16AA6566D3CC31C97604F92E150D4BDE0&v=Go2aLo7ZOlU&sparams=asr_langs%2Ccaps%2Cv%2Cxoaf%2Cxorp%2Cexpire&xorp=True&caps=asr&hl=en&expire=1544701181&xoaf=1&kind=asr&lang=en&tlang=pa&fmt=vtt", "ext": "vtt"}], "ro": [{"url": "https://www.youtube.com/api/timedtext?key=yttt1&asr_langs=it%2Cfr%2Ces%2Cru%2Cja%2Cnl%2Cen%2Cpt%2Cde%2Cko&signature=E237C71E5F939FE1D1D31A15362DEEBC0CE6BE5C.EFAFDBF16AA6566D3CC31C97604F92E150D4BDE0&v=Go2aLo7ZOlU&sparams=asr_langs%2Ccaps%2Cv%2Cxoaf%2Cxorp%2Cexpire&xorp=True&caps=asr&hl=en&expire=1544701181&xoaf=1&kind=asr&lang=en&tlang=ro&fmt=ttml", "ext": "ttml"}, {"url": "https://www.youtube.com/api/timedtext?key=yttt1&asr_langs=it%2Cfr%2Ces%2Cru%2Cja%2Cnl%2Cen%2Cpt%2Cde%2Cko&signature=E237C71E5F939FE1D1D31A15362DEEBC0CE6BE5C.EFAFDBF16AA6566D3CC31C97604F92E150D4BDE0&v=Go2aLo7ZOlU&sparams=asr_langs%2Ccaps%2Cv%2Cxoaf%2Cxorp%2Cexpire&xorp=True&caps=asr&hl=en&expire=1544701181&xoaf=1&kind=asr&lang=en&tlang=ro&fmt=vtt", "ext": "vtt"}], "ru": [{"url": "https://www.youtube.com/api/timedtext?key=yttt1&asr_langs=it%2Cfr%2Ces%2Cru%2Cja%2Cnl%2Cen%2Cpt%2Cde%2Cko&signature=E237C71E5F939FE1D1D31A15362DEEBC0CE6BE5C.EFAFDBF16AA6566D3CC31C97604F92E150D4BDE0&v=Go2aLo7ZOlU&sparams=asr_langs%2Ccaps%2Cv%2Cxoaf%2Cxorp%2Cexpire&xorp=True&caps=asr&hl=en&expire=1544701181&xoaf=1&kind=asr&lang=en&tlang=ru&fmt=ttml", "ext": "ttml"}, {"url": "https://www.youtube.com/api/timedtext?key=yttt1&asr_langs=it%2Cfr%2Ces%2Cru%2Cja%2Cnl%2Cen%2Cpt%2Cde%2Cko&signature=E237C71E5F939FE1D1D31A15362DEEBC0CE6BE5C.EFAFDBF16AA6566D3CC31C97604F92E150D4BDE0&v=Go2aLo7ZOlU&sparams=asr_langs%2Ccaps%2Cv%2Cxoaf%2Cxorp%2Cexpire&xorp=True&caps=asr&hl=en&expire=1544701181&xoaf=1&kind=asr&lang=en&tlang=ru&fmt=vtt", "ext": "vtt"}], "sm": [{"url": "https://www.youtube.com/api/timedtext?key=yttt1&asr_langs=it%2Cfr%2Ces%2Cru%2Cja%2Cnl%2Cen%2Cpt%2Cde%2Cko&signature=E237C71E5F939FE1D1D31A15362DEEBC0CE6BE5C.EFAFDBF16AA6566D3CC31C97604F92E150D4BDE0&v=Go2aLo7ZOlU&sparams=asr_langs%2Ccaps%2Cv%2Cxoaf%2Cxorp%2Cexpire&xorp=True&caps=asr&hl=en&expire=1544701181&xoaf=1&kind=asr&lang=en&tlang=sm&fmt=ttml", "ext": "ttml"}, {"url": "https://www.youtube.com/api/timedtext?key=yttt1&asr_langs=it%2Cfr%2Ces%2Cru%2Cja%2Cnl%2Cen%2Cpt%2Cde%2Cko&signature=E237C71E5F939FE1D1D31A15362DEEBC0CE6BE5C.EFAFDBF16AA6566D3CC31C97604F92E150D4BDE0&v=Go2aLo7ZOlU&sparams=asr_langs%2Ccaps%2Cv%2Cxoaf%2Cxorp%2Cexpire&xorp=True&caps=asr&hl=en&expire=1544701181&xoaf=1&kind=asr&lang=en&tlang=sm&fmt=vtt", "ext": "vtt"}], "gd": [{"url": "https://www.youtube.com/api/timedtext?key=yttt1&asr_langs=it%2Cfr%2Ces%2Cru%2Cja%2Cnl%2Cen%2Cpt%2Cde%2Cko&signature=E237C71E5F939FE1D1D31A15362DEEBC0CE6BE5C.EFAFDBF16AA6566D3CC31C97604F92E150D4BDE0&v=Go2aLo7ZOlU&sparams=asr_langs%2Ccaps%2Cv%2Cxoaf%2Cxorp%2Cexpire&xorp=True&caps=asr&hl=en&expire=1544701181&xoaf=1&kind=asr&lang=en&tlang=gd&fmt=ttml", "ext": "ttml"}, {"url": "https://www.youtube.com/api/timedtext?key=yttt1&asr_langs=it%2Cfr%2Ces%2Cru%2Cja%2Cnl%2Cen%2Cpt%2Cde%2Cko&signature=E237C71E5F939FE1D1D31A15362DEEBC0CE6BE5C.EFAFDBF16AA6566D3CC31C97604F92E150D4BDE0&v=Go2aLo7ZOlU&sparams=asr_langs%2Ccaps%2Cv%2Cxoaf%2Cxorp%2Cexpire&xorp=True&caps=asr&hl=en&expire=1544701181&xoaf=1&kind=asr&lang=en&tlang=gd&fmt=vtt", "ext": "vtt"}], "sr": [{"url": "https://www.youtube.com/api/timedtext?key=yttt1&asr_langs=it%2Cfr%2Ces%2Cru%2Cja%2Cnl%2Cen%2Cpt%2Cde%2Cko&signature=E237C71E5F939FE1D1D31A15362DEEBC0CE6BE5C.EFAFDBF16AA6566D3CC31C97604F92E150D4BDE0&v=Go2aLo7ZOlU&sparams=asr_langs%2Ccaps%2Cv%2Cxoaf%2Cxorp%2Cexpire&xorp=True&caps=asr&hl=en&expire=1544701181&xoaf=1&kind=asr&lang=en&tlang=sr&fmt=ttml", "ext": "ttml"}, {"url": "https://www.youtube.com/api/timedtext?key=yttt1&asr_langs=it%2Cfr%2Ces%2Cru%2Cja%2Cnl%2Cen%2Cpt%2Cde%2Cko&signature=E237C71E5F939FE1D1D31A15362DEEBC0CE6BE5C.EFAFDBF16AA6566D3CC31C97604F92E150D4BDE0&v=Go2aLo7ZOlU&sparams=asr_langs%2Ccaps%2Cv%2Cxoaf%2Cxorp%2Cexpire&xorp=True&caps=asr&hl=en&expire=1544701181&xoaf=1&kind=asr&lang=en&tlang=sr&fmt=vtt", "ext": "vtt"}], "sn": [{"url": "https://www.youtube.com/api/timedtext?key=yttt1&asr_langs=it%2Cfr%2Ces%2Cru%2Cja%2Cnl%2Cen%2Cpt%2Cde%2Cko&signature=E237C71E5F939FE1D1D31A15362DEEBC0CE6BE5C.EFAFDBF16AA6566D3CC31C97604F92E150D4BDE0&v=Go2aLo7ZOlU&sparams=asr_langs%2Ccaps%2Cv%2Cxoaf%2Cxorp%2Cexpire&xorp=True&caps=asr&hl=en&expire=1544701181&xoaf=1&kind=asr&lang=en&tlang=sn&fmt=ttml", "ext": "ttml"}, {"url": "https://www.youtube.com/api/timedtext?key=yttt1&asr_langs=it%2Cfr%2Ces%2Cru%2Cja%2Cnl%2Cen%2Cpt%2Cde%2Cko&signature=E237C71E5F939FE1D1D31A15362DEEBC0CE6BE5C.EFAFDBF16AA6566D3CC31C97604F92E150D4BDE0&v=Go2aLo7ZOlU&sparams=asr_langs%2Ccaps%2Cv%2Cxoaf%2Cxorp%2Cexpire&xorp=True&caps=asr&hl=en&expire=1544701181&xoaf=1&kind=asr&lang=en&tlang=sn&fmt=vtt", "ext": "vtt"}], "sd": [{"url": "https://www.youtube.com/api/timedtext?key=yttt1&asr_langs=it%2Cfr%2Ces%2Cru%2Cja%2Cnl%2Cen%2Cpt%2Cde%2Cko&signature=E237C71E5F939FE1D1D31A15362DEEBC0CE6BE5C.EFAFDBF16AA6566D3CC31C97604F92E150D4BDE0&v=Go2aLo7ZOlU&sparams=asr_langs%2Ccaps%2Cv%2Cxoaf%2Cxorp%2Cexpire&xorp=True&caps=asr&hl=en&expire=1544701181&xoaf=1&kind=asr&lang=en&tlang=sd&fmt=ttml", "ext": "ttml"}, {"url": "https://www.youtube.com/api/timedtext?key=yttt1&asr_langs=it%2Cfr%2Ces%2Cru%2Cja%2Cnl%2Cen%2Cpt%2Cde%2Cko&signature=E237C71E5F939FE1D1D31A15362DEEBC0CE6BE5C.EFAFDBF16AA6566D3CC31C97604F92E150D4BDE0&v=Go2aLo7ZOlU&sparams=asr_langs%2Ccaps%2Cv%2Cxoaf%2Cxorp%2Cexpire&xorp=True&caps=asr&hl=en&expire=1544701181&xoaf=1&kind=asr&lang=en&tlang=sd&fmt=vtt", "ext": "vtt"}], "si": [{"url": "https://www.youtube.com/api/timedtext?key=yttt1&asr_langs=it%2Cfr%2Ces%2Cru%2Cja%2Cnl%2Cen%2Cpt%2Cde%2Cko&signature=E237C71E5F939FE1D1D31A15362DEEBC0CE6BE5C.EFAFDBF16AA6566D3CC31C97604F92E150D4BDE0&v=Go2aLo7ZOlU&sparams=asr_langs%2Ccaps%2Cv%2Cxoaf%2Cxorp%2Cexpire&xorp=True&caps=asr&hl=en&expire=1544701181&xoaf=1&kind=asr&lang=en&tlang=si&fmt=ttml", "ext": "ttml"}, {"url": "https://www.youtube.com/api/timedtext?key=yttt1&asr_langs=it%2Cfr%2Ces%2Cru%2Cja%2Cnl%2Cen%2Cpt%2Cde%2Cko&signature=E237C71E5F939FE1D1D31A15362DEEBC0CE6BE5C.EFAFDBF16AA6566D3CC31C97604F92E150D4BDE0&v=Go2aLo7ZOlU&sparams=asr_langs%2Ccaps%2Cv%2Cxoaf%2Cxorp%2Cexpire&xorp=True&caps=asr&hl=en&expire=1544701181&xoaf=1&kind=asr&lang=en&tlang=si&fmt=vtt", "ext": "vtt"}], "sk": [{"url": "https://www.youtube.com/api/timedtext?key=yttt1&asr_langs=it%2Cfr%2Ces%2Cru%2Cja%2Cnl%2Cen%2Cpt%2Cde%2Cko&signature=E237C71E5F939FE1D1D31A15362DEEBC0CE6BE5C.EFAFDBF16AA6566D3CC31C97604F92E150D4BDE0&v=Go2aLo7ZOlU&sparams=asr_langs%2Ccaps%2Cv%2Cxoaf%2Cxorp%2Cexpire&xorp=True&caps=asr&hl=en&expire=1544701181&xoaf=1&kind=asr&lang=en&tlang=sk&fmt=ttml", "ext": "ttml"}, {"url": "https://www.youtube.com/api/timedtext?key=yttt1&asr_langs=it%2Cfr%2Ces%2Cru%2Cja%2Cnl%2Cen%2Cpt%2Cde%2Cko&signature=E237C71E5F939FE1D1D31A15362DEEBC0CE6BE5C.EFAFDBF16AA6566D3CC31C97604F92E150D4BDE0&v=Go2aLo7ZOlU&sparams=asr_langs%2Ccaps%2Cv%2Cxoaf%2Cxorp%2Cexpire&xorp=True&caps=asr&hl=en&expire=1544701181&xoaf=1&kind=asr&lang=en&tlang=sk&fmt=vtt", "ext": "vtt"}], "sl": [{"url": "https://www.youtube.com/api/timedtext?key=yttt1&asr_langs=it%2Cfr%2Ces%2Cru%2Cja%2Cnl%2Cen%2Cpt%2Cde%2Cko&signature=E237C71E5F939FE1D1D31A15362DEEBC0CE6BE5C.EFAFDBF16AA6566D3CC31C97604F92E150D4BDE0&v=Go2aLo7ZOlU&sparams=asr_langs%2Ccaps%2Cv%2Cxoaf%2Cxorp%2Cexpire&xorp=True&caps=asr&hl=en&expire=1544701181&xoaf=1&kind=asr&lang=en&tlang=sl&fmt=ttml", "ext": "ttml"}, {"url": "https://www.youtube.com/api/timedtext?key=yttt1&asr_langs=it%2Cfr%2Ces%2Cru%2Cja%2Cnl%2Cen%2Cpt%2Cde%2Cko&signature=E237C71E5F939FE1D1D31A15362DEEBC0CE6BE5C.EFAFDBF16AA6566D3CC31C97604F92E150D4BDE0&v=Go2aLo7ZOlU&sparams=asr_langs%2Ccaps%2Cv%2Cxoaf%2Cxorp%2Cexpire&xorp=True&caps=asr&hl=en&expire=1544701181&xoaf=1&kind=asr&lang=en&tlang=sl&fmt=vtt", "ext": "vtt"}], "so": [{"url": "https://www.youtube.com/api/timedtext?key=yttt1&asr_langs=it%2Cfr%2Ces%2Cru%2Cja%2Cnl%2Cen%2Cpt%2Cde%2Cko&signature=E237C71E5F939FE1D1D31A15362DEEBC0CE6BE5C.EFAFDBF16AA6566D3CC31C97604F92E150D4BDE0&v=Go2aLo7ZOlU&sparams=asr_langs%2Ccaps%2Cv%2Cxoaf%2Cxorp%2Cexpire&xorp=True&caps=asr&hl=en&expire=1544701181&xoaf=1&kind=asr&lang=en&tlang=so&fmt=ttml", "ext": "ttml"}, {"url": "https://www.youtube.com/api/timedtext?key=yttt1&asr_langs=it%2Cfr%2Ces%2Cru%2Cja%2Cnl%2Cen%2Cpt%2Cde%2Cko&signature=E237C71E5F939FE1D1D31A15362DEEBC0CE6BE5C.EFAFDBF16AA6566D3CC31C97604F92E150D4BDE0&v=Go2aLo7ZOlU&sparams=asr_langs%2Ccaps%2Cv%2Cxoaf%2Cxorp%2Cexpire&xorp=True&caps=asr&hl=en&expire=1544701181&xoaf=1&kind=asr&lang=en&tlang=so&fmt=vtt", "ext": "vtt"}], "st": [{"url": "https://www.youtube.com/api/timedtext?key=yttt1&asr_langs=it%2Cfr%2Ces%2Cru%2Cja%2Cnl%2Cen%2Cpt%2Cde%2Cko&signature=E237C71E5F939FE1D1D31A15362DEEBC0CE6BE5C.EFAFDBF16AA6566D3CC31C97604F92E150D4BDE0&v=Go2aLo7ZOlU&sparams=asr_langs%2Ccaps%2Cv%2Cxoaf%2Cxorp%2Cexpire&xorp=True&caps=asr&hl=en&expire=1544701181&xoaf=1&kind=asr&lang=en&tlang=st&fmt=ttml", "ext": "ttml"}, {"url": "https://www.youtube.com/api/timedtext?key=yttt1&asr_langs=it%2Cfr%2Ces%2Cru%2Cja%2Cnl%2Cen%2Cpt%2Cde%2Cko&signature=E237C71E5F939FE1D1D31A15362DEEBC0CE6BE5C.EFAFDBF16AA6566D3CC31C97604F92E150D4BDE0&v=Go2aLo7ZOlU&sparams=asr_langs%2Ccaps%2Cv%2Cxoaf%2Cxorp%2Cexpire&xorp=True&caps=asr&hl=en&expire=1544701181&xoaf=1&kind=asr&lang=en&tlang=st&fmt=vtt", "ext": "vtt"}], "es": [{"url": "https://www.youtube.com/api/timedtext?key=yttt1&asr_langs=it%2Cfr%2Ces%2Cru%2Cja%2Cnl%2Cen%2Cpt%2Cde%2Cko&signature=E237C71E5F939FE1D1D31A15362DEEBC0CE6BE5C.EFAFDBF16AA6566D3CC31C97604F92E150D4BDE0&v=Go2aLo7ZOlU&sparams=asr_langs%2Ccaps%2Cv%2Cxoaf%2Cxorp%2Cexpire&xorp=True&caps=asr&hl=en&expire=1544701181&xoaf=1&kind=asr&lang=en&tlang=es&fmt=ttml", "ext": "ttml"}, {"url": "https://www.youtube.com/api/timedtext?key=yttt1&asr_langs=it%2Cfr%2Ces%2Cru%2Cja%2Cnl%2Cen%2Cpt%2Cde%2Cko&signature=E237C71E5F939FE1D1D31A15362DEEBC0CE6BE5C.EFAFDBF16AA6566D3CC31C97604F92E150D4BDE0&v=Go2aLo7ZOlU&sparams=asr_langs%2Ccaps%2Cv%2Cxoaf%2Cxorp%2Cexpire&xorp=True&caps=asr&hl=en&expire=1544701181&xoaf=1&kind=asr&lang=en&tlang=es&fmt=vtt", "ext": "vtt"}], "su": [{"url": "https://www.youtube.com/api/timedtext?key=yttt1&asr_langs=it%2Cfr%2Ces%2Cru%2Cja%2Cnl%2Cen%2Cpt%2Cde%2Cko&signature=E237C71E5F939FE1D1D31A15362DEEBC0CE6BE5C.EFAFDBF16AA6566D3CC31C97604F92E150D4BDE0&v=Go2aLo7ZOlU&sparams=asr_langs%2Ccaps%2Cv%2Cxoaf%2Cxorp%2Cexpire&xorp=True&caps=asr&hl=en&expire=1544701181&xoaf=1&kind=asr&lang=en&tlang=su&fmt=ttml", "ext": "ttml"}, {"url": "https://www.youtube.com/api/timedtext?key=yttt1&asr_langs=it%2Cfr%2Ces%2Cru%2Cja%2Cnl%2Cen%2Cpt%2Cde%2Cko&signature=E237C71E5F939FE1D1D31A15362DEEBC0CE6BE5C.EFAFDBF16AA6566D3CC31C97604F92E150D4BDE0&v=Go2aLo7ZOlU&sparams=asr_langs%2Ccaps%2Cv%2Cxoaf%2Cxorp%2Cexpire&xorp=True&caps=asr&hl=en&expire=1544701181&xoaf=1&kind=asr&lang=en&tlang=su&fmt=vtt", "ext": "vtt"}], "sw": [{"url": "https://www.youtube.com/api/timedtext?key=yttt1&asr_langs=it%2Cfr%2Ces%2Cru%2Cja%2Cnl%2Cen%2Cpt%2Cde%2Cko&signature=E237C71E5F939FE1D1D31A15362DEEBC0CE6BE5C.EFAFDBF16AA6566D3CC31C97604F92E150D4BDE0&v=Go2aLo7ZOlU&sparams=asr_langs%2Ccaps%2Cv%2Cxoaf%2Cxorp%2Cexpire&xorp=True&caps=asr&hl=en&expire=1544701181&xoaf=1&kind=asr&lang=en&tlang=sw&fmt=ttml", "ext": "ttml"}, {"url": "https://www.youtube.com/api/timedtext?key=yttt1&asr_langs=it%2Cfr%2Ces%2Cru%2Cja%2Cnl%2Cen%2Cpt%2Cde%2Cko&signature=E237C71E5F939FE1D1D31A15362DEEBC0CE6BE5C.EFAFDBF16AA6566D3CC31C97604F92E150D4BDE0&v=Go2aLo7ZOlU&sparams=asr_langs%2Ccaps%2Cv%2Cxoaf%2Cxorp%2Cexpire&xorp=True&caps=asr&hl=en&expire=1544701181&xoaf=1&kind=asr&lang=en&tlang=sw&fmt=vtt", "ext": "vtt"}], "sv": [{"url": "https://www.youtube.com/api/timedtext?key=yttt1&asr_langs=it%2Cfr%2Ces%2Cru%2Cja%2Cnl%2Cen%2Cpt%2Cde%2Cko&signature=E237C71E5F939FE1D1D31A15362DEEBC0CE6BE5C.EFAFDBF16AA6566D3CC31C97604F92E150D4BDE0&v=Go2aLo7ZOlU&sparams=asr_langs%2Ccaps%2Cv%2Cxoaf%2Cxorp%2Cexpire&xorp=True&caps=asr&hl=en&expire=1544701181&xoaf=1&kind=asr&lang=en&tlang=sv&fmt=ttml", "ext": "ttml"}, {"url": "https://www.youtube.com/api/timedtext?key=yttt1&asr_langs=it%2Cfr%2Ces%2Cru%2Cja%2Cnl%2Cen%2Cpt%2Cde%2Cko&signature=E237C71E5F939FE1D1D31A15362DEEBC0CE6BE5C.EFAFDBF16AA6566D3CC31C97604F92E150D4BDE0&v=Go2aLo7ZOlU&sparams=asr_langs%2Ccaps%2Cv%2Cxoaf%2Cxorp%2Cexpire&xorp=True&caps=asr&hl=en&expire=1544701181&xoaf=1&kind=asr&lang=en&tlang=sv&fmt=vtt", "ext": "vtt"}], "tg": [{"url": "https://www.youtube.com/api/timedtext?key=yttt1&asr_langs=it%2Cfr%2Ces%2Cru%2Cja%2Cnl%2Cen%2Cpt%2Cde%2Cko&signature=E237C71E5F939FE1D1D31A15362DEEBC0CE6BE5C.EFAFDBF16AA6566D3CC31C97604F92E150D4BDE0&v=Go2aLo7ZOlU&sparams=asr_langs%2Ccaps%2Cv%2Cxoaf%2Cxorp%2Cexpire&xorp=True&caps=asr&hl=en&expire=1544701181&xoaf=1&kind=asr&lang=en&tlang=tg&fmt=ttml", "ext": "ttml"}, {"url": "https://www.youtube.com/api/timedtext?key=yttt1&asr_langs=it%2Cfr%2Ces%2Cru%2Cja%2Cnl%2Cen%2Cpt%2Cde%2Cko&signature=E237C71E5F939FE1D1D31A15362DEEBC0CE6BE5C.EFAFDBF16AA6566D3CC31C97604F92E150D4BDE0&v=Go2aLo7ZOlU&sparams=asr_langs%2Ccaps%2Cv%2Cxoaf%2Cxorp%2Cexpire&xorp=True&caps=asr&hl=en&expire=1544701181&xoaf=1&kind=asr&lang=en&tlang=tg&fmt=vtt", "ext": "vtt"}], "ta": [{"url": "https://www.youtube.com/api/timedtext?key=yttt1&asr_langs=it%2Cfr%2Ces%2Cru%2Cja%2Cnl%2Cen%2Cpt%2Cde%2Cko&signature=E237C71E5F939FE1D1D31A15362DEEBC0CE6BE5C.EFAFDBF16AA6566D3CC31C97604F92E150D4BDE0&v=Go2aLo7ZOlU&sparams=asr_langs%2Ccaps%2Cv%2Cxoaf%2Cxorp%2Cexpire&xorp=True&caps=asr&hl=en&expire=1544701181&xoaf=1&kind=asr&lang=en&tlang=ta&fmt=ttml", "ext": "ttml"}, {"url": "https://www.youtube.com/api/timedtext?key=yttt1&asr_langs=it%2Cfr%2Ces%2Cru%2Cja%2Cnl%2Cen%2Cpt%2Cde%2Cko&signature=E237C71E5F939FE1D1D31A15362DEEBC0CE6BE5C.EFAFDBF16AA6566D3CC31C97604F92E150D4BDE0&v=Go2aLo7ZOlU&sparams=asr_langs%2Ccaps%2Cv%2Cxoaf%2Cxorp%2Cexpire&xorp=True&caps=asr&hl=en&expire=1544701181&xoaf=1&kind=asr&lang=en&tlang=ta&fmt=vtt", "ext": "vtt"}], "te": [{"url": "https://www.youtube.com/api/timedtext?key=yttt1&asr_langs=it%2Cfr%2Ces%2Cru%2Cja%2Cnl%2Cen%2Cpt%2Cde%2Cko&signature=E237C71E5F939FE1D1D31A15362DEEBC0CE6BE5C.EFAFDBF16AA6566D3CC31C97604F92E150D4BDE0&v=Go2aLo7ZOlU&sparams=asr_langs%2Ccaps%2Cv%2Cxoaf%2Cxorp%2Cexpire&xorp=True&caps=asr&hl=en&expire=1544701181&xoaf=1&kind=asr&lang=en&tlang=te&fmt=ttml", "ext": "ttml"}, {"url": "https://www.youtube.com/api/timedtext?key=yttt1&asr_langs=it%2Cfr%2Ces%2Cru%2Cja%2Cnl%2Cen%2Cpt%2Cde%2Cko&signature=E237C71E5F939FE1D1D31A15362DEEBC0CE6BE5C.EFAFDBF16AA6566D3CC31C97604F92E150D4BDE0&v=Go2aLo7ZOlU&sparams=asr_langs%2Ccaps%2Cv%2Cxoaf%2Cxorp%2Cexpire&xorp=True&caps=asr&hl=en&expire=1544701181&xoaf=1&kind=asr&lang=en&tlang=te&fmt=vtt", "ext": "vtt"}], "th": [{"url": "https://www.youtube.com/api/timedtext?key=yttt1&asr_langs=it%2Cfr%2Ces%2Cru%2Cja%2Cnl%2Cen%2Cpt%2Cde%2Cko&signature=E237C71E5F939FE1D1D31A15362DEEBC0CE6BE5C.EFAFDBF16AA6566D3CC31C97604F92E150D4BDE0&v=Go2aLo7ZOlU&sparams=asr_langs%2Ccaps%2Cv%2Cxoaf%2Cxorp%2Cexpire&xorp=True&caps=asr&hl=en&expire=1544701181&xoaf=1&kind=asr&lang=en&tlang=th&fmt=ttml", "ext": "ttml"}, {"url": "https://www.youtube.com/api/timedtext?key=yttt1&asr_langs=it%2Cfr%2Ces%2Cru%2Cja%2Cnl%2Cen%2Cpt%2Cde%2Cko&signature=E237C71E5F939FE1D1D31A15362DEEBC0CE6BE5C.EFAFDBF16AA6566D3CC31C97604F92E150D4BDE0&v=Go2aLo7ZOlU&sparams=asr_langs%2Ccaps%2Cv%2Cxoaf%2Cxorp%2Cexpire&xorp=True&caps=asr&hl=en&expire=1544701181&xoaf=1&kind=asr&lang=en&tlang=th&fmt=vtt", "ext": "vtt"}], "tr": [{"url": "https://www.youtube.com/api/timedtext?key=yttt1&asr_langs=it%2Cfr%2Ces%2Cru%2Cja%2Cnl%2Cen%2Cpt%2Cde%2Cko&signature=E237C71E5F939FE1D1D31A15362DEEBC0CE6BE5C.EFAFDBF16AA6566D3CC31C97604F92E150D4BDE0&v=Go2aLo7ZOlU&sparams=asr_langs%2Ccaps%2Cv%2Cxoaf%2Cxorp%2Cexpire&xorp=True&caps=asr&hl=en&expire=1544701181&xoaf=1&kind=asr&lang=en&tlang=tr&fmt=ttml", "ext": "ttml"}, {"url": "https://www.youtube.com/api/timedtext?key=yttt1&asr_langs=it%2Cfr%2Ces%2Cru%2Cja%2Cnl%2Cen%2Cpt%2Cde%2Cko&signature=E237C71E5F939FE1D1D31A15362DEEBC0CE6BE5C.EFAFDBF16AA6566D3CC31C97604F92E150D4BDE0&v=Go2aLo7ZOlU&sparams=asr_langs%2Ccaps%2Cv%2Cxoaf%2Cxorp%2Cexpire&xorp=True&caps=asr&hl=en&expire=1544701181&xoaf=1&kind=asr&lang=en&tlang=tr&fmt=vtt", "ext": "vtt"}], "uk": [{"url": "https://www.youtube.com/api/timedtext?key=yttt1&asr_langs=it%2Cfr%2Ces%2Cru%2Cja%2Cnl%2Cen%2Cpt%2Cde%2Cko&signature=E237C71E5F939FE1D1D31A15362DEEBC0CE6BE5C.EFAFDBF16AA6566D3CC31C97604F92E150D4BDE0&v=Go2aLo7ZOlU&sparams=asr_langs%2Ccaps%2Cv%2Cxoaf%2Cxorp%2Cexpire&xorp=True&caps=asr&hl=en&expire=1544701181&xoaf=1&kind=asr&lang=en&tlang=uk&fmt=ttml", "ext": "ttml"}, {"url": "https://www.youtube.com/api/timedtext?key=yttt1&asr_langs=it%2Cfr%2Ces%2Cru%2Cja%2Cnl%2Cen%2Cpt%2Cde%2Cko&signature=E237C71E5F939FE1D1D31A15362DEEBC0CE6BE5C.EFAFDBF16AA6566D3CC31C97604F92E150D4BDE0&v=Go2aLo7ZOlU&sparams=asr_langs%2Ccaps%2Cv%2Cxoaf%2Cxorp%2Cexpire&xorp=True&caps=asr&hl=en&expire=1544701181&xoaf=1&kind=asr&lang=en&tlang=uk&fmt=vtt", "ext": "vtt"}], "ur": [{"url": "https://www.youtube.com/api/timedtext?key=yttt1&asr_langs=it%2Cfr%2Ces%2Cru%2Cja%2Cnl%2Cen%2Cpt%2Cde%2Cko&signature=E237C71E5F939FE1D1D31A15362DEEBC0CE6BE5C.EFAFDBF16AA6566D3CC31C97604F92E150D4BDE0&v=Go2aLo7ZOlU&sparams=asr_langs%2Ccaps%2Cv%2Cxoaf%2Cxorp%2Cexpire&xorp=True&caps=asr&hl=en&expire=1544701181&xoaf=1&kind=asr&lang=en&tlang=ur&fmt=ttml", "ext": "ttml"}, {"url": "https://www.youtube.com/api/timedtext?key=yttt1&asr_langs=it%2Cfr%2Ces%2Cru%2Cja%2Cnl%2Cen%2Cpt%2Cde%2Cko&signature=E237C71E5F939FE1D1D31A15362DEEBC0CE6BE5C.EFAFDBF16AA6566D3CC31C97604F92E150D4BDE0&v=Go2aLo7ZOlU&sparams=asr_langs%2Ccaps%2Cv%2Cxoaf%2Cxorp%2Cexpire&xorp=True&caps=asr&hl=en&expire=1544701181&xoaf=1&kind=asr&lang=en&tlang=ur&fmt=vtt", "ext": "vtt"}], "uz": [{"url": "https://www.youtube.com/api/timedtext?key=yttt1&asr_langs=it%2Cfr%2Ces%2Cru%2Cja%2Cnl%2Cen%2Cpt%2Cde%2Cko&signature=E237C71E5F939FE1D1D31A15362DEEBC0CE6BE5C.EFAFDBF16AA6566D3CC31C97604F92E150D4BDE0&v=Go2aLo7ZOlU&sparams=asr_langs%2Ccaps%2Cv%2Cxoaf%2Cxorp%2Cexpire&xorp=True&caps=asr&hl=en&expire=1544701181&xoaf=1&kind=asr&lang=en&tlang=uz&fmt=ttml", "ext": "ttml"}, {"url": "https://www.youtube.com/api/timedtext?key=yttt1&asr_langs=it%2Cfr%2Ces%2Cru%2Cja%2Cnl%2Cen%2Cpt%2Cde%2Cko&signature=E237C71E5F939FE1D1D31A15362DEEBC0CE6BE5C.EFAFDBF16AA6566D3CC31C97604F92E150D4BDE0&v=Go2aLo7ZOlU&sparams=asr_langs%2Ccaps%2Cv%2Cxoaf%2Cxorp%2Cexpire&xorp=True&caps=asr&hl=en&expire=1544701181&xoaf=1&kind=asr&lang=en&tlang=uz&fmt=vtt", "ext": "vtt"}], "vi": [{"url": "https://www.youtube.com/api/timedtext?key=yttt1&asr_langs=it%2Cfr%2Ces%2Cru%2Cja%2Cnl%2Cen%2Cpt%2Cde%2Cko&signature=E237C71E5F939FE1D1D31A15362DEEBC0CE6BE5C.EFAFDBF16AA6566D3CC31C97604F92E150D4BDE0&v=Go2aLo7ZOlU&sparams=asr_langs%2Ccaps%2Cv%2Cxoaf%2Cxorp%2Cexpire&xorp=True&caps=asr&hl=en&expire=1544701181&xoaf=1&kind=asr&lang=en&tlang=vi&fmt=ttml", "ext": "ttml"}, {"url": "https://www.youtube.com/api/timedtext?key=yttt1&asr_langs=it%2Cfr%2Ces%2Cru%2Cja%2Cnl%2Cen%2Cpt%2Cde%2Cko&signature=E237C71E5F939FE1D1D31A15362DEEBC0CE6BE5C.EFAFDBF16AA6566D3CC31C97604F92E150D4BDE0&v=Go2aLo7ZOlU&sparams=asr_langs%2Ccaps%2Cv%2Cxoaf%2Cxorp%2Cexpire&xorp=True&caps=asr&hl=en&expire=1544701181&xoaf=1&kind=asr&lang=en&tlang=vi&fmt=vtt", "ext": "vtt"}], "cy": [{"url": "https://www.youtube.com/api/timedtext?key=yttt1&asr_langs=it%2Cfr%2Ces%2Cru%2Cja%2Cnl%2Cen%2Cpt%2Cde%2Cko&signature=E237C71E5F939FE1D1D31A15362DEEBC0CE6BE5C.EFAFDBF16AA6566D3CC31C97604F92E150D4BDE0&v=Go2aLo7ZOlU&sparams=asr_langs%2Ccaps%2Cv%2Cxoaf%2Cxorp%2Cexpire&xorp=True&caps=asr&hl=en&expire=1544701181&xoaf=1&kind=asr&lang=en&tlang=cy&fmt=ttml", "ext": "ttml"}, {"url": "https://www.youtube.com/api/timedtext?key=yttt1&asr_langs=it%2Cfr%2Ces%2Cru%2Cja%2Cnl%2Cen%2Cpt%2Cde%2Cko&signature=E237C71E5F939FE1D1D31A15362DEEBC0CE6BE5C.EFAFDBF16AA6566D3CC31C97604F92E150D4BDE0&v=Go2aLo7ZOlU&sparams=asr_langs%2Ccaps%2Cv%2Cxoaf%2Cxorp%2Cexpire&xorp=True&caps=asr&hl=en&expire=1544701181&xoaf=1&kind=asr&lang=en&tlang=cy&fmt=vtt", "ext": "vtt"}], "fy": [{"url": "https://www.youtube.com/api/timedtext?key=yttt1&asr_langs=it%2Cfr%2Ces%2Cru%2Cja%2Cnl%2Cen%2Cpt%2Cde%2Cko&signature=E237C71E5F939FE1D1D31A15362DEEBC0CE6BE5C.EFAFDBF16AA6566D3CC31C97604F92E150D4BDE0&v=Go2aLo7ZOlU&sparams=asr_langs%2Ccaps%2Cv%2Cxoaf%2Cxorp%2Cexpire&xorp=True&caps=asr&hl=en&expire=1544701181&xoaf=1&kind=asr&lang=en&tlang=fy&fmt=ttml", "ext": "ttml"}, {"url": "https://www.youtube.com/api/timedtext?key=yttt1&asr_langs=it%2Cfr%2Ces%2Cru%2Cja%2Cnl%2Cen%2Cpt%2Cde%2Cko&signature=E237C71E5F939FE1D1D31A15362DEEBC0CE6BE5C.EFAFDBF16AA6566D3CC31C97604F92E150D4BDE0&v=Go2aLo7ZOlU&sparams=asr_langs%2Ccaps%2Cv%2Cxoaf%2Cxorp%2Cexpire&xorp=True&caps=asr&hl=en&expire=1544701181&xoaf=1&kind=asr&lang=en&tlang=fy&fmt=vtt", "ext": "vtt"}], "xh": [{"url": "https://www.youtube.com/api/timedtext?key=yttt1&asr_langs=it%2Cfr%2Ces%2Cru%2Cja%2Cnl%2Cen%2Cpt%2Cde%2Cko&signature=E237C71E5F939FE1D1D31A15362DEEBC0CE6BE5C.EFAFDBF16AA6566D3CC31C97604F92E150D4BDE0&v=Go2aLo7ZOlU&sparams=asr_langs%2Ccaps%2Cv%2Cxoaf%2Cxorp%2Cexpire&xorp=True&caps=asr&hl=en&expire=1544701181&xoaf=1&kind=asr&lang=en&tlang=xh&fmt=ttml", "ext": "ttml"}, {"url": "https://www.youtube.com/api/timedtext?key=yttt1&asr_langs=it%2Cfr%2Ces%2Cru%2Cja%2Cnl%2Cen%2Cpt%2Cde%2Cko&signature=E237C71E5F939FE1D1D31A15362DEEBC0CE6BE5C.EFAFDBF16AA6566D3CC31C97604F92E150D4BDE0&v=Go2aLo7ZOlU&sparams=asr_langs%2Ccaps%2Cv%2Cxoaf%2Cxorp%2Cexpire&xorp=True&caps=asr&hl=en&expire=1544701181&xoaf=1&kind=asr&lang=en&tlang=xh&fmt=vtt", "ext": "vtt"}], "yi": [{"url": "https://www.youtube.com/api/timedtext?key=yttt1&asr_langs=it%2Cfr%2Ces%2Cru%2Cja%2Cnl%2Cen%2Cpt%2Cde%2Cko&signature=E237C71E5F939FE1D1D31A15362DEEBC0CE6BE5C.EFAFDBF16AA6566D3CC31C97604F92E150D4BDE0&v=Go2aLo7ZOlU&sparams=asr_langs%2Ccaps%2Cv%2Cxoaf%2Cxorp%2Cexpire&xorp=True&caps=asr&hl=en&expire=1544701181&xoaf=1&kind=asr&lang=en&tlang=yi&fmt=ttml", "ext": "ttml"}, {"url": "https://www.youtube.com/api/timedtext?key=yttt1&asr_langs=it%2Cfr%2Ces%2Cru%2Cja%2Cnl%2Cen%2Cpt%2Cde%2Cko&signature=E237C71E5F939FE1D1D31A15362DEEBC0CE6BE5C.EFAFDBF16AA6566D3CC31C97604F92E150D4BDE0&v=Go2aLo7ZOlU&sparams=asr_langs%2Ccaps%2Cv%2Cxoaf%2Cxorp%2Cexpire&xorp=True&caps=asr&hl=en&expire=1544701181&xoaf=1&kind=asr&lang=en&tlang=yi&fmt=vtt", "ext": "vtt"}], "yo": [{"url": "https://www.youtube.com/api/timedtext?key=yttt1&asr_langs=it%2Cfr%2Ces%2Cru%2Cja%2Cnl%2Cen%2Cpt%2Cde%2Cko&signature=E237C71E5F939FE1D1D31A15362DEEBC0CE6BE5C.EFAFDBF16AA6566D3CC31C97604F92E150D4BDE0&v=Go2aLo7ZOlU&sparams=asr_langs%2Ccaps%2Cv%2Cxoaf%2Cxorp%2Cexpire&xorp=True&caps=asr&hl=en&expire=1544701181&xoaf=1&kind=asr&lang=en&tlang=yo&fmt=ttml", "ext": "ttml"}, {"url": "https://www.youtube.com/api/timedtext?key=yttt1&asr_langs=it%2Cfr%2Ces%2Cru%2Cja%2Cnl%2Cen%2Cpt%2Cde%2Cko&signature=E237C71E5F939FE1D1D31A15362DEEBC0CE6BE5C.EFAFDBF16AA6566D3CC31C97604F92E150D4BDE0&v=Go2aLo7ZOlU&sparams=asr_langs%2Ccaps%2Cv%2Cxoaf%2Cxorp%2Cexpire&xorp=True&caps=asr&hl=en&expire=1544701181&xoaf=1&kind=asr&lang=en&tlang=yo&fmt=vtt", "ext": "vtt"}], "zu": [{"url": "https://www.youtube.com/api/timedtext?key=yttt1&asr_langs=it%2Cfr%2Ces%2Cru%2Cja%2Cnl%2Cen%2Cpt%2Cde%2Cko&signature=E237C71E5F939FE1D1D31A15362DEEBC0CE6BE5C.EFAFDBF16AA6566D3CC31C97604F92E150D4BDE0&v=Go2aLo7ZOlU&sparams=asr_langs%2Ccaps%2Cv%2Cxoaf%2Cxorp%2Cexpire&xorp=True&caps=asr&hl=en&expire=1544701181&xoaf=1&kind=asr&lang=en&tlang=zu&fmt=ttml", "ext": "ttml"}, {"url": "https://www.youtube.com/api/timedtext?key=yttt1&asr_langs=it%2Cfr%2Ces%2Cru%2Cja%2Cnl%2Cen%2Cpt%2Cde%2Cko&signature=E237C71E5F939FE1D1D31A15362DEEBC0CE6BE5C.EFAFDBF16AA6566D3CC31C97604F92E150D4BDE0&v=Go2aLo7ZOlU&sparams=asr_langs%2Ccaps%2Cv%2Cxoaf%2Cxorp%2Cexpire&xorp=True&caps=asr&hl=en&expire=1544701181&xoaf=1&kind=asr&lang=en&tlang=zu&fmt=vtt", "ext": "vtt"}]}, "duration": 2512, "age_limit": 0, "annotations": null, "chapters": null, "webpage_url": "https://www.youtube.com/watch?v=Go2aLo7ZOlU", "view_count": 111888, "like_count": 313, "dislike_count": 5, "average_rating": 4.93710708618, "formats": [{"format_id": "171", "url": "https://r1---sn-o097znlk.googlevideo.com/videoplayback?requiressl=yes&ip=69.181.125.22&mime=audio%2Fwebm&source=youtube&mm=31%2C26&mn=sn-o097znlk%2Csn-a5mlrn7y&pl=22&id=o-AGMuRqXVoTh-pS349FM1QwUsVnw6XrVZU29GHNOtaxr2&ms=au%2Conr&mt=1544675830&mv=m&expire=1544697581&key=yt6&ei=jeIRXMOoKtelkwbn87ugCA&ipbits=0&clen=27748766&itag=171&c=WEB&initcwndbps=1953750&dur=2512.403&fvip=2&signature=8A0C5883A08071FE17DED35F836341353CAABC0B.623ECC552BD3D7454CF24D160696517D072015B8&gir=yes&sparams=clen%2Cdur%2Cei%2Cgir%2Cid%2Cinitcwndbps%2Cip%2Cipbits%2Citag%2Ckeepalive%2Clmt%2Cmime%2Cmm%2Cmn%2Cms%2Cmv%2Cpl%2Crequiressl%2Csource%2Cexpire&lmt=1400159103055430&keepalive=yes&ratebypass=yes", "player_url": "/yts/jsbin/player_ias-vflsBa1u2/en_US/base.js", "ext": "webm", "acodec": "vorbis", "format_note": "DASH audio", "abr": 128, "filesize": 27748766, "tbr": 108.659, "fps": 1, "quality": -1, "vcodec": "none", "downloader_options": {"http_chunk_size": 10485760}, "format": "171 - audio only (DASH audio)", "protocol": "https", "http_headers": {"User-Agent": "Mozilla/5.0 (X11; Linux x86_64; rv:59.0) Gecko/20100101 Firefox/59.0", "Accept-Charset": "ISO-8859-1,utf-8;q=0.7,*;q=0.7", "Accept": "text/html,application/xhtml+xml,application/xml;q=0.9,*/*;q=0.8", "Accept-Encoding": "gzip, deflate", "Accept-Language": "en-us,en;q=0.5"}}, {"format_id": "140", "url": "https://r1---sn-o097znlk.googlevideo.com/videoplayback?requiressl=yes&ip=69.181.125.22&mime=audio%2Fmp4&source=youtube&mm=31%2C26&mn=sn-o097znlk%2Csn-a5mlrn7y&pl=22&id=o-AGMuRqXVoTh-pS349FM1QwUsVnw6XrVZU29GHNOtaxr2&ms=au%2Conr&mt=1544675830&mv=m&expire=1544697581&key=yt6&ei=jeIRXMOoKtelkwbn87ugCA&ipbits=0&clen=39903739&itag=140&c=WEB&initcwndbps=1953750&dur=2512.468&fvip=2&signature=17A7B84E71454EDDE854AF29682D664F8A439011.5599A1A677448B48332819FE27FB293EDB4E33CA&gir=yes&sparams=clen%2Cdur%2Cei%2Cgir%2Cid%2Cinitcwndbps%2Cip%2Cipbits%2Citag%2Ckeepalive%2Clmt%2Cmime%2Cmm%2Cmn%2Cms%2Cmv%2Cpl%2Crequiressl%2Csource%2Cexpire&lmt=1390929656678272&keepalive=yes&ratebypass=yes", "player_url": "/yts/jsbin/player_ias-vflsBa1u2/en_US/base.js", "ext": "m4a", "format_note": "DASH audio", "acodec": "mp4a.40.2", "abr": 128, "container": "m4a_dash", "filesize": 39903739, "tbr": 130.191, "quality": -1, "vcodec": "none", "downloader_options": {"http_chunk_size": 10485760}, "format": "140 - audio only (DASH audio)", "protocol": "https", "http_headers": {"User-Agent": "Mozilla/5.0 (X11; Linux x86_64; rv:59.0) Gecko/20100101 Firefox/59.0", "Accept-Charset": "ISO-8859-1,utf-8;q=0.7,*;q=0.7", "Accept": "text/html,application/xhtml+xml,application/xml;q=0.9,*/*;q=0.8", "Accept-Encoding": "gzip, deflate", "Accept-Language": "en-us,en;q=0.5"}}, {"format_id": "160", "url": "https://r1---sn-o097znlk.googlevideo.com/videoplayback?requiressl=yes&ip=69.181.125.22&mime=video%2Fmp4&source=youtube&mm=31%2C26&mn=sn-o097znlk%2Csn-a5mlrn7y&pl=22&id=o-AGMuRqXVoTh-pS349FM1QwUsVnw6XrVZU29GHNOtaxr2&ms=au%2Conr&mt=1544675830&mv=m&expire=1544697581&key=yt6&ei=jeIRXMOoKtelkwbn87ugCA&ipbits=0&clen=35564222&itag=160&c=WEB&aitags=133%2C134%2C135%2C160&initcwndbps=1953750&dur=2512.410&fvip=2&signature=D98988B97DAE0CBD43237BBDA972BF573A94C81D.2B6D71C5F21F4EAF0DCDAAC46D3B1CC12FB8C20A&gir=yes&sparams=aitags%2Cclen%2Cdur%2Cei%2Cgir%2Cid%2Cinitcwndbps%2Cip%2Cipbits%2Citag%2Ckeepalive%2Clmt%2Cmime%2Cmm%2Cmn%2Cms%2Cmv%2Cpl%2Crequiressl%2Csource%2Cexpire&lmt=1390929658480933&keepalive=yes&ratebypass=yes", "player_url": "/yts/jsbin/player_ias-vflsBa1u2/en_US/base.js", "ext": "mp4", "height": 144, "format_note": "144p", "vcodec": "avc1.4d400c", "filesize": 35564222, "tbr": 124.055, "width": 192, "fps": 15, "quality": -1, "acodec": "none", "downloader_options": {"http_chunk_size": 10485760}, "format": "160 - 192x144 (144p)", "protocol": "https", "http_headers": {"User-Agent": "Mozilla/5.0 (X11; Linux x86_64; rv:59.0) Gecko/20100101 Firefox/59.0", "Accept-Charset": "ISO-8859-1,utf-8;q=0.7,*;q=0.7", "Accept": "text/html,application/xhtml+xml,application/xml;q=0.9,*/*;q=0.8", "Accept-Encoding": "gzip, deflate", "Accept-Language": "en-us,en;q=0.5"}}, {"format_id": "133", "url": "https://r1---sn-o097znlk.googlevideo.com/videoplayback?requiressl=yes&ip=69.181.125.22&mime=video%2Fmp4&source=youtube&mm=31%2C26&mn=sn-o097znlk%2Csn-a5mlrn7y&pl=22&id=o-AGMuRqXVoTh-pS349FM1QwUsVnw6XrVZU29GHNOtaxr2&ms=au%2Conr&mt=1544675830&mv=m&expire=1544697581&key=yt6&ei=jeIRXMOoKtelkwbn87ugCA&ipbits=0&clen=76813641&itag=133&c=WEB&aitags=133%2C134%2C135%2C160&initcwndbps=1953750&dur=2512.409&fvip=2&signature=410BB4543DF17C6C17399D2653BA2708CBD47583.1812C74D286C5C13A5D311933062197E4651687B&gir=yes&sparams=aitags%2Cclen%2Cdur%2Cei%2Cgir%2Cid%2Cinitcwndbps%2Cip%2Cipbits%2Citag%2Ckeepalive%2Clmt%2Cmime%2Cmm%2Cmn%2Cms%2Cmv%2Cpl%2Crequiressl%2Csource%2Cexpire&lmt=1390929664478664&keepalive=yes&ratebypass=yes", "player_url": "/yts/jsbin/player_ias-vflsBa1u2/en_US/base.js", "ext": "mp4", "height": 240, "format_note": "240p", "vcodec": "avc1.4d400d", "filesize": 76813641, "tbr": 262.142, "width": 320, "fps": 30, "quality": -1, "acodec": "none", "downloader_options": {"http_chunk_size": 10485760}, "format": "133 - 320x240 (240p)", "protocol": "https", "http_headers": {"User-Agent": "Mozilla/5.0 (X11; Linux x86_64; rv:59.0) Gecko/20100101 Firefox/59.0", "Accept-Charset": "ISO-8859-1,utf-8;q=0.7,*;q=0.7", "Accept": "text/html,application/xhtml+xml,application/xml;q=0.9,*/*;q=0.8", "Accept-Encoding": "gzip, deflate", "Accept-Language": "en-us,en;q=0.5"}}, {"format_id": "134", "url": "https://r1---sn-o097znlk.googlevideo.com/videoplayback?requiressl=yes&ip=69.181.125.22&mime=video%2Fmp4&source=youtube&mm=31%2C26&mn=sn-o097znlk%2Csn-a5mlrn7y&pl=22&id=o-AGMuRqXVoTh-pS349FM1QwUsVnw6XrVZU29GHNOtaxr2&ms=au%2Conr&mt=1544675830&mv=m&expire=1544697581&key=yt6&ei=jeIRXMOoKtelkwbn87ugCA&ipbits=0&clen=81139765&itag=134&c=WEB&aitags=133%2C134%2C135%2C160&initcwndbps=1953750&dur=2512.409&fvip=2&signature=8293B58F804F39D8E7B6011D77DA7545ADDEF2B7.CF8CF23849AA2FB143987ACA1A7F893422D04DD4&gir=yes&sparams=aitags%2Cclen%2Cdur%2Cei%2Cgir%2Cid%2Cinitcwndbps%2Cip%2Cipbits%2Citag%2Ckeepalive%2Clmt%2Cmime%2Cmm%2Cmn%2Cms%2Cmv%2Cpl%2Crequiressl%2Csource%2Cexpire&lmt=1390929666483335&keepalive=yes&ratebypass=yes", "player_url": "/yts/jsbin/player_ias-vflsBa1u2/en_US/base.js", "ext": "mp4", "height": 360, "format_note": "360p", "vcodec": "avc1.4d401e", "filesize": 81139765, "tbr": 460.94, "width": 480, "fps": 30, "quality": -1, "acodec": "none", "downloader_options": {"http_chunk_size": 10485760}, "format": "134 - 480x360 (360p)", "protocol": "https", "http_headers": {"User-Agent": "Mozilla/5.0 (X11; Linux x86_64; rv:59.0) Gecko/20100101 Firefox/59.0", "Accept-Charset": "ISO-8859-1,utf-8;q=0.7,*;q=0.7", "Accept": "text/html,application/xhtml+xml,application/xml;q=0.9,*/*;q=0.8", "Accept-Encoding": "gzip, deflate", "Accept-Language": "en-us,en;q=0.5"}}, {"format_id": "135", "url": "https://r1---sn-o097znlk.googlevideo.com/videoplayback?requiressl=yes&ip=69.181.125.22&mime=video%2Fmp4&source=youtube&mm=31%2C26&mn=sn-o097znlk%2Csn-a5mlrn7y&pl=22&id=o-AGMuRqXVoTh-pS349FM1QwUsVnw6XrVZU29GHNOtaxr2&ms=au%2Conr&mt=1544675830&mv=m&expire=1544697581&key=yt6&ei=jeIRXMOoKtelkwbn87ugCA&ipbits=0&clen=177556720&itag=135&c=WEB&aitags=133%2C134%2C135%2C160&initcwndbps=1953750&dur=2512.409&fvip=2&signature=574FB3D0413F757246C7214E23E48F5B8CD31958.339933906C413E49DA1CA091F5F999C07CBEADA7&gir=yes&sparams=aitags%2Cclen%2Cdur%2Cei%2Cgir%2Cid%2Cinitcwndbps%2Cip%2Cipbits%2Citag%2Ckeepalive%2Clmt%2Cmime%2Cmm%2Cmn%2Cms%2Cmv%2Cpl%2Crequiressl%2Csource%2Cexpire&lmt=1390929665486081&keepalive=yes&ratebypass=yes", "player_url": "/yts/jsbin/player_ias-vflsBa1u2/en_US/base.js", "ext": "mp4", "height": 480, "format_note": "480p", "vcodec": "avc1.4d401e", "filesize": 177556720, "tbr": 1034.093, "width": 640, "fps": 30, "quality": -1, "acodec": "none", "downloader_options": {"http_chunk_size": 10485760}, "format": "135 - 640x480 (480p)", "protocol": "https", "http_headers": {"User-Agent": "Mozilla/5.0 (X11; Linux x86_64; rv:59.0) Gecko/20100101 Firefox/59.0", "Accept-Charset": "ISO-8859-1,utf-8;q=0.7,*;q=0.7", "Accept": "text/html,application/xhtml+xml,application/xml;q=0.9,*/*;q=0.8", "Accept-Encoding": "gzip, deflate", "Accept-Language": "en-us,en;q=0.5"}}, {"format_id": "17", "url": "https://r1---sn-o097znlk.googlevideo.com/videoplayback?requiressl=yes&ip=69.181.125.22&mime=video%2F3gpp&source=youtube&mm=31%2C26&mn=sn-o097znlk%2Csn-a5mlrn7y&pl=22&id=o-AGMuRqXVoTh-pS349FM1QwUsVnw6XrVZU29GHNOtaxr2&ms=au%2Conr&mt=1544675830&mv=m&expire=1544697581&key=yt6&ipbits=0&clen=25592848&itag=17&c=WEB&initcwndbps=1953750&dur=2512.817&fvip=2&signature=C5C88E10F3FD782191CA7A3906C940E5A4E03618.67697636D7A85E0D432125C66E8E9CAB3E4B7640&gir=yes&sparams=clen%2Cdur%2Cei%2Cgir%2Cid%2Cinitcwndbps%2Cip%2Cipbits%2Citag%2Clmt%2Cmime%2Cmm%2Cmn%2Cms%2Cmv%2Cpl%2Crequiressl%2Csource%2Cexpire&lmt=1390930269986248&ei=jeIRXMOoKtelkwbn87ugCA&ratebypass=yes", "player_url": "/yts/jsbin/player_ias-vflsBa1u2/en_US/base.js", "ext": "3gp", "width": 176, "height": 144, "acodec": "mp4a.40.2", "abr": 24, "vcodec": "mp4v.20.3", "resolution": "176x144", "filesize": 25592848, "format_note": "small", "format": "17 - 176x144 (small)", "protocol": "https", "http_headers": {"User-Agent": "Mozilla/5.0 (X11; Linux x86_64; rv:59.0) Gecko/20100101 Firefox/59.0", "Accept-Charset": "ISO-8859-1,utf-8;q=0.7,*;q=0.7", "Accept": "text/html,application/xhtml+xml,application/xml;q=0.9,*/*;q=0.8", "Accept-Encoding": "gzip, deflate", "Accept-Language": "en-us,en;q=0.5"}}, {"format_id": "36", "url": "https://r1---sn-o097znlk.googlevideo.com/videoplayback?requiressl=yes&ip=69.181.125.22&mime=video%2F3gpp&source=youtube&mm=31%2C26&mn=sn-o097znlk%2Csn-a5mlrn7y&pl=22&id=o-AGMuRqXVoTh-pS349FM1QwUsVnw6XrVZU29GHNOtaxr2&ms=au%2Conr&mt=1544675830&mv=m&expire=1544697581&key=yt6&ipbits=0&clen=70951654&itag=36&c=WEB&initcwndbps=1953750&dur=2512.631&fvip=2&signature=1B1E5F2424BBB4670B19136F4E19B5FBC5A1915E.1C63048F3345DB13ACA938D935BAE843B93C8F14&gir=yes&sparams=clen%2Cdur%2Cei%2Cgir%2Cid%2Cinitcwndbps%2Cip%2Cipbits%2Citag%2Clmt%2Cmime%2Cmm%2Cmn%2Cms%2Cmv%2Cpl%2Crequiressl%2Csource%2Cexpire&lmt=1426159467475152&ei=jeIRXMOoKtelkwbn87ugCA&ratebypass=yes", "player_url": "/yts/jsbin/player_ias-vflsBa1u2/en_US/base.js", "ext": "3gp", "width": 320, "acodec": "mp4a.40.2", "vcodec": "mp4v.20.3", "resolution": "320x240", "height": 240, "filesize": 70951654, "format_note": "small", "format": "36 - 320x240 (small)", "protocol": "https", "http_headers": {"User-Agent": "Mozilla/5.0 (X11; Linux x86_64; rv:59.0) Gecko/20100101 Firefox/59.0", "Accept-Charset": "ISO-8859-1,utf-8;q=0.7,*;q=0.7", "Accept": "text/html,application/xhtml+xml,application/xml;q=0.9,*/*;q=0.8", "Accept-Encoding": "gzip, deflate", "Accept-Language": "en-us,en;q=0.5"}}, {"format_id": "18", "url": "https://r1---sn-o097znlk.googlevideo.com/videoplayback?requiressl=yes&ip=69.181.125.22&mime=video%2Fmp4&source=youtube&mm=31%2C26&mn=sn-o097znlk%2Csn-a5mlrn7y&pl=22&id=o-AGMuRqXVoTh-pS349FM1QwUsVnw6XrVZU29GHNOtaxr2&ms=au%2Conr&mt=1544675830&mv=m&expire=1544697581&key=yt6&ipbits=0&ratebypass=yes&clen=137201125&itag=18&c=WEB&initcwndbps=1953750&dur=2512.468&fvip=2&signature=2E52C6ED7B28F9D7451EB0A51D2107FCEFDA4AA6.0A86D0802B30397259A521C550CE5389399C0687&gir=yes&sparams=clen%2Cdur%2Cei%2Cgir%2Cid%2Cinitcwndbps%2Cip%2Cipbits%2Citag%2Clmt%2Cmime%2Cmm%2Cmn%2Cms%2Cmv%2Cpl%2Cratebypass%2Crequiressl%2Csource%2Cexpire&lmt=1390930191932289&ei=jeIRXMOoKtelkwbn87ugCA", "player_url": "/yts/jsbin/player_ias-vflsBa1u2/en_US/base.js", "ext": "mp4", "width": 480, "height": 360, "acodec": "mp4a.40.2", "abr": 96, "vcodec": "avc1.42001E", "resolution": "480x360", "filesize": 137201125, "format_note": "medium", "quality": 1, "format": "18 - 480x360 (medium)", "protocol": "https", "http_headers": {"User-Agent": "Mozilla/5.0 (X11; Linux x86_64; rv:59.0) Gecko/20100101 Firefox/59.0", "Accept-Charset": "ISO-8859-1,utf-8;q=0.7,*;q=0.7", "Accept": "text/html,application/xhtml+xml,application/xml;q=0.9,*/*;q=0.8", "Accept-Encoding": "gzip, deflate", "Accept-Language": "en-us,en;q=0.5"}}, {"format_id": "43", "url": "https://r1---sn-o097znlk.googlevideo.com/videoplayback?requiressl=yes&ip=69.181.125.22&mime=video%2Fwebm&source=youtube&mm=31%2C26&mn=sn-o097znlk%2Csn-a5mlrn7y&pl=22&id=o-AGMuRqXVoTh-pS349FM1QwUsVnw6XrVZU29GHNOtaxr2&ms=au%2Conr&mt=1544675830&mv=m&expire=1544697581&key=yt6&ipbits=0&ratebypass=yes&clen=185211068&itag=43&c=WEB&initcwndbps=1953750&dur=0.000&fvip=2&signature=621252DDAC90FE12A0FD4BE5BBC2F34868CAE7F7.BE29B52115BC431C2FE75FC9BA841F73CCE62B3C&gir=yes&sparams=clen%2Cdur%2Cei%2Cgir%2Cid%2Cinitcwndbps%2Cip%2Cipbits%2Citag%2Clmt%2Cmime%2Cmm%2Cmn%2Cms%2Cmv%2Cpl%2Cratebypass%2Crequiressl%2Csource%2Cexpire&lmt=1298098231869086&ei=jeIRXMOoKtelkwbn87ugCA", "player_url": "/yts/jsbin/player_ias-vflsBa1u2/en_US/base.js", "ext": "webm", "width": 640, "height": 360, "acodec": "vorbis", "abr": 128, "vcodec": "vp8.0", "resolution": "640x360", "filesize": 185211068, "format_note": "medium", "quality": 1, "format": "43 - 640x360 (medium)", "protocol": "https", "http_headers": {"User-Agent": "Mozilla/5.0 (X11; Linux x86_64; rv:59.0) Gecko/20100101 Firefox/59.0", "Accept-Charset": "ISO-8859-1,utf-8;q=0.7,*;q=0.7", "Accept": "text/html,application/xhtml+xml,application/xml;q=0.9,*/*;q=0.8", "Accept-Encoding": "gzip, deflate", "Accept-Language": "en-us,en;q=0.5"}}], "is_live": null, "start_time": null, "end_time": null, "series": null, "season_number": null, "episode_number": null, "track": null, "artist": null, "extractor": "youtube", "webpage_url_basename": "Go2aLo7ZOlU", "extractor_key": "Youtube", "n_entries": 35, "playlist": "MIT 18.06 Linear Algebra, Spring 2005", "playlist_id": "PLE7DDD91010BC51F8", "playlist_title": "MIT 18.06 Linear Algebra, Spring 2005", "playlist_uploader": "MIT OpenCourseWare", "playlist_uploader_id": "MIT", "playlist_index": 34, "thumbnails": [{"url": "https://i.ytimg.com/vi/Go2aLo7ZOlU/hqdefault.jpg", "id": "0"}], "display_id": "Go2aLo7ZOlU", "format_id": "43", "url": "https://r1---sn-o097znlk.googlevideo.com/videoplayback?requiressl=yes&ip=69.181.125.22&mime=video%2Fwebm&source=youtube&mm=31%2C26&mn=sn-o097znlk%2Csn-a5mlrn7y&pl=22&id=o-AGMuRqXVoTh-pS349FM1QwUsVnw6XrVZU29GHNOtaxr2&ms=au%2Conr&mt=1544675830&mv=m&expire=1544697581&key=yt6&ipbits=0&ratebypass=yes&clen=185211068&itag=43&c=WEB&initcwndbps=1953750&dur=0.000&fvip=2&signature=621252DDAC90FE12A0FD4BE5BBC2F34868CAE7F7.BE29B52115BC431C2FE75FC9BA841F73CCE62B3C&gir=yes&sparams=clen%2Cdur%2Cei%2Cgir%2Cid%2Cinitcwndbps%2Cip%2Cipbits%2Citag%2Clmt%2Cmime%2Cmm%2Cmn%2Cms%2Cmv%2Cpl%2Cratebypass%2Crequiressl%2Csource%2Cexpire&lmt=1298098231869086&ei=jeIRXMOoKtelkwbn87ugCA", "player_url": "/yts/jsbin/player_ias-vflsBa1u2/en_US/base.js", "ext": "webm", "width": 640, "height": 360, "acodec": "vorbis", "abr": 128, "vcodec": "vp8.0", "resolution": "640x360", "filesize": 185211068, "format_note": "medium", "quality": 1, "format": "43 - 640x360 (medium)", "protocol": "https", "http_headers": {"User-Agent": "Mozilla/5.0 (X11; Linux x86_64; rv:59.0) Gecko/20100101 Firefox/59.0", "Accept-Charset": "ISO-8859-1,utf-8;q=0.7,*;q=0.7", "Accept": "text/html,application/xhtml+xml,application/xml;q=0.9,*/*;q=0.8", "Accept-Encoding": "gzip, deflate", "Accept-Language": "en-us,en;q=0.5"}, "fulltitle": "Lec 33 | MIT 18.06 Linear Algebra, Spring 2005", "_filename": "Lec 33 _ MIT 18.06 Linear Algebra, Spring 2005-Go2aLo7ZOlU.webm"}