{"id": "g8rNRwalUps", "uploader": "Artificial Intelligence - All in One", "uploader_id": "UC5zx8Owijmv-bbhAK6Z9apg", "uploader_url": "http://www.youtube.com/channel/UC5zx8Owijmv-bbhAK6Z9apg", "channel_id": "UC5zx8Owijmv-bbhAK6Z9apg", "channel_url": "http://www.youtube.com/channel/UC5zx8Owijmv-bbhAK6Z9apg", "upload_date": "20160327", "license": null, "creator": null, "title": "Lecture 35 \u2014 Probabilities - Natural Language Processing | University of Michigan", "alt_title": null, "thumbnail": "https://i.ytimg.com/vi/g8rNRwalUps/hqdefault.jpg", "description": ".\nCopyright Disclaimer Under Section 107 of the Copyright Act 1976, allowance is made for \"FAIR USE\" for purposes such as criticism, comment, news reporting, teaching, scholarship, and research. Fair use is a use permitted by copyright statute that might otherwise be infringing. Non-profit, educational or personal use tips the balance in favor of fair use.\n.", "categories": ["Science & Technology"], "tags": ["Natural Language Processing", "Language Processing", "University of Michigan", "Michigan", "NLP", "Coursera", "Dragomir R. Radev", "Computational Linguistics", "Linguistics", "Information Retrieval", "Computer Science", "Video Lecture", "Video Tutorial", "Video Course", "Course", "Data Science", "Probabilities"], "subtitles": {}, "automatic_captions": {}, "duration": 1272, "age_limit": 0, "annotations": null, "chapters": null, "webpage_url": "https://www.youtube.com/watch?v=g8rNRwalUps", "view_count": 746, "like_count": 4, "dislike_count": 0, "average_rating": 5.0, "formats": [{"ext": "m4a", "format_note": "DASH audio", "acodec": "mp4a.40.5", "abr": 48, "container": "m4a_dash", "format_id": "139", "url": "https://r1---sn-n4v7knll.googlevideo.com/videoplayback/id/83cacd4706a5529b/itag/139/source/youtube/requiressl/yes/pl/22/ei/LW3wW6imL9WRkwbkg7egBw/ms/au,rdu/initcwndbps/1797500/mv/m/mm/31,29/mn/sn-n4v7knll,sn-n4v7sn7l/ratebypass/yes/mime/audio%2Fmp4/otfp/1/gir/yes/clen/7579143/lmt/1521038046947813/dur/1271.849/fvip/6/mt/1542483125/disable_polymer/true/ip/69.181.125.22/ipbits/0/expire/1542504845/sparams/ip,ipbits,expire,id,itag,source,requiressl,pl,ei,ms,initcwndbps,mv,mm,mn,ratebypass,mime,otfp,gir,clen,lmt,dur/signature/53FC24A6AE5BCC72CB0D0FED213AAEA0352186C0.72067EF0A522D428D6BAB576C2555CAFF2E9AA67/key/dg_yt0/", "manifest_url": "https://manifest.googlevideo.com/api/manifest/dash/fvip/6/id/83cacd4706a5529b/source/youtube/pl/22/ei/LW3wW6imL9WRkwbkg7egBw/requiressl/yes/hfr/all/sparams/as%2Cei%2Chfr%2Cid%2Cinitcwndbps%2Cip%2Cipbits%2Citag%2Cmm%2Cmn%2Cms%2Cmv%2Cpl%2Cplayback_host%2Crequiressl%2Csource%2Cexpire/expire/1542504845/as/fmp4_audio_clear%2Cfmp4_sd_hd_clear/signature/966708EBE619C6257B4DC35A9A51BFA74F86FF17.75424990E500420E48A637FC5089166E7661C627/ms/au%2Crdu/ipbits/0/initcwndbps/1797500/mv/m/mt/1542483125/playback_host/r1---sn-n4v7knll.googlevideo.com/itag/0/mm/31%2C29/mn/sn-n4v7knll%2Csn-n4v7sn7l/key/yt6/ip/69.181.125.22", "width": null, "height": null, "tbr": 53.523, "asr": 22050, "fps": null, "language": null, "filesize": 7579143, "vcodec": "none", "fragment_base_url": "https://r1---sn-n4v7knll.googlevideo.com/videoplayback/id/83cacd4706a5529b/itag/139/source/youtube/requiressl/yes/pl/22/ei/LW3wW6imL9WRkwbkg7egBw/ms/au,rdu/initcwndbps/1797500/mv/m/mm/31,29/mn/sn-n4v7knll,sn-n4v7sn7l/ratebypass/yes/mime/audio%2Fmp4/otfp/1/gir/yes/clen/7579143/lmt/1521038046947813/dur/1271.849/fvip/6/mt/1542483125/disable_polymer/true/ip/69.181.125.22/ipbits/0/expire/1542504845/sparams/ip,ipbits,expire,id,itag,source,requiressl,pl,ei,ms,initcwndbps,mv,mm,mn,ratebypass,mime,otfp,gir,clen,lmt,dur/signature/53FC24A6AE5BCC72CB0D0FED213AAEA0352186C0.72067EF0A522D428D6BAB576C2555CAFF2E9AA67/key/dg_yt0/", "fragments": [{"path": "range/0-593"}, {"path": "range/3686-33558", "duration": 5.016}, {"path": "range/33559-63616", "duration": 5.015}, {"path": "range/63617-93160", "duration": 4.969}, {"path": "range/93161-122991", "duration": 5.016}, {"path": "range/122992-152883", "duration": 5.015}, {"path": "range/152884-182517", "duration": 4.969}, {"path": "range/182518-212472", "duration": 5.016}, {"path": "range/212473-242240", "duration": 5.015}, {"path": "range/242241-271856", "duration": 4.969}, {"path": "range/271857-301761", "duration": 5.016}, {"path": "range/301762-331647", "duration": 5.015}, {"path": "range/331648-361200", "duration": 4.969}, {"path": "range/361201-391113", "duration": 5.016}, {"path": "range/391114-420928", "duration": 5.015}, {"path": "range/420929-450484", "duration": 4.969}, {"path": "range/450485-480382", "duration": 5.016}, {"path": "range/480383-510257", "duration": 5.015}, {"path": "range/510258-539932", "duration": 4.97}, {"path": "range/539933-569747", "duration": 5.015}, {"path": "range/569748-599572", "duration": 5.016}, {"path": "range/599573-629291", "duration": 4.969}, {"path": "range/629292-659105", "duration": 5.015}, {"path": "range/659106-688955", "duration": 5.016}, {"path": "range/688956-718511", "duration": 4.969}, {"path": "range/718512-748418", "duration": 5.015}, {"path": "range/748419-778300", "duration": 5.016}, {"path": "range/778301-807978", "duration": 4.969}, {"path": "range/807979-837775", "duration": 5.015}, {"path": "range/837776-867678", "duration": 5.016}, {"path": "range/867679-897226", "duration": 4.969}, {"path": "range/897227-927077", "duration": 5.015}, {"path": "range/927078-956999", "duration": 5.016}, {"path": "range/957000-986636", "duration": 4.969}, {"path": "range/986637-1016464", "duration": 5.015}, {"path": "range/1016465-1046424", "duration": 5.016}, {"path": "range/1046425-1075919", "duration": 4.969}, {"path": "range/1075920-1105842", "duration": 5.016}, {"path": "range/1105843-1135638", "duration": 5.015}, {"path": "range/1135639-1165318", "duration": 4.969}, {"path": "range/1165319-1195113", "duration": 5.016}, {"path": "range/1195114-1225008", "duration": 5.015}, {"path": "range/1225009-1254631", "duration": 4.969}, {"path": "range/1254632-1284526", "duration": 5.016}, {"path": "range/1284527-1314393", "duration": 5.015}, {"path": "range/1314394-1343939", "duration": 4.969}, {"path": "range/1343940-1373825", "duration": 5.016}, {"path": "range/1373826-1403713", "duration": 5.015}, {"path": "range/1403714-1433301", "duration": 4.969}, {"path": "range/1433302-1463189", "duration": 5.016}, {"path": "range/1463190-1493020", "duration": 5.015}, {"path": "range/1493021-1522622", "duration": 4.97}, {"path": "range/1522623-1552524", "duration": 5.015}, {"path": "range/1552525-1582412", "duration": 5.016}, {"path": "range/1582413-1611948", "duration": 4.969}, {"path": "range/1611949-1641858", "duration": 5.015}, {"path": "range/1641859-1671779", "duration": 5.016}, {"path": "range/1671780-1701362", "duration": 4.969}, {"path": "range/1701363-1731249", "duration": 5.015}, {"path": "range/1731250-1761074", "duration": 5.016}, {"path": "range/1761075-1790668", "duration": 4.969}, {"path": "range/1790669-1820575", "duration": 5.015}, {"path": "range/1820576-1850384", "duration": 5.016}, {"path": "range/1850385-1879972", "duration": 4.969}, {"path": "range/1879973-1909859", "duration": 5.015}, {"path": "range/1909860-1939803", "duration": 5.016}, {"path": "range/1939804-1969420", "duration": 4.969}, {"path": "range/1969421-1999212", "duration": 5.015}, {"path": "range/1999213-2029080", "duration": 5.016}, {"path": "range/2029081-2058675", "duration": 4.969}, {"path": "range/2058676-2088544", "duration": 5.016}, {"path": "range/2088545-2118500", "duration": 5.015}, {"path": "range/2118501-2148020", "duration": 4.969}, {"path": "range/2148021-2177885", "duration": 5.016}, {"path": "range/2177886-2207774", "duration": 5.015}, {"path": "range/2207775-2237345", "duration": 4.969}, {"path": "range/2237346-2267246", "duration": 5.016}, {"path": "range/2267247-2297090", "duration": 5.015}, {"path": "range/2297091-2326741", "duration": 4.969}, {"path": "range/2326742-2356587", "duration": 5.016}, {"path": "range/2356588-2386497", "duration": 5.015}, {"path": "range/2386498-2416070", "duration": 4.969}, {"path": "range/2416071-2446001", "duration": 5.016}, {"path": "range/2446002-2475819", "duration": 5.015}, {"path": "range/2475820-2505376", "duration": 4.97}, {"path": "range/2505377-2535289", "duration": 5.015}, {"path": "range/2535290-2565150", "duration": 5.016}, {"path": "range/2565151-2594736", "duration": 4.969}, {"path": "range/2594737-2624706", "duration": 5.015}, {"path": "range/2624707-2654480", "duration": 5.016}, {"path": "range/2654481-2684071", "duration": 4.969}, {"path": "range/2684072-2713960", "duration": 5.015}, {"path": "range/2713961-2743851", "duration": 5.016}, {"path": "range/2743852-2773447", "duration": 4.969}, {"path": "range/2773448-2803293", "duration": 5.015}, {"path": "range/2803294-2833177", "duration": 5.016}, {"path": "range/2833178-2862792", "duration": 4.969}, {"path": "range/2862793-2892712", "duration": 5.015}, {"path": "range/2892713-2922510", "duration": 5.016}, {"path": "range/2922511-2952152", "duration": 4.969}, {"path": "range/2952153-2981986", "duration": 5.015}, {"path": "range/2981987-3011900", "duration": 5.016}, {"path": "range/3011901-3041477", "duration": 4.969}, {"path": "range/3041478-3071472", "duration": 5.016}, {"path": "range/3071473-3101232", "duration": 5.015}, {"path": "range/3101233-3130882", "duration": 4.969}, {"path": "range/3130883-3160716", "duration": 5.016}, {"path": "range/3160717-3190579", "duration": 5.015}, {"path": "range/3190580-3220161", "duration": 4.969}, {"path": "range/3220162-3250052", "duration": 5.016}, {"path": "range/3250053-3279883", "duration": 5.015}, {"path": "range/3279884-3309497", "duration": 4.969}, {"path": "range/3309498-3339439", "duration": 5.016}, {"path": "range/3339440-3369266", "duration": 5.015}, {"path": "range/3369267-3398844", "duration": 4.969}, {"path": "range/3398845-3428711", "duration": 5.016}, {"path": "range/3428712-3458649", "duration": 5.015}, {"path": "range/3458650-3488256", "duration": 4.97}, {"path": "range/3488257-3518080", "duration": 5.015}, {"path": "range/3518081-3547921", "duration": 5.016}, {"path": "range/3547922-3577524", "duration": 4.969}, {"path": "range/3577525-3607390", "duration": 5.015}, {"path": "range/3607391-3637284", "duration": 5.016}, {"path": "range/3637285-3666881", "duration": 4.969}, {"path": "range/3666882-3696743", "duration": 5.015}, {"path": "range/3696744-3726657", "duration": 5.016}, {"path": "range/3726658-3756228", "duration": 4.969}, {"path": "range/3756229-3786149", "duration": 5.015}, {"path": "range/3786150-3815955", "duration": 5.016}, {"path": "range/3815956-3845593", "duration": 4.969}, {"path": "range/3845594-3875444", "duration": 5.015}, {"path": "range/3875445-3905319", "duration": 5.016}, {"path": "range/3905320-3934903", "duration": 4.969}, {"path": "range/3934904-3964814", "duration": 5.015}, {"path": "range/3964815-3994713", "duration": 5.016}, {"path": "range/3994714-4024248", "duration": 4.969}, {"path": "range/4024249-4054156", "duration": 5.016}, {"path": "range/4054157-4084010", "duration": 5.015}, {"path": "range/4084011-4113690", "duration": 4.969}, {"path": "range/4113691-4143522", "duration": 5.016}, {"path": "range/4143523-4173409", "duration": 5.015}, {"path": "range/4173410-4202989", "duration": 4.969}, {"path": "range/4202990-4232837", "duration": 5.016}, {"path": "range/4232838-4262722", "duration": 5.015}, {"path": "range/4262723-4292261", "duration": 4.969}, {"path": "range/4292262-4322136", "duration": 5.016}, {"path": "range/4322137-4352049", "duration": 5.015}, {"path": "range/4352050-4381650", "duration": 4.969}, {"path": "range/4381651-4411503", "duration": 5.016}, {"path": "range/4411504-4441459", "duration": 5.015}, {"path": "range/4441460-4470946", "duration": 4.969}, {"path": "range/4470947-4500823", "duration": 5.016}, {"path": "range/4500824-4530732", "duration": 5.016}, {"path": "range/4530733-4560304", "duration": 4.969}, {"path": "range/4560305-4590198", "duration": 5.015}, {"path": "range/4590199-4620026", "duration": 5.016}, {"path": "range/4620027-4649697", "duration": 4.969}, {"path": "range/4649698-4679546", "duration": 5.015}, {"path": "range/4679547-4709414", "duration": 5.016}, {"path": "range/4709415-4739090", "duration": 4.969}, {"path": "range/4739091-4768888", "duration": 5.015}, {"path": "range/4768889-4798735", "duration": 5.016}, {"path": "range/4798736-4828404", "duration": 4.969}, {"path": "range/4828405-4858246", "duration": 5.015}, {"path": "range/4858247-4888082", "duration": 5.016}, {"path": "range/4888083-4917656", "duration": 4.969}, {"path": "range/4917657-4947692", "duration": 5.015}, {"path": "range/4947693-4977471", "duration": 5.016}, {"path": "range/4977472-5007050", "duration": 4.969}, {"path": "range/5007051-5036874", "duration": 5.016}, {"path": "range/5036875-5066739", "duration": 5.015}, {"path": "range/5066740-5096385", "duration": 4.969}, {"path": "range/5096386-5126240", "duration": 5.016}, {"path": "range/5126241-5156127", "duration": 5.015}, {"path": "range/5156128-5185692", "duration": 4.969}, {"path": "range/5185693-5215589", "duration": 5.016}, {"path": "range/5215590-5245499", "duration": 5.015}, {"path": "range/5245500-5275059", "duration": 4.969}, {"path": "range/5275060-5304958", "duration": 5.016}, {"path": "range/5304959-5334818", "duration": 5.015}, {"path": "range/5334819-5364405", "duration": 4.969}, {"path": "range/5364406-5394390", "duration": 5.016}, {"path": "range/5394391-5424151", "duration": 5.015}, {"path": "range/5424152-5453795", "duration": 4.969}, {"path": "range/5453796-5483658", "duration": 5.016}, {"path": "range/5483659-5513510", "duration": 5.016}, {"path": "range/5513511-5543111", "duration": 4.969}, {"path": "range/5543112-5572958", "duration": 5.015}, {"path": "range/5572959-5602879", "duration": 5.016}, {"path": "range/5602880-5632468", "duration": 4.969}, {"path": "range/5632469-5662410", "duration": 5.015}, {"path": "range/5662411-5692190", "duration": 5.016}, {"path": "range/5692191-5721833", "duration": 4.969}, {"path": "range/5721834-5751653", "duration": 5.015}, {"path": "range/5751654-5781585", "duration": 5.016}, {"path": "range/5781586-5811124", "duration": 4.969}, {"path": "range/5811125-5840992", "duration": 5.015}, {"path": "range/5840993-5870857", "duration": 5.016}, {"path": "range/5870858-5900466", "duration": 4.969}, {"path": "range/5900467-5930334", "duration": 5.015}, {"path": "range/5930335-5960272", "duration": 5.016}, {"path": "range/5960273-5989769", "duration": 4.969}, {"path": "range/5989770-6019711", "duration": 5.016}, {"path": "range/6019712-6049614", "duration": 5.015}, {"path": "range/6049615-6079156", "duration": 4.969}, {"path": "range/6079157-6109046", "duration": 5.016}, {"path": "range/6109047-6138885", "duration": 5.015}, {"path": "range/6138886-6168563", "duration": 4.969}, {"path": "range/6168564-6198358", "duration": 5.016}, {"path": "range/6198359-6228258", "duration": 5.015}, {"path": "range/6228259-6257896", "duration": 4.969}, {"path": "range/6257897-6287770", "duration": 5.016}, {"path": "range/6287771-6317583", "duration": 5.015}, {"path": "range/6317584-6347270", "duration": 4.969}, {"path": "range/6347271-6377095", "duration": 5.016}, {"path": "range/6377096-6406961", "duration": 5.015}, {"path": "range/6406962-6436596", "duration": 4.969}, {"path": "range/6436597-6466413", "duration": 5.016}, {"path": "range/6466414-6496330", "duration": 5.016}, {"path": "range/6496331-6525943", "duration": 4.969}, {"path": "range/6525944-6555740", "duration": 5.015}, {"path": "range/6555741-6585586", "duration": 5.016}, {"path": "range/6585587-6615282", "duration": 4.969}, {"path": "range/6615283-6645068", "duration": 5.015}, {"path": "range/6645069-6675013", "duration": 5.016}, {"path": "range/6675014-6704594", "duration": 4.969}, {"path": "range/6704595-6734433", "duration": 5.015}, {"path": "range/6734434-6764325", "duration": 5.016}, {"path": "range/6764326-6793870", "duration": 4.969}, {"path": "range/6793871-6823813", "duration": 5.015}, {"path": "range/6823814-6853715", "duration": 5.016}, {"path": "range/6853716-6883310", "duration": 4.969}, {"path": "range/6883311-6913176", "duration": 5.015}, {"path": "range/6913177-6943047", "duration": 5.016}, {"path": "range/6943048-6972629", "duration": 4.969}, {"path": "range/6972630-7002468", "duration": 5.016}, {"path": "range/7002469-7032312", "duration": 5.015}, {"path": "range/7032313-7061990", "duration": 4.969}, {"path": "range/7061991-7091818", "duration": 5.016}, {"path": "range/7091819-7121672", "duration": 5.015}, {"path": "range/7121673-7151257", "duration": 4.969}, {"path": "range/7151258-7181135", "duration": 5.016}, {"path": "range/7181136-7211042", "duration": 5.015}, {"path": "range/7211043-7240681", "duration": 4.969}, {"path": "range/7240682-7270528", "duration": 5.016}, {"path": "range/7270529-7300423", "duration": 5.015}, {"path": "range/7300424-7329969", "duration": 4.969}, {"path": "range/7329970-7359833", "duration": 5.016}, {"path": "range/7359834-7389783", "duration": 5.015}, {"path": "range/7389784-7419305", "duration": 4.969}, {"path": "range/7419306-7449169", "duration": 5.016}, {"path": "range/7449170-7479031", "duration": 5.015}, {"path": "range/7479032-7508722", "duration": 4.97}, {"path": "range/7508723-7538538", "duration": 5.015}, {"path": "range/7538539-7568403", "duration": 5.016}, {"path": "range/7568404-7579142", "duration": 1.811}], "protocol": "http_dash_segments", "format": "139 - audio only (DASH audio)", "http_headers": {"User-Agent": "Mozilla/5.0 (X11; Linux x86_64; rv:59.0) Gecko/20100101 Firefox/59.0", "Accept-Charset": "ISO-8859-1,utf-8;q=0.7,*;q=0.7", "Accept": "text/html,application/xhtml+xml,application/xml;q=0.9,*/*;q=0.8", "Accept-Encoding": "gzip, deflate", "Accept-Language": "en-us,en;q=0.5"}}, {"ext": "m4a", "format_note": "DASH audio", "acodec": "mp4a.40.2", "abr": 128, "container": "m4a_dash", "format_id": "140", "url": "https://r1---sn-n4v7knll.googlevideo.com/videoplayback/id/83cacd4706a5529b/itag/140/source/youtube/requiressl/yes/pl/22/ei/LW3wW6imL9WRkwbkg7egBw/ms/au,rdu/initcwndbps/1797500/mv/m/mm/31,29/mn/sn-n4v7knll,sn-n4v7sn7l/ratebypass/yes/mime/audio%2Fmp4/otfp/1/gir/yes/clen/15127528/lmt/1521038047978757/dur/1271.803/fvip/6/mt/1542483125/disable_polymer/true/ip/69.181.125.22/ipbits/0/expire/1542504845/sparams/ip,ipbits,expire,id,itag,source,requiressl,pl,ei,ms,initcwndbps,mv,mm,mn,ratebypass,mime,otfp,gir,clen,lmt,dur/signature/10CFB01D5B8CD6E645083459BA8C62D5DE5582ED.41A19868653C9EF0CDC611C22B56AA32D8153932/key/dg_yt0/", "manifest_url": "https://manifest.googlevideo.com/api/manifest/dash/fvip/6/id/83cacd4706a5529b/source/youtube/pl/22/ei/LW3wW6imL9WRkwbkg7egBw/requiressl/yes/hfr/all/sparams/as%2Cei%2Chfr%2Cid%2Cinitcwndbps%2Cip%2Cipbits%2Citag%2Cmm%2Cmn%2Cms%2Cmv%2Cpl%2Cplayback_host%2Crequiressl%2Csource%2Cexpire/expire/1542504845/as/fmp4_audio_clear%2Cfmp4_sd_hd_clear/signature/966708EBE619C6257B4DC35A9A51BFA74F86FF17.75424990E500420E48A637FC5089166E7661C627/ms/au%2Crdu/ipbits/0/initcwndbps/1797500/mv/m/mt/1542483125/playback_host/r1---sn-n4v7knll.googlevideo.com/itag/0/mm/31%2C29/mn/sn-n4v7knll%2Csn-n4v7sn7l/key/yt6/ip/69.181.125.22", "width": null, "height": null, "tbr": 100.998, "asr": 44100, "fps": null, "language": null, "filesize": 15127528, "vcodec": "none", "fragment_base_url": "https://r1---sn-n4v7knll.googlevideo.com/videoplayback/id/83cacd4706a5529b/itag/140/source/youtube/requiressl/yes/pl/22/ei/LW3wW6imL9WRkwbkg7egBw/ms/au,rdu/initcwndbps/1797500/mv/m/mm/31,29/mn/sn-n4v7knll,sn-n4v7sn7l/ratebypass/yes/mime/audio%2Fmp4/otfp/1/gir/yes/clen/15127528/lmt/1521038047978757/dur/1271.803/fvip/6/mt/1542483125/disable_polymer/true/ip/69.181.125.22/ipbits/0/expire/1542504845/sparams/ip,ipbits,expire,id,itag,source,requiressl,pl,ei,ms,initcwndbps,mv,mm,mn,ratebypass,mime,otfp,gir,clen,lmt,dur/signature/10CFB01D5B8CD6E645083459BA8C62D5DE5582ED.41A19868653C9EF0CDC611C22B56AA32D8153932/key/dg_yt0/", "fragments": [{"path": "range/0-591"}, {"path": "range/3684-63325", "duration": 5.016}, {"path": "range/63326-122842", "duration": 5.015}, {"path": "range/122843-182186", "duration": 4.969}, {"path": "range/182187-241776", "duration": 5.016}, {"path": "range/241777-301194", "duration": 5.015}, {"path": "range/301195-360526", "duration": 4.969}, {"path": "range/360527-420210", "duration": 5.016}, {"path": "range/420211-479522", "duration": 5.015}, {"path": "range/479523-538966", "duration": 4.969}, {"path": "range/538967-598639", "duration": 5.016}, {"path": "range/598640-657945", "duration": 5.015}, {"path": "range/657946-717251", "duration": 4.969}, {"path": "range/717252-776942", "duration": 5.016}, {"path": "range/776943-836328", "duration": 5.015}, {"path": "range/836329-895701", "duration": 4.969}, {"path": "range/895702-955287", "duration": 5.016}, {"path": "range/955288-1014684", "duration": 5.015}, {"path": "range/1014685-1074075", "duration": 4.97}, {"path": "range/1074076-1133668", "duration": 5.015}, {"path": "range/1133669-1193035", "duration": 5.016}, {"path": "range/1193036-1252445", "duration": 4.969}, {"path": "range/1252446-1312043", "duration": 5.015}, {"path": "range/1312044-1371413", "duration": 5.016}, {"path": "range/1371414-1430766", "duration": 4.969}, {"path": "range/1430767-1490427", "duration": 5.015}, {"path": "range/1490428-1549810", "duration": 5.016}, {"path": "range/1549811-1609151", "duration": 4.969}, {"path": "range/1609152-1668783", "duration": 5.015}, {"path": "range/1668784-1728152", "duration": 5.016}, {"path": "range/1728153-1787572", "duration": 4.969}, {"path": "range/1787573-1847229", "duration": 5.015}, {"path": "range/1847230-1906595", "duration": 5.016}, {"path": "range/1906596-1966000", "duration": 4.969}, {"path": "range/1966001-2025532", "duration": 5.015}, {"path": "range/2025533-2084968", "duration": 5.016}, {"path": "range/2084969-2144301", "duration": 4.969}, {"path": "range/2144302-2203972", "duration": 5.016}, {"path": "range/2203973-2263270", "duration": 5.015}, {"path": "range/2263271-2322735", "duration": 4.969}, {"path": "range/2322736-2382372", "duration": 5.016}, {"path": "range/2382373-2441665", "duration": 5.015}, {"path": "range/2441666-2501035", "duration": 4.969}, {"path": "range/2501036-2560684", "duration": 5.016}, {"path": "range/2560685-2620053", "duration": 5.015}, {"path": "range/2620054-2679396", "duration": 4.969}, {"path": "range/2679397-2739089", "duration": 5.016}, {"path": "range/2739090-2798449", "duration": 5.015}, {"path": "range/2798450-2857785", "duration": 4.969}, {"path": "range/2857786-2917436", "duration": 5.016}, {"path": "range/2917437-2976767", "duration": 5.015}, {"path": "range/2976768-3036169", "duration": 4.97}, {"path": "range/3036170-3095816", "duration": 5.015}, {"path": "range/3095817-3155151", "duration": 5.016}, {"path": "range/3155152-3214520", "duration": 4.969}, {"path": "range/3214521-3274205", "duration": 5.015}, {"path": "range/3274206-3333561", "duration": 5.016}, {"path": "range/3333562-3392910", "duration": 4.969}, {"path": "range/3392911-3452578", "duration": 5.015}, {"path": "range/3452579-3511902", "duration": 5.016}, {"path": "range/3511903-3571289", "duration": 4.969}, {"path": "range/3571290-3630932", "duration": 5.015}, {"path": "range/3630933-3690266", "duration": 5.016}, {"path": "range/3690267-3749633", "duration": 4.969}, {"path": "range/3749634-3809272", "duration": 5.015}, {"path": "range/3809273-3868705", "duration": 5.016}, {"path": "range/3868706-3928073", "duration": 4.969}, {"path": "range/3928074-3987708", "duration": 5.015}, {"path": "range/3987709-4047077", "duration": 5.016}, {"path": "range/4047078-4106404", "duration": 4.969}, {"path": "range/4106405-4166138", "duration": 5.016}, {"path": "range/4166139-4225533", "duration": 5.015}, {"path": "range/4225534-4284752", "duration": 4.969}, {"path": "range/4284753-4344421", "duration": 5.016}, {"path": "range/4344422-4403821", "duration": 5.015}, {"path": "range/4403822-4463131", "duration": 4.969}, {"path": "range/4463132-4522774", "duration": 5.016}, {"path": "range/4522775-4582176", "duration": 5.015}, {"path": "range/4582177-4641543", "duration": 4.969}, {"path": "range/4641544-4701172", "duration": 5.016}, {"path": "range/4701173-4760557", "duration": 5.015}, {"path": "range/4760558-4819899", "duration": 4.969}, {"path": "range/4819900-4879628", "duration": 5.016}, {"path": "range/4879629-4938944", "duration": 5.015}, {"path": "range/4938945-4998287", "duration": 4.97}, {"path": "range/4998288-5057902", "duration": 5.015}, {"path": "range/5057903-5117338", "duration": 5.016}, {"path": "range/5117339-5176684", "duration": 4.969}, {"path": "range/5176685-5236274", "duration": 5.015}, {"path": "range/5236275-5295716", "duration": 5.016}, {"path": "range/5295717-5355060", "duration": 4.969}, {"path": "range/5355061-5414668", "duration": 5.015}, {"path": "range/5414669-5474031", "duration": 5.016}, {"path": "range/5474032-5533438", "duration": 4.969}, {"path": "range/5533439-5593038", "duration": 5.015}, {"path": "range/5593039-5652419", "duration": 5.016}, {"path": "range/5652420-5711758", "duration": 4.969}, {"path": "range/5711759-5771522", "duration": 5.015}, {"path": "range/5771523-5830783", "duration": 5.016}, {"path": "range/5830784-5890201", "duration": 4.969}, {"path": "range/5890202-5949784", "duration": 5.015}, {"path": "range/5949785-6009158", "duration": 5.016}, {"path": "range/6009159-6068605", "duration": 4.969}, {"path": "range/6068606-6128193", "duration": 5.016}, {"path": "range/6128194-6187528", "duration": 5.015}, {"path": "range/6187529-6246918", "duration": 4.969}, {"path": "range/6246919-6306547", "duration": 5.016}, {"path": "range/6306548-6365916", "duration": 5.015}, {"path": "range/6365917-6425286", "duration": 4.969}, {"path": "range/6425287-6484918", "duration": 5.016}, {"path": "range/6484919-6544292", "duration": 5.015}, {"path": "range/6544293-6603686", "duration": 4.969}, {"path": "range/6603687-6663310", "duration": 5.016}, {"path": "range/6663311-6722743", "duration": 5.015}, {"path": "range/6722744-6782087", "duration": 4.969}, {"path": "range/6782088-6841708", "duration": 5.016}, {"path": "range/6841709-6901069", "duration": 5.015}, {"path": "range/6901070-6960391", "duration": 4.97}, {"path": "range/6960392-7020090", "duration": 5.015}, {"path": "range/7020091-7079426", "duration": 5.016}, {"path": "range/7079427-7138773", "duration": 4.969}, {"path": "range/7138774-7198438", "duration": 5.015}, {"path": "range/7198439-7257824", "duration": 5.016}, {"path": "range/7257825-7317159", "duration": 4.969}, {"path": "range/7317160-7376777", "duration": 5.015}, {"path": "range/7376778-7436166", "duration": 5.016}, {"path": "range/7436167-7495561", "duration": 4.969}, {"path": "range/7495562-7555212", "duration": 5.015}, {"path": "range/7555213-7614523", "duration": 5.016}, {"path": "range/7614524-7673905", "duration": 4.969}, {"path": "range/7673906-7733565", "duration": 5.015}, {"path": "range/7733566-7792926", "duration": 5.016}, {"path": "range/7792927-7852318", "duration": 4.969}, {"path": "range/7852319-7911923", "duration": 5.015}, {"path": "range/7911924-7971282", "duration": 5.016}, {"path": "range/7971283-8030646", "duration": 4.969}, {"path": "range/8030647-8090306", "duration": 5.016}, {"path": "range/8090307-8149652", "duration": 5.015}, {"path": "range/8149653-8209053", "duration": 4.969}, {"path": "range/8209054-8268672", "duration": 5.016}, {"path": "range/8268673-8328043", "duration": 5.015}, {"path": "range/8328044-8387471", "duration": 4.969}, {"path": "range/8387472-8447086", "duration": 5.016}, {"path": "range/8447087-8506411", "duration": 5.015}, {"path": "range/8506412-8565799", "duration": 4.969}, {"path": "range/8565800-8625480", "duration": 5.016}, {"path": "range/8625481-8684792", "duration": 5.015}, {"path": "range/8684793-8744185", "duration": 4.969}, {"path": "range/8744186-8803793", "duration": 5.016}, {"path": "range/8803794-8863195", "duration": 5.015}, {"path": "range/8863196-8922528", "duration": 4.969}, {"path": "range/8922529-8982153", "duration": 5.016}, {"path": "range/8982154-9041539", "duration": 5.016}, {"path": "range/9041540-9100954", "duration": 4.969}, {"path": "range/9100955-9160587", "duration": 5.015}, {"path": "range/9160588-9219893", "duration": 5.016}, {"path": "range/9219894-9279395", "duration": 4.969}, {"path": "range/9279396-9338914", "duration": 5.015}, {"path": "range/9338915-9398284", "duration": 5.016}, {"path": "range/9398285-9457734", "duration": 4.969}, {"path": "range/9457735-9517350", "duration": 5.015}, {"path": "range/9517351-9576704", "duration": 5.016}, {"path": "range/9576705-9636145", "duration": 4.969}, {"path": "range/9636146-9695648", "duration": 5.015}, {"path": "range/9695649-9755035", "duration": 5.016}, {"path": "range/9755036-9814412", "duration": 4.969}, {"path": "range/9814413-9874060", "duration": 5.015}, {"path": "range/9874061-9933429", "duration": 5.016}, {"path": "range/9933430-9992785", "duration": 4.969}, {"path": "range/9992786-10052416", "duration": 5.016}, {"path": "range/10052417-10111798", "duration": 5.015}, {"path": "range/10111799-10171150", "duration": 4.969}, {"path": "range/10171151-10230828", "duration": 5.016}, {"path": "range/10230829-10290157", "duration": 5.015}, {"path": "range/10290158-10349514", "duration": 4.969}, {"path": "range/10349515-10409229", "duration": 5.016}, {"path": "range/10409230-10468576", "duration": 5.015}, {"path": "range/10468577-10527894", "duration": 4.969}, {"path": "range/10527895-10587543", "duration": 5.016}, {"path": "range/10587544-10646923", "duration": 5.015}, {"path": "range/10646924-10706318", "duration": 4.969}, {"path": "range/10706319-10766048", "duration": 5.016}, {"path": "range/10766049-10825321", "duration": 5.015}, {"path": "range/10825322-10884728", "duration": 4.969}, {"path": "range/10884729-10944416", "duration": 5.016}, {"path": "range/10944417-11003656", "duration": 5.016}, {"path": "range/11003657-11063033", "duration": 4.969}, {"path": "range/11063034-11122661", "duration": 5.015}, {"path": "range/11122662-11182126", "duration": 5.016}, {"path": "range/11182127-11241471", "duration": 4.969}, {"path": "range/11241472-11301060", "duration": 5.015}, {"path": "range/11301061-11360401", "duration": 5.016}, {"path": "range/11360402-11419795", "duration": 4.969}, {"path": "range/11419796-11479403", "duration": 5.015}, {"path": "range/11479404-11538812", "duration": 5.016}, {"path": "range/11538813-11598126", "duration": 4.969}, {"path": "range/11598127-11657775", "duration": 5.015}, {"path": "range/11657776-11717144", "duration": 5.016}, {"path": "range/11717145-11776547", "duration": 4.969}, {"path": "range/11776548-11836182", "duration": 5.015}, {"path": "range/11836183-11895579", "duration": 5.016}, {"path": "range/11895580-11954921", "duration": 4.969}, {"path": "range/11954922-12014569", "duration": 5.016}, {"path": "range/12014570-12073906", "duration": 5.015}, {"path": "range/12073907-12133357", "duration": 4.969}, {"path": "range/12133358-12192971", "duration": 5.016}, {"path": "range/12192972-12252296", "duration": 5.015}, {"path": "range/12252297-12311755", "duration": 4.969}, {"path": "range/12311756-12371321", "duration": 5.016}, {"path": "range/12371322-12430724", "duration": 5.015}, {"path": "range/12430725-12490069", "duration": 4.969}, {"path": "range/12490070-12549770", "duration": 5.016}, {"path": "range/12549771-12609009", "duration": 5.015}, {"path": "range/12609010-12668425", "duration": 4.969}, {"path": "range/12668426-12728090", "duration": 5.016}, {"path": "range/12728091-12787437", "duration": 5.015}, {"path": "range/12787438-12846813", "duration": 4.969}, {"path": "range/12846814-12906463", "duration": 5.016}, {"path": "range/12906464-12965890", "duration": 5.016}, {"path": "range/12965891-13025260", "duration": 4.969}, {"path": "range/13025261-13084802", "duration": 5.015}, {"path": "range/13084803-13144214", "duration": 5.016}, {"path": "range/13144215-13203547", "duration": 4.969}, {"path": "range/13203548-13263144", "duration": 5.015}, {"path": "range/13263145-13322595", "duration": 5.016}, {"path": "range/13322596-13381893", "duration": 4.969}, {"path": "range/13381894-13441559", "duration": 5.015}, {"path": "range/13441560-13500971", "duration": 5.016}, {"path": "range/13500972-13560258", "duration": 4.969}, {"path": "range/13560259-13619932", "duration": 5.015}, {"path": "range/13619933-13679333", "duration": 5.016}, {"path": "range/13679334-13738663", "duration": 4.969}, {"path": "range/13738664-13798311", "duration": 5.015}, {"path": "range/13798312-13857662", "duration": 5.016}, {"path": "range/13857663-13917105", "duration": 4.969}, {"path": "range/13917106-13976683", "duration": 5.016}, {"path": "range/13976684-14036044", "duration": 5.015}, {"path": "range/14036045-14095424", "duration": 4.969}, {"path": "range/14095425-14155109", "duration": 5.016}, {"path": "range/14155110-14214409", "duration": 5.015}, {"path": "range/14214410-14273775", "duration": 4.969}, {"path": "range/14273776-14333399", "duration": 5.016}, {"path": "range/14333400-14392795", "duration": 5.015}, {"path": "range/14392796-14452166", "duration": 4.969}, {"path": "range/14452167-14511811", "duration": 5.016}, {"path": "range/14511812-14571245", "duration": 5.015}, {"path": "range/14571246-14630521", "duration": 4.969}, {"path": "range/14630522-14690170", "duration": 5.016}, {"path": "range/14690171-14749606", "duration": 5.015}, {"path": "range/14749607-14808916", "duration": 4.969}, {"path": "range/14808917-14868553", "duration": 5.016}, {"path": "range/14868554-14927891", "duration": 5.015}, {"path": "range/14927892-14987296", "duration": 4.97}, {"path": "range/14987297-15046953", "duration": 5.015}, {"path": "range/15046954-15106346", "duration": 5.016}, {"path": "range/15106347-15127527", "duration": 1.811}], "protocol": "http_dash_segments", "format": "140 - audio only (DASH audio)", "http_headers": {"User-Agent": "Mozilla/5.0 (X11; Linux x86_64; rv:59.0) Gecko/20100101 Firefox/59.0", "Accept-Charset": "ISO-8859-1,utf-8;q=0.7,*;q=0.7", "Accept": "text/html,application/xhtml+xml,application/xml;q=0.9,*/*;q=0.8", "Accept-Encoding": "gzip, deflate", "Accept-Language": "en-us,en;q=0.5"}}, {"ext": "mp4", "height": 144, "format_note": "DASH video", "vcodec": "avc1.4d400b", "format_id": "160", "url": "https://r1---sn-n4v7knll.googlevideo.com/videoplayback/id/83cacd4706a5529b/itag/160/source/yt_otf/requiressl/yes/pl/22/ei/LW3wW6imL9WRkwbkg7egBw/ms/au,rdu/initcwndbps/1797500/mv/m/mm/31,29/mn/sn-n4v7knll,sn-n4v7sn7l/ratebypass/yes/mime/video%2Fmp4/otfp/1/otf/1/lmt/1459059401497005/fvip/6/mt/1542483125/disable_polymer/true/ip/69.181.125.22/ipbits/0/expire/1542504845/sparams/ip,ipbits,expire,id,itag,source,requiressl,pl,ei,ms,initcwndbps,mv,mm,mn,ratebypass,mime,otfp,otf,lmt/signature/1F90A6374A9E98DF3451AC7B38063A61E0732DAF.897434826886385046ED5AB6F2104A884C4F6F5F/key/dg_yt0/", "manifest_url": "https://manifest.googlevideo.com/api/manifest/dash/fvip/6/id/83cacd4706a5529b/source/youtube/pl/22/ei/LW3wW6imL9WRkwbkg7egBw/requiressl/yes/hfr/all/sparams/as%2Cei%2Chfr%2Cid%2Cinitcwndbps%2Cip%2Cipbits%2Citag%2Cmm%2Cmn%2Cms%2Cmv%2Cpl%2Cplayback_host%2Crequiressl%2Csource%2Cexpire/expire/1542504845/as/fmp4_audio_clear%2Cfmp4_sd_hd_clear/signature/966708EBE619C6257B4DC35A9A51BFA74F86FF17.75424990E500420E48A637FC5089166E7661C627/ms/au%2Crdu/ipbits/0/initcwndbps/1797500/mv/m/mt/1542483125/playback_host/r1---sn-n4v7knll.googlevideo.com/itag/0/mm/31%2C29/mn/sn-n4v7knll%2Csn-n4v7sn7l/key/yt6/ip/69.181.125.22", "width": 256, "tbr": 108.0, "asr": null, "fps": 30, "language": null, "filesize": null, "container": "mp4_dash", "acodec": "none", "fragment_base_url": "https://r1---sn-n4v7knll.googlevideo.com/videoplayback/id/83cacd4706a5529b/itag/160/source/yt_otf/requiressl/yes/pl/22/ei/LW3wW6imL9WRkwbkg7egBw/ms/au,rdu/initcwndbps/1797500/mv/m/mm/31,29/mn/sn-n4v7knll,sn-n4v7sn7l/ratebypass/yes/mime/video%2Fmp4/otfp/1/otf/1/lmt/1459059401497005/fvip/6/mt/1542483125/disable_polymer/true/ip/69.181.125.22/ipbits/0/expire/1542504845/sparams/ip,ipbits,expire,id,itag,source,requiressl,pl,ei,ms,initcwndbps,mv,mm,mn,ratebypass,mime,otfp,otf,lmt/signature/1F90A6374A9E98DF3451AC7B38063A61E0732DAF.897434826886385046ED5AB6F2104A884C4F6F5F/key/dg_yt0/", "fragments": [{"path": "sq/0"}, {"path": "sq/1/dur/5.339", "duration": 5.339}, {"path": "sq/2/dur/5.338", "duration": 5.338}, {"path": "sq/3/dur/5.339", "duration": 5.339}, {"path": "sq/4/dur/5.339", "duration": 5.339}, {"path": "sq/5/dur/5.338", "duration": 5.338}, {"path": "sq/6/dur/5.339", "duration": 5.339}, {"path": "sq/7/dur/5.339", "duration": 5.339}, {"path": "sq/8/dur/5.338", "duration": 5.338}, {"path": "sq/9/dur/5.339", "duration": 5.339}, {"path": "sq/10/dur/5.339", "duration": 5.339}, {"path": "sq/11/dur/5.338", "duration": 5.338}, {"path": "sq/12/dur/5.339", "duration": 5.339}, {"path": "sq/13/dur/5.339", "duration": 5.339}, {"path": "sq/14/dur/5.338", "duration": 5.338}, {"path": "sq/15/dur/5.339", "duration": 5.339}, {"path": "sq/16/dur/5.339", "duration": 5.339}, {"path": "sq/17/dur/5.338", "duration": 5.338}, {"path": "sq/18/dur/5.339", "duration": 5.339}, {"path": "sq/19/dur/5.339", "duration": 5.339}, {"path": "sq/20/dur/5.338", "duration": 5.338}, {"path": "sq/21/dur/5.339", "duration": 5.339}, {"path": "sq/22/dur/5.339", "duration": 5.339}, {"path": "sq/23/dur/5.338", "duration": 5.338}, {"path": "sq/24/dur/5.339", "duration": 5.339}, {"path": "sq/25/dur/5.339", "duration": 5.339}, {"path": "sq/26/dur/5.338", "duration": 5.338}, {"path": "sq/27/dur/5.339", "duration": 5.339}, {"path": "sq/28/dur/5.339", "duration": 5.339}, {"path": "sq/29/dur/5.338", "duration": 5.338}, {"path": "sq/30/dur/5.339", "duration": 5.339}, {"path": "sq/31/dur/5.339", "duration": 5.339}, {"path": "sq/32/dur/5.338", "duration": 5.338}, {"path": "sq/33/dur/5.339", "duration": 5.339}, {"path": "sq/34/dur/5.339", "duration": 5.339}, {"path": "sq/35/dur/5.338", "duration": 5.338}, {"path": "sq/36/dur/5.339", "duration": 5.339}, {"path": "sq/37/dur/5.339", "duration": 5.339}, {"path": "sq/38/dur/5.338", "duration": 5.338}, {"path": "sq/39/dur/5.339", "duration": 5.339}, {"path": "sq/40/dur/5.339", "duration": 5.339}, {"path": "sq/41/dur/5.338", "duration": 5.338}, {"path": "sq/42/dur/5.339", "duration": 5.339}, {"path": "sq/43/dur/5.339", "duration": 5.339}, {"path": "sq/44/dur/5.338", "duration": 5.338}, {"path": "sq/45/dur/5.339", "duration": 5.339}, {"path": "sq/46/dur/5.339", "duration": 5.339}, {"path": "sq/47/dur/5.338", "duration": 5.338}, {"path": "sq/48/dur/5.339", "duration": 5.339}, {"path": "sq/49/dur/5.339", "duration": 5.339}, {"path": "sq/50/dur/5.338", "duration": 5.338}, {"path": "sq/51/dur/5.339", "duration": 5.339}, {"path": "sq/52/dur/5.339", "duration": 5.339}, {"path": "sq/53/dur/5.338", "duration": 5.338}, {"path": "sq/54/dur/5.339", "duration": 5.339}, {"path": "sq/55/dur/5.339", "duration": 5.339}, {"path": "sq/56/dur/5.338", "duration": 5.338}, {"path": "sq/57/dur/5.339", "duration": 5.339}, {"path": "sq/58/dur/5.339", "duration": 5.339}, {"path": "sq/59/dur/5.338", "duration": 5.338}, {"path": "sq/60/dur/5.339", "duration": 5.339}, {"path": "sq/61/dur/5.339", "duration": 5.339}, {"path": "sq/62/dur/5.338", "duration": 5.338}, {"path": "sq/63/dur/5.339", "duration": 5.339}, {"path": "sq/64/dur/5.339", "duration": 5.339}, {"path": "sq/65/dur/5.338", "duration": 5.338}, {"path": "sq/66/dur/5.339", "duration": 5.339}, {"path": "sq/67/dur/5.339", "duration": 5.339}, {"path": "sq/68/dur/5.338", "duration": 5.338}, {"path": "sq/69/dur/5.339", "duration": 5.339}, {"path": "sq/70/dur/5.339", "duration": 5.339}, {"path": "sq/71/dur/5.338", "duration": 5.338}, {"path": "sq/72/dur/5.339", "duration": 5.339}, {"path": "sq/73/dur/5.339", "duration": 5.339}, {"path": "sq/74/dur/5.338", "duration": 5.338}, {"path": "sq/75/dur/5.339", "duration": 5.339}, {"path": "sq/76/dur/5.339", "duration": 5.339}, {"path": "sq/77/dur/5.338", "duration": 5.338}, {"path": "sq/78/dur/5.339", "duration": 5.339}, {"path": "sq/79/dur/5.339", "duration": 5.339}, {"path": "sq/80/dur/5.338", "duration": 5.338}, {"path": "sq/81/dur/5.339", "duration": 5.339}, {"path": "sq/82/dur/5.339", "duration": 5.339}, {"path": "sq/83/dur/5.338", "duration": 5.338}, {"path": "sq/84/dur/5.339", "duration": 5.339}, {"path": "sq/85/dur/5.339", "duration": 5.339}, {"path": "sq/86/dur/5.338", "duration": 5.338}, {"path": "sq/87/dur/5.339", "duration": 5.339}, {"path": "sq/88/dur/5.339", "duration": 5.339}, {"path": "sq/89/dur/5.338", "duration": 5.338}, {"path": "sq/90/dur/5.339", "duration": 5.339}, {"path": "sq/91/dur/5.339", "duration": 5.339}, {"path": "sq/92/dur/5.338", "duration": 5.338}, {"path": "sq/93/dur/5.339", "duration": 5.339}, {"path": "sq/94/dur/5.339", "duration": 5.339}, {"path": "sq/95/dur/5.338", "duration": 5.338}, {"path": "sq/96/dur/5.339", "duration": 5.339}, {"path": "sq/97/dur/5.339", "duration": 5.339}, {"path": "sq/98/dur/5.338", "duration": 5.338}, {"path": "sq/99/dur/5.339", "duration": 5.339}, {"path": "sq/100/dur/5.339", "duration": 5.339}, {"path": "sq/101/dur/5.338", "duration": 5.338}, {"path": "sq/102/dur/5.339", "duration": 5.339}, {"path": "sq/103/dur/5.339", "duration": 5.339}, {"path": "sq/104/dur/5.338", "duration": 5.338}, {"path": "sq/105/dur/5.339", "duration": 5.339}, {"path": "sq/106/dur/5.339", "duration": 5.339}, {"path": "sq/107/dur/5.338", "duration": 5.338}, {"path": "sq/108/dur/5.339", "duration": 5.339}, {"path": "sq/109/dur/5.339", "duration": 5.339}, {"path": "sq/110/dur/5.338", "duration": 5.338}, {"path": "sq/111/dur/5.339", "duration": 5.339}, {"path": "sq/112/dur/5.339", "duration": 5.339}, {"path": "sq/113/dur/5.338", "duration": 5.338}, {"path": "sq/114/dur/5.339", "duration": 5.339}, {"path": "sq/115/dur/5.339", "duration": 5.339}, {"path": "sq/116/dur/5.338", "duration": 5.338}, {"path": "sq/117/dur/5.339", "duration": 5.339}, {"path": "sq/118/dur/5.339", "duration": 5.339}, {"path": "sq/119/dur/5.338", "duration": 5.338}, {"path": "sq/120/dur/5.339", "duration": 5.339}, {"path": "sq/121/dur/5.339", "duration": 5.339}, {"path": "sq/122/dur/5.338", "duration": 5.338}, {"path": "sq/123/dur/5.339", "duration": 5.339}, {"path": "sq/124/dur/5.339", "duration": 5.339}, {"path": "sq/125/dur/5.338", "duration": 5.338}, {"path": "sq/126/dur/5.339", "duration": 5.339}, {"path": "sq/127/dur/5.339", "duration": 5.339}, {"path": "sq/128/dur/5.338", "duration": 5.338}, {"path": "sq/129/dur/5.339", "duration": 5.339}, {"path": "sq/130/dur/5.339", "duration": 5.339}, {"path": "sq/131/dur/5.338", "duration": 5.338}, {"path": "sq/132/dur/5.339", "duration": 5.339}, {"path": "sq/133/dur/5.339", "duration": 5.339}, {"path": "sq/134/dur/5.338", "duration": 5.338}, {"path": "sq/135/dur/5.339", "duration": 5.339}, {"path": "sq/136/dur/5.339", "duration": 5.339}, {"path": "sq/137/dur/5.338", "duration": 5.338}, {"path": "sq/138/dur/5.339", "duration": 5.339}, {"path": "sq/139/dur/5.339", "duration": 5.339}, {"path": "sq/140/dur/5.338", "duration": 5.338}, {"path": "sq/141/dur/5.339", "duration": 5.339}, {"path": "sq/142/dur/5.339", "duration": 5.339}, {"path": "sq/143/dur/5.338", "duration": 5.338}, {"path": "sq/144/dur/5.339", "duration": 5.339}, {"path": "sq/145/dur/5.339", "duration": 5.339}, {"path": "sq/146/dur/5.338", "duration": 5.338}, {"path": "sq/147/dur/5.339", "duration": 5.339}, {"path": "sq/148/dur/5.339", "duration": 5.339}, {"path": "sq/149/dur/5.338", "duration": 5.338}, {"path": "sq/150/dur/5.339", "duration": 5.339}, {"path": "sq/151/dur/5.339", "duration": 5.339}, {"path": "sq/152/dur/5.338", "duration": 5.338}, {"path": "sq/153/dur/5.339", "duration": 5.339}, {"path": "sq/154/dur/5.339", "duration": 5.339}, {"path": "sq/155/dur/5.338", "duration": 5.338}, {"path": "sq/156/dur/5.339", "duration": 5.339}, {"path": "sq/157/dur/5.339", "duration": 5.339}, {"path": "sq/158/dur/5.338", "duration": 5.338}, {"path": "sq/159/dur/5.339", "duration": 5.339}, {"path": "sq/160/dur/5.339", "duration": 5.339}, {"path": "sq/161/dur/5.338", "duration": 5.338}, {"path": "sq/162/dur/5.339", "duration": 5.339}, {"path": "sq/163/dur/5.339", "duration": 5.339}, {"path": "sq/164/dur/5.338", "duration": 5.338}, {"path": "sq/165/dur/5.339", "duration": 5.339}, {"path": "sq/166/dur/5.339", "duration": 5.339}, {"path": "sq/167/dur/5.338", "duration": 5.338}, {"path": "sq/168/dur/5.339", "duration": 5.339}, {"path": "sq/169/dur/5.339", "duration": 5.339}, {"path": "sq/170/dur/5.338", "duration": 5.338}, {"path": "sq/171/dur/5.339", "duration": 5.339}, {"path": "sq/172/dur/5.339", "duration": 5.339}, {"path": "sq/173/dur/5.338", "duration": 5.338}, {"path": "sq/174/dur/5.339", "duration": 5.339}, {"path": "sq/175/dur/5.339", "duration": 5.339}, {"path": "sq/176/dur/5.338", "duration": 5.338}, {"path": "sq/177/dur/5.339", "duration": 5.339}, {"path": "sq/178/dur/5.339", "duration": 5.339}, {"path": "sq/179/dur/5.338", "duration": 5.338}, {"path": "sq/180/dur/5.339", "duration": 5.339}, {"path": "sq/181/dur/5.339", "duration": 5.339}, {"path": "sq/182/dur/5.338", "duration": 5.338}, {"path": "sq/183/dur/5.339", "duration": 5.339}, {"path": "sq/184/dur/5.339", "duration": 5.339}, {"path": "sq/185/dur/5.338", "duration": 5.338}, {"path": "sq/186/dur/5.339", "duration": 5.339}, {"path": "sq/187/dur/5.339", "duration": 5.339}, {"path": "sq/188/dur/5.338", "duration": 5.338}, {"path": "sq/189/dur/5.339", "duration": 5.339}, {"path": "sq/190/dur/5.339", "duration": 5.339}, {"path": "sq/191/dur/5.338", "duration": 5.338}, {"path": "sq/192/dur/5.339", "duration": 5.339}, {"path": "sq/193/dur/5.339", "duration": 5.339}, {"path": "sq/194/dur/5.338", "duration": 5.338}, {"path": "sq/195/dur/5.339", "duration": 5.339}, {"path": "sq/196/dur/5.339", "duration": 5.339}, {"path": "sq/197/dur/5.338", "duration": 5.338}, {"path": "sq/198/dur/5.339", "duration": 5.339}, {"path": "sq/199/dur/5.339", "duration": 5.339}, {"path": "sq/200/dur/5.338", "duration": 5.338}, {"path": "sq/201/dur/5.339", "duration": 5.339}, {"path": "sq/202/dur/5.339", "duration": 5.339}, {"path": "sq/203/dur/5.338", "duration": 5.338}, {"path": "sq/204/dur/5.339", "duration": 5.339}, {"path": "sq/205/dur/5.339", "duration": 5.339}, {"path": "sq/206/dur/5.338", "duration": 5.338}, {"path": "sq/207/dur/5.339", "duration": 5.339}, {"path": "sq/208/dur/5.339", "duration": 5.339}, {"path": "sq/209/dur/5.338", "duration": 5.338}, {"path": "sq/210/dur/5.339", "duration": 5.339}, {"path": "sq/211/dur/5.339", "duration": 5.339}, {"path": "sq/212/dur/5.338", "duration": 5.338}, {"path": "sq/213/dur/5.339", "duration": 5.339}, {"path": "sq/214/dur/5.339", "duration": 5.339}, {"path": "sq/215/dur/5.338", "duration": 5.338}, {"path": "sq/216/dur/5.339", "duration": 5.339}, {"path": "sq/217/dur/5.339", "duration": 5.339}, {"path": "sq/218/dur/5.338", "duration": 5.338}, {"path": "sq/219/dur/5.339", "duration": 5.339}, {"path": "sq/220/dur/5.339", "duration": 5.339}, {"path": "sq/221/dur/5.338", "duration": 5.338}, {"path": "sq/222/dur/5.339", "duration": 5.339}, {"path": "sq/223/dur/5.339", "duration": 5.339}, {"path": "sq/224/dur/5.338", "duration": 5.338}, {"path": "sq/225/dur/5.339", "duration": 5.339}, {"path": "sq/226/dur/5.339", "duration": 5.339}, {"path": "sq/227/dur/5.338", "duration": 5.338}, {"path": "sq/228/dur/5.339", "duration": 5.339}, {"path": "sq/229/dur/5.339", "duration": 5.339}, {"path": "sq/230/dur/5.338", "duration": 5.338}, {"path": "sq/231/dur/5.339", "duration": 5.339}, {"path": "sq/232/dur/5.339", "duration": 5.339}, {"path": "sq/233/dur/5.338", "duration": 5.338}, {"path": "sq/234/dur/5.339", "duration": 5.339}, {"path": "sq/235/dur/5.339", "duration": 5.339}, {"path": "sq/236/dur/5.338", "duration": 5.338}, {"path": "sq/237/dur/5.339", "duration": 5.339}, {"path": "sq/238/dur/5.339", "duration": 5.339}, {"path": "sq/239/dur/1.101", "duration": 1.101}], "protocol": "http_dash_segments", "format": "160 - 256x144 (DASH video)", "http_headers": {"User-Agent": "Mozilla/5.0 (X11; Linux x86_64; rv:59.0) Gecko/20100101 Firefox/59.0", "Accept-Charset": "ISO-8859-1,utf-8;q=0.7,*;q=0.7", "Accept": "text/html,application/xhtml+xml,application/xml;q=0.9,*/*;q=0.8", "Accept-Encoding": "gzip, deflate", "Accept-Language": "en-us,en;q=0.5"}}, {"ext": "mp4", "height": 240, "format_note": "DASH video", "vcodec": "avc1.4d400c", "format_id": "133", "url": "https://r1---sn-n4v7knll.googlevideo.com/videoplayback/id/83cacd4706a5529b/itag/133/source/yt_otf/requiressl/yes/pl/22/ei/LW3wW6imL9WRkwbkg7egBw/ms/au,rdu/initcwndbps/1797500/mv/m/mm/31,29/mn/sn-n4v7knll,sn-n4v7sn7l/ratebypass/yes/mime/video%2Fmp4/otfp/1/otf/1/lmt/1459059401497005/fvip/6/mt/1542483125/disable_polymer/true/ip/69.181.125.22/ipbits/0/expire/1542504845/sparams/ip,ipbits,expire,id,itag,source,requiressl,pl,ei,ms,initcwndbps,mv,mm,mn,ratebypass,mime,otfp,otf,lmt/signature/198FAD277935E8720772FF933B626C38846144F6.5FA8ACE231CE163885288AF0E2AD7048BB360DF3/key/dg_yt0/", "manifest_url": "https://manifest.googlevideo.com/api/manifest/dash/fvip/6/id/83cacd4706a5529b/source/youtube/pl/22/ei/LW3wW6imL9WRkwbkg7egBw/requiressl/yes/hfr/all/sparams/as%2Cei%2Chfr%2Cid%2Cinitcwndbps%2Cip%2Cipbits%2Citag%2Cmm%2Cmn%2Cms%2Cmv%2Cpl%2Cplayback_host%2Crequiressl%2Csource%2Cexpire/expire/1542504845/as/fmp4_audio_clear%2Cfmp4_sd_hd_clear/signature/966708EBE619C6257B4DC35A9A51BFA74F86FF17.75424990E500420E48A637FC5089166E7661C627/ms/au%2Crdu/ipbits/0/initcwndbps/1797500/mv/m/mt/1542483125/playback_host/r1---sn-n4v7knll.googlevideo.com/itag/0/mm/31%2C29/mn/sn-n4v7knll%2Csn-n4v7sn7l/key/yt6/ip/69.181.125.22", "width": 426, "tbr": 242.0, "asr": null, "fps": 30, "language": null, "filesize": null, "container": "mp4_dash", "acodec": "none", "fragment_base_url": "https://r1---sn-n4v7knll.googlevideo.com/videoplayback/id/83cacd4706a5529b/itag/133/source/yt_otf/requiressl/yes/pl/22/ei/LW3wW6imL9WRkwbkg7egBw/ms/au,rdu/initcwndbps/1797500/mv/m/mm/31,29/mn/sn-n4v7knll,sn-n4v7sn7l/ratebypass/yes/mime/video%2Fmp4/otfp/1/otf/1/lmt/1459059401497005/fvip/6/mt/1542483125/disable_polymer/true/ip/69.181.125.22/ipbits/0/expire/1542504845/sparams/ip,ipbits,expire,id,itag,source,requiressl,pl,ei,ms,initcwndbps,mv,mm,mn,ratebypass,mime,otfp,otf,lmt/signature/198FAD277935E8720772FF933B626C38846144F6.5FA8ACE231CE163885288AF0E2AD7048BB360DF3/key/dg_yt0/", "fragments": [{"path": "sq/0"}, {"path": "sq/1/dur/5.339", "duration": 5.339}, {"path": "sq/2/dur/5.338", "duration": 5.338}, {"path": "sq/3/dur/5.339", "duration": 5.339}, {"path": "sq/4/dur/5.339", "duration": 5.339}, {"path": "sq/5/dur/5.338", "duration": 5.338}, {"path": "sq/6/dur/5.339", "duration": 5.339}, {"path": "sq/7/dur/5.339", "duration": 5.339}, {"path": "sq/8/dur/5.338", "duration": 5.338}, {"path": "sq/9/dur/5.339", "duration": 5.339}, {"path": "sq/10/dur/5.339", "duration": 5.339}, {"path": "sq/11/dur/5.338", "duration": 5.338}, {"path": "sq/12/dur/5.339", "duration": 5.339}, {"path": "sq/13/dur/5.339", "duration": 5.339}, {"path": "sq/14/dur/5.338", "duration": 5.338}, {"path": "sq/15/dur/5.339", "duration": 5.339}, {"path": "sq/16/dur/5.339", "duration": 5.339}, {"path": "sq/17/dur/5.338", "duration": 5.338}, {"path": "sq/18/dur/5.339", "duration": 5.339}, {"path": "sq/19/dur/5.339", "duration": 5.339}, {"path": "sq/20/dur/5.338", "duration": 5.338}, {"path": "sq/21/dur/5.339", "duration": 5.339}, {"path": "sq/22/dur/5.339", "duration": 5.339}, {"path": "sq/23/dur/5.338", "duration": 5.338}, {"path": "sq/24/dur/5.339", "duration": 5.339}, {"path": "sq/25/dur/5.339", "duration": 5.339}, {"path": "sq/26/dur/5.338", "duration": 5.338}, {"path": "sq/27/dur/5.339", "duration": 5.339}, {"path": "sq/28/dur/5.339", "duration": 5.339}, {"path": "sq/29/dur/5.338", "duration": 5.338}, {"path": "sq/30/dur/5.339", "duration": 5.339}, {"path": "sq/31/dur/5.339", "duration": 5.339}, {"path": "sq/32/dur/5.338", "duration": 5.338}, {"path": "sq/33/dur/5.339", "duration": 5.339}, {"path": "sq/34/dur/5.339", "duration": 5.339}, {"path": "sq/35/dur/5.338", "duration": 5.338}, {"path": "sq/36/dur/5.339", "duration": 5.339}, {"path": "sq/37/dur/5.339", "duration": 5.339}, {"path": "sq/38/dur/5.338", "duration": 5.338}, {"path": "sq/39/dur/5.339", "duration": 5.339}, {"path": "sq/40/dur/5.339", "duration": 5.339}, {"path": "sq/41/dur/5.338", "duration": 5.338}, {"path": "sq/42/dur/5.339", "duration": 5.339}, {"path": "sq/43/dur/5.339", "duration": 5.339}, {"path": "sq/44/dur/5.338", "duration": 5.338}, {"path": "sq/45/dur/5.339", "duration": 5.339}, {"path": "sq/46/dur/5.339", "duration": 5.339}, {"path": "sq/47/dur/5.338", "duration": 5.338}, {"path": "sq/48/dur/5.339", "duration": 5.339}, {"path": "sq/49/dur/5.339", "duration": 5.339}, {"path": "sq/50/dur/5.338", "duration": 5.338}, {"path": "sq/51/dur/5.339", "duration": 5.339}, {"path": "sq/52/dur/5.339", "duration": 5.339}, {"path": "sq/53/dur/5.338", "duration": 5.338}, {"path": "sq/54/dur/5.339", "duration": 5.339}, {"path": "sq/55/dur/5.339", "duration": 5.339}, {"path": "sq/56/dur/5.338", "duration": 5.338}, {"path": "sq/57/dur/5.339", "duration": 5.339}, {"path": "sq/58/dur/5.339", "duration": 5.339}, {"path": "sq/59/dur/5.338", "duration": 5.338}, {"path": "sq/60/dur/5.339", "duration": 5.339}, {"path": "sq/61/dur/5.339", "duration": 5.339}, {"path": "sq/62/dur/5.338", "duration": 5.338}, {"path": "sq/63/dur/5.339", "duration": 5.339}, {"path": "sq/64/dur/5.339", "duration": 5.339}, {"path": "sq/65/dur/5.338", "duration": 5.338}, {"path": "sq/66/dur/5.339", "duration": 5.339}, {"path": "sq/67/dur/5.339", "duration": 5.339}, {"path": "sq/68/dur/5.338", "duration": 5.338}, {"path": "sq/69/dur/5.339", "duration": 5.339}, {"path": "sq/70/dur/5.339", "duration": 5.339}, {"path": "sq/71/dur/5.338", "duration": 5.338}, {"path": "sq/72/dur/5.339", "duration": 5.339}, {"path": "sq/73/dur/5.339", "duration": 5.339}, {"path": "sq/74/dur/5.338", "duration": 5.338}, {"path": "sq/75/dur/5.339", "duration": 5.339}, {"path": "sq/76/dur/5.339", "duration": 5.339}, {"path": "sq/77/dur/5.338", "duration": 5.338}, {"path": "sq/78/dur/5.339", "duration": 5.339}, {"path": "sq/79/dur/5.339", "duration": 5.339}, {"path": "sq/80/dur/5.338", "duration": 5.338}, {"path": "sq/81/dur/5.339", "duration": 5.339}, {"path": "sq/82/dur/5.339", "duration": 5.339}, {"path": "sq/83/dur/5.338", "duration": 5.338}, {"path": "sq/84/dur/5.339", "duration": 5.339}, {"path": "sq/85/dur/5.339", "duration": 5.339}, {"path": "sq/86/dur/5.338", "duration": 5.338}, {"path": "sq/87/dur/5.339", "duration": 5.339}, {"path": "sq/88/dur/5.339", "duration": 5.339}, {"path": "sq/89/dur/5.338", "duration": 5.338}, {"path": "sq/90/dur/5.339", "duration": 5.339}, {"path": "sq/91/dur/5.339", "duration": 5.339}, {"path": "sq/92/dur/5.338", "duration": 5.338}, {"path": "sq/93/dur/5.339", "duration": 5.339}, {"path": "sq/94/dur/5.339", "duration": 5.339}, {"path": "sq/95/dur/5.338", "duration": 5.338}, {"path": "sq/96/dur/5.339", "duration": 5.339}, {"path": "sq/97/dur/5.339", "duration": 5.339}, {"path": "sq/98/dur/5.338", "duration": 5.338}, {"path": "sq/99/dur/5.339", "duration": 5.339}, {"path": "sq/100/dur/5.339", "duration": 5.339}, {"path": "sq/101/dur/5.338", "duration": 5.338}, {"path": "sq/102/dur/5.339", "duration": 5.339}, {"path": "sq/103/dur/5.339", "duration": 5.339}, {"path": "sq/104/dur/5.338", "duration": 5.338}, {"path": "sq/105/dur/5.339", "duration": 5.339}, {"path": "sq/106/dur/5.339", "duration": 5.339}, {"path": "sq/107/dur/5.338", "duration": 5.338}, {"path": "sq/108/dur/5.339", "duration": 5.339}, {"path": "sq/109/dur/5.339", "duration": 5.339}, {"path": "sq/110/dur/5.338", "duration": 5.338}, {"path": "sq/111/dur/5.339", "duration": 5.339}, {"path": "sq/112/dur/5.339", "duration": 5.339}, {"path": "sq/113/dur/5.338", "duration": 5.338}, {"path": "sq/114/dur/5.339", "duration": 5.339}, {"path": "sq/115/dur/5.339", "duration": 5.339}, {"path": "sq/116/dur/5.338", "duration": 5.338}, {"path": "sq/117/dur/5.339", "duration": 5.339}, {"path": "sq/118/dur/5.339", "duration": 5.339}, {"path": "sq/119/dur/5.338", "duration": 5.338}, {"path": "sq/120/dur/5.339", "duration": 5.339}, {"path": "sq/121/dur/5.339", "duration": 5.339}, {"path": "sq/122/dur/5.338", "duration": 5.338}, {"path": "sq/123/dur/5.339", "duration": 5.339}, {"path": "sq/124/dur/5.339", "duration": 5.339}, {"path": "sq/125/dur/5.338", "duration": 5.338}, {"path": "sq/126/dur/5.339", "duration": 5.339}, {"path": "sq/127/dur/5.339", "duration": 5.339}, {"path": "sq/128/dur/5.338", "duration": 5.338}, {"path": "sq/129/dur/5.339", "duration": 5.339}, {"path": "sq/130/dur/5.339", "duration": 5.339}, {"path": "sq/131/dur/5.338", "duration": 5.338}, {"path": "sq/132/dur/5.339", "duration": 5.339}, {"path": "sq/133/dur/5.339", "duration": 5.339}, {"path": "sq/134/dur/5.338", "duration": 5.338}, {"path": "sq/135/dur/5.339", "duration": 5.339}, {"path": "sq/136/dur/5.339", "duration": 5.339}, {"path": "sq/137/dur/5.338", "duration": 5.338}, {"path": "sq/138/dur/5.339", "duration": 5.339}, {"path": "sq/139/dur/5.339", "duration": 5.339}, {"path": "sq/140/dur/5.338", "duration": 5.338}, {"path": "sq/141/dur/5.339", "duration": 5.339}, {"path": "sq/142/dur/5.339", "duration": 5.339}, {"path": "sq/143/dur/5.338", "duration": 5.338}, {"path": "sq/144/dur/5.339", "duration": 5.339}, {"path": "sq/145/dur/5.339", "duration": 5.339}, {"path": "sq/146/dur/5.338", "duration": 5.338}, {"path": "sq/147/dur/5.339", "duration": 5.339}, {"path": "sq/148/dur/5.339", "duration": 5.339}, {"path": "sq/149/dur/5.338", "duration": 5.338}, {"path": "sq/150/dur/5.339", "duration": 5.339}, {"path": "sq/151/dur/5.339", "duration": 5.339}, {"path": "sq/152/dur/5.338", "duration": 5.338}, {"path": "sq/153/dur/5.339", "duration": 5.339}, {"path": "sq/154/dur/5.339", "duration": 5.339}, {"path": "sq/155/dur/5.338", "duration": 5.338}, {"path": "sq/156/dur/5.339", "duration": 5.339}, {"path": "sq/157/dur/5.339", "duration": 5.339}, {"path": "sq/158/dur/5.338", "duration": 5.338}, {"path": "sq/159/dur/5.339", "duration": 5.339}, {"path": "sq/160/dur/5.339", "duration": 5.339}, {"path": "sq/161/dur/5.338", "duration": 5.338}, {"path": "sq/162/dur/5.339", "duration": 5.339}, {"path": "sq/163/dur/5.339", "duration": 5.339}, {"path": "sq/164/dur/5.338", "duration": 5.338}, {"path": "sq/165/dur/5.339", "duration": 5.339}, {"path": "sq/166/dur/5.339", "duration": 5.339}, {"path": "sq/167/dur/5.338", "duration": 5.338}, {"path": "sq/168/dur/5.339", "duration": 5.339}, {"path": "sq/169/dur/5.339", "duration": 5.339}, {"path": "sq/170/dur/5.338", "duration": 5.338}, {"path": "sq/171/dur/5.339", "duration": 5.339}, {"path": "sq/172/dur/5.339", "duration": 5.339}, {"path": "sq/173/dur/5.338", "duration": 5.338}, {"path": "sq/174/dur/5.339", "duration": 5.339}, {"path": "sq/175/dur/5.339", "duration": 5.339}, {"path": "sq/176/dur/5.338", "duration": 5.338}, {"path": "sq/177/dur/5.339", "duration": 5.339}, {"path": "sq/178/dur/5.339", "duration": 5.339}, {"path": "sq/179/dur/5.338", "duration": 5.338}, {"path": "sq/180/dur/5.339", "duration": 5.339}, {"path": "sq/181/dur/5.339", "duration": 5.339}, {"path": "sq/182/dur/5.338", "duration": 5.338}, {"path": "sq/183/dur/5.339", "duration": 5.339}, {"path": "sq/184/dur/5.339", "duration": 5.339}, {"path": "sq/185/dur/5.338", "duration": 5.338}, {"path": "sq/186/dur/5.339", "duration": 5.339}, {"path": "sq/187/dur/5.339", "duration": 5.339}, {"path": "sq/188/dur/5.338", "duration": 5.338}, {"path": "sq/189/dur/5.339", "duration": 5.339}, {"path": "sq/190/dur/5.339", "duration": 5.339}, {"path": "sq/191/dur/5.338", "duration": 5.338}, {"path": "sq/192/dur/5.339", "duration": 5.339}, {"path": "sq/193/dur/5.339", "duration": 5.339}, {"path": "sq/194/dur/5.338", "duration": 5.338}, {"path": "sq/195/dur/5.339", "duration": 5.339}, {"path": "sq/196/dur/5.339", "duration": 5.339}, {"path": "sq/197/dur/5.338", "duration": 5.338}, {"path": "sq/198/dur/5.339", "duration": 5.339}, {"path": "sq/199/dur/5.339", "duration": 5.339}, {"path": "sq/200/dur/5.338", "duration": 5.338}, {"path": "sq/201/dur/5.339", "duration": 5.339}, {"path": "sq/202/dur/5.339", "duration": 5.339}, {"path": "sq/203/dur/5.338", "duration": 5.338}, {"path": "sq/204/dur/5.339", "duration": 5.339}, {"path": "sq/205/dur/5.339", "duration": 5.339}, {"path": "sq/206/dur/5.338", "duration": 5.338}, {"path": "sq/207/dur/5.339", "duration": 5.339}, {"path": "sq/208/dur/5.339", "duration": 5.339}, {"path": "sq/209/dur/5.338", "duration": 5.338}, {"path": "sq/210/dur/5.339", "duration": 5.339}, {"path": "sq/211/dur/5.339", "duration": 5.339}, {"path": "sq/212/dur/5.338", "duration": 5.338}, {"path": "sq/213/dur/5.339", "duration": 5.339}, {"path": "sq/214/dur/5.339", "duration": 5.339}, {"path": "sq/215/dur/5.338", "duration": 5.338}, {"path": "sq/216/dur/5.339", "duration": 5.339}, {"path": "sq/217/dur/5.339", "duration": 5.339}, {"path": "sq/218/dur/5.338", "duration": 5.338}, {"path": "sq/219/dur/5.339", "duration": 5.339}, {"path": "sq/220/dur/5.339", "duration": 5.339}, {"path": "sq/221/dur/5.338", "duration": 5.338}, {"path": "sq/222/dur/5.339", "duration": 5.339}, {"path": "sq/223/dur/5.339", "duration": 5.339}, {"path": "sq/224/dur/5.338", "duration": 5.338}, {"path": "sq/225/dur/5.339", "duration": 5.339}, {"path": "sq/226/dur/5.339", "duration": 5.339}, {"path": "sq/227/dur/5.338", "duration": 5.338}, {"path": "sq/228/dur/5.339", "duration": 5.339}, {"path": "sq/229/dur/5.339", "duration": 5.339}, {"path": "sq/230/dur/5.338", "duration": 5.338}, {"path": "sq/231/dur/5.339", "duration": 5.339}, {"path": "sq/232/dur/5.339", "duration": 5.339}, {"path": "sq/233/dur/5.338", "duration": 5.338}, {"path": "sq/234/dur/5.339", "duration": 5.339}, {"path": "sq/235/dur/5.339", "duration": 5.339}, {"path": "sq/236/dur/5.338", "duration": 5.338}, {"path": "sq/237/dur/5.339", "duration": 5.339}, {"path": "sq/238/dur/5.339", "duration": 5.339}, {"path": "sq/239/dur/1.101", "duration": 1.101}], "protocol": "http_dash_segments", "format": "133 - 426x240 (DASH video)", "http_headers": {"User-Agent": "Mozilla/5.0 (X11; Linux x86_64; rv:59.0) Gecko/20100101 Firefox/59.0", "Accept-Charset": "ISO-8859-1,utf-8;q=0.7,*;q=0.7", "Accept": "text/html,application/xhtml+xml,application/xml;q=0.9,*/*;q=0.8", "Accept-Encoding": "gzip, deflate", "Accept-Language": "en-us,en;q=0.5"}}, {"ext": "mp4", "height": 360, "format_note": "DASH video", "vcodec": "avc1.4d401e", "format_id": "134", "url": "https://r1---sn-n4v7knll.googlevideo.com/videoplayback/id/83cacd4706a5529b/itag/134/source/youtube/requiressl/yes/pl/22/ei/LW3wW6imL9WRkwbkg7egBw/ms/au,rdu/initcwndbps/1797500/mv/m/mm/31,29/mn/sn-n4v7knll,sn-n4v7sn7l/ratebypass/yes/mime/video%2Fmp4/otfp/1/gir/yes/clen/19913267/lmt/1521038022055813/dur/1271.703/fvip/6/mt/1542483125/disable_polymer/true/ip/69.181.125.22/ipbits/0/expire/1542504845/sparams/ip,ipbits,expire,id,itag,source,requiressl,pl,ei,ms,initcwndbps,mv,mm,mn,ratebypass,mime,otfp,gir,clen,lmt,dur/signature/95F00A8B8C88E68F4CFCB7314B4E2AF5D9001018.1FC52E74ED0DEFB814C61B5B66B66AC76C4C029C/key/dg_yt0/", "manifest_url": "https://manifest.googlevideo.com/api/manifest/dash/fvip/6/id/83cacd4706a5529b/source/youtube/pl/22/ei/LW3wW6imL9WRkwbkg7egBw/requiressl/yes/hfr/all/sparams/as%2Cei%2Chfr%2Cid%2Cinitcwndbps%2Cip%2Cipbits%2Citag%2Cmm%2Cmn%2Cms%2Cmv%2Cpl%2Cplayback_host%2Crequiressl%2Csource%2Cexpire/expire/1542504845/as/fmp4_audio_clear%2Cfmp4_sd_hd_clear/signature/966708EBE619C6257B4DC35A9A51BFA74F86FF17.75424990E500420E48A637FC5089166E7661C627/ms/au%2Crdu/ipbits/0/initcwndbps/1797500/mv/m/mt/1542483125/playback_host/r1---sn-n4v7knll.googlevideo.com/itag/0/mm/31%2C29/mn/sn-n4v7knll%2Csn-n4v7sn7l/key/yt6/ip/69.181.125.22", "width": 640, "tbr": 538.913, "asr": null, "fps": 30, "language": null, "filesize": 19913267, "container": "mp4_dash", "acodec": "none", "fragment_base_url": "https://r1---sn-n4v7knll.googlevideo.com/videoplayback/id/83cacd4706a5529b/itag/134/source/youtube/requiressl/yes/pl/22/ei/LW3wW6imL9WRkwbkg7egBw/ms/au,rdu/initcwndbps/1797500/mv/m/mm/31,29/mn/sn-n4v7knll,sn-n4v7sn7l/ratebypass/yes/mime/video%2Fmp4/otfp/1/gir/yes/clen/19913267/lmt/1521038022055813/dur/1271.703/fvip/6/mt/1542483125/disable_polymer/true/ip/69.181.125.22/ipbits/0/expire/1542504845/sparams/ip,ipbits,expire,id,itag,source,requiressl,pl,ei,ms,initcwndbps,mv,mm,mn,ratebypass,mime,otfp,gir,clen,lmt,dur/signature/95F00A8B8C88E68F4CFCB7314B4E2AF5D9001018.1FC52E74ED0DEFB814C61B5B66B66AC76C4C029C/key/dg_yt0/", "fragments": [{"path": "range/0-708"}, {"path": "range/3609-182539", "duration": 5.339}, {"path": "range/182540-413510", "duration": 5.338}, {"path": "range/413511-600025", "duration": 5.339}, {"path": "range/600026-794052", "duration": 5.339}, {"path": "range/794053-993927", "duration": 5.338}, {"path": "range/993928-1186971", "duration": 5.339}, {"path": "range/1186972-1362601", "duration": 5.339}, {"path": "range/1362602-1397388", "duration": 5.338}, {"path": "range/1397389-1422818", "duration": 5.339}, {"path": "range/1422819-1448928", "duration": 5.339}, {"path": "range/1448929-1474040", "duration": 5.338}, {"path": "range/1474041-1512898", "duration": 5.339}, {"path": "range/1512899-1763080", "duration": 5.339}, {"path": "range/1763081-1966890", "duration": 5.338}, {"path": "range/1966891-2165580", "duration": 5.339}, {"path": "range/2165581-2369158", "duration": 5.339}, {"path": "range/2369159-2572921", "duration": 5.338}, {"path": "range/2572922-2771000", "duration": 5.339}, {"path": "range/2771001-3008042", "duration": 5.339}, {"path": "range/3008043-3043958", "duration": 5.338}, {"path": "range/3043959-3088706", "duration": 5.339}, {"path": "range/3088707-3122112", "duration": 5.339}, {"path": "range/3122113-3155437", "duration": 5.338}, {"path": "range/3155438-3188699", "duration": 5.339}, {"path": "range/3188700-3222060", "duration": 5.339}, {"path": "range/3222061-3255140", "duration": 5.338}, {"path": "range/3255141-3302429", "duration": 5.339}, {"path": "range/3302430-3344920", "duration": 5.339}, {"path": "range/3344921-3393291", "duration": 5.338}, {"path": "range/3393292-3437408", "duration": 5.339}, {"path": "range/3437409-3586409", "duration": 5.339}, {"path": "range/3586410-3609824", "duration": 5.338}, {"path": "range/3609825-3633633", "duration": 5.339}, {"path": "range/3633634-3653712", "duration": 5.339}, {"path": "range/3653713-3673946", "duration": 5.338}, {"path": "range/3673947-3698167", "duration": 5.339}, {"path": "range/3698168-3720580", "duration": 5.339}, {"path": "range/3720581-3746054", "duration": 5.338}, {"path": "range/3746055-3772655", "duration": 5.339}, {"path": "range/3772656-3798942", "duration": 5.339}, {"path": "range/3798943-3824580", "duration": 5.338}, {"path": "range/3824581-4062513", "duration": 5.339}, {"path": "range/4062514-4266230", "duration": 5.339}, {"path": "range/4266231-4481206", "duration": 5.338}, {"path": "range/4481207-4511154", "duration": 5.339}, {"path": "range/4511155-4545647", "duration": 5.339}, {"path": "range/4545648-4576559", "duration": 5.338}, {"path": "range/4576560-4607321", "duration": 5.339}, {"path": "range/4607322-4639667", "duration": 5.339}, {"path": "range/4639668-4670602", "duration": 5.338}, {"path": "range/4670603-4902866", "duration": 5.339}, {"path": "range/4902867-5090876", "duration": 5.339}, {"path": "range/5090877-5226470", "duration": 5.338}, {"path": "range/5226471-5264322", "duration": 5.339}, {"path": "range/5264323-5291084", "duration": 5.339}, {"path": "range/5291085-5313820", "duration": 5.338}, {"path": "range/5313821-5337288", "duration": 5.339}, {"path": "range/5337289-5360946", "duration": 5.339}, {"path": "range/5360947-5392114", "duration": 5.338}, {"path": "range/5392115-5425790", "duration": 5.339}, {"path": "range/5425791-5459014", "duration": 5.339}, {"path": "range/5459015-5704702", "duration": 5.338}, {"path": "range/5704703-5906559", "duration": 5.339}, {"path": "range/5906560-6110929", "duration": 5.339}, {"path": "range/6110930-6315834", "duration": 5.338}, {"path": "range/6315835-6521142", "duration": 5.339}, {"path": "range/6521143-6565212", "duration": 5.339}, {"path": "range/6565213-6797389", "duration": 5.338}, {"path": "range/6797390-6997464", "duration": 5.339}, {"path": "range/6997465-7202620", "duration": 5.339}, {"path": "range/7202621-7383628", "duration": 5.338}, {"path": "range/7383629-7417262", "duration": 5.339}, {"path": "range/7417263-7448335", "duration": 5.339}, {"path": "range/7448336-7479433", "duration": 5.338}, {"path": "range/7479434-7510519", "duration": 5.339}, {"path": "range/7510520-7700944", "duration": 5.339}, {"path": "range/7700945-7894731", "duration": 5.338}, {"path": "range/7894732-8092652", "duration": 5.339}, {"path": "range/8092653-8298161", "duration": 5.339}, {"path": "range/8298162-8458228", "duration": 5.338}, {"path": "range/8458229-8479256", "duration": 5.339}, {"path": "range/8479257-8673810", "duration": 5.339}, {"path": "range/8673811-8874180", "duration": 5.338}, {"path": "range/8874181-9079111", "duration": 5.339}, {"path": "range/9079112-9241211", "duration": 5.339}, {"path": "range/9241212-9266170", "duration": 5.338}, {"path": "range/9266171-9290711", "duration": 5.339}, {"path": "range/9290712-9315309", "duration": 5.339}, {"path": "range/9315310-9357712", "duration": 5.338}, {"path": "range/9357713-9388970", "duration": 5.339}, {"path": "range/9388971-9415179", "duration": 5.339}, {"path": "range/9415180-9604657", "duration": 5.338}, {"path": "range/9604658-9804660", "duration": 5.339}, {"path": "range/9804661-10002733", "duration": 5.339}, {"path": "range/10002734-10204866", "duration": 5.338}, {"path": "range/10204867-10424216", "duration": 5.339}, {"path": "range/10424217-10456024", "duration": 5.339}, {"path": "range/10456025-10482145", "duration": 5.338}, {"path": "range/10482146-10508870", "duration": 5.339}, {"path": "range/10508871-10536064", "duration": 5.339}, {"path": "range/10536065-10562406", "duration": 5.338}, {"path": "range/10562407-10588434", "duration": 5.339}, {"path": "range/10588435-10614703", "duration": 5.339}, {"path": "range/10614704-10825144", "duration": 5.338}, {"path": "range/10825145-11018382", "duration": 5.339}, {"path": "range/11018383-11217687", "duration": 5.339}, {"path": "range/11217688-11422473", "duration": 5.338}, {"path": "range/11422474-11450445", "duration": 5.339}, {"path": "range/11450446-11472799", "duration": 5.339}, {"path": "range/11472800-11497921", "duration": 5.338}, {"path": "range/11497922-11521641", "duration": 5.339}, {"path": "range/11521642-11549246", "duration": 5.339}, {"path": "range/11549247-11577558", "duration": 5.338}, {"path": "range/11577559-11604357", "duration": 5.339}, {"path": "range/11604358-11631327", "duration": 5.339}, {"path": "range/11631328-11658188", "duration": 5.338}, {"path": "range/11658189-11686315", "duration": 5.339}, {"path": "range/11686316-11718512", "duration": 5.339}, {"path": "range/11718513-11746430", "duration": 5.338}, {"path": "range/11746431-11774118", "duration": 5.339}, {"path": "range/11774119-11801926", "duration": 5.339}, {"path": "range/11801927-11829967", "duration": 5.338}, {"path": "range/11829968-11857743", "duration": 5.339}, {"path": "range/11857744-11885520", "duration": 5.339}, {"path": "range/11885521-11913114", "duration": 5.338}, {"path": "range/11913115-11941508", "duration": 5.339}, {"path": "range/11941509-11969391", "duration": 5.339}, {"path": "range/11969392-11997153", "duration": 5.338}, {"path": "range/11997154-12225099", "duration": 5.339}, {"path": "range/12225100-12427336", "duration": 5.339}, {"path": "range/12427337-12604766", "duration": 5.338}, {"path": "range/12604767-12638140", "duration": 5.339}, {"path": "range/12638141-12661332", "duration": 5.339}, {"path": "range/12661333-12684623", "duration": 5.338}, {"path": "range/12684624-12707973", "duration": 5.339}, {"path": "range/12707974-12731134", "duration": 5.339}, {"path": "range/12731135-12754312", "duration": 5.338}, {"path": "range/12754313-12780010", "duration": 5.339}, {"path": "range/12780011-12803039", "duration": 5.339}, {"path": "range/12803040-12827409", "duration": 5.338}, {"path": "range/12827410-12850452", "duration": 5.339}, {"path": "range/12850453-12873730", "duration": 5.339}, {"path": "range/12873731-12898624", "duration": 5.338}, {"path": "range/12898625-12921801", "duration": 5.339}, {"path": "range/12921802-12944939", "duration": 5.339}, {"path": "range/12944940-12977996", "duration": 5.338}, {"path": "range/12977997-13006232", "duration": 5.339}, {"path": "range/13006233-13034012", "duration": 5.339}, {"path": "range/13034013-13063564", "duration": 5.338}, {"path": "range/13063565-13332819", "duration": 5.339}, {"path": "range/13332820-13536961", "duration": 5.339}, {"path": "range/13536962-13732210", "duration": 5.338}, {"path": "range/13732211-13907902", "duration": 5.339}, {"path": "range/13907903-13927893", "duration": 5.339}, {"path": "range/13927894-13959388", "duration": 5.338}, {"path": "range/13959389-13981614", "duration": 5.339}, {"path": "range/13981615-14003885", "duration": 5.339}, {"path": "range/14003886-14026107", "duration": 5.338}, {"path": "range/14026108-14048326", "duration": 5.339}, {"path": "range/14048327-14070627", "duration": 5.339}, {"path": "range/14070628-14093074", "duration": 5.338}, {"path": "range/14093075-14115184", "duration": 5.339}, {"path": "range/14115185-14152866", "duration": 5.339}, {"path": "range/14152867-14187291", "duration": 5.338}, {"path": "range/14187292-14229606", "duration": 5.339}, {"path": "range/14229607-14253125", "duration": 5.339}, {"path": "range/14253126-14271950", "duration": 5.338}, {"path": "range/14271951-14304769", "duration": 5.339}, {"path": "range/14304770-14337491", "duration": 5.339}, {"path": "range/14337492-14584531", "duration": 5.338}, {"path": "range/14584532-14782966", "duration": 5.339}, {"path": "range/14782967-15040948", "duration": 5.339}, {"path": "range/15040949-15077608", "duration": 5.338}, {"path": "range/15077609-15122364", "duration": 5.339}, {"path": "range/15122365-15155618", "duration": 5.339}, {"path": "range/15155619-15182058", "duration": 5.338}, {"path": "range/15182059-15208462", "duration": 5.339}, {"path": "range/15208463-15235558", "duration": 5.339}, {"path": "range/15235559-15262397", "duration": 5.338}, {"path": "range/15262398-15289168", "duration": 5.339}, {"path": "range/15289169-15316352", "duration": 5.339}, {"path": "range/15316353-15344047", "duration": 5.338}, {"path": "range/15344048-15371993", "duration": 5.339}, {"path": "range/15371994-15399141", "duration": 5.339}, {"path": "range/15399142-15446951", "duration": 5.338}, {"path": "range/15446952-15494692", "duration": 5.339}, {"path": "range/15494693-15536607", "duration": 5.339}, {"path": "range/15536608-15579894", "duration": 5.338}, {"path": "range/15579895-15622002", "duration": 5.339}, {"path": "range/15622003-15664014", "duration": 5.339}, {"path": "range/15664015-15706956", "duration": 5.338}, {"path": "range/15706957-15748848", "duration": 5.339}, {"path": "range/15748849-15791834", "duration": 5.339}, {"path": "range/15791835-15833824", "duration": 5.338}, {"path": "range/15833825-15875581", "duration": 5.339}, {"path": "range/15875582-16125789", "duration": 5.339}, {"path": "range/16125790-16327928", "duration": 5.338}, {"path": "range/16327929-16531201", "duration": 5.339}, {"path": "range/16531202-16691074", "duration": 5.339}, {"path": "range/16691075-16708630", "duration": 5.338}, {"path": "range/16708631-16737569", "duration": 5.339}, {"path": "range/16737570-16773295", "duration": 5.339}, {"path": "range/16773296-16804880", "duration": 5.338}, {"path": "range/16804881-16837759", "duration": 5.339}, {"path": "range/16837760-16869289", "duration": 5.339}, {"path": "range/16869290-16900616", "duration": 5.338}, {"path": "range/16900617-16931949", "duration": 5.339}, {"path": "range/16931950-17186575", "duration": 5.339}, {"path": "range/17186576-17384417", "duration": 5.338}, {"path": "range/17384418-17587189", "duration": 5.339}, {"path": "range/17587190-17788231", "duration": 5.339}, {"path": "range/17788232-18025777", "duration": 5.338}, {"path": "range/18025778-18082316", "duration": 5.339}, {"path": "range/18082317-18130041", "duration": 5.339}, {"path": "range/18130042-18175799", "duration": 5.338}, {"path": "range/18175800-18222058", "duration": 5.339}, {"path": "range/18222059-18267537", "duration": 5.339}, {"path": "range/18267538-18313008", "duration": 5.338}, {"path": "range/18313009-18358781", "duration": 5.339}, {"path": "range/18358782-18372111", "duration": 5.339}, {"path": "range/18372112-18388394", "duration": 5.338}, {"path": "range/18388395-18416334", "duration": 5.339}, {"path": "range/18416335-18442087", "duration": 5.339}, {"path": "range/18442088-18636074", "duration": 5.338}, {"path": "range/18636075-18836564", "duration": 5.339}, {"path": "range/18836565-19027049", "duration": 5.339}, {"path": "range/19027050-19050930", "duration": 5.338}, {"path": "range/19050931-19076785", "duration": 5.339}, {"path": "range/19076786-19102242", "duration": 5.339}, {"path": "range/19102243-19126327", "duration": 5.338}, {"path": "range/19126328-19150130", "duration": 5.339}, {"path": "range/19150131-19175728", "duration": 5.339}, {"path": "range/19175729-19199744", "duration": 5.338}, {"path": "range/19199745-19223663", "duration": 5.339}, {"path": "range/19223664-19249316", "duration": 5.339}, {"path": "range/19249317-19445004", "duration": 5.338}, {"path": "range/19445005-19642895", "duration": 5.339}, {"path": "range/19642896-19839098", "duration": 5.339}, {"path": "range/19839099-19913266", "duration": 1.101}], "protocol": "http_dash_segments", "format": "134 - 640x360 (DASH video)", "http_headers": {"User-Agent": "Mozilla/5.0 (X11; Linux x86_64; rv:59.0) Gecko/20100101 Firefox/59.0", "Accept-Charset": "ISO-8859-1,utf-8;q=0.7,*;q=0.7", "Accept": "text/html,application/xhtml+xml,application/xml;q=0.9,*/*;q=0.8", "Accept-Encoding": "gzip, deflate", "Accept-Language": "en-us,en;q=0.5"}}, {"ext": "mp4", "height": 480, "format_note": "DASH video", "vcodec": "avc1.4d400a", "format_id": "135", "url": "https://r1---sn-n4v7knll.googlevideo.com/videoplayback/id/83cacd4706a5529b/itag/135/source/yt_otf/requiressl/yes/pl/22/ei/LW3wW6imL9WRkwbkg7egBw/ms/au,rdu/initcwndbps/1797500/mv/m/mm/31,29/mn/sn-n4v7knll,sn-n4v7sn7l/ratebypass/yes/mime/video%2Fmp4/otfp/1/otf/1/lmt/1459059401497005/fvip/6/mt/1542483125/disable_polymer/true/ip/69.181.125.22/ipbits/0/expire/1542504845/sparams/ip,ipbits,expire,id,itag,source,requiressl,pl,ei,ms,initcwndbps,mv,mm,mn,ratebypass,mime,otfp,otf,lmt/signature/75B8F3346BE219B3FB6F018FA1673C58382D1FF7.2E2F7545EBC69A0BFE67C6C68C0176BCFB87001D/key/dg_yt0/", "manifest_url": "https://manifest.googlevideo.com/api/manifest/dash/fvip/6/id/83cacd4706a5529b/source/youtube/pl/22/ei/LW3wW6imL9WRkwbkg7egBw/requiressl/yes/hfr/all/sparams/as%2Cei%2Chfr%2Cid%2Cinitcwndbps%2Cip%2Cipbits%2Citag%2Cmm%2Cmn%2Cms%2Cmv%2Cpl%2Cplayback_host%2Crequiressl%2Csource%2Cexpire/expire/1542504845/as/fmp4_audio_clear%2Cfmp4_sd_hd_clear/signature/966708EBE619C6257B4DC35A9A51BFA74F86FF17.75424990E500420E48A637FC5089166E7661C627/ms/au%2Crdu/ipbits/0/initcwndbps/1797500/mv/m/mt/1542483125/playback_host/r1---sn-n4v7knll.googlevideo.com/itag/0/mm/31%2C29/mn/sn-n4v7knll%2Csn-n4v7sn7l/key/yt6/ip/69.181.125.22", "width": 854, "tbr": 1155.0, "asr": null, "fps": 30, "language": null, "filesize": null, "container": "mp4_dash", "acodec": "none", "fragment_base_url": "https://r1---sn-n4v7knll.googlevideo.com/videoplayback/id/83cacd4706a5529b/itag/135/source/yt_otf/requiressl/yes/pl/22/ei/LW3wW6imL9WRkwbkg7egBw/ms/au,rdu/initcwndbps/1797500/mv/m/mm/31,29/mn/sn-n4v7knll,sn-n4v7sn7l/ratebypass/yes/mime/video%2Fmp4/otfp/1/otf/1/lmt/1459059401497005/fvip/6/mt/1542483125/disable_polymer/true/ip/69.181.125.22/ipbits/0/expire/1542504845/sparams/ip,ipbits,expire,id,itag,source,requiressl,pl,ei,ms,initcwndbps,mv,mm,mn,ratebypass,mime,otfp,otf,lmt/signature/75B8F3346BE219B3FB6F018FA1673C58382D1FF7.2E2F7545EBC69A0BFE67C6C68C0176BCFB87001D/key/dg_yt0/", "fragments": [{"path": "sq/0"}, {"path": "sq/1/dur/5.339", "duration": 5.339}, {"path": "sq/2/dur/5.338", "duration": 5.338}, {"path": "sq/3/dur/5.339", "duration": 5.339}, {"path": "sq/4/dur/5.339", "duration": 5.339}, {"path": "sq/5/dur/5.338", "duration": 5.338}, {"path": "sq/6/dur/5.339", "duration": 5.339}, {"path": "sq/7/dur/5.339", "duration": 5.339}, {"path": "sq/8/dur/5.338", "duration": 5.338}, {"path": "sq/9/dur/5.339", "duration": 5.339}, {"path": "sq/10/dur/5.339", "duration": 5.339}, {"path": "sq/11/dur/5.338", "duration": 5.338}, {"path": "sq/12/dur/5.339", "duration": 5.339}, {"path": "sq/13/dur/5.339", "duration": 5.339}, {"path": "sq/14/dur/5.338", "duration": 5.338}, {"path": "sq/15/dur/5.339", "duration": 5.339}, {"path": "sq/16/dur/5.339", "duration": 5.339}, {"path": "sq/17/dur/5.338", "duration": 5.338}, {"path": "sq/18/dur/5.339", "duration": 5.339}, {"path": "sq/19/dur/5.339", "duration": 5.339}, {"path": "sq/20/dur/5.338", "duration": 5.338}, {"path": "sq/21/dur/5.339", "duration": 5.339}, {"path": "sq/22/dur/5.339", "duration": 5.339}, {"path": "sq/23/dur/5.338", "duration": 5.338}, {"path": "sq/24/dur/5.339", "duration": 5.339}, {"path": "sq/25/dur/5.339", "duration": 5.339}, {"path": "sq/26/dur/5.338", "duration": 5.338}, {"path": "sq/27/dur/5.339", "duration": 5.339}, {"path": "sq/28/dur/5.339", "duration": 5.339}, {"path": "sq/29/dur/5.338", "duration": 5.338}, {"path": "sq/30/dur/5.339", "duration": 5.339}, {"path": "sq/31/dur/5.339", "duration": 5.339}, {"path": "sq/32/dur/5.338", "duration": 5.338}, {"path": "sq/33/dur/5.339", "duration": 5.339}, {"path": "sq/34/dur/5.339", "duration": 5.339}, {"path": "sq/35/dur/5.338", "duration": 5.338}, {"path": "sq/36/dur/5.339", "duration": 5.339}, {"path": "sq/37/dur/5.339", "duration": 5.339}, {"path": "sq/38/dur/5.338", "duration": 5.338}, {"path": "sq/39/dur/5.339", "duration": 5.339}, {"path": "sq/40/dur/5.339", "duration": 5.339}, {"path": "sq/41/dur/5.338", "duration": 5.338}, {"path": "sq/42/dur/5.339", "duration": 5.339}, {"path": "sq/43/dur/5.339", "duration": 5.339}, {"path": "sq/44/dur/5.338", "duration": 5.338}, {"path": "sq/45/dur/5.339", "duration": 5.339}, {"path": "sq/46/dur/5.339", "duration": 5.339}, {"path": "sq/47/dur/5.338", "duration": 5.338}, {"path": "sq/48/dur/5.339", "duration": 5.339}, {"path": "sq/49/dur/5.339", "duration": 5.339}, {"path": "sq/50/dur/5.338", "duration": 5.338}, {"path": "sq/51/dur/5.339", "duration": 5.339}, {"path": "sq/52/dur/5.339", "duration": 5.339}, {"path": "sq/53/dur/5.338", "duration": 5.338}, {"path": "sq/54/dur/5.339", "duration": 5.339}, {"path": "sq/55/dur/5.339", "duration": 5.339}, {"path": "sq/56/dur/5.338", "duration": 5.338}, {"path": "sq/57/dur/5.339", "duration": 5.339}, {"path": "sq/58/dur/5.339", "duration": 5.339}, {"path": "sq/59/dur/5.338", "duration": 5.338}, {"path": "sq/60/dur/5.339", "duration": 5.339}, {"path": "sq/61/dur/5.339", "duration": 5.339}, {"path": "sq/62/dur/5.338", "duration": 5.338}, {"path": "sq/63/dur/5.339", "duration": 5.339}, {"path": "sq/64/dur/5.339", "duration": 5.339}, {"path": "sq/65/dur/5.338", "duration": 5.338}, {"path": "sq/66/dur/5.339", "duration": 5.339}, {"path": "sq/67/dur/5.339", "duration": 5.339}, {"path": "sq/68/dur/5.338", "duration": 5.338}, {"path": "sq/69/dur/5.339", "duration": 5.339}, {"path": "sq/70/dur/5.339", "duration": 5.339}, {"path": "sq/71/dur/5.338", "duration": 5.338}, {"path": "sq/72/dur/5.339", "duration": 5.339}, {"path": "sq/73/dur/5.339", "duration": 5.339}, {"path": "sq/74/dur/5.338", "duration": 5.338}, {"path": "sq/75/dur/5.339", "duration": 5.339}, {"path": "sq/76/dur/5.339", "duration": 5.339}, {"path": "sq/77/dur/5.338", "duration": 5.338}, {"path": "sq/78/dur/5.339", "duration": 5.339}, {"path": "sq/79/dur/5.339", "duration": 5.339}, {"path": "sq/80/dur/5.338", "duration": 5.338}, {"path": "sq/81/dur/5.339", "duration": 5.339}, {"path": "sq/82/dur/5.339", "duration": 5.339}, {"path": "sq/83/dur/5.338", "duration": 5.338}, {"path": "sq/84/dur/5.339", "duration": 5.339}, {"path": "sq/85/dur/5.339", "duration": 5.339}, {"path": "sq/86/dur/5.338", "duration": 5.338}, {"path": "sq/87/dur/5.339", "duration": 5.339}, {"path": "sq/88/dur/5.339", "duration": 5.339}, {"path": "sq/89/dur/5.338", "duration": 5.338}, {"path": "sq/90/dur/5.339", "duration": 5.339}, {"path": "sq/91/dur/5.339", "duration": 5.339}, {"path": "sq/92/dur/5.338", "duration": 5.338}, {"path": "sq/93/dur/5.339", "duration": 5.339}, {"path": "sq/94/dur/5.339", "duration": 5.339}, {"path": "sq/95/dur/5.338", "duration": 5.338}, {"path": "sq/96/dur/5.339", "duration": 5.339}, {"path": "sq/97/dur/5.339", "duration": 5.339}, {"path": "sq/98/dur/5.338", "duration": 5.338}, {"path": "sq/99/dur/5.339", "duration": 5.339}, {"path": "sq/100/dur/5.339", "duration": 5.339}, {"path": "sq/101/dur/5.338", "duration": 5.338}, {"path": "sq/102/dur/5.339", "duration": 5.339}, {"path": "sq/103/dur/5.339", "duration": 5.339}, {"path": "sq/104/dur/5.338", "duration": 5.338}, {"path": "sq/105/dur/5.339", "duration": 5.339}, {"path": "sq/106/dur/5.339", "duration": 5.339}, {"path": "sq/107/dur/5.338", "duration": 5.338}, {"path": "sq/108/dur/5.339", "duration": 5.339}, {"path": "sq/109/dur/5.339", "duration": 5.339}, {"path": "sq/110/dur/5.338", "duration": 5.338}, {"path": "sq/111/dur/5.339", "duration": 5.339}, {"path": "sq/112/dur/5.339", "duration": 5.339}, {"path": "sq/113/dur/5.338", "duration": 5.338}, {"path": "sq/114/dur/5.339", "duration": 5.339}, {"path": "sq/115/dur/5.339", "duration": 5.339}, {"path": "sq/116/dur/5.338", "duration": 5.338}, {"path": "sq/117/dur/5.339", "duration": 5.339}, {"path": "sq/118/dur/5.339", "duration": 5.339}, {"path": "sq/119/dur/5.338", "duration": 5.338}, {"path": "sq/120/dur/5.339", "duration": 5.339}, {"path": "sq/121/dur/5.339", "duration": 5.339}, {"path": "sq/122/dur/5.338", "duration": 5.338}, {"path": "sq/123/dur/5.339", "duration": 5.339}, {"path": "sq/124/dur/5.339", "duration": 5.339}, {"path": "sq/125/dur/5.338", "duration": 5.338}, {"path": "sq/126/dur/5.339", "duration": 5.339}, {"path": "sq/127/dur/5.339", "duration": 5.339}, {"path": "sq/128/dur/5.338", "duration": 5.338}, {"path": "sq/129/dur/5.339", "duration": 5.339}, {"path": "sq/130/dur/5.339", "duration": 5.339}, {"path": "sq/131/dur/5.338", "duration": 5.338}, {"path": "sq/132/dur/5.339", "duration": 5.339}, {"path": "sq/133/dur/5.339", "duration": 5.339}, {"path": "sq/134/dur/5.338", "duration": 5.338}, {"path": "sq/135/dur/5.339", "duration": 5.339}, {"path": "sq/136/dur/5.339", "duration": 5.339}, {"path": "sq/137/dur/5.338", "duration": 5.338}, {"path": "sq/138/dur/5.339", "duration": 5.339}, {"path": "sq/139/dur/5.339", "duration": 5.339}, {"path": "sq/140/dur/5.338", "duration": 5.338}, {"path": "sq/141/dur/5.339", "duration": 5.339}, {"path": "sq/142/dur/5.339", "duration": 5.339}, {"path": "sq/143/dur/5.338", "duration": 5.338}, {"path": "sq/144/dur/5.339", "duration": 5.339}, {"path": "sq/145/dur/5.339", "duration": 5.339}, {"path": "sq/146/dur/5.338", "duration": 5.338}, {"path": "sq/147/dur/5.339", "duration": 5.339}, {"path": "sq/148/dur/5.339", "duration": 5.339}, {"path": "sq/149/dur/5.338", "duration": 5.338}, {"path": "sq/150/dur/5.339", "duration": 5.339}, {"path": "sq/151/dur/5.339", "duration": 5.339}, {"path": "sq/152/dur/5.338", "duration": 5.338}, {"path": "sq/153/dur/5.339", "duration": 5.339}, {"path": "sq/154/dur/5.339", "duration": 5.339}, {"path": "sq/155/dur/5.338", "duration": 5.338}, {"path": "sq/156/dur/5.339", "duration": 5.339}, {"path": "sq/157/dur/5.339", "duration": 5.339}, {"path": "sq/158/dur/5.338", "duration": 5.338}, {"path": "sq/159/dur/5.339", "duration": 5.339}, {"path": "sq/160/dur/5.339", "duration": 5.339}, {"path": "sq/161/dur/5.338", "duration": 5.338}, {"path": "sq/162/dur/5.339", "duration": 5.339}, {"path": "sq/163/dur/5.339", "duration": 5.339}, {"path": "sq/164/dur/5.338", "duration": 5.338}, {"path": "sq/165/dur/5.339", "duration": 5.339}, {"path": "sq/166/dur/5.339", "duration": 5.339}, {"path": "sq/167/dur/5.338", "duration": 5.338}, {"path": "sq/168/dur/5.339", "duration": 5.339}, {"path": "sq/169/dur/5.339", "duration": 5.339}, {"path": "sq/170/dur/5.338", "duration": 5.338}, {"path": "sq/171/dur/5.339", "duration": 5.339}, {"path": "sq/172/dur/5.339", "duration": 5.339}, {"path": "sq/173/dur/5.338", "duration": 5.338}, {"path": "sq/174/dur/5.339", "duration": 5.339}, {"path": "sq/175/dur/5.339", "duration": 5.339}, {"path": "sq/176/dur/5.338", "duration": 5.338}, {"path": "sq/177/dur/5.339", "duration": 5.339}, {"path": "sq/178/dur/5.339", "duration": 5.339}, {"path": "sq/179/dur/5.338", "duration": 5.338}, {"path": "sq/180/dur/5.339", "duration": 5.339}, {"path": "sq/181/dur/5.339", "duration": 5.339}, {"path": "sq/182/dur/5.338", "duration": 5.338}, {"path": "sq/183/dur/5.339", "duration": 5.339}, {"path": "sq/184/dur/5.339", "duration": 5.339}, {"path": "sq/185/dur/5.338", "duration": 5.338}, {"path": "sq/186/dur/5.339", "duration": 5.339}, {"path": "sq/187/dur/5.339", "duration": 5.339}, {"path": "sq/188/dur/5.338", "duration": 5.338}, {"path": "sq/189/dur/5.339", "duration": 5.339}, {"path": "sq/190/dur/5.339", "duration": 5.339}, {"path": "sq/191/dur/5.338", "duration": 5.338}, {"path": "sq/192/dur/5.339", "duration": 5.339}, {"path": "sq/193/dur/5.339", "duration": 5.339}, {"path": "sq/194/dur/5.338", "duration": 5.338}, {"path": "sq/195/dur/5.339", "duration": 5.339}, {"path": "sq/196/dur/5.339", "duration": 5.339}, {"path": "sq/197/dur/5.338", "duration": 5.338}, {"path": "sq/198/dur/5.339", "duration": 5.339}, {"path": "sq/199/dur/5.339", "duration": 5.339}, {"path": "sq/200/dur/5.338", "duration": 5.338}, {"path": "sq/201/dur/5.339", "duration": 5.339}, {"path": "sq/202/dur/5.339", "duration": 5.339}, {"path": "sq/203/dur/5.338", "duration": 5.338}, {"path": "sq/204/dur/5.339", "duration": 5.339}, {"path": "sq/205/dur/5.339", "duration": 5.339}, {"path": "sq/206/dur/5.338", "duration": 5.338}, {"path": "sq/207/dur/5.339", "duration": 5.339}, {"path": "sq/208/dur/5.339", "duration": 5.339}, {"path": "sq/209/dur/5.338", "duration": 5.338}, {"path": "sq/210/dur/5.339", "duration": 5.339}, {"path": "sq/211/dur/5.339", "duration": 5.339}, {"path": "sq/212/dur/5.338", "duration": 5.338}, {"path": "sq/213/dur/5.339", "duration": 5.339}, {"path": "sq/214/dur/5.339", "duration": 5.339}, {"path": "sq/215/dur/5.338", "duration": 5.338}, {"path": "sq/216/dur/5.339", "duration": 5.339}, {"path": "sq/217/dur/5.339", "duration": 5.339}, {"path": "sq/218/dur/5.338", "duration": 5.338}, {"path": "sq/219/dur/5.339", "duration": 5.339}, {"path": "sq/220/dur/5.339", "duration": 5.339}, {"path": "sq/221/dur/5.338", "duration": 5.338}, {"path": "sq/222/dur/5.339", "duration": 5.339}, {"path": "sq/223/dur/5.339", "duration": 5.339}, {"path": "sq/224/dur/5.338", "duration": 5.338}, {"path": "sq/225/dur/5.339", "duration": 5.339}, {"path": "sq/226/dur/5.339", "duration": 5.339}, {"path": "sq/227/dur/5.338", "duration": 5.338}, {"path": "sq/228/dur/5.339", "duration": 5.339}, {"path": "sq/229/dur/5.339", "duration": 5.339}, {"path": "sq/230/dur/5.338", "duration": 5.338}, {"path": "sq/231/dur/5.339", "duration": 5.339}, {"path": "sq/232/dur/5.339", "duration": 5.339}, {"path": "sq/233/dur/5.338", "duration": 5.338}, {"path": "sq/234/dur/5.339", "duration": 5.339}, {"path": "sq/235/dur/5.339", "duration": 5.339}, {"path": "sq/236/dur/5.338", "duration": 5.338}, {"path": "sq/237/dur/5.339", "duration": 5.339}, {"path": "sq/238/dur/5.339", "duration": 5.339}, {"path": "sq/239/dur/1.101", "duration": 1.101}], "protocol": "http_dash_segments", "format": "135 - 854x480 (DASH video)", "http_headers": {"User-Agent": "Mozilla/5.0 (X11; Linux x86_64; rv:59.0) Gecko/20100101 Firefox/59.0", "Accept-Charset": "ISO-8859-1,utf-8;q=0.7,*;q=0.7", "Accept": "text/html,application/xhtml+xml,application/xml;q=0.9,*/*;q=0.8", "Accept-Encoding": "gzip, deflate", "Accept-Language": "en-us,en;q=0.5"}}, {"format_id": "17", "url": "https://r1---sn-n4v7knll.googlevideo.com/videoplayback?ipbits=0&signature=7FDDC3A914399EED65F1DD00A3CF9D4A5B8FC200.B55DB2445333058F92995C326BB53EDD12D5D7BD&c=WEB&requiressl=yes&initcwndbps=1797500&key=yt6&expire=1542504843&clen=7098245&lmt=1459059396699215&sparams=clen%2Cdur%2Cei%2Cgir%2Cid%2Cinitcwndbps%2Cip%2Cipbits%2Citag%2Clmt%2Cmime%2Cmm%2Cmn%2Cms%2Cmv%2Cpl%2Crequiressl%2Csource%2Cexpire&mn=sn-n4v7knll%2Csn-a5mekn7k&mm=31%2C26&source=youtube&gir=yes&ip=69.181.125.22&fvip=3&ms=au%2Conr&ei=K23wW5a_CI3xkgal8pCgDA&id=o-AFtq_P99dC5lrzQ2EIjmM79i-MaigJ_SLkq1RNB8vl6Q&pl=22&mv=m&mt=1542483125&dur=1271.849&mime=video%2F3gpp&itag=17&ratebypass=yes", "player_url": "/yts/jsbin/player_ias-vflof8Kxx/en_US/base.js", "ext": "3gp", "width": 176, "height": 144, "acodec": "mp4a.40.2", "abr": 24, "vcodec": "mp4v.20.3", "resolution": "176x144", "filesize": 7098245, "format_note": "small", "format": "17 - 176x144 (small)", "protocol": "https", "http_headers": {"User-Agent": "Mozilla/5.0 (X11; Linux x86_64; rv:59.0) Gecko/20100101 Firefox/59.0", "Accept-Charset": "ISO-8859-1,utf-8;q=0.7,*;q=0.7", "Accept": "text/html,application/xhtml+xml,application/xml;q=0.9,*/*;q=0.8", "Accept-Encoding": "gzip, deflate", "Accept-Language": "en-us,en;q=0.5"}}, {"format_id": "36", "url": "https://r1---sn-n4v7knll.googlevideo.com/videoplayback?ipbits=0&signature=A59DA89EAFA455D02F92A27805E0F1D02D9C5334.17F1F737F0BE83837BF22690F960DD1C22D27ECB&c=WEB&requiressl=yes&initcwndbps=1797500&key=yt6&expire=1542504843&clen=22921715&lmt=1459059394979092&sparams=clen%2Cdur%2Cei%2Cgir%2Cid%2Cinitcwndbps%2Cip%2Cipbits%2Citag%2Clmt%2Cmime%2Cmm%2Cmn%2Cms%2Cmv%2Cpl%2Crequiressl%2Csource%2Cexpire&mn=sn-n4v7knll%2Csn-a5mekn7k&mm=31%2C26&source=youtube&gir=yes&ip=69.181.125.22&fvip=3&ms=au%2Conr&ei=K23wW5a_CI3xkgal8pCgDA&id=o-AFtq_P99dC5lrzQ2EIjmM79i-MaigJ_SLkq1RNB8vl6Q&pl=22&mv=m&mt=1542483125&dur=1271.849&mime=video%2F3gpp&itag=36&ratebypass=yes", "player_url": "/yts/jsbin/player_ias-vflof8Kxx/en_US/base.js", "ext": "3gp", "width": 320, "acodec": "mp4a.40.2", "vcodec": "mp4v.20.3", "resolution": "320x180", "height": 180, "filesize": 22921715, "format_note": "small", "format": "36 - 320x180 (small)", "protocol": "https", "http_headers": {"User-Agent": "Mozilla/5.0 (X11; Linux x86_64; rv:59.0) Gecko/20100101 Firefox/59.0", "Accept-Charset": "ISO-8859-1,utf-8;q=0.7,*;q=0.7", "Accept": "text/html,application/xhtml+xml,application/xml;q=0.9,*/*;q=0.8", "Accept-Encoding": "gzip, deflate", "Accept-Language": "en-us,en;q=0.5"}}, {"format_id": "18", "url": "https://r1---sn-n4v7knll.googlevideo.com/videoplayback?ipbits=0&signature=83559C2695A7071AC82CEAAF819BB7B21E60CAF4.930EB6124F5C30B096421BB6CA11FAA7CA1B6FB7&c=WEB&requiressl=yes&initcwndbps=1797500&key=yt6&expire=1542504843&clen=37139530&lmt=1459059446173921&sparams=clen%2Cdur%2Cei%2Cgir%2Cid%2Cinitcwndbps%2Cip%2Cipbits%2Citag%2Clmt%2Cmime%2Cmm%2Cmn%2Cms%2Cmv%2Cpl%2Cratebypass%2Crequiressl%2Csource%2Cexpire&mn=sn-n4v7knll%2Csn-a5mekn7k&mm=31%2C26&source=youtube&ratebypass=yes&gir=yes&ip=69.181.125.22&fvip=3&ms=au%2Conr&ei=K23wW5a_CI3xkgal8pCgDA&id=o-AFtq_P99dC5lrzQ2EIjmM79i-MaigJ_SLkq1RNB8vl6Q&pl=22&mv=m&mt=1542483125&dur=1271.780&mime=video%2Fmp4&itag=18", "player_url": "/yts/jsbin/player_ias-vflof8Kxx/en_US/base.js", "ext": "mp4", "width": 640, "height": 360, "acodec": "mp4a.40.2", "abr": 96, "vcodec": "avc1.42001E", "resolution": "640x360", "filesize": 37139530, "format_note": "medium", "quality": 1, "format": "18 - 640x360 (medium)", "protocol": "https", "http_headers": {"User-Agent": "Mozilla/5.0 (X11; Linux x86_64; rv:59.0) Gecko/20100101 Firefox/59.0", "Accept-Charset": "ISO-8859-1,utf-8;q=0.7,*;q=0.7", "Accept": "text/html,application/xhtml+xml,application/xml;q=0.9,*/*;q=0.8", "Accept-Encoding": "gzip, deflate", "Accept-Language": "en-us,en;q=0.5"}}, {"format_id": "43", "url": "https://r1---sn-n4v7knll.googlevideo.com/videoplayback?ipbits=0&signature=DE6BFF350C35B9443AF7575E3D0E5E62C737F5D5.88F719049C953A82653EDEB848BF9D1DCA9766E4&c=WEB&requiressl=yes&initcwndbps=1797500&key=yt6&expire=1542504843&clen=38635879&lmt=1459169232145851&sparams=clen%2Cdur%2Cei%2Cgir%2Cid%2Cinitcwndbps%2Cip%2Cipbits%2Citag%2Clmt%2Cmime%2Cmm%2Cmn%2Cms%2Cmv%2Cpl%2Cratebypass%2Crequiressl%2Csource%2Cexpire&mn=sn-n4v7knll%2Csn-a5mekn7k&mm=31%2C26&source=youtube&ratebypass=yes&gir=yes&ip=69.181.125.22&fvip=3&ms=au%2Conr&ei=K23wW5a_CI3xkgal8pCgDA&id=o-AFtq_P99dC5lrzQ2EIjmM79i-MaigJ_SLkq1RNB8vl6Q&pl=22&mv=m&mt=1542483125&dur=0.000&mime=video%2Fwebm&itag=43", "player_url": "/yts/jsbin/player_ias-vflof8Kxx/en_US/base.js", "ext": "webm", "width": 640, "height": 360, "acodec": "vorbis", "abr": 128, "vcodec": "vp8.0", "resolution": "640x360", "filesize": 38635879, "format_note": "medium", "quality": 1, "format": "43 - 640x360 (medium)", "protocol": "https", "http_headers": {"User-Agent": "Mozilla/5.0 (X11; Linux x86_64; rv:59.0) Gecko/20100101 Firefox/59.0", "Accept-Charset": "ISO-8859-1,utf-8;q=0.7,*;q=0.7", "Accept": "text/html,application/xhtml+xml,application/xml;q=0.9,*/*;q=0.8", "Accept-Encoding": "gzip, deflate", "Accept-Language": "en-us,en;q=0.5"}}], "is_live": null, "start_time": null, "end_time": null, "series": null, "season_number": null, "episode_number": null, "track": null, "artist": null, "extractor": "youtube", "webpage_url_basename": "g8rNRwalUps", "extractor_key": "Youtube", "n_entries": 81, "playlist": "Natural Language Processing - Coursera [FULL COURSE] | University of Michigan", "playlist_id": "PLLssT5z_DsK8BdawOVCCaTCO99Ya58ryR", "playlist_title": "Natural Language Processing - Coursera [FULL COURSE] | University of Michigan", "playlist_uploader": "Artificial Intelligence - All in One", "playlist_uploader_id": "UC5zx8Owijmv-bbhAK6Z9apg", "playlist_index": 35, "thumbnails": [{"url": "https://i.ytimg.com/vi/g8rNRwalUps/hqdefault.jpg", "id": "0"}], "display_id": "g8rNRwalUps", "format_id": "43", "url": "https://r1---sn-n4v7knll.googlevideo.com/videoplayback?ipbits=0&signature=DE6BFF350C35B9443AF7575E3D0E5E62C737F5D5.88F719049C953A82653EDEB848BF9D1DCA9766E4&c=WEB&requiressl=yes&initcwndbps=1797500&key=yt6&expire=1542504843&clen=38635879&lmt=1459169232145851&sparams=clen%2Cdur%2Cei%2Cgir%2Cid%2Cinitcwndbps%2Cip%2Cipbits%2Citag%2Clmt%2Cmime%2Cmm%2Cmn%2Cms%2Cmv%2Cpl%2Cratebypass%2Crequiressl%2Csource%2Cexpire&mn=sn-n4v7knll%2Csn-a5mekn7k&mm=31%2C26&source=youtube&ratebypass=yes&gir=yes&ip=69.181.125.22&fvip=3&ms=au%2Conr&ei=K23wW5a_CI3xkgal8pCgDA&id=o-AFtq_P99dC5lrzQ2EIjmM79i-MaigJ_SLkq1RNB8vl6Q&pl=22&mv=m&mt=1542483125&dur=0.000&mime=video%2Fwebm&itag=43", "player_url": "/yts/jsbin/player_ias-vflof8Kxx/en_US/base.js", "ext": "webm", "width": 640, "height": 360, "acodec": "vorbis", "abr": 128, "vcodec": "vp8.0", "resolution": "640x360", "filesize": 38635879, "format_note": "medium", "quality": 1, "format": "43 - 640x360 (medium)", "protocol": "https", "http_headers": {"User-Agent": "Mozilla/5.0 (X11; Linux x86_64; rv:59.0) Gecko/20100101 Firefox/59.0", "Accept-Charset": "ISO-8859-1,utf-8;q=0.7,*;q=0.7", "Accept": "text/html,application/xhtml+xml,application/xml;q=0.9,*/*;q=0.8", "Accept-Encoding": "gzip, deflate", "Accept-Language": "en-us,en;q=0.5"}, "fulltitle": "Lecture 35 \u2014 Probabilities - Natural Language Processing | University of Michigan", "_filename": "Lecture 35 \u2014 Probabilities - Natural Language Processing _ University of Michigan-g8rNRwalUps.webm"}