{"id": "8AUzaxLURpI", "uploader": "Artificial Intelligence - All in One", "uploader_id": "UC5zx8Owijmv-bbhAK6Z9apg", "uploader_url": "http://www.youtube.com/channel/UC5zx8Owijmv-bbhAK6Z9apg", "channel_id": "UC5zx8Owijmv-bbhAK6Z9apg", "channel_url": "http://www.youtube.com/channel/UC5zx8Owijmv-bbhAK6Z9apg", "upload_date": "20160327", "license": null, "creator": null, "title": "Lecture 22 \u2014 Syntax - Natural Language Processing | University of Michigan", "alt_title": null, "thumbnail": "https://i.ytimg.com/vi/8AUzaxLURpI/hqdefault.jpg", "description": ".\nCopyright Disclaimer Under Section 107 of the Copyright Act 1976, allowance is made for \"FAIR USE\" for purposes such as criticism, comment, news reporting, teaching, scholarship, and research. Fair use is a use permitted by copyright statute that might otherwise be infringing. Non-profit, educational or personal use tips the balance in favor of fair use.\n.", "categories": ["Science & Technology"], "tags": ["Natural Language Processing", "Language Processing", "University of Michigan", "Michigan", "NLP", "Coursera", "Dragomir R. Radev", "Computational Linguistics", "Linguistics", "Information Retrieval", "Computer Science", "Video Lecture", "Video Tutorial", "Video Course", "Course", "Data Science", "Syntax"], "subtitles": {}, "automatic_captions": {"af": [{"url": "https://www.youtube.com/api/timedtext?caps=asr&xoaf=1&hl=en&asr_langs=nl%2Ces%2Cru%2Cfr%2Cpt%2Cit%2Cko%2Cde%2Cja%2Cen&signature=2A8D3679108D60BDEE94F9C3B2B23ED0550406CE.404220015A9FDFE4252B74112153C402A92748D7&v=8AUzaxLURpI&key=yttt1&expire=1542508358&sparams=asr_langs%2Ccaps%2Cv%2Cxoaf%2Cxorp%2Cexpire&xorp=True&kind=asr&lang=en&tlang=af&fmt=ttml", "ext": "ttml"}, {"url": "https://www.youtube.com/api/timedtext?caps=asr&xoaf=1&hl=en&asr_langs=nl%2Ces%2Cru%2Cfr%2Cpt%2Cit%2Cko%2Cde%2Cja%2Cen&signature=2A8D3679108D60BDEE94F9C3B2B23ED0550406CE.404220015A9FDFE4252B74112153C402A92748D7&v=8AUzaxLURpI&key=yttt1&expire=1542508358&sparams=asr_langs%2Ccaps%2Cv%2Cxoaf%2Cxorp%2Cexpire&xorp=True&kind=asr&lang=en&tlang=af&fmt=vtt", "ext": "vtt"}], "sq": [{"url": "https://www.youtube.com/api/timedtext?caps=asr&xoaf=1&hl=en&asr_langs=nl%2Ces%2Cru%2Cfr%2Cpt%2Cit%2Cko%2Cde%2Cja%2Cen&signature=2A8D3679108D60BDEE94F9C3B2B23ED0550406CE.404220015A9FDFE4252B74112153C402A92748D7&v=8AUzaxLURpI&key=yttt1&expire=1542508358&sparams=asr_langs%2Ccaps%2Cv%2Cxoaf%2Cxorp%2Cexpire&xorp=True&kind=asr&lang=en&tlang=sq&fmt=ttml", "ext": "ttml"}, {"url": "https://www.youtube.com/api/timedtext?caps=asr&xoaf=1&hl=en&asr_langs=nl%2Ces%2Cru%2Cfr%2Cpt%2Cit%2Cko%2Cde%2Cja%2Cen&signature=2A8D3679108D60BDEE94F9C3B2B23ED0550406CE.404220015A9FDFE4252B74112153C402A92748D7&v=8AUzaxLURpI&key=yttt1&expire=1542508358&sparams=asr_langs%2Ccaps%2Cv%2Cxoaf%2Cxorp%2Cexpire&xorp=True&kind=asr&lang=en&tlang=sq&fmt=vtt", "ext": "vtt"}], "am": [{"url": "https://www.youtube.com/api/timedtext?caps=asr&xoaf=1&hl=en&asr_langs=nl%2Ces%2Cru%2Cfr%2Cpt%2Cit%2Cko%2Cde%2Cja%2Cen&signature=2A8D3679108D60BDEE94F9C3B2B23ED0550406CE.404220015A9FDFE4252B74112153C402A92748D7&v=8AUzaxLURpI&key=yttt1&expire=1542508358&sparams=asr_langs%2Ccaps%2Cv%2Cxoaf%2Cxorp%2Cexpire&xorp=True&kind=asr&lang=en&tlang=am&fmt=ttml", "ext": "ttml"}, {"url": "https://www.youtube.com/api/timedtext?caps=asr&xoaf=1&hl=en&asr_langs=nl%2Ces%2Cru%2Cfr%2Cpt%2Cit%2Cko%2Cde%2Cja%2Cen&signature=2A8D3679108D60BDEE94F9C3B2B23ED0550406CE.404220015A9FDFE4252B74112153C402A92748D7&v=8AUzaxLURpI&key=yttt1&expire=1542508358&sparams=asr_langs%2Ccaps%2Cv%2Cxoaf%2Cxorp%2Cexpire&xorp=True&kind=asr&lang=en&tlang=am&fmt=vtt", "ext": "vtt"}], "ar": [{"url": "https://www.youtube.com/api/timedtext?caps=asr&xoaf=1&hl=en&asr_langs=nl%2Ces%2Cru%2Cfr%2Cpt%2Cit%2Cko%2Cde%2Cja%2Cen&signature=2A8D3679108D60BDEE94F9C3B2B23ED0550406CE.404220015A9FDFE4252B74112153C402A92748D7&v=8AUzaxLURpI&key=yttt1&expire=1542508358&sparams=asr_langs%2Ccaps%2Cv%2Cxoaf%2Cxorp%2Cexpire&xorp=True&kind=asr&lang=en&tlang=ar&fmt=ttml", "ext": "ttml"}, {"url": "https://www.youtube.com/api/timedtext?caps=asr&xoaf=1&hl=en&asr_langs=nl%2Ces%2Cru%2Cfr%2Cpt%2Cit%2Cko%2Cde%2Cja%2Cen&signature=2A8D3679108D60BDEE94F9C3B2B23ED0550406CE.404220015A9FDFE4252B74112153C402A92748D7&v=8AUzaxLURpI&key=yttt1&expire=1542508358&sparams=asr_langs%2Ccaps%2Cv%2Cxoaf%2Cxorp%2Cexpire&xorp=True&kind=asr&lang=en&tlang=ar&fmt=vtt", "ext": "vtt"}], "hy": [{"url": "https://www.youtube.com/api/timedtext?caps=asr&xoaf=1&hl=en&asr_langs=nl%2Ces%2Cru%2Cfr%2Cpt%2Cit%2Cko%2Cde%2Cja%2Cen&signature=2A8D3679108D60BDEE94F9C3B2B23ED0550406CE.404220015A9FDFE4252B74112153C402A92748D7&v=8AUzaxLURpI&key=yttt1&expire=1542508358&sparams=asr_langs%2Ccaps%2Cv%2Cxoaf%2Cxorp%2Cexpire&xorp=True&kind=asr&lang=en&tlang=hy&fmt=ttml", "ext": "ttml"}, {"url": "https://www.youtube.com/api/timedtext?caps=asr&xoaf=1&hl=en&asr_langs=nl%2Ces%2Cru%2Cfr%2Cpt%2Cit%2Cko%2Cde%2Cja%2Cen&signature=2A8D3679108D60BDEE94F9C3B2B23ED0550406CE.404220015A9FDFE4252B74112153C402A92748D7&v=8AUzaxLURpI&key=yttt1&expire=1542508358&sparams=asr_langs%2Ccaps%2Cv%2Cxoaf%2Cxorp%2Cexpire&xorp=True&kind=asr&lang=en&tlang=hy&fmt=vtt", "ext": "vtt"}], "az": [{"url": "https://www.youtube.com/api/timedtext?caps=asr&xoaf=1&hl=en&asr_langs=nl%2Ces%2Cru%2Cfr%2Cpt%2Cit%2Cko%2Cde%2Cja%2Cen&signature=2A8D3679108D60BDEE94F9C3B2B23ED0550406CE.404220015A9FDFE4252B74112153C402A92748D7&v=8AUzaxLURpI&key=yttt1&expire=1542508358&sparams=asr_langs%2Ccaps%2Cv%2Cxoaf%2Cxorp%2Cexpire&xorp=True&kind=asr&lang=en&tlang=az&fmt=ttml", "ext": "ttml"}, {"url": "https://www.youtube.com/api/timedtext?caps=asr&xoaf=1&hl=en&asr_langs=nl%2Ces%2Cru%2Cfr%2Cpt%2Cit%2Cko%2Cde%2Cja%2Cen&signature=2A8D3679108D60BDEE94F9C3B2B23ED0550406CE.404220015A9FDFE4252B74112153C402A92748D7&v=8AUzaxLURpI&key=yttt1&expire=1542508358&sparams=asr_langs%2Ccaps%2Cv%2Cxoaf%2Cxorp%2Cexpire&xorp=True&kind=asr&lang=en&tlang=az&fmt=vtt", "ext": "vtt"}], "bn": [{"url": "https://www.youtube.com/api/timedtext?caps=asr&xoaf=1&hl=en&asr_langs=nl%2Ces%2Cru%2Cfr%2Cpt%2Cit%2Cko%2Cde%2Cja%2Cen&signature=2A8D3679108D60BDEE94F9C3B2B23ED0550406CE.404220015A9FDFE4252B74112153C402A92748D7&v=8AUzaxLURpI&key=yttt1&expire=1542508358&sparams=asr_langs%2Ccaps%2Cv%2Cxoaf%2Cxorp%2Cexpire&xorp=True&kind=asr&lang=en&tlang=bn&fmt=ttml", "ext": "ttml"}, {"url": "https://www.youtube.com/api/timedtext?caps=asr&xoaf=1&hl=en&asr_langs=nl%2Ces%2Cru%2Cfr%2Cpt%2Cit%2Cko%2Cde%2Cja%2Cen&signature=2A8D3679108D60BDEE94F9C3B2B23ED0550406CE.404220015A9FDFE4252B74112153C402A92748D7&v=8AUzaxLURpI&key=yttt1&expire=1542508358&sparams=asr_langs%2Ccaps%2Cv%2Cxoaf%2Cxorp%2Cexpire&xorp=True&kind=asr&lang=en&tlang=bn&fmt=vtt", "ext": "vtt"}], "eu": [{"url": "https://www.youtube.com/api/timedtext?caps=asr&xoaf=1&hl=en&asr_langs=nl%2Ces%2Cru%2Cfr%2Cpt%2Cit%2Cko%2Cde%2Cja%2Cen&signature=2A8D3679108D60BDEE94F9C3B2B23ED0550406CE.404220015A9FDFE4252B74112153C402A92748D7&v=8AUzaxLURpI&key=yttt1&expire=1542508358&sparams=asr_langs%2Ccaps%2Cv%2Cxoaf%2Cxorp%2Cexpire&xorp=True&kind=asr&lang=en&tlang=eu&fmt=ttml", "ext": "ttml"}, {"url": "https://www.youtube.com/api/timedtext?caps=asr&xoaf=1&hl=en&asr_langs=nl%2Ces%2Cru%2Cfr%2Cpt%2Cit%2Cko%2Cde%2Cja%2Cen&signature=2A8D3679108D60BDEE94F9C3B2B23ED0550406CE.404220015A9FDFE4252B74112153C402A92748D7&v=8AUzaxLURpI&key=yttt1&expire=1542508358&sparams=asr_langs%2Ccaps%2Cv%2Cxoaf%2Cxorp%2Cexpire&xorp=True&kind=asr&lang=en&tlang=eu&fmt=vtt", "ext": "vtt"}], "be": [{"url": "https://www.youtube.com/api/timedtext?caps=asr&xoaf=1&hl=en&asr_langs=nl%2Ces%2Cru%2Cfr%2Cpt%2Cit%2Cko%2Cde%2Cja%2Cen&signature=2A8D3679108D60BDEE94F9C3B2B23ED0550406CE.404220015A9FDFE4252B74112153C402A92748D7&v=8AUzaxLURpI&key=yttt1&expire=1542508358&sparams=asr_langs%2Ccaps%2Cv%2Cxoaf%2Cxorp%2Cexpire&xorp=True&kind=asr&lang=en&tlang=be&fmt=ttml", "ext": "ttml"}, {"url": "https://www.youtube.com/api/timedtext?caps=asr&xoaf=1&hl=en&asr_langs=nl%2Ces%2Cru%2Cfr%2Cpt%2Cit%2Cko%2Cde%2Cja%2Cen&signature=2A8D3679108D60BDEE94F9C3B2B23ED0550406CE.404220015A9FDFE4252B74112153C402A92748D7&v=8AUzaxLURpI&key=yttt1&expire=1542508358&sparams=asr_langs%2Ccaps%2Cv%2Cxoaf%2Cxorp%2Cexpire&xorp=True&kind=asr&lang=en&tlang=be&fmt=vtt", "ext": "vtt"}], "bs": [{"url": "https://www.youtube.com/api/timedtext?caps=asr&xoaf=1&hl=en&asr_langs=nl%2Ces%2Cru%2Cfr%2Cpt%2Cit%2Cko%2Cde%2Cja%2Cen&signature=2A8D3679108D60BDEE94F9C3B2B23ED0550406CE.404220015A9FDFE4252B74112153C402A92748D7&v=8AUzaxLURpI&key=yttt1&expire=1542508358&sparams=asr_langs%2Ccaps%2Cv%2Cxoaf%2Cxorp%2Cexpire&xorp=True&kind=asr&lang=en&tlang=bs&fmt=ttml", "ext": "ttml"}, {"url": "https://www.youtube.com/api/timedtext?caps=asr&xoaf=1&hl=en&asr_langs=nl%2Ces%2Cru%2Cfr%2Cpt%2Cit%2Cko%2Cde%2Cja%2Cen&signature=2A8D3679108D60BDEE94F9C3B2B23ED0550406CE.404220015A9FDFE4252B74112153C402A92748D7&v=8AUzaxLURpI&key=yttt1&expire=1542508358&sparams=asr_langs%2Ccaps%2Cv%2Cxoaf%2Cxorp%2Cexpire&xorp=True&kind=asr&lang=en&tlang=bs&fmt=vtt", "ext": "vtt"}], "bg": [{"url": "https://www.youtube.com/api/timedtext?caps=asr&xoaf=1&hl=en&asr_langs=nl%2Ces%2Cru%2Cfr%2Cpt%2Cit%2Cko%2Cde%2Cja%2Cen&signature=2A8D3679108D60BDEE94F9C3B2B23ED0550406CE.404220015A9FDFE4252B74112153C402A92748D7&v=8AUzaxLURpI&key=yttt1&expire=1542508358&sparams=asr_langs%2Ccaps%2Cv%2Cxoaf%2Cxorp%2Cexpire&xorp=True&kind=asr&lang=en&tlang=bg&fmt=ttml", "ext": "ttml"}, {"url": "https://www.youtube.com/api/timedtext?caps=asr&xoaf=1&hl=en&asr_langs=nl%2Ces%2Cru%2Cfr%2Cpt%2Cit%2Cko%2Cde%2Cja%2Cen&signature=2A8D3679108D60BDEE94F9C3B2B23ED0550406CE.404220015A9FDFE4252B74112153C402A92748D7&v=8AUzaxLURpI&key=yttt1&expire=1542508358&sparams=asr_langs%2Ccaps%2Cv%2Cxoaf%2Cxorp%2Cexpire&xorp=True&kind=asr&lang=en&tlang=bg&fmt=vtt", "ext": "vtt"}], "my": [{"url": "https://www.youtube.com/api/timedtext?caps=asr&xoaf=1&hl=en&asr_langs=nl%2Ces%2Cru%2Cfr%2Cpt%2Cit%2Cko%2Cde%2Cja%2Cen&signature=2A8D3679108D60BDEE94F9C3B2B23ED0550406CE.404220015A9FDFE4252B74112153C402A92748D7&v=8AUzaxLURpI&key=yttt1&expire=1542508358&sparams=asr_langs%2Ccaps%2Cv%2Cxoaf%2Cxorp%2Cexpire&xorp=True&kind=asr&lang=en&tlang=my&fmt=ttml", "ext": "ttml"}, {"url": "https://www.youtube.com/api/timedtext?caps=asr&xoaf=1&hl=en&asr_langs=nl%2Ces%2Cru%2Cfr%2Cpt%2Cit%2Cko%2Cde%2Cja%2Cen&signature=2A8D3679108D60BDEE94F9C3B2B23ED0550406CE.404220015A9FDFE4252B74112153C402A92748D7&v=8AUzaxLURpI&key=yttt1&expire=1542508358&sparams=asr_langs%2Ccaps%2Cv%2Cxoaf%2Cxorp%2Cexpire&xorp=True&kind=asr&lang=en&tlang=my&fmt=vtt", "ext": "vtt"}], "ca": [{"url": "https://www.youtube.com/api/timedtext?caps=asr&xoaf=1&hl=en&asr_langs=nl%2Ces%2Cru%2Cfr%2Cpt%2Cit%2Cko%2Cde%2Cja%2Cen&signature=2A8D3679108D60BDEE94F9C3B2B23ED0550406CE.404220015A9FDFE4252B74112153C402A92748D7&v=8AUzaxLURpI&key=yttt1&expire=1542508358&sparams=asr_langs%2Ccaps%2Cv%2Cxoaf%2Cxorp%2Cexpire&xorp=True&kind=asr&lang=en&tlang=ca&fmt=ttml", "ext": "ttml"}, {"url": "https://www.youtube.com/api/timedtext?caps=asr&xoaf=1&hl=en&asr_langs=nl%2Ces%2Cru%2Cfr%2Cpt%2Cit%2Cko%2Cde%2Cja%2Cen&signature=2A8D3679108D60BDEE94F9C3B2B23ED0550406CE.404220015A9FDFE4252B74112153C402A92748D7&v=8AUzaxLURpI&key=yttt1&expire=1542508358&sparams=asr_langs%2Ccaps%2Cv%2Cxoaf%2Cxorp%2Cexpire&xorp=True&kind=asr&lang=en&tlang=ca&fmt=vtt", "ext": "vtt"}], "ceb": [{"url": "https://www.youtube.com/api/timedtext?caps=asr&xoaf=1&hl=en&asr_langs=nl%2Ces%2Cru%2Cfr%2Cpt%2Cit%2Cko%2Cde%2Cja%2Cen&signature=2A8D3679108D60BDEE94F9C3B2B23ED0550406CE.404220015A9FDFE4252B74112153C402A92748D7&v=8AUzaxLURpI&key=yttt1&expire=1542508358&sparams=asr_langs%2Ccaps%2Cv%2Cxoaf%2Cxorp%2Cexpire&xorp=True&kind=asr&lang=en&tlang=ceb&fmt=ttml", "ext": "ttml"}, {"url": "https://www.youtube.com/api/timedtext?caps=asr&xoaf=1&hl=en&asr_langs=nl%2Ces%2Cru%2Cfr%2Cpt%2Cit%2Cko%2Cde%2Cja%2Cen&signature=2A8D3679108D60BDEE94F9C3B2B23ED0550406CE.404220015A9FDFE4252B74112153C402A92748D7&v=8AUzaxLURpI&key=yttt1&expire=1542508358&sparams=asr_langs%2Ccaps%2Cv%2Cxoaf%2Cxorp%2Cexpire&xorp=True&kind=asr&lang=en&tlang=ceb&fmt=vtt", "ext": "vtt"}], "zh-Hans": [{"url": "https://www.youtube.com/api/timedtext?caps=asr&xoaf=1&hl=en&asr_langs=nl%2Ces%2Cru%2Cfr%2Cpt%2Cit%2Cko%2Cde%2Cja%2Cen&signature=2A8D3679108D60BDEE94F9C3B2B23ED0550406CE.404220015A9FDFE4252B74112153C402A92748D7&v=8AUzaxLURpI&key=yttt1&expire=1542508358&sparams=asr_langs%2Ccaps%2Cv%2Cxoaf%2Cxorp%2Cexpire&xorp=True&kind=asr&lang=en&tlang=zh-Hans&fmt=ttml", "ext": "ttml"}, {"url": "https://www.youtube.com/api/timedtext?caps=asr&xoaf=1&hl=en&asr_langs=nl%2Ces%2Cru%2Cfr%2Cpt%2Cit%2Cko%2Cde%2Cja%2Cen&signature=2A8D3679108D60BDEE94F9C3B2B23ED0550406CE.404220015A9FDFE4252B74112153C402A92748D7&v=8AUzaxLURpI&key=yttt1&expire=1542508358&sparams=asr_langs%2Ccaps%2Cv%2Cxoaf%2Cxorp%2Cexpire&xorp=True&kind=asr&lang=en&tlang=zh-Hans&fmt=vtt", "ext": "vtt"}], "zh-Hant": [{"url": "https://www.youtube.com/api/timedtext?caps=asr&xoaf=1&hl=en&asr_langs=nl%2Ces%2Cru%2Cfr%2Cpt%2Cit%2Cko%2Cde%2Cja%2Cen&signature=2A8D3679108D60BDEE94F9C3B2B23ED0550406CE.404220015A9FDFE4252B74112153C402A92748D7&v=8AUzaxLURpI&key=yttt1&expire=1542508358&sparams=asr_langs%2Ccaps%2Cv%2Cxoaf%2Cxorp%2Cexpire&xorp=True&kind=asr&lang=en&tlang=zh-Hant&fmt=ttml", "ext": "ttml"}, {"url": "https://www.youtube.com/api/timedtext?caps=asr&xoaf=1&hl=en&asr_langs=nl%2Ces%2Cru%2Cfr%2Cpt%2Cit%2Cko%2Cde%2Cja%2Cen&signature=2A8D3679108D60BDEE94F9C3B2B23ED0550406CE.404220015A9FDFE4252B74112153C402A92748D7&v=8AUzaxLURpI&key=yttt1&expire=1542508358&sparams=asr_langs%2Ccaps%2Cv%2Cxoaf%2Cxorp%2Cexpire&xorp=True&kind=asr&lang=en&tlang=zh-Hant&fmt=vtt", "ext": "vtt"}], "co": [{"url": "https://www.youtube.com/api/timedtext?caps=asr&xoaf=1&hl=en&asr_langs=nl%2Ces%2Cru%2Cfr%2Cpt%2Cit%2Cko%2Cde%2Cja%2Cen&signature=2A8D3679108D60BDEE94F9C3B2B23ED0550406CE.404220015A9FDFE4252B74112153C402A92748D7&v=8AUzaxLURpI&key=yttt1&expire=1542508358&sparams=asr_langs%2Ccaps%2Cv%2Cxoaf%2Cxorp%2Cexpire&xorp=True&kind=asr&lang=en&tlang=co&fmt=ttml", "ext": "ttml"}, {"url": "https://www.youtube.com/api/timedtext?caps=asr&xoaf=1&hl=en&asr_langs=nl%2Ces%2Cru%2Cfr%2Cpt%2Cit%2Cko%2Cde%2Cja%2Cen&signature=2A8D3679108D60BDEE94F9C3B2B23ED0550406CE.404220015A9FDFE4252B74112153C402A92748D7&v=8AUzaxLURpI&key=yttt1&expire=1542508358&sparams=asr_langs%2Ccaps%2Cv%2Cxoaf%2Cxorp%2Cexpire&xorp=True&kind=asr&lang=en&tlang=co&fmt=vtt", "ext": "vtt"}], "hr": [{"url": "https://www.youtube.com/api/timedtext?caps=asr&xoaf=1&hl=en&asr_langs=nl%2Ces%2Cru%2Cfr%2Cpt%2Cit%2Cko%2Cde%2Cja%2Cen&signature=2A8D3679108D60BDEE94F9C3B2B23ED0550406CE.404220015A9FDFE4252B74112153C402A92748D7&v=8AUzaxLURpI&key=yttt1&expire=1542508358&sparams=asr_langs%2Ccaps%2Cv%2Cxoaf%2Cxorp%2Cexpire&xorp=True&kind=asr&lang=en&tlang=hr&fmt=ttml", "ext": "ttml"}, {"url": "https://www.youtube.com/api/timedtext?caps=asr&xoaf=1&hl=en&asr_langs=nl%2Ces%2Cru%2Cfr%2Cpt%2Cit%2Cko%2Cde%2Cja%2Cen&signature=2A8D3679108D60BDEE94F9C3B2B23ED0550406CE.404220015A9FDFE4252B74112153C402A92748D7&v=8AUzaxLURpI&key=yttt1&expire=1542508358&sparams=asr_langs%2Ccaps%2Cv%2Cxoaf%2Cxorp%2Cexpire&xorp=True&kind=asr&lang=en&tlang=hr&fmt=vtt", "ext": "vtt"}], "cs": [{"url": "https://www.youtube.com/api/timedtext?caps=asr&xoaf=1&hl=en&asr_langs=nl%2Ces%2Cru%2Cfr%2Cpt%2Cit%2Cko%2Cde%2Cja%2Cen&signature=2A8D3679108D60BDEE94F9C3B2B23ED0550406CE.404220015A9FDFE4252B74112153C402A92748D7&v=8AUzaxLURpI&key=yttt1&expire=1542508358&sparams=asr_langs%2Ccaps%2Cv%2Cxoaf%2Cxorp%2Cexpire&xorp=True&kind=asr&lang=en&tlang=cs&fmt=ttml", "ext": "ttml"}, {"url": "https://www.youtube.com/api/timedtext?caps=asr&xoaf=1&hl=en&asr_langs=nl%2Ces%2Cru%2Cfr%2Cpt%2Cit%2Cko%2Cde%2Cja%2Cen&signature=2A8D3679108D60BDEE94F9C3B2B23ED0550406CE.404220015A9FDFE4252B74112153C402A92748D7&v=8AUzaxLURpI&key=yttt1&expire=1542508358&sparams=asr_langs%2Ccaps%2Cv%2Cxoaf%2Cxorp%2Cexpire&xorp=True&kind=asr&lang=en&tlang=cs&fmt=vtt", "ext": "vtt"}], "da": [{"url": "https://www.youtube.com/api/timedtext?caps=asr&xoaf=1&hl=en&asr_langs=nl%2Ces%2Cru%2Cfr%2Cpt%2Cit%2Cko%2Cde%2Cja%2Cen&signature=2A8D3679108D60BDEE94F9C3B2B23ED0550406CE.404220015A9FDFE4252B74112153C402A92748D7&v=8AUzaxLURpI&key=yttt1&expire=1542508358&sparams=asr_langs%2Ccaps%2Cv%2Cxoaf%2Cxorp%2Cexpire&xorp=True&kind=asr&lang=en&tlang=da&fmt=ttml", "ext": "ttml"}, {"url": "https://www.youtube.com/api/timedtext?caps=asr&xoaf=1&hl=en&asr_langs=nl%2Ces%2Cru%2Cfr%2Cpt%2Cit%2Cko%2Cde%2Cja%2Cen&signature=2A8D3679108D60BDEE94F9C3B2B23ED0550406CE.404220015A9FDFE4252B74112153C402A92748D7&v=8AUzaxLURpI&key=yttt1&expire=1542508358&sparams=asr_langs%2Ccaps%2Cv%2Cxoaf%2Cxorp%2Cexpire&xorp=True&kind=asr&lang=en&tlang=da&fmt=vtt", "ext": "vtt"}], "nl": [{"url": "https://www.youtube.com/api/timedtext?caps=asr&xoaf=1&hl=en&asr_langs=nl%2Ces%2Cru%2Cfr%2Cpt%2Cit%2Cko%2Cde%2Cja%2Cen&signature=2A8D3679108D60BDEE94F9C3B2B23ED0550406CE.404220015A9FDFE4252B74112153C402A92748D7&v=8AUzaxLURpI&key=yttt1&expire=1542508358&sparams=asr_langs%2Ccaps%2Cv%2Cxoaf%2Cxorp%2Cexpire&xorp=True&kind=asr&lang=en&tlang=nl&fmt=ttml", "ext": "ttml"}, {"url": "https://www.youtube.com/api/timedtext?caps=asr&xoaf=1&hl=en&asr_langs=nl%2Ces%2Cru%2Cfr%2Cpt%2Cit%2Cko%2Cde%2Cja%2Cen&signature=2A8D3679108D60BDEE94F9C3B2B23ED0550406CE.404220015A9FDFE4252B74112153C402A92748D7&v=8AUzaxLURpI&key=yttt1&expire=1542508358&sparams=asr_langs%2Ccaps%2Cv%2Cxoaf%2Cxorp%2Cexpire&xorp=True&kind=asr&lang=en&tlang=nl&fmt=vtt", "ext": "vtt"}], "en": [{"url": "https://www.youtube.com/api/timedtext?caps=asr&xoaf=1&hl=en&asr_langs=nl%2Ces%2Cru%2Cfr%2Cpt%2Cit%2Cko%2Cde%2Cja%2Cen&signature=2A8D3679108D60BDEE94F9C3B2B23ED0550406CE.404220015A9FDFE4252B74112153C402A92748D7&v=8AUzaxLURpI&key=yttt1&expire=1542508358&sparams=asr_langs%2Ccaps%2Cv%2Cxoaf%2Cxorp%2Cexpire&xorp=True&kind=asr&lang=en&tlang=en&fmt=ttml", "ext": "ttml"}, {"url": "https://www.youtube.com/api/timedtext?caps=asr&xoaf=1&hl=en&asr_langs=nl%2Ces%2Cru%2Cfr%2Cpt%2Cit%2Cko%2Cde%2Cja%2Cen&signature=2A8D3679108D60BDEE94F9C3B2B23ED0550406CE.404220015A9FDFE4252B74112153C402A92748D7&v=8AUzaxLURpI&key=yttt1&expire=1542508358&sparams=asr_langs%2Ccaps%2Cv%2Cxoaf%2Cxorp%2Cexpire&xorp=True&kind=asr&lang=en&tlang=en&fmt=vtt", "ext": "vtt"}], "eo": [{"url": "https://www.youtube.com/api/timedtext?caps=asr&xoaf=1&hl=en&asr_langs=nl%2Ces%2Cru%2Cfr%2Cpt%2Cit%2Cko%2Cde%2Cja%2Cen&signature=2A8D3679108D60BDEE94F9C3B2B23ED0550406CE.404220015A9FDFE4252B74112153C402A92748D7&v=8AUzaxLURpI&key=yttt1&expire=1542508358&sparams=asr_langs%2Ccaps%2Cv%2Cxoaf%2Cxorp%2Cexpire&xorp=True&kind=asr&lang=en&tlang=eo&fmt=ttml", "ext": "ttml"}, {"url": "https://www.youtube.com/api/timedtext?caps=asr&xoaf=1&hl=en&asr_langs=nl%2Ces%2Cru%2Cfr%2Cpt%2Cit%2Cko%2Cde%2Cja%2Cen&signature=2A8D3679108D60BDEE94F9C3B2B23ED0550406CE.404220015A9FDFE4252B74112153C402A92748D7&v=8AUzaxLURpI&key=yttt1&expire=1542508358&sparams=asr_langs%2Ccaps%2Cv%2Cxoaf%2Cxorp%2Cexpire&xorp=True&kind=asr&lang=en&tlang=eo&fmt=vtt", "ext": "vtt"}], "et": [{"url": "https://www.youtube.com/api/timedtext?caps=asr&xoaf=1&hl=en&asr_langs=nl%2Ces%2Cru%2Cfr%2Cpt%2Cit%2Cko%2Cde%2Cja%2Cen&signature=2A8D3679108D60BDEE94F9C3B2B23ED0550406CE.404220015A9FDFE4252B74112153C402A92748D7&v=8AUzaxLURpI&key=yttt1&expire=1542508358&sparams=asr_langs%2Ccaps%2Cv%2Cxoaf%2Cxorp%2Cexpire&xorp=True&kind=asr&lang=en&tlang=et&fmt=ttml", "ext": "ttml"}, {"url": "https://www.youtube.com/api/timedtext?caps=asr&xoaf=1&hl=en&asr_langs=nl%2Ces%2Cru%2Cfr%2Cpt%2Cit%2Cko%2Cde%2Cja%2Cen&signature=2A8D3679108D60BDEE94F9C3B2B23ED0550406CE.404220015A9FDFE4252B74112153C402A92748D7&v=8AUzaxLURpI&key=yttt1&expire=1542508358&sparams=asr_langs%2Ccaps%2Cv%2Cxoaf%2Cxorp%2Cexpire&xorp=True&kind=asr&lang=en&tlang=et&fmt=vtt", "ext": "vtt"}], "fil": [{"url": "https://www.youtube.com/api/timedtext?caps=asr&xoaf=1&hl=en&asr_langs=nl%2Ces%2Cru%2Cfr%2Cpt%2Cit%2Cko%2Cde%2Cja%2Cen&signature=2A8D3679108D60BDEE94F9C3B2B23ED0550406CE.404220015A9FDFE4252B74112153C402A92748D7&v=8AUzaxLURpI&key=yttt1&expire=1542508358&sparams=asr_langs%2Ccaps%2Cv%2Cxoaf%2Cxorp%2Cexpire&xorp=True&kind=asr&lang=en&tlang=fil&fmt=ttml", "ext": "ttml"}, {"url": "https://www.youtube.com/api/timedtext?caps=asr&xoaf=1&hl=en&asr_langs=nl%2Ces%2Cru%2Cfr%2Cpt%2Cit%2Cko%2Cde%2Cja%2Cen&signature=2A8D3679108D60BDEE94F9C3B2B23ED0550406CE.404220015A9FDFE4252B74112153C402A92748D7&v=8AUzaxLURpI&key=yttt1&expire=1542508358&sparams=asr_langs%2Ccaps%2Cv%2Cxoaf%2Cxorp%2Cexpire&xorp=True&kind=asr&lang=en&tlang=fil&fmt=vtt", "ext": "vtt"}], "fi": [{"url": "https://www.youtube.com/api/timedtext?caps=asr&xoaf=1&hl=en&asr_langs=nl%2Ces%2Cru%2Cfr%2Cpt%2Cit%2Cko%2Cde%2Cja%2Cen&signature=2A8D3679108D60BDEE94F9C3B2B23ED0550406CE.404220015A9FDFE4252B74112153C402A92748D7&v=8AUzaxLURpI&key=yttt1&expire=1542508358&sparams=asr_langs%2Ccaps%2Cv%2Cxoaf%2Cxorp%2Cexpire&xorp=True&kind=asr&lang=en&tlang=fi&fmt=ttml", "ext": "ttml"}, {"url": "https://www.youtube.com/api/timedtext?caps=asr&xoaf=1&hl=en&asr_langs=nl%2Ces%2Cru%2Cfr%2Cpt%2Cit%2Cko%2Cde%2Cja%2Cen&signature=2A8D3679108D60BDEE94F9C3B2B23ED0550406CE.404220015A9FDFE4252B74112153C402A92748D7&v=8AUzaxLURpI&key=yttt1&expire=1542508358&sparams=asr_langs%2Ccaps%2Cv%2Cxoaf%2Cxorp%2Cexpire&xorp=True&kind=asr&lang=en&tlang=fi&fmt=vtt", "ext": "vtt"}], "fr": [{"url": "https://www.youtube.com/api/timedtext?caps=asr&xoaf=1&hl=en&asr_langs=nl%2Ces%2Cru%2Cfr%2Cpt%2Cit%2Cko%2Cde%2Cja%2Cen&signature=2A8D3679108D60BDEE94F9C3B2B23ED0550406CE.404220015A9FDFE4252B74112153C402A92748D7&v=8AUzaxLURpI&key=yttt1&expire=1542508358&sparams=asr_langs%2Ccaps%2Cv%2Cxoaf%2Cxorp%2Cexpire&xorp=True&kind=asr&lang=en&tlang=fr&fmt=ttml", "ext": "ttml"}, {"url": "https://www.youtube.com/api/timedtext?caps=asr&xoaf=1&hl=en&asr_langs=nl%2Ces%2Cru%2Cfr%2Cpt%2Cit%2Cko%2Cde%2Cja%2Cen&signature=2A8D3679108D60BDEE94F9C3B2B23ED0550406CE.404220015A9FDFE4252B74112153C402A92748D7&v=8AUzaxLURpI&key=yttt1&expire=1542508358&sparams=asr_langs%2Ccaps%2Cv%2Cxoaf%2Cxorp%2Cexpire&xorp=True&kind=asr&lang=en&tlang=fr&fmt=vtt", "ext": "vtt"}], "gl": [{"url": "https://www.youtube.com/api/timedtext?caps=asr&xoaf=1&hl=en&asr_langs=nl%2Ces%2Cru%2Cfr%2Cpt%2Cit%2Cko%2Cde%2Cja%2Cen&signature=2A8D3679108D60BDEE94F9C3B2B23ED0550406CE.404220015A9FDFE4252B74112153C402A92748D7&v=8AUzaxLURpI&key=yttt1&expire=1542508358&sparams=asr_langs%2Ccaps%2Cv%2Cxoaf%2Cxorp%2Cexpire&xorp=True&kind=asr&lang=en&tlang=gl&fmt=ttml", "ext": "ttml"}, {"url": "https://www.youtube.com/api/timedtext?caps=asr&xoaf=1&hl=en&asr_langs=nl%2Ces%2Cru%2Cfr%2Cpt%2Cit%2Cko%2Cde%2Cja%2Cen&signature=2A8D3679108D60BDEE94F9C3B2B23ED0550406CE.404220015A9FDFE4252B74112153C402A92748D7&v=8AUzaxLURpI&key=yttt1&expire=1542508358&sparams=asr_langs%2Ccaps%2Cv%2Cxoaf%2Cxorp%2Cexpire&xorp=True&kind=asr&lang=en&tlang=gl&fmt=vtt", "ext": "vtt"}], "ka": [{"url": "https://www.youtube.com/api/timedtext?caps=asr&xoaf=1&hl=en&asr_langs=nl%2Ces%2Cru%2Cfr%2Cpt%2Cit%2Cko%2Cde%2Cja%2Cen&signature=2A8D3679108D60BDEE94F9C3B2B23ED0550406CE.404220015A9FDFE4252B74112153C402A92748D7&v=8AUzaxLURpI&key=yttt1&expire=1542508358&sparams=asr_langs%2Ccaps%2Cv%2Cxoaf%2Cxorp%2Cexpire&xorp=True&kind=asr&lang=en&tlang=ka&fmt=ttml", "ext": "ttml"}, {"url": "https://www.youtube.com/api/timedtext?caps=asr&xoaf=1&hl=en&asr_langs=nl%2Ces%2Cru%2Cfr%2Cpt%2Cit%2Cko%2Cde%2Cja%2Cen&signature=2A8D3679108D60BDEE94F9C3B2B23ED0550406CE.404220015A9FDFE4252B74112153C402A92748D7&v=8AUzaxLURpI&key=yttt1&expire=1542508358&sparams=asr_langs%2Ccaps%2Cv%2Cxoaf%2Cxorp%2Cexpire&xorp=True&kind=asr&lang=en&tlang=ka&fmt=vtt", "ext": "vtt"}], "de": [{"url": "https://www.youtube.com/api/timedtext?caps=asr&xoaf=1&hl=en&asr_langs=nl%2Ces%2Cru%2Cfr%2Cpt%2Cit%2Cko%2Cde%2Cja%2Cen&signature=2A8D3679108D60BDEE94F9C3B2B23ED0550406CE.404220015A9FDFE4252B74112153C402A92748D7&v=8AUzaxLURpI&key=yttt1&expire=1542508358&sparams=asr_langs%2Ccaps%2Cv%2Cxoaf%2Cxorp%2Cexpire&xorp=True&kind=asr&lang=en&tlang=de&fmt=ttml", "ext": "ttml"}, {"url": "https://www.youtube.com/api/timedtext?caps=asr&xoaf=1&hl=en&asr_langs=nl%2Ces%2Cru%2Cfr%2Cpt%2Cit%2Cko%2Cde%2Cja%2Cen&signature=2A8D3679108D60BDEE94F9C3B2B23ED0550406CE.404220015A9FDFE4252B74112153C402A92748D7&v=8AUzaxLURpI&key=yttt1&expire=1542508358&sparams=asr_langs%2Ccaps%2Cv%2Cxoaf%2Cxorp%2Cexpire&xorp=True&kind=asr&lang=en&tlang=de&fmt=vtt", "ext": "vtt"}], "el": [{"url": "https://www.youtube.com/api/timedtext?caps=asr&xoaf=1&hl=en&asr_langs=nl%2Ces%2Cru%2Cfr%2Cpt%2Cit%2Cko%2Cde%2Cja%2Cen&signature=2A8D3679108D60BDEE94F9C3B2B23ED0550406CE.404220015A9FDFE4252B74112153C402A92748D7&v=8AUzaxLURpI&key=yttt1&expire=1542508358&sparams=asr_langs%2Ccaps%2Cv%2Cxoaf%2Cxorp%2Cexpire&xorp=True&kind=asr&lang=en&tlang=el&fmt=ttml", "ext": "ttml"}, {"url": "https://www.youtube.com/api/timedtext?caps=asr&xoaf=1&hl=en&asr_langs=nl%2Ces%2Cru%2Cfr%2Cpt%2Cit%2Cko%2Cde%2Cja%2Cen&signature=2A8D3679108D60BDEE94F9C3B2B23ED0550406CE.404220015A9FDFE4252B74112153C402A92748D7&v=8AUzaxLURpI&key=yttt1&expire=1542508358&sparams=asr_langs%2Ccaps%2Cv%2Cxoaf%2Cxorp%2Cexpire&xorp=True&kind=asr&lang=en&tlang=el&fmt=vtt", "ext": "vtt"}], "gu": [{"url": "https://www.youtube.com/api/timedtext?caps=asr&xoaf=1&hl=en&asr_langs=nl%2Ces%2Cru%2Cfr%2Cpt%2Cit%2Cko%2Cde%2Cja%2Cen&signature=2A8D3679108D60BDEE94F9C3B2B23ED0550406CE.404220015A9FDFE4252B74112153C402A92748D7&v=8AUzaxLURpI&key=yttt1&expire=1542508358&sparams=asr_langs%2Ccaps%2Cv%2Cxoaf%2Cxorp%2Cexpire&xorp=True&kind=asr&lang=en&tlang=gu&fmt=ttml", "ext": "ttml"}, {"url": "https://www.youtube.com/api/timedtext?caps=asr&xoaf=1&hl=en&asr_langs=nl%2Ces%2Cru%2Cfr%2Cpt%2Cit%2Cko%2Cde%2Cja%2Cen&signature=2A8D3679108D60BDEE94F9C3B2B23ED0550406CE.404220015A9FDFE4252B74112153C402A92748D7&v=8AUzaxLURpI&key=yttt1&expire=1542508358&sparams=asr_langs%2Ccaps%2Cv%2Cxoaf%2Cxorp%2Cexpire&xorp=True&kind=asr&lang=en&tlang=gu&fmt=vtt", "ext": "vtt"}], "ht": [{"url": "https://www.youtube.com/api/timedtext?caps=asr&xoaf=1&hl=en&asr_langs=nl%2Ces%2Cru%2Cfr%2Cpt%2Cit%2Cko%2Cde%2Cja%2Cen&signature=2A8D3679108D60BDEE94F9C3B2B23ED0550406CE.404220015A9FDFE4252B74112153C402A92748D7&v=8AUzaxLURpI&key=yttt1&expire=1542508358&sparams=asr_langs%2Ccaps%2Cv%2Cxoaf%2Cxorp%2Cexpire&xorp=True&kind=asr&lang=en&tlang=ht&fmt=ttml", "ext": "ttml"}, {"url": "https://www.youtube.com/api/timedtext?caps=asr&xoaf=1&hl=en&asr_langs=nl%2Ces%2Cru%2Cfr%2Cpt%2Cit%2Cko%2Cde%2Cja%2Cen&signature=2A8D3679108D60BDEE94F9C3B2B23ED0550406CE.404220015A9FDFE4252B74112153C402A92748D7&v=8AUzaxLURpI&key=yttt1&expire=1542508358&sparams=asr_langs%2Ccaps%2Cv%2Cxoaf%2Cxorp%2Cexpire&xorp=True&kind=asr&lang=en&tlang=ht&fmt=vtt", "ext": "vtt"}], "ha": [{"url": "https://www.youtube.com/api/timedtext?caps=asr&xoaf=1&hl=en&asr_langs=nl%2Ces%2Cru%2Cfr%2Cpt%2Cit%2Cko%2Cde%2Cja%2Cen&signature=2A8D3679108D60BDEE94F9C3B2B23ED0550406CE.404220015A9FDFE4252B74112153C402A92748D7&v=8AUzaxLURpI&key=yttt1&expire=1542508358&sparams=asr_langs%2Ccaps%2Cv%2Cxoaf%2Cxorp%2Cexpire&xorp=True&kind=asr&lang=en&tlang=ha&fmt=ttml", "ext": "ttml"}, {"url": "https://www.youtube.com/api/timedtext?caps=asr&xoaf=1&hl=en&asr_langs=nl%2Ces%2Cru%2Cfr%2Cpt%2Cit%2Cko%2Cde%2Cja%2Cen&signature=2A8D3679108D60BDEE94F9C3B2B23ED0550406CE.404220015A9FDFE4252B74112153C402A92748D7&v=8AUzaxLURpI&key=yttt1&expire=1542508358&sparams=asr_langs%2Ccaps%2Cv%2Cxoaf%2Cxorp%2Cexpire&xorp=True&kind=asr&lang=en&tlang=ha&fmt=vtt", "ext": "vtt"}], "haw": [{"url": "https://www.youtube.com/api/timedtext?caps=asr&xoaf=1&hl=en&asr_langs=nl%2Ces%2Cru%2Cfr%2Cpt%2Cit%2Cko%2Cde%2Cja%2Cen&signature=2A8D3679108D60BDEE94F9C3B2B23ED0550406CE.404220015A9FDFE4252B74112153C402A92748D7&v=8AUzaxLURpI&key=yttt1&expire=1542508358&sparams=asr_langs%2Ccaps%2Cv%2Cxoaf%2Cxorp%2Cexpire&xorp=True&kind=asr&lang=en&tlang=haw&fmt=ttml", "ext": "ttml"}, {"url": "https://www.youtube.com/api/timedtext?caps=asr&xoaf=1&hl=en&asr_langs=nl%2Ces%2Cru%2Cfr%2Cpt%2Cit%2Cko%2Cde%2Cja%2Cen&signature=2A8D3679108D60BDEE94F9C3B2B23ED0550406CE.404220015A9FDFE4252B74112153C402A92748D7&v=8AUzaxLURpI&key=yttt1&expire=1542508358&sparams=asr_langs%2Ccaps%2Cv%2Cxoaf%2Cxorp%2Cexpire&xorp=True&kind=asr&lang=en&tlang=haw&fmt=vtt", "ext": "vtt"}], "iw": [{"url": "https://www.youtube.com/api/timedtext?caps=asr&xoaf=1&hl=en&asr_langs=nl%2Ces%2Cru%2Cfr%2Cpt%2Cit%2Cko%2Cde%2Cja%2Cen&signature=2A8D3679108D60BDEE94F9C3B2B23ED0550406CE.404220015A9FDFE4252B74112153C402A92748D7&v=8AUzaxLURpI&key=yttt1&expire=1542508358&sparams=asr_langs%2Ccaps%2Cv%2Cxoaf%2Cxorp%2Cexpire&xorp=True&kind=asr&lang=en&tlang=iw&fmt=ttml", "ext": "ttml"}, {"url": "https://www.youtube.com/api/timedtext?caps=asr&xoaf=1&hl=en&asr_langs=nl%2Ces%2Cru%2Cfr%2Cpt%2Cit%2Cko%2Cde%2Cja%2Cen&signature=2A8D3679108D60BDEE94F9C3B2B23ED0550406CE.404220015A9FDFE4252B74112153C402A92748D7&v=8AUzaxLURpI&key=yttt1&expire=1542508358&sparams=asr_langs%2Ccaps%2Cv%2Cxoaf%2Cxorp%2Cexpire&xorp=True&kind=asr&lang=en&tlang=iw&fmt=vtt", "ext": "vtt"}], "hi": [{"url": "https://www.youtube.com/api/timedtext?caps=asr&xoaf=1&hl=en&asr_langs=nl%2Ces%2Cru%2Cfr%2Cpt%2Cit%2Cko%2Cde%2Cja%2Cen&signature=2A8D3679108D60BDEE94F9C3B2B23ED0550406CE.404220015A9FDFE4252B74112153C402A92748D7&v=8AUzaxLURpI&key=yttt1&expire=1542508358&sparams=asr_langs%2Ccaps%2Cv%2Cxoaf%2Cxorp%2Cexpire&xorp=True&kind=asr&lang=en&tlang=hi&fmt=ttml", "ext": "ttml"}, {"url": "https://www.youtube.com/api/timedtext?caps=asr&xoaf=1&hl=en&asr_langs=nl%2Ces%2Cru%2Cfr%2Cpt%2Cit%2Cko%2Cde%2Cja%2Cen&signature=2A8D3679108D60BDEE94F9C3B2B23ED0550406CE.404220015A9FDFE4252B74112153C402A92748D7&v=8AUzaxLURpI&key=yttt1&expire=1542508358&sparams=asr_langs%2Ccaps%2Cv%2Cxoaf%2Cxorp%2Cexpire&xorp=True&kind=asr&lang=en&tlang=hi&fmt=vtt", "ext": "vtt"}], "hmn": [{"url": "https://www.youtube.com/api/timedtext?caps=asr&xoaf=1&hl=en&asr_langs=nl%2Ces%2Cru%2Cfr%2Cpt%2Cit%2Cko%2Cde%2Cja%2Cen&signature=2A8D3679108D60BDEE94F9C3B2B23ED0550406CE.404220015A9FDFE4252B74112153C402A92748D7&v=8AUzaxLURpI&key=yttt1&expire=1542508358&sparams=asr_langs%2Ccaps%2Cv%2Cxoaf%2Cxorp%2Cexpire&xorp=True&kind=asr&lang=en&tlang=hmn&fmt=ttml", "ext": "ttml"}, {"url": "https://www.youtube.com/api/timedtext?caps=asr&xoaf=1&hl=en&asr_langs=nl%2Ces%2Cru%2Cfr%2Cpt%2Cit%2Cko%2Cde%2Cja%2Cen&signature=2A8D3679108D60BDEE94F9C3B2B23ED0550406CE.404220015A9FDFE4252B74112153C402A92748D7&v=8AUzaxLURpI&key=yttt1&expire=1542508358&sparams=asr_langs%2Ccaps%2Cv%2Cxoaf%2Cxorp%2Cexpire&xorp=True&kind=asr&lang=en&tlang=hmn&fmt=vtt", "ext": "vtt"}], "hu": [{"url": "https://www.youtube.com/api/timedtext?caps=asr&xoaf=1&hl=en&asr_langs=nl%2Ces%2Cru%2Cfr%2Cpt%2Cit%2Cko%2Cde%2Cja%2Cen&signature=2A8D3679108D60BDEE94F9C3B2B23ED0550406CE.404220015A9FDFE4252B74112153C402A92748D7&v=8AUzaxLURpI&key=yttt1&expire=1542508358&sparams=asr_langs%2Ccaps%2Cv%2Cxoaf%2Cxorp%2Cexpire&xorp=True&kind=asr&lang=en&tlang=hu&fmt=ttml", "ext": "ttml"}, {"url": "https://www.youtube.com/api/timedtext?caps=asr&xoaf=1&hl=en&asr_langs=nl%2Ces%2Cru%2Cfr%2Cpt%2Cit%2Cko%2Cde%2Cja%2Cen&signature=2A8D3679108D60BDEE94F9C3B2B23ED0550406CE.404220015A9FDFE4252B74112153C402A92748D7&v=8AUzaxLURpI&key=yttt1&expire=1542508358&sparams=asr_langs%2Ccaps%2Cv%2Cxoaf%2Cxorp%2Cexpire&xorp=True&kind=asr&lang=en&tlang=hu&fmt=vtt", "ext": "vtt"}], "is": [{"url": "https://www.youtube.com/api/timedtext?caps=asr&xoaf=1&hl=en&asr_langs=nl%2Ces%2Cru%2Cfr%2Cpt%2Cit%2Cko%2Cde%2Cja%2Cen&signature=2A8D3679108D60BDEE94F9C3B2B23ED0550406CE.404220015A9FDFE4252B74112153C402A92748D7&v=8AUzaxLURpI&key=yttt1&expire=1542508358&sparams=asr_langs%2Ccaps%2Cv%2Cxoaf%2Cxorp%2Cexpire&xorp=True&kind=asr&lang=en&tlang=is&fmt=ttml", "ext": "ttml"}, {"url": "https://www.youtube.com/api/timedtext?caps=asr&xoaf=1&hl=en&asr_langs=nl%2Ces%2Cru%2Cfr%2Cpt%2Cit%2Cko%2Cde%2Cja%2Cen&signature=2A8D3679108D60BDEE94F9C3B2B23ED0550406CE.404220015A9FDFE4252B74112153C402A92748D7&v=8AUzaxLURpI&key=yttt1&expire=1542508358&sparams=asr_langs%2Ccaps%2Cv%2Cxoaf%2Cxorp%2Cexpire&xorp=True&kind=asr&lang=en&tlang=is&fmt=vtt", "ext": "vtt"}], "ig": [{"url": "https://www.youtube.com/api/timedtext?caps=asr&xoaf=1&hl=en&asr_langs=nl%2Ces%2Cru%2Cfr%2Cpt%2Cit%2Cko%2Cde%2Cja%2Cen&signature=2A8D3679108D60BDEE94F9C3B2B23ED0550406CE.404220015A9FDFE4252B74112153C402A92748D7&v=8AUzaxLURpI&key=yttt1&expire=1542508358&sparams=asr_langs%2Ccaps%2Cv%2Cxoaf%2Cxorp%2Cexpire&xorp=True&kind=asr&lang=en&tlang=ig&fmt=ttml", "ext": "ttml"}, {"url": "https://www.youtube.com/api/timedtext?caps=asr&xoaf=1&hl=en&asr_langs=nl%2Ces%2Cru%2Cfr%2Cpt%2Cit%2Cko%2Cde%2Cja%2Cen&signature=2A8D3679108D60BDEE94F9C3B2B23ED0550406CE.404220015A9FDFE4252B74112153C402A92748D7&v=8AUzaxLURpI&key=yttt1&expire=1542508358&sparams=asr_langs%2Ccaps%2Cv%2Cxoaf%2Cxorp%2Cexpire&xorp=True&kind=asr&lang=en&tlang=ig&fmt=vtt", "ext": "vtt"}], "id": [{"url": "https://www.youtube.com/api/timedtext?caps=asr&xoaf=1&hl=en&asr_langs=nl%2Ces%2Cru%2Cfr%2Cpt%2Cit%2Cko%2Cde%2Cja%2Cen&signature=2A8D3679108D60BDEE94F9C3B2B23ED0550406CE.404220015A9FDFE4252B74112153C402A92748D7&v=8AUzaxLURpI&key=yttt1&expire=1542508358&sparams=asr_langs%2Ccaps%2Cv%2Cxoaf%2Cxorp%2Cexpire&xorp=True&kind=asr&lang=en&tlang=id&fmt=ttml", "ext": "ttml"}, {"url": "https://www.youtube.com/api/timedtext?caps=asr&xoaf=1&hl=en&asr_langs=nl%2Ces%2Cru%2Cfr%2Cpt%2Cit%2Cko%2Cde%2Cja%2Cen&signature=2A8D3679108D60BDEE94F9C3B2B23ED0550406CE.404220015A9FDFE4252B74112153C402A92748D7&v=8AUzaxLURpI&key=yttt1&expire=1542508358&sparams=asr_langs%2Ccaps%2Cv%2Cxoaf%2Cxorp%2Cexpire&xorp=True&kind=asr&lang=en&tlang=id&fmt=vtt", "ext": "vtt"}], "ga": [{"url": "https://www.youtube.com/api/timedtext?caps=asr&xoaf=1&hl=en&asr_langs=nl%2Ces%2Cru%2Cfr%2Cpt%2Cit%2Cko%2Cde%2Cja%2Cen&signature=2A8D3679108D60BDEE94F9C3B2B23ED0550406CE.404220015A9FDFE4252B74112153C402A92748D7&v=8AUzaxLURpI&key=yttt1&expire=1542508358&sparams=asr_langs%2Ccaps%2Cv%2Cxoaf%2Cxorp%2Cexpire&xorp=True&kind=asr&lang=en&tlang=ga&fmt=ttml", "ext": "ttml"}, {"url": "https://www.youtube.com/api/timedtext?caps=asr&xoaf=1&hl=en&asr_langs=nl%2Ces%2Cru%2Cfr%2Cpt%2Cit%2Cko%2Cde%2Cja%2Cen&signature=2A8D3679108D60BDEE94F9C3B2B23ED0550406CE.404220015A9FDFE4252B74112153C402A92748D7&v=8AUzaxLURpI&key=yttt1&expire=1542508358&sparams=asr_langs%2Ccaps%2Cv%2Cxoaf%2Cxorp%2Cexpire&xorp=True&kind=asr&lang=en&tlang=ga&fmt=vtt", "ext": "vtt"}], "it": [{"url": "https://www.youtube.com/api/timedtext?caps=asr&xoaf=1&hl=en&asr_langs=nl%2Ces%2Cru%2Cfr%2Cpt%2Cit%2Cko%2Cde%2Cja%2Cen&signature=2A8D3679108D60BDEE94F9C3B2B23ED0550406CE.404220015A9FDFE4252B74112153C402A92748D7&v=8AUzaxLURpI&key=yttt1&expire=1542508358&sparams=asr_langs%2Ccaps%2Cv%2Cxoaf%2Cxorp%2Cexpire&xorp=True&kind=asr&lang=en&tlang=it&fmt=ttml", "ext": "ttml"}, {"url": "https://www.youtube.com/api/timedtext?caps=asr&xoaf=1&hl=en&asr_langs=nl%2Ces%2Cru%2Cfr%2Cpt%2Cit%2Cko%2Cde%2Cja%2Cen&signature=2A8D3679108D60BDEE94F9C3B2B23ED0550406CE.404220015A9FDFE4252B74112153C402A92748D7&v=8AUzaxLURpI&key=yttt1&expire=1542508358&sparams=asr_langs%2Ccaps%2Cv%2Cxoaf%2Cxorp%2Cexpire&xorp=True&kind=asr&lang=en&tlang=it&fmt=vtt", "ext": "vtt"}], "ja": [{"url": "https://www.youtube.com/api/timedtext?caps=asr&xoaf=1&hl=en&asr_langs=nl%2Ces%2Cru%2Cfr%2Cpt%2Cit%2Cko%2Cde%2Cja%2Cen&signature=2A8D3679108D60BDEE94F9C3B2B23ED0550406CE.404220015A9FDFE4252B74112153C402A92748D7&v=8AUzaxLURpI&key=yttt1&expire=1542508358&sparams=asr_langs%2Ccaps%2Cv%2Cxoaf%2Cxorp%2Cexpire&xorp=True&kind=asr&lang=en&tlang=ja&fmt=ttml", "ext": "ttml"}, {"url": "https://www.youtube.com/api/timedtext?caps=asr&xoaf=1&hl=en&asr_langs=nl%2Ces%2Cru%2Cfr%2Cpt%2Cit%2Cko%2Cde%2Cja%2Cen&signature=2A8D3679108D60BDEE94F9C3B2B23ED0550406CE.404220015A9FDFE4252B74112153C402A92748D7&v=8AUzaxLURpI&key=yttt1&expire=1542508358&sparams=asr_langs%2Ccaps%2Cv%2Cxoaf%2Cxorp%2Cexpire&xorp=True&kind=asr&lang=en&tlang=ja&fmt=vtt", "ext": "vtt"}], "jv": [{"url": "https://www.youtube.com/api/timedtext?caps=asr&xoaf=1&hl=en&asr_langs=nl%2Ces%2Cru%2Cfr%2Cpt%2Cit%2Cko%2Cde%2Cja%2Cen&signature=2A8D3679108D60BDEE94F9C3B2B23ED0550406CE.404220015A9FDFE4252B74112153C402A92748D7&v=8AUzaxLURpI&key=yttt1&expire=1542508358&sparams=asr_langs%2Ccaps%2Cv%2Cxoaf%2Cxorp%2Cexpire&xorp=True&kind=asr&lang=en&tlang=jv&fmt=ttml", "ext": "ttml"}, {"url": "https://www.youtube.com/api/timedtext?caps=asr&xoaf=1&hl=en&asr_langs=nl%2Ces%2Cru%2Cfr%2Cpt%2Cit%2Cko%2Cde%2Cja%2Cen&signature=2A8D3679108D60BDEE94F9C3B2B23ED0550406CE.404220015A9FDFE4252B74112153C402A92748D7&v=8AUzaxLURpI&key=yttt1&expire=1542508358&sparams=asr_langs%2Ccaps%2Cv%2Cxoaf%2Cxorp%2Cexpire&xorp=True&kind=asr&lang=en&tlang=jv&fmt=vtt", "ext": "vtt"}], "kn": [{"url": "https://www.youtube.com/api/timedtext?caps=asr&xoaf=1&hl=en&asr_langs=nl%2Ces%2Cru%2Cfr%2Cpt%2Cit%2Cko%2Cde%2Cja%2Cen&signature=2A8D3679108D60BDEE94F9C3B2B23ED0550406CE.404220015A9FDFE4252B74112153C402A92748D7&v=8AUzaxLURpI&key=yttt1&expire=1542508358&sparams=asr_langs%2Ccaps%2Cv%2Cxoaf%2Cxorp%2Cexpire&xorp=True&kind=asr&lang=en&tlang=kn&fmt=ttml", "ext": "ttml"}, {"url": "https://www.youtube.com/api/timedtext?caps=asr&xoaf=1&hl=en&asr_langs=nl%2Ces%2Cru%2Cfr%2Cpt%2Cit%2Cko%2Cde%2Cja%2Cen&signature=2A8D3679108D60BDEE94F9C3B2B23ED0550406CE.404220015A9FDFE4252B74112153C402A92748D7&v=8AUzaxLURpI&key=yttt1&expire=1542508358&sparams=asr_langs%2Ccaps%2Cv%2Cxoaf%2Cxorp%2Cexpire&xorp=True&kind=asr&lang=en&tlang=kn&fmt=vtt", "ext": "vtt"}], "kk": [{"url": "https://www.youtube.com/api/timedtext?caps=asr&xoaf=1&hl=en&asr_langs=nl%2Ces%2Cru%2Cfr%2Cpt%2Cit%2Cko%2Cde%2Cja%2Cen&signature=2A8D3679108D60BDEE94F9C3B2B23ED0550406CE.404220015A9FDFE4252B74112153C402A92748D7&v=8AUzaxLURpI&key=yttt1&expire=1542508358&sparams=asr_langs%2Ccaps%2Cv%2Cxoaf%2Cxorp%2Cexpire&xorp=True&kind=asr&lang=en&tlang=kk&fmt=ttml", "ext": "ttml"}, {"url": "https://www.youtube.com/api/timedtext?caps=asr&xoaf=1&hl=en&asr_langs=nl%2Ces%2Cru%2Cfr%2Cpt%2Cit%2Cko%2Cde%2Cja%2Cen&signature=2A8D3679108D60BDEE94F9C3B2B23ED0550406CE.404220015A9FDFE4252B74112153C402A92748D7&v=8AUzaxLURpI&key=yttt1&expire=1542508358&sparams=asr_langs%2Ccaps%2Cv%2Cxoaf%2Cxorp%2Cexpire&xorp=True&kind=asr&lang=en&tlang=kk&fmt=vtt", "ext": "vtt"}], "km": [{"url": "https://www.youtube.com/api/timedtext?caps=asr&xoaf=1&hl=en&asr_langs=nl%2Ces%2Cru%2Cfr%2Cpt%2Cit%2Cko%2Cde%2Cja%2Cen&signature=2A8D3679108D60BDEE94F9C3B2B23ED0550406CE.404220015A9FDFE4252B74112153C402A92748D7&v=8AUzaxLURpI&key=yttt1&expire=1542508358&sparams=asr_langs%2Ccaps%2Cv%2Cxoaf%2Cxorp%2Cexpire&xorp=True&kind=asr&lang=en&tlang=km&fmt=ttml", "ext": "ttml"}, {"url": "https://www.youtube.com/api/timedtext?caps=asr&xoaf=1&hl=en&asr_langs=nl%2Ces%2Cru%2Cfr%2Cpt%2Cit%2Cko%2Cde%2Cja%2Cen&signature=2A8D3679108D60BDEE94F9C3B2B23ED0550406CE.404220015A9FDFE4252B74112153C402A92748D7&v=8AUzaxLURpI&key=yttt1&expire=1542508358&sparams=asr_langs%2Ccaps%2Cv%2Cxoaf%2Cxorp%2Cexpire&xorp=True&kind=asr&lang=en&tlang=km&fmt=vtt", "ext": "vtt"}], "ko": [{"url": "https://www.youtube.com/api/timedtext?caps=asr&xoaf=1&hl=en&asr_langs=nl%2Ces%2Cru%2Cfr%2Cpt%2Cit%2Cko%2Cde%2Cja%2Cen&signature=2A8D3679108D60BDEE94F9C3B2B23ED0550406CE.404220015A9FDFE4252B74112153C402A92748D7&v=8AUzaxLURpI&key=yttt1&expire=1542508358&sparams=asr_langs%2Ccaps%2Cv%2Cxoaf%2Cxorp%2Cexpire&xorp=True&kind=asr&lang=en&tlang=ko&fmt=ttml", "ext": "ttml"}, {"url": "https://www.youtube.com/api/timedtext?caps=asr&xoaf=1&hl=en&asr_langs=nl%2Ces%2Cru%2Cfr%2Cpt%2Cit%2Cko%2Cde%2Cja%2Cen&signature=2A8D3679108D60BDEE94F9C3B2B23ED0550406CE.404220015A9FDFE4252B74112153C402A92748D7&v=8AUzaxLURpI&key=yttt1&expire=1542508358&sparams=asr_langs%2Ccaps%2Cv%2Cxoaf%2Cxorp%2Cexpire&xorp=True&kind=asr&lang=en&tlang=ko&fmt=vtt", "ext": "vtt"}], "ku": [{"url": "https://www.youtube.com/api/timedtext?caps=asr&xoaf=1&hl=en&asr_langs=nl%2Ces%2Cru%2Cfr%2Cpt%2Cit%2Cko%2Cde%2Cja%2Cen&signature=2A8D3679108D60BDEE94F9C3B2B23ED0550406CE.404220015A9FDFE4252B74112153C402A92748D7&v=8AUzaxLURpI&key=yttt1&expire=1542508358&sparams=asr_langs%2Ccaps%2Cv%2Cxoaf%2Cxorp%2Cexpire&xorp=True&kind=asr&lang=en&tlang=ku&fmt=ttml", "ext": "ttml"}, {"url": "https://www.youtube.com/api/timedtext?caps=asr&xoaf=1&hl=en&asr_langs=nl%2Ces%2Cru%2Cfr%2Cpt%2Cit%2Cko%2Cde%2Cja%2Cen&signature=2A8D3679108D60BDEE94F9C3B2B23ED0550406CE.404220015A9FDFE4252B74112153C402A92748D7&v=8AUzaxLURpI&key=yttt1&expire=1542508358&sparams=asr_langs%2Ccaps%2Cv%2Cxoaf%2Cxorp%2Cexpire&xorp=True&kind=asr&lang=en&tlang=ku&fmt=vtt", "ext": "vtt"}], "ky": [{"url": "https://www.youtube.com/api/timedtext?caps=asr&xoaf=1&hl=en&asr_langs=nl%2Ces%2Cru%2Cfr%2Cpt%2Cit%2Cko%2Cde%2Cja%2Cen&signature=2A8D3679108D60BDEE94F9C3B2B23ED0550406CE.404220015A9FDFE4252B74112153C402A92748D7&v=8AUzaxLURpI&key=yttt1&expire=1542508358&sparams=asr_langs%2Ccaps%2Cv%2Cxoaf%2Cxorp%2Cexpire&xorp=True&kind=asr&lang=en&tlang=ky&fmt=ttml", "ext": "ttml"}, {"url": "https://www.youtube.com/api/timedtext?caps=asr&xoaf=1&hl=en&asr_langs=nl%2Ces%2Cru%2Cfr%2Cpt%2Cit%2Cko%2Cde%2Cja%2Cen&signature=2A8D3679108D60BDEE94F9C3B2B23ED0550406CE.404220015A9FDFE4252B74112153C402A92748D7&v=8AUzaxLURpI&key=yttt1&expire=1542508358&sparams=asr_langs%2Ccaps%2Cv%2Cxoaf%2Cxorp%2Cexpire&xorp=True&kind=asr&lang=en&tlang=ky&fmt=vtt", "ext": "vtt"}], "lo": [{"url": "https://www.youtube.com/api/timedtext?caps=asr&xoaf=1&hl=en&asr_langs=nl%2Ces%2Cru%2Cfr%2Cpt%2Cit%2Cko%2Cde%2Cja%2Cen&signature=2A8D3679108D60BDEE94F9C3B2B23ED0550406CE.404220015A9FDFE4252B74112153C402A92748D7&v=8AUzaxLURpI&key=yttt1&expire=1542508358&sparams=asr_langs%2Ccaps%2Cv%2Cxoaf%2Cxorp%2Cexpire&xorp=True&kind=asr&lang=en&tlang=lo&fmt=ttml", "ext": "ttml"}, {"url": "https://www.youtube.com/api/timedtext?caps=asr&xoaf=1&hl=en&asr_langs=nl%2Ces%2Cru%2Cfr%2Cpt%2Cit%2Cko%2Cde%2Cja%2Cen&signature=2A8D3679108D60BDEE94F9C3B2B23ED0550406CE.404220015A9FDFE4252B74112153C402A92748D7&v=8AUzaxLURpI&key=yttt1&expire=1542508358&sparams=asr_langs%2Ccaps%2Cv%2Cxoaf%2Cxorp%2Cexpire&xorp=True&kind=asr&lang=en&tlang=lo&fmt=vtt", "ext": "vtt"}], "la": [{"url": "https://www.youtube.com/api/timedtext?caps=asr&xoaf=1&hl=en&asr_langs=nl%2Ces%2Cru%2Cfr%2Cpt%2Cit%2Cko%2Cde%2Cja%2Cen&signature=2A8D3679108D60BDEE94F9C3B2B23ED0550406CE.404220015A9FDFE4252B74112153C402A92748D7&v=8AUzaxLURpI&key=yttt1&expire=1542508358&sparams=asr_langs%2Ccaps%2Cv%2Cxoaf%2Cxorp%2Cexpire&xorp=True&kind=asr&lang=en&tlang=la&fmt=ttml", "ext": "ttml"}, {"url": "https://www.youtube.com/api/timedtext?caps=asr&xoaf=1&hl=en&asr_langs=nl%2Ces%2Cru%2Cfr%2Cpt%2Cit%2Cko%2Cde%2Cja%2Cen&signature=2A8D3679108D60BDEE94F9C3B2B23ED0550406CE.404220015A9FDFE4252B74112153C402A92748D7&v=8AUzaxLURpI&key=yttt1&expire=1542508358&sparams=asr_langs%2Ccaps%2Cv%2Cxoaf%2Cxorp%2Cexpire&xorp=True&kind=asr&lang=en&tlang=la&fmt=vtt", "ext": "vtt"}], "lv": [{"url": "https://www.youtube.com/api/timedtext?caps=asr&xoaf=1&hl=en&asr_langs=nl%2Ces%2Cru%2Cfr%2Cpt%2Cit%2Cko%2Cde%2Cja%2Cen&signature=2A8D3679108D60BDEE94F9C3B2B23ED0550406CE.404220015A9FDFE4252B74112153C402A92748D7&v=8AUzaxLURpI&key=yttt1&expire=1542508358&sparams=asr_langs%2Ccaps%2Cv%2Cxoaf%2Cxorp%2Cexpire&xorp=True&kind=asr&lang=en&tlang=lv&fmt=ttml", "ext": "ttml"}, {"url": "https://www.youtube.com/api/timedtext?caps=asr&xoaf=1&hl=en&asr_langs=nl%2Ces%2Cru%2Cfr%2Cpt%2Cit%2Cko%2Cde%2Cja%2Cen&signature=2A8D3679108D60BDEE94F9C3B2B23ED0550406CE.404220015A9FDFE4252B74112153C402A92748D7&v=8AUzaxLURpI&key=yttt1&expire=1542508358&sparams=asr_langs%2Ccaps%2Cv%2Cxoaf%2Cxorp%2Cexpire&xorp=True&kind=asr&lang=en&tlang=lv&fmt=vtt", "ext": "vtt"}], "lt": [{"url": "https://www.youtube.com/api/timedtext?caps=asr&xoaf=1&hl=en&asr_langs=nl%2Ces%2Cru%2Cfr%2Cpt%2Cit%2Cko%2Cde%2Cja%2Cen&signature=2A8D3679108D60BDEE94F9C3B2B23ED0550406CE.404220015A9FDFE4252B74112153C402A92748D7&v=8AUzaxLURpI&key=yttt1&expire=1542508358&sparams=asr_langs%2Ccaps%2Cv%2Cxoaf%2Cxorp%2Cexpire&xorp=True&kind=asr&lang=en&tlang=lt&fmt=ttml", "ext": "ttml"}, {"url": "https://www.youtube.com/api/timedtext?caps=asr&xoaf=1&hl=en&asr_langs=nl%2Ces%2Cru%2Cfr%2Cpt%2Cit%2Cko%2Cde%2Cja%2Cen&signature=2A8D3679108D60BDEE94F9C3B2B23ED0550406CE.404220015A9FDFE4252B74112153C402A92748D7&v=8AUzaxLURpI&key=yttt1&expire=1542508358&sparams=asr_langs%2Ccaps%2Cv%2Cxoaf%2Cxorp%2Cexpire&xorp=True&kind=asr&lang=en&tlang=lt&fmt=vtt", "ext": "vtt"}], "lb": [{"url": "https://www.youtube.com/api/timedtext?caps=asr&xoaf=1&hl=en&asr_langs=nl%2Ces%2Cru%2Cfr%2Cpt%2Cit%2Cko%2Cde%2Cja%2Cen&signature=2A8D3679108D60BDEE94F9C3B2B23ED0550406CE.404220015A9FDFE4252B74112153C402A92748D7&v=8AUzaxLURpI&key=yttt1&expire=1542508358&sparams=asr_langs%2Ccaps%2Cv%2Cxoaf%2Cxorp%2Cexpire&xorp=True&kind=asr&lang=en&tlang=lb&fmt=ttml", "ext": "ttml"}, {"url": "https://www.youtube.com/api/timedtext?caps=asr&xoaf=1&hl=en&asr_langs=nl%2Ces%2Cru%2Cfr%2Cpt%2Cit%2Cko%2Cde%2Cja%2Cen&signature=2A8D3679108D60BDEE94F9C3B2B23ED0550406CE.404220015A9FDFE4252B74112153C402A92748D7&v=8AUzaxLURpI&key=yttt1&expire=1542508358&sparams=asr_langs%2Ccaps%2Cv%2Cxoaf%2Cxorp%2Cexpire&xorp=True&kind=asr&lang=en&tlang=lb&fmt=vtt", "ext": "vtt"}], "mk": [{"url": "https://www.youtube.com/api/timedtext?caps=asr&xoaf=1&hl=en&asr_langs=nl%2Ces%2Cru%2Cfr%2Cpt%2Cit%2Cko%2Cde%2Cja%2Cen&signature=2A8D3679108D60BDEE94F9C3B2B23ED0550406CE.404220015A9FDFE4252B74112153C402A92748D7&v=8AUzaxLURpI&key=yttt1&expire=1542508358&sparams=asr_langs%2Ccaps%2Cv%2Cxoaf%2Cxorp%2Cexpire&xorp=True&kind=asr&lang=en&tlang=mk&fmt=ttml", "ext": "ttml"}, {"url": "https://www.youtube.com/api/timedtext?caps=asr&xoaf=1&hl=en&asr_langs=nl%2Ces%2Cru%2Cfr%2Cpt%2Cit%2Cko%2Cde%2Cja%2Cen&signature=2A8D3679108D60BDEE94F9C3B2B23ED0550406CE.404220015A9FDFE4252B74112153C402A92748D7&v=8AUzaxLURpI&key=yttt1&expire=1542508358&sparams=asr_langs%2Ccaps%2Cv%2Cxoaf%2Cxorp%2Cexpire&xorp=True&kind=asr&lang=en&tlang=mk&fmt=vtt", "ext": "vtt"}], "mg": [{"url": "https://www.youtube.com/api/timedtext?caps=asr&xoaf=1&hl=en&asr_langs=nl%2Ces%2Cru%2Cfr%2Cpt%2Cit%2Cko%2Cde%2Cja%2Cen&signature=2A8D3679108D60BDEE94F9C3B2B23ED0550406CE.404220015A9FDFE4252B74112153C402A92748D7&v=8AUzaxLURpI&key=yttt1&expire=1542508358&sparams=asr_langs%2Ccaps%2Cv%2Cxoaf%2Cxorp%2Cexpire&xorp=True&kind=asr&lang=en&tlang=mg&fmt=ttml", "ext": "ttml"}, {"url": "https://www.youtube.com/api/timedtext?caps=asr&xoaf=1&hl=en&asr_langs=nl%2Ces%2Cru%2Cfr%2Cpt%2Cit%2Cko%2Cde%2Cja%2Cen&signature=2A8D3679108D60BDEE94F9C3B2B23ED0550406CE.404220015A9FDFE4252B74112153C402A92748D7&v=8AUzaxLURpI&key=yttt1&expire=1542508358&sparams=asr_langs%2Ccaps%2Cv%2Cxoaf%2Cxorp%2Cexpire&xorp=True&kind=asr&lang=en&tlang=mg&fmt=vtt", "ext": "vtt"}], "ms": [{"url": "https://www.youtube.com/api/timedtext?caps=asr&xoaf=1&hl=en&asr_langs=nl%2Ces%2Cru%2Cfr%2Cpt%2Cit%2Cko%2Cde%2Cja%2Cen&signature=2A8D3679108D60BDEE94F9C3B2B23ED0550406CE.404220015A9FDFE4252B74112153C402A92748D7&v=8AUzaxLURpI&key=yttt1&expire=1542508358&sparams=asr_langs%2Ccaps%2Cv%2Cxoaf%2Cxorp%2Cexpire&xorp=True&kind=asr&lang=en&tlang=ms&fmt=ttml", "ext": "ttml"}, {"url": "https://www.youtube.com/api/timedtext?caps=asr&xoaf=1&hl=en&asr_langs=nl%2Ces%2Cru%2Cfr%2Cpt%2Cit%2Cko%2Cde%2Cja%2Cen&signature=2A8D3679108D60BDEE94F9C3B2B23ED0550406CE.404220015A9FDFE4252B74112153C402A92748D7&v=8AUzaxLURpI&key=yttt1&expire=1542508358&sparams=asr_langs%2Ccaps%2Cv%2Cxoaf%2Cxorp%2Cexpire&xorp=True&kind=asr&lang=en&tlang=ms&fmt=vtt", "ext": "vtt"}], "ml": [{"url": "https://www.youtube.com/api/timedtext?caps=asr&xoaf=1&hl=en&asr_langs=nl%2Ces%2Cru%2Cfr%2Cpt%2Cit%2Cko%2Cde%2Cja%2Cen&signature=2A8D3679108D60BDEE94F9C3B2B23ED0550406CE.404220015A9FDFE4252B74112153C402A92748D7&v=8AUzaxLURpI&key=yttt1&expire=1542508358&sparams=asr_langs%2Ccaps%2Cv%2Cxoaf%2Cxorp%2Cexpire&xorp=True&kind=asr&lang=en&tlang=ml&fmt=ttml", "ext": "ttml"}, {"url": "https://www.youtube.com/api/timedtext?caps=asr&xoaf=1&hl=en&asr_langs=nl%2Ces%2Cru%2Cfr%2Cpt%2Cit%2Cko%2Cde%2Cja%2Cen&signature=2A8D3679108D60BDEE94F9C3B2B23ED0550406CE.404220015A9FDFE4252B74112153C402A92748D7&v=8AUzaxLURpI&key=yttt1&expire=1542508358&sparams=asr_langs%2Ccaps%2Cv%2Cxoaf%2Cxorp%2Cexpire&xorp=True&kind=asr&lang=en&tlang=ml&fmt=vtt", "ext": "vtt"}], "mt": [{"url": "https://www.youtube.com/api/timedtext?caps=asr&xoaf=1&hl=en&asr_langs=nl%2Ces%2Cru%2Cfr%2Cpt%2Cit%2Cko%2Cde%2Cja%2Cen&signature=2A8D3679108D60BDEE94F9C3B2B23ED0550406CE.404220015A9FDFE4252B74112153C402A92748D7&v=8AUzaxLURpI&key=yttt1&expire=1542508358&sparams=asr_langs%2Ccaps%2Cv%2Cxoaf%2Cxorp%2Cexpire&xorp=True&kind=asr&lang=en&tlang=mt&fmt=ttml", "ext": "ttml"}, {"url": "https://www.youtube.com/api/timedtext?caps=asr&xoaf=1&hl=en&asr_langs=nl%2Ces%2Cru%2Cfr%2Cpt%2Cit%2Cko%2Cde%2Cja%2Cen&signature=2A8D3679108D60BDEE94F9C3B2B23ED0550406CE.404220015A9FDFE4252B74112153C402A92748D7&v=8AUzaxLURpI&key=yttt1&expire=1542508358&sparams=asr_langs%2Ccaps%2Cv%2Cxoaf%2Cxorp%2Cexpire&xorp=True&kind=asr&lang=en&tlang=mt&fmt=vtt", "ext": "vtt"}], "mi": [{"url": "https://www.youtube.com/api/timedtext?caps=asr&xoaf=1&hl=en&asr_langs=nl%2Ces%2Cru%2Cfr%2Cpt%2Cit%2Cko%2Cde%2Cja%2Cen&signature=2A8D3679108D60BDEE94F9C3B2B23ED0550406CE.404220015A9FDFE4252B74112153C402A92748D7&v=8AUzaxLURpI&key=yttt1&expire=1542508358&sparams=asr_langs%2Ccaps%2Cv%2Cxoaf%2Cxorp%2Cexpire&xorp=True&kind=asr&lang=en&tlang=mi&fmt=ttml", "ext": "ttml"}, {"url": "https://www.youtube.com/api/timedtext?caps=asr&xoaf=1&hl=en&asr_langs=nl%2Ces%2Cru%2Cfr%2Cpt%2Cit%2Cko%2Cde%2Cja%2Cen&signature=2A8D3679108D60BDEE94F9C3B2B23ED0550406CE.404220015A9FDFE4252B74112153C402A92748D7&v=8AUzaxLURpI&key=yttt1&expire=1542508358&sparams=asr_langs%2Ccaps%2Cv%2Cxoaf%2Cxorp%2Cexpire&xorp=True&kind=asr&lang=en&tlang=mi&fmt=vtt", "ext": "vtt"}], "mr": [{"url": "https://www.youtube.com/api/timedtext?caps=asr&xoaf=1&hl=en&asr_langs=nl%2Ces%2Cru%2Cfr%2Cpt%2Cit%2Cko%2Cde%2Cja%2Cen&signature=2A8D3679108D60BDEE94F9C3B2B23ED0550406CE.404220015A9FDFE4252B74112153C402A92748D7&v=8AUzaxLURpI&key=yttt1&expire=1542508358&sparams=asr_langs%2Ccaps%2Cv%2Cxoaf%2Cxorp%2Cexpire&xorp=True&kind=asr&lang=en&tlang=mr&fmt=ttml", "ext": "ttml"}, {"url": "https://www.youtube.com/api/timedtext?caps=asr&xoaf=1&hl=en&asr_langs=nl%2Ces%2Cru%2Cfr%2Cpt%2Cit%2Cko%2Cde%2Cja%2Cen&signature=2A8D3679108D60BDEE94F9C3B2B23ED0550406CE.404220015A9FDFE4252B74112153C402A92748D7&v=8AUzaxLURpI&key=yttt1&expire=1542508358&sparams=asr_langs%2Ccaps%2Cv%2Cxoaf%2Cxorp%2Cexpire&xorp=True&kind=asr&lang=en&tlang=mr&fmt=vtt", "ext": "vtt"}], "mn": [{"url": "https://www.youtube.com/api/timedtext?caps=asr&xoaf=1&hl=en&asr_langs=nl%2Ces%2Cru%2Cfr%2Cpt%2Cit%2Cko%2Cde%2Cja%2Cen&signature=2A8D3679108D60BDEE94F9C3B2B23ED0550406CE.404220015A9FDFE4252B74112153C402A92748D7&v=8AUzaxLURpI&key=yttt1&expire=1542508358&sparams=asr_langs%2Ccaps%2Cv%2Cxoaf%2Cxorp%2Cexpire&xorp=True&kind=asr&lang=en&tlang=mn&fmt=ttml", "ext": "ttml"}, {"url": "https://www.youtube.com/api/timedtext?caps=asr&xoaf=1&hl=en&asr_langs=nl%2Ces%2Cru%2Cfr%2Cpt%2Cit%2Cko%2Cde%2Cja%2Cen&signature=2A8D3679108D60BDEE94F9C3B2B23ED0550406CE.404220015A9FDFE4252B74112153C402A92748D7&v=8AUzaxLURpI&key=yttt1&expire=1542508358&sparams=asr_langs%2Ccaps%2Cv%2Cxoaf%2Cxorp%2Cexpire&xorp=True&kind=asr&lang=en&tlang=mn&fmt=vtt", "ext": "vtt"}], "ne": [{"url": "https://www.youtube.com/api/timedtext?caps=asr&xoaf=1&hl=en&asr_langs=nl%2Ces%2Cru%2Cfr%2Cpt%2Cit%2Cko%2Cde%2Cja%2Cen&signature=2A8D3679108D60BDEE94F9C3B2B23ED0550406CE.404220015A9FDFE4252B74112153C402A92748D7&v=8AUzaxLURpI&key=yttt1&expire=1542508358&sparams=asr_langs%2Ccaps%2Cv%2Cxoaf%2Cxorp%2Cexpire&xorp=True&kind=asr&lang=en&tlang=ne&fmt=ttml", "ext": "ttml"}, {"url": "https://www.youtube.com/api/timedtext?caps=asr&xoaf=1&hl=en&asr_langs=nl%2Ces%2Cru%2Cfr%2Cpt%2Cit%2Cko%2Cde%2Cja%2Cen&signature=2A8D3679108D60BDEE94F9C3B2B23ED0550406CE.404220015A9FDFE4252B74112153C402A92748D7&v=8AUzaxLURpI&key=yttt1&expire=1542508358&sparams=asr_langs%2Ccaps%2Cv%2Cxoaf%2Cxorp%2Cexpire&xorp=True&kind=asr&lang=en&tlang=ne&fmt=vtt", "ext": "vtt"}], "no": [{"url": "https://www.youtube.com/api/timedtext?caps=asr&xoaf=1&hl=en&asr_langs=nl%2Ces%2Cru%2Cfr%2Cpt%2Cit%2Cko%2Cde%2Cja%2Cen&signature=2A8D3679108D60BDEE94F9C3B2B23ED0550406CE.404220015A9FDFE4252B74112153C402A92748D7&v=8AUzaxLURpI&key=yttt1&expire=1542508358&sparams=asr_langs%2Ccaps%2Cv%2Cxoaf%2Cxorp%2Cexpire&xorp=True&kind=asr&lang=en&tlang=no&fmt=ttml", "ext": "ttml"}, {"url": "https://www.youtube.com/api/timedtext?caps=asr&xoaf=1&hl=en&asr_langs=nl%2Ces%2Cru%2Cfr%2Cpt%2Cit%2Cko%2Cde%2Cja%2Cen&signature=2A8D3679108D60BDEE94F9C3B2B23ED0550406CE.404220015A9FDFE4252B74112153C402A92748D7&v=8AUzaxLURpI&key=yttt1&expire=1542508358&sparams=asr_langs%2Ccaps%2Cv%2Cxoaf%2Cxorp%2Cexpire&xorp=True&kind=asr&lang=en&tlang=no&fmt=vtt", "ext": "vtt"}], "ny": [{"url": "https://www.youtube.com/api/timedtext?caps=asr&xoaf=1&hl=en&asr_langs=nl%2Ces%2Cru%2Cfr%2Cpt%2Cit%2Cko%2Cde%2Cja%2Cen&signature=2A8D3679108D60BDEE94F9C3B2B23ED0550406CE.404220015A9FDFE4252B74112153C402A92748D7&v=8AUzaxLURpI&key=yttt1&expire=1542508358&sparams=asr_langs%2Ccaps%2Cv%2Cxoaf%2Cxorp%2Cexpire&xorp=True&kind=asr&lang=en&tlang=ny&fmt=ttml", "ext": "ttml"}, {"url": "https://www.youtube.com/api/timedtext?caps=asr&xoaf=1&hl=en&asr_langs=nl%2Ces%2Cru%2Cfr%2Cpt%2Cit%2Cko%2Cde%2Cja%2Cen&signature=2A8D3679108D60BDEE94F9C3B2B23ED0550406CE.404220015A9FDFE4252B74112153C402A92748D7&v=8AUzaxLURpI&key=yttt1&expire=1542508358&sparams=asr_langs%2Ccaps%2Cv%2Cxoaf%2Cxorp%2Cexpire&xorp=True&kind=asr&lang=en&tlang=ny&fmt=vtt", "ext": "vtt"}], "ps": [{"url": "https://www.youtube.com/api/timedtext?caps=asr&xoaf=1&hl=en&asr_langs=nl%2Ces%2Cru%2Cfr%2Cpt%2Cit%2Cko%2Cde%2Cja%2Cen&signature=2A8D3679108D60BDEE94F9C3B2B23ED0550406CE.404220015A9FDFE4252B74112153C402A92748D7&v=8AUzaxLURpI&key=yttt1&expire=1542508358&sparams=asr_langs%2Ccaps%2Cv%2Cxoaf%2Cxorp%2Cexpire&xorp=True&kind=asr&lang=en&tlang=ps&fmt=ttml", "ext": "ttml"}, {"url": "https://www.youtube.com/api/timedtext?caps=asr&xoaf=1&hl=en&asr_langs=nl%2Ces%2Cru%2Cfr%2Cpt%2Cit%2Cko%2Cde%2Cja%2Cen&signature=2A8D3679108D60BDEE94F9C3B2B23ED0550406CE.404220015A9FDFE4252B74112153C402A92748D7&v=8AUzaxLURpI&key=yttt1&expire=1542508358&sparams=asr_langs%2Ccaps%2Cv%2Cxoaf%2Cxorp%2Cexpire&xorp=True&kind=asr&lang=en&tlang=ps&fmt=vtt", "ext": "vtt"}], "fa": [{"url": "https://www.youtube.com/api/timedtext?caps=asr&xoaf=1&hl=en&asr_langs=nl%2Ces%2Cru%2Cfr%2Cpt%2Cit%2Cko%2Cde%2Cja%2Cen&signature=2A8D3679108D60BDEE94F9C3B2B23ED0550406CE.404220015A9FDFE4252B74112153C402A92748D7&v=8AUzaxLURpI&key=yttt1&expire=1542508358&sparams=asr_langs%2Ccaps%2Cv%2Cxoaf%2Cxorp%2Cexpire&xorp=True&kind=asr&lang=en&tlang=fa&fmt=ttml", "ext": "ttml"}, {"url": "https://www.youtube.com/api/timedtext?caps=asr&xoaf=1&hl=en&asr_langs=nl%2Ces%2Cru%2Cfr%2Cpt%2Cit%2Cko%2Cde%2Cja%2Cen&signature=2A8D3679108D60BDEE94F9C3B2B23ED0550406CE.404220015A9FDFE4252B74112153C402A92748D7&v=8AUzaxLURpI&key=yttt1&expire=1542508358&sparams=asr_langs%2Ccaps%2Cv%2Cxoaf%2Cxorp%2Cexpire&xorp=True&kind=asr&lang=en&tlang=fa&fmt=vtt", "ext": "vtt"}], "pl": [{"url": "https://www.youtube.com/api/timedtext?caps=asr&xoaf=1&hl=en&asr_langs=nl%2Ces%2Cru%2Cfr%2Cpt%2Cit%2Cko%2Cde%2Cja%2Cen&signature=2A8D3679108D60BDEE94F9C3B2B23ED0550406CE.404220015A9FDFE4252B74112153C402A92748D7&v=8AUzaxLURpI&key=yttt1&expire=1542508358&sparams=asr_langs%2Ccaps%2Cv%2Cxoaf%2Cxorp%2Cexpire&xorp=True&kind=asr&lang=en&tlang=pl&fmt=ttml", "ext": "ttml"}, {"url": "https://www.youtube.com/api/timedtext?caps=asr&xoaf=1&hl=en&asr_langs=nl%2Ces%2Cru%2Cfr%2Cpt%2Cit%2Cko%2Cde%2Cja%2Cen&signature=2A8D3679108D60BDEE94F9C3B2B23ED0550406CE.404220015A9FDFE4252B74112153C402A92748D7&v=8AUzaxLURpI&key=yttt1&expire=1542508358&sparams=asr_langs%2Ccaps%2Cv%2Cxoaf%2Cxorp%2Cexpire&xorp=True&kind=asr&lang=en&tlang=pl&fmt=vtt", "ext": "vtt"}], "pt": [{"url": "https://www.youtube.com/api/timedtext?caps=asr&xoaf=1&hl=en&asr_langs=nl%2Ces%2Cru%2Cfr%2Cpt%2Cit%2Cko%2Cde%2Cja%2Cen&signature=2A8D3679108D60BDEE94F9C3B2B23ED0550406CE.404220015A9FDFE4252B74112153C402A92748D7&v=8AUzaxLURpI&key=yttt1&expire=1542508358&sparams=asr_langs%2Ccaps%2Cv%2Cxoaf%2Cxorp%2Cexpire&xorp=True&kind=asr&lang=en&tlang=pt&fmt=ttml", "ext": "ttml"}, {"url": "https://www.youtube.com/api/timedtext?caps=asr&xoaf=1&hl=en&asr_langs=nl%2Ces%2Cru%2Cfr%2Cpt%2Cit%2Cko%2Cde%2Cja%2Cen&signature=2A8D3679108D60BDEE94F9C3B2B23ED0550406CE.404220015A9FDFE4252B74112153C402A92748D7&v=8AUzaxLURpI&key=yttt1&expire=1542508358&sparams=asr_langs%2Ccaps%2Cv%2Cxoaf%2Cxorp%2Cexpire&xorp=True&kind=asr&lang=en&tlang=pt&fmt=vtt", "ext": "vtt"}], "pa": [{"url": "https://www.youtube.com/api/timedtext?caps=asr&xoaf=1&hl=en&asr_langs=nl%2Ces%2Cru%2Cfr%2Cpt%2Cit%2Cko%2Cde%2Cja%2Cen&signature=2A8D3679108D60BDEE94F9C3B2B23ED0550406CE.404220015A9FDFE4252B74112153C402A92748D7&v=8AUzaxLURpI&key=yttt1&expire=1542508358&sparams=asr_langs%2Ccaps%2Cv%2Cxoaf%2Cxorp%2Cexpire&xorp=True&kind=asr&lang=en&tlang=pa&fmt=ttml", "ext": "ttml"}, {"url": "https://www.youtube.com/api/timedtext?caps=asr&xoaf=1&hl=en&asr_langs=nl%2Ces%2Cru%2Cfr%2Cpt%2Cit%2Cko%2Cde%2Cja%2Cen&signature=2A8D3679108D60BDEE94F9C3B2B23ED0550406CE.404220015A9FDFE4252B74112153C402A92748D7&v=8AUzaxLURpI&key=yttt1&expire=1542508358&sparams=asr_langs%2Ccaps%2Cv%2Cxoaf%2Cxorp%2Cexpire&xorp=True&kind=asr&lang=en&tlang=pa&fmt=vtt", "ext": "vtt"}], "ro": [{"url": "https://www.youtube.com/api/timedtext?caps=asr&xoaf=1&hl=en&asr_langs=nl%2Ces%2Cru%2Cfr%2Cpt%2Cit%2Cko%2Cde%2Cja%2Cen&signature=2A8D3679108D60BDEE94F9C3B2B23ED0550406CE.404220015A9FDFE4252B74112153C402A92748D7&v=8AUzaxLURpI&key=yttt1&expire=1542508358&sparams=asr_langs%2Ccaps%2Cv%2Cxoaf%2Cxorp%2Cexpire&xorp=True&kind=asr&lang=en&tlang=ro&fmt=ttml", "ext": "ttml"}, {"url": "https://www.youtube.com/api/timedtext?caps=asr&xoaf=1&hl=en&asr_langs=nl%2Ces%2Cru%2Cfr%2Cpt%2Cit%2Cko%2Cde%2Cja%2Cen&signature=2A8D3679108D60BDEE94F9C3B2B23ED0550406CE.404220015A9FDFE4252B74112153C402A92748D7&v=8AUzaxLURpI&key=yttt1&expire=1542508358&sparams=asr_langs%2Ccaps%2Cv%2Cxoaf%2Cxorp%2Cexpire&xorp=True&kind=asr&lang=en&tlang=ro&fmt=vtt", "ext": "vtt"}], "ru": [{"url": "https://www.youtube.com/api/timedtext?caps=asr&xoaf=1&hl=en&asr_langs=nl%2Ces%2Cru%2Cfr%2Cpt%2Cit%2Cko%2Cde%2Cja%2Cen&signature=2A8D3679108D60BDEE94F9C3B2B23ED0550406CE.404220015A9FDFE4252B74112153C402A92748D7&v=8AUzaxLURpI&key=yttt1&expire=1542508358&sparams=asr_langs%2Ccaps%2Cv%2Cxoaf%2Cxorp%2Cexpire&xorp=True&kind=asr&lang=en&tlang=ru&fmt=ttml", "ext": "ttml"}, {"url": "https://www.youtube.com/api/timedtext?caps=asr&xoaf=1&hl=en&asr_langs=nl%2Ces%2Cru%2Cfr%2Cpt%2Cit%2Cko%2Cde%2Cja%2Cen&signature=2A8D3679108D60BDEE94F9C3B2B23ED0550406CE.404220015A9FDFE4252B74112153C402A92748D7&v=8AUzaxLURpI&key=yttt1&expire=1542508358&sparams=asr_langs%2Ccaps%2Cv%2Cxoaf%2Cxorp%2Cexpire&xorp=True&kind=asr&lang=en&tlang=ru&fmt=vtt", "ext": "vtt"}], "sm": [{"url": "https://www.youtube.com/api/timedtext?caps=asr&xoaf=1&hl=en&asr_langs=nl%2Ces%2Cru%2Cfr%2Cpt%2Cit%2Cko%2Cde%2Cja%2Cen&signature=2A8D3679108D60BDEE94F9C3B2B23ED0550406CE.404220015A9FDFE4252B74112153C402A92748D7&v=8AUzaxLURpI&key=yttt1&expire=1542508358&sparams=asr_langs%2Ccaps%2Cv%2Cxoaf%2Cxorp%2Cexpire&xorp=True&kind=asr&lang=en&tlang=sm&fmt=ttml", "ext": "ttml"}, {"url": "https://www.youtube.com/api/timedtext?caps=asr&xoaf=1&hl=en&asr_langs=nl%2Ces%2Cru%2Cfr%2Cpt%2Cit%2Cko%2Cde%2Cja%2Cen&signature=2A8D3679108D60BDEE94F9C3B2B23ED0550406CE.404220015A9FDFE4252B74112153C402A92748D7&v=8AUzaxLURpI&key=yttt1&expire=1542508358&sparams=asr_langs%2Ccaps%2Cv%2Cxoaf%2Cxorp%2Cexpire&xorp=True&kind=asr&lang=en&tlang=sm&fmt=vtt", "ext": "vtt"}], "gd": [{"url": "https://www.youtube.com/api/timedtext?caps=asr&xoaf=1&hl=en&asr_langs=nl%2Ces%2Cru%2Cfr%2Cpt%2Cit%2Cko%2Cde%2Cja%2Cen&signature=2A8D3679108D60BDEE94F9C3B2B23ED0550406CE.404220015A9FDFE4252B74112153C402A92748D7&v=8AUzaxLURpI&key=yttt1&expire=1542508358&sparams=asr_langs%2Ccaps%2Cv%2Cxoaf%2Cxorp%2Cexpire&xorp=True&kind=asr&lang=en&tlang=gd&fmt=ttml", "ext": "ttml"}, {"url": "https://www.youtube.com/api/timedtext?caps=asr&xoaf=1&hl=en&asr_langs=nl%2Ces%2Cru%2Cfr%2Cpt%2Cit%2Cko%2Cde%2Cja%2Cen&signature=2A8D3679108D60BDEE94F9C3B2B23ED0550406CE.404220015A9FDFE4252B74112153C402A92748D7&v=8AUzaxLURpI&key=yttt1&expire=1542508358&sparams=asr_langs%2Ccaps%2Cv%2Cxoaf%2Cxorp%2Cexpire&xorp=True&kind=asr&lang=en&tlang=gd&fmt=vtt", "ext": "vtt"}], "sr": [{"url": "https://www.youtube.com/api/timedtext?caps=asr&xoaf=1&hl=en&asr_langs=nl%2Ces%2Cru%2Cfr%2Cpt%2Cit%2Cko%2Cde%2Cja%2Cen&signature=2A8D3679108D60BDEE94F9C3B2B23ED0550406CE.404220015A9FDFE4252B74112153C402A92748D7&v=8AUzaxLURpI&key=yttt1&expire=1542508358&sparams=asr_langs%2Ccaps%2Cv%2Cxoaf%2Cxorp%2Cexpire&xorp=True&kind=asr&lang=en&tlang=sr&fmt=ttml", "ext": "ttml"}, {"url": "https://www.youtube.com/api/timedtext?caps=asr&xoaf=1&hl=en&asr_langs=nl%2Ces%2Cru%2Cfr%2Cpt%2Cit%2Cko%2Cde%2Cja%2Cen&signature=2A8D3679108D60BDEE94F9C3B2B23ED0550406CE.404220015A9FDFE4252B74112153C402A92748D7&v=8AUzaxLURpI&key=yttt1&expire=1542508358&sparams=asr_langs%2Ccaps%2Cv%2Cxoaf%2Cxorp%2Cexpire&xorp=True&kind=asr&lang=en&tlang=sr&fmt=vtt", "ext": "vtt"}], "sn": [{"url": "https://www.youtube.com/api/timedtext?caps=asr&xoaf=1&hl=en&asr_langs=nl%2Ces%2Cru%2Cfr%2Cpt%2Cit%2Cko%2Cde%2Cja%2Cen&signature=2A8D3679108D60BDEE94F9C3B2B23ED0550406CE.404220015A9FDFE4252B74112153C402A92748D7&v=8AUzaxLURpI&key=yttt1&expire=1542508358&sparams=asr_langs%2Ccaps%2Cv%2Cxoaf%2Cxorp%2Cexpire&xorp=True&kind=asr&lang=en&tlang=sn&fmt=ttml", "ext": "ttml"}, {"url": "https://www.youtube.com/api/timedtext?caps=asr&xoaf=1&hl=en&asr_langs=nl%2Ces%2Cru%2Cfr%2Cpt%2Cit%2Cko%2Cde%2Cja%2Cen&signature=2A8D3679108D60BDEE94F9C3B2B23ED0550406CE.404220015A9FDFE4252B74112153C402A92748D7&v=8AUzaxLURpI&key=yttt1&expire=1542508358&sparams=asr_langs%2Ccaps%2Cv%2Cxoaf%2Cxorp%2Cexpire&xorp=True&kind=asr&lang=en&tlang=sn&fmt=vtt", "ext": "vtt"}], "sd": [{"url": "https://www.youtube.com/api/timedtext?caps=asr&xoaf=1&hl=en&asr_langs=nl%2Ces%2Cru%2Cfr%2Cpt%2Cit%2Cko%2Cde%2Cja%2Cen&signature=2A8D3679108D60BDEE94F9C3B2B23ED0550406CE.404220015A9FDFE4252B74112153C402A92748D7&v=8AUzaxLURpI&key=yttt1&expire=1542508358&sparams=asr_langs%2Ccaps%2Cv%2Cxoaf%2Cxorp%2Cexpire&xorp=True&kind=asr&lang=en&tlang=sd&fmt=ttml", "ext": "ttml"}, {"url": "https://www.youtube.com/api/timedtext?caps=asr&xoaf=1&hl=en&asr_langs=nl%2Ces%2Cru%2Cfr%2Cpt%2Cit%2Cko%2Cde%2Cja%2Cen&signature=2A8D3679108D60BDEE94F9C3B2B23ED0550406CE.404220015A9FDFE4252B74112153C402A92748D7&v=8AUzaxLURpI&key=yttt1&expire=1542508358&sparams=asr_langs%2Ccaps%2Cv%2Cxoaf%2Cxorp%2Cexpire&xorp=True&kind=asr&lang=en&tlang=sd&fmt=vtt", "ext": "vtt"}], "si": [{"url": "https://www.youtube.com/api/timedtext?caps=asr&xoaf=1&hl=en&asr_langs=nl%2Ces%2Cru%2Cfr%2Cpt%2Cit%2Cko%2Cde%2Cja%2Cen&signature=2A8D3679108D60BDEE94F9C3B2B23ED0550406CE.404220015A9FDFE4252B74112153C402A92748D7&v=8AUzaxLURpI&key=yttt1&expire=1542508358&sparams=asr_langs%2Ccaps%2Cv%2Cxoaf%2Cxorp%2Cexpire&xorp=True&kind=asr&lang=en&tlang=si&fmt=ttml", "ext": "ttml"}, {"url": "https://www.youtube.com/api/timedtext?caps=asr&xoaf=1&hl=en&asr_langs=nl%2Ces%2Cru%2Cfr%2Cpt%2Cit%2Cko%2Cde%2Cja%2Cen&signature=2A8D3679108D60BDEE94F9C3B2B23ED0550406CE.404220015A9FDFE4252B74112153C402A92748D7&v=8AUzaxLURpI&key=yttt1&expire=1542508358&sparams=asr_langs%2Ccaps%2Cv%2Cxoaf%2Cxorp%2Cexpire&xorp=True&kind=asr&lang=en&tlang=si&fmt=vtt", "ext": "vtt"}], "sk": [{"url": "https://www.youtube.com/api/timedtext?caps=asr&xoaf=1&hl=en&asr_langs=nl%2Ces%2Cru%2Cfr%2Cpt%2Cit%2Cko%2Cde%2Cja%2Cen&signature=2A8D3679108D60BDEE94F9C3B2B23ED0550406CE.404220015A9FDFE4252B74112153C402A92748D7&v=8AUzaxLURpI&key=yttt1&expire=1542508358&sparams=asr_langs%2Ccaps%2Cv%2Cxoaf%2Cxorp%2Cexpire&xorp=True&kind=asr&lang=en&tlang=sk&fmt=ttml", "ext": "ttml"}, {"url": "https://www.youtube.com/api/timedtext?caps=asr&xoaf=1&hl=en&asr_langs=nl%2Ces%2Cru%2Cfr%2Cpt%2Cit%2Cko%2Cde%2Cja%2Cen&signature=2A8D3679108D60BDEE94F9C3B2B23ED0550406CE.404220015A9FDFE4252B74112153C402A92748D7&v=8AUzaxLURpI&key=yttt1&expire=1542508358&sparams=asr_langs%2Ccaps%2Cv%2Cxoaf%2Cxorp%2Cexpire&xorp=True&kind=asr&lang=en&tlang=sk&fmt=vtt", "ext": "vtt"}], "sl": [{"url": "https://www.youtube.com/api/timedtext?caps=asr&xoaf=1&hl=en&asr_langs=nl%2Ces%2Cru%2Cfr%2Cpt%2Cit%2Cko%2Cde%2Cja%2Cen&signature=2A8D3679108D60BDEE94F9C3B2B23ED0550406CE.404220015A9FDFE4252B74112153C402A92748D7&v=8AUzaxLURpI&key=yttt1&expire=1542508358&sparams=asr_langs%2Ccaps%2Cv%2Cxoaf%2Cxorp%2Cexpire&xorp=True&kind=asr&lang=en&tlang=sl&fmt=ttml", "ext": "ttml"}, {"url": "https://www.youtube.com/api/timedtext?caps=asr&xoaf=1&hl=en&asr_langs=nl%2Ces%2Cru%2Cfr%2Cpt%2Cit%2Cko%2Cde%2Cja%2Cen&signature=2A8D3679108D60BDEE94F9C3B2B23ED0550406CE.404220015A9FDFE4252B74112153C402A92748D7&v=8AUzaxLURpI&key=yttt1&expire=1542508358&sparams=asr_langs%2Ccaps%2Cv%2Cxoaf%2Cxorp%2Cexpire&xorp=True&kind=asr&lang=en&tlang=sl&fmt=vtt", "ext": "vtt"}], "so": [{"url": "https://www.youtube.com/api/timedtext?caps=asr&xoaf=1&hl=en&asr_langs=nl%2Ces%2Cru%2Cfr%2Cpt%2Cit%2Cko%2Cde%2Cja%2Cen&signature=2A8D3679108D60BDEE94F9C3B2B23ED0550406CE.404220015A9FDFE4252B74112153C402A92748D7&v=8AUzaxLURpI&key=yttt1&expire=1542508358&sparams=asr_langs%2Ccaps%2Cv%2Cxoaf%2Cxorp%2Cexpire&xorp=True&kind=asr&lang=en&tlang=so&fmt=ttml", "ext": "ttml"}, {"url": "https://www.youtube.com/api/timedtext?caps=asr&xoaf=1&hl=en&asr_langs=nl%2Ces%2Cru%2Cfr%2Cpt%2Cit%2Cko%2Cde%2Cja%2Cen&signature=2A8D3679108D60BDEE94F9C3B2B23ED0550406CE.404220015A9FDFE4252B74112153C402A92748D7&v=8AUzaxLURpI&key=yttt1&expire=1542508358&sparams=asr_langs%2Ccaps%2Cv%2Cxoaf%2Cxorp%2Cexpire&xorp=True&kind=asr&lang=en&tlang=so&fmt=vtt", "ext": "vtt"}], "st": [{"url": "https://www.youtube.com/api/timedtext?caps=asr&xoaf=1&hl=en&asr_langs=nl%2Ces%2Cru%2Cfr%2Cpt%2Cit%2Cko%2Cde%2Cja%2Cen&signature=2A8D3679108D60BDEE94F9C3B2B23ED0550406CE.404220015A9FDFE4252B74112153C402A92748D7&v=8AUzaxLURpI&key=yttt1&expire=1542508358&sparams=asr_langs%2Ccaps%2Cv%2Cxoaf%2Cxorp%2Cexpire&xorp=True&kind=asr&lang=en&tlang=st&fmt=ttml", "ext": "ttml"}, {"url": "https://www.youtube.com/api/timedtext?caps=asr&xoaf=1&hl=en&asr_langs=nl%2Ces%2Cru%2Cfr%2Cpt%2Cit%2Cko%2Cde%2Cja%2Cen&signature=2A8D3679108D60BDEE94F9C3B2B23ED0550406CE.404220015A9FDFE4252B74112153C402A92748D7&v=8AUzaxLURpI&key=yttt1&expire=1542508358&sparams=asr_langs%2Ccaps%2Cv%2Cxoaf%2Cxorp%2Cexpire&xorp=True&kind=asr&lang=en&tlang=st&fmt=vtt", "ext": "vtt"}], "es": [{"url": "https://www.youtube.com/api/timedtext?caps=asr&xoaf=1&hl=en&asr_langs=nl%2Ces%2Cru%2Cfr%2Cpt%2Cit%2Cko%2Cde%2Cja%2Cen&signature=2A8D3679108D60BDEE94F9C3B2B23ED0550406CE.404220015A9FDFE4252B74112153C402A92748D7&v=8AUzaxLURpI&key=yttt1&expire=1542508358&sparams=asr_langs%2Ccaps%2Cv%2Cxoaf%2Cxorp%2Cexpire&xorp=True&kind=asr&lang=en&tlang=es&fmt=ttml", "ext": "ttml"}, {"url": "https://www.youtube.com/api/timedtext?caps=asr&xoaf=1&hl=en&asr_langs=nl%2Ces%2Cru%2Cfr%2Cpt%2Cit%2Cko%2Cde%2Cja%2Cen&signature=2A8D3679108D60BDEE94F9C3B2B23ED0550406CE.404220015A9FDFE4252B74112153C402A92748D7&v=8AUzaxLURpI&key=yttt1&expire=1542508358&sparams=asr_langs%2Ccaps%2Cv%2Cxoaf%2Cxorp%2Cexpire&xorp=True&kind=asr&lang=en&tlang=es&fmt=vtt", "ext": "vtt"}], "su": [{"url": "https://www.youtube.com/api/timedtext?caps=asr&xoaf=1&hl=en&asr_langs=nl%2Ces%2Cru%2Cfr%2Cpt%2Cit%2Cko%2Cde%2Cja%2Cen&signature=2A8D3679108D60BDEE94F9C3B2B23ED0550406CE.404220015A9FDFE4252B74112153C402A92748D7&v=8AUzaxLURpI&key=yttt1&expire=1542508358&sparams=asr_langs%2Ccaps%2Cv%2Cxoaf%2Cxorp%2Cexpire&xorp=True&kind=asr&lang=en&tlang=su&fmt=ttml", "ext": "ttml"}, {"url": "https://www.youtube.com/api/timedtext?caps=asr&xoaf=1&hl=en&asr_langs=nl%2Ces%2Cru%2Cfr%2Cpt%2Cit%2Cko%2Cde%2Cja%2Cen&signature=2A8D3679108D60BDEE94F9C3B2B23ED0550406CE.404220015A9FDFE4252B74112153C402A92748D7&v=8AUzaxLURpI&key=yttt1&expire=1542508358&sparams=asr_langs%2Ccaps%2Cv%2Cxoaf%2Cxorp%2Cexpire&xorp=True&kind=asr&lang=en&tlang=su&fmt=vtt", "ext": "vtt"}], "sw": [{"url": "https://www.youtube.com/api/timedtext?caps=asr&xoaf=1&hl=en&asr_langs=nl%2Ces%2Cru%2Cfr%2Cpt%2Cit%2Cko%2Cde%2Cja%2Cen&signature=2A8D3679108D60BDEE94F9C3B2B23ED0550406CE.404220015A9FDFE4252B74112153C402A92748D7&v=8AUzaxLURpI&key=yttt1&expire=1542508358&sparams=asr_langs%2Ccaps%2Cv%2Cxoaf%2Cxorp%2Cexpire&xorp=True&kind=asr&lang=en&tlang=sw&fmt=ttml", "ext": "ttml"}, {"url": "https://www.youtube.com/api/timedtext?caps=asr&xoaf=1&hl=en&asr_langs=nl%2Ces%2Cru%2Cfr%2Cpt%2Cit%2Cko%2Cde%2Cja%2Cen&signature=2A8D3679108D60BDEE94F9C3B2B23ED0550406CE.404220015A9FDFE4252B74112153C402A92748D7&v=8AUzaxLURpI&key=yttt1&expire=1542508358&sparams=asr_langs%2Ccaps%2Cv%2Cxoaf%2Cxorp%2Cexpire&xorp=True&kind=asr&lang=en&tlang=sw&fmt=vtt", "ext": "vtt"}], "sv": [{"url": "https://www.youtube.com/api/timedtext?caps=asr&xoaf=1&hl=en&asr_langs=nl%2Ces%2Cru%2Cfr%2Cpt%2Cit%2Cko%2Cde%2Cja%2Cen&signature=2A8D3679108D60BDEE94F9C3B2B23ED0550406CE.404220015A9FDFE4252B74112153C402A92748D7&v=8AUzaxLURpI&key=yttt1&expire=1542508358&sparams=asr_langs%2Ccaps%2Cv%2Cxoaf%2Cxorp%2Cexpire&xorp=True&kind=asr&lang=en&tlang=sv&fmt=ttml", "ext": "ttml"}, {"url": "https://www.youtube.com/api/timedtext?caps=asr&xoaf=1&hl=en&asr_langs=nl%2Ces%2Cru%2Cfr%2Cpt%2Cit%2Cko%2Cde%2Cja%2Cen&signature=2A8D3679108D60BDEE94F9C3B2B23ED0550406CE.404220015A9FDFE4252B74112153C402A92748D7&v=8AUzaxLURpI&key=yttt1&expire=1542508358&sparams=asr_langs%2Ccaps%2Cv%2Cxoaf%2Cxorp%2Cexpire&xorp=True&kind=asr&lang=en&tlang=sv&fmt=vtt", "ext": "vtt"}], "tg": [{"url": "https://www.youtube.com/api/timedtext?caps=asr&xoaf=1&hl=en&asr_langs=nl%2Ces%2Cru%2Cfr%2Cpt%2Cit%2Cko%2Cde%2Cja%2Cen&signature=2A8D3679108D60BDEE94F9C3B2B23ED0550406CE.404220015A9FDFE4252B74112153C402A92748D7&v=8AUzaxLURpI&key=yttt1&expire=1542508358&sparams=asr_langs%2Ccaps%2Cv%2Cxoaf%2Cxorp%2Cexpire&xorp=True&kind=asr&lang=en&tlang=tg&fmt=ttml", "ext": "ttml"}, {"url": "https://www.youtube.com/api/timedtext?caps=asr&xoaf=1&hl=en&asr_langs=nl%2Ces%2Cru%2Cfr%2Cpt%2Cit%2Cko%2Cde%2Cja%2Cen&signature=2A8D3679108D60BDEE94F9C3B2B23ED0550406CE.404220015A9FDFE4252B74112153C402A92748D7&v=8AUzaxLURpI&key=yttt1&expire=1542508358&sparams=asr_langs%2Ccaps%2Cv%2Cxoaf%2Cxorp%2Cexpire&xorp=True&kind=asr&lang=en&tlang=tg&fmt=vtt", "ext": "vtt"}], "ta": [{"url": "https://www.youtube.com/api/timedtext?caps=asr&xoaf=1&hl=en&asr_langs=nl%2Ces%2Cru%2Cfr%2Cpt%2Cit%2Cko%2Cde%2Cja%2Cen&signature=2A8D3679108D60BDEE94F9C3B2B23ED0550406CE.404220015A9FDFE4252B74112153C402A92748D7&v=8AUzaxLURpI&key=yttt1&expire=1542508358&sparams=asr_langs%2Ccaps%2Cv%2Cxoaf%2Cxorp%2Cexpire&xorp=True&kind=asr&lang=en&tlang=ta&fmt=ttml", "ext": "ttml"}, {"url": "https://www.youtube.com/api/timedtext?caps=asr&xoaf=1&hl=en&asr_langs=nl%2Ces%2Cru%2Cfr%2Cpt%2Cit%2Cko%2Cde%2Cja%2Cen&signature=2A8D3679108D60BDEE94F9C3B2B23ED0550406CE.404220015A9FDFE4252B74112153C402A92748D7&v=8AUzaxLURpI&key=yttt1&expire=1542508358&sparams=asr_langs%2Ccaps%2Cv%2Cxoaf%2Cxorp%2Cexpire&xorp=True&kind=asr&lang=en&tlang=ta&fmt=vtt", "ext": "vtt"}], "te": [{"url": "https://www.youtube.com/api/timedtext?caps=asr&xoaf=1&hl=en&asr_langs=nl%2Ces%2Cru%2Cfr%2Cpt%2Cit%2Cko%2Cde%2Cja%2Cen&signature=2A8D3679108D60BDEE94F9C3B2B23ED0550406CE.404220015A9FDFE4252B74112153C402A92748D7&v=8AUzaxLURpI&key=yttt1&expire=1542508358&sparams=asr_langs%2Ccaps%2Cv%2Cxoaf%2Cxorp%2Cexpire&xorp=True&kind=asr&lang=en&tlang=te&fmt=ttml", "ext": "ttml"}, {"url": "https://www.youtube.com/api/timedtext?caps=asr&xoaf=1&hl=en&asr_langs=nl%2Ces%2Cru%2Cfr%2Cpt%2Cit%2Cko%2Cde%2Cja%2Cen&signature=2A8D3679108D60BDEE94F9C3B2B23ED0550406CE.404220015A9FDFE4252B74112153C402A92748D7&v=8AUzaxLURpI&key=yttt1&expire=1542508358&sparams=asr_langs%2Ccaps%2Cv%2Cxoaf%2Cxorp%2Cexpire&xorp=True&kind=asr&lang=en&tlang=te&fmt=vtt", "ext": "vtt"}], "th": [{"url": "https://www.youtube.com/api/timedtext?caps=asr&xoaf=1&hl=en&asr_langs=nl%2Ces%2Cru%2Cfr%2Cpt%2Cit%2Cko%2Cde%2Cja%2Cen&signature=2A8D3679108D60BDEE94F9C3B2B23ED0550406CE.404220015A9FDFE4252B74112153C402A92748D7&v=8AUzaxLURpI&key=yttt1&expire=1542508358&sparams=asr_langs%2Ccaps%2Cv%2Cxoaf%2Cxorp%2Cexpire&xorp=True&kind=asr&lang=en&tlang=th&fmt=ttml", "ext": "ttml"}, {"url": "https://www.youtube.com/api/timedtext?caps=asr&xoaf=1&hl=en&asr_langs=nl%2Ces%2Cru%2Cfr%2Cpt%2Cit%2Cko%2Cde%2Cja%2Cen&signature=2A8D3679108D60BDEE94F9C3B2B23ED0550406CE.404220015A9FDFE4252B74112153C402A92748D7&v=8AUzaxLURpI&key=yttt1&expire=1542508358&sparams=asr_langs%2Ccaps%2Cv%2Cxoaf%2Cxorp%2Cexpire&xorp=True&kind=asr&lang=en&tlang=th&fmt=vtt", "ext": "vtt"}], "tr": [{"url": "https://www.youtube.com/api/timedtext?caps=asr&xoaf=1&hl=en&asr_langs=nl%2Ces%2Cru%2Cfr%2Cpt%2Cit%2Cko%2Cde%2Cja%2Cen&signature=2A8D3679108D60BDEE94F9C3B2B23ED0550406CE.404220015A9FDFE4252B74112153C402A92748D7&v=8AUzaxLURpI&key=yttt1&expire=1542508358&sparams=asr_langs%2Ccaps%2Cv%2Cxoaf%2Cxorp%2Cexpire&xorp=True&kind=asr&lang=en&tlang=tr&fmt=ttml", "ext": "ttml"}, {"url": "https://www.youtube.com/api/timedtext?caps=asr&xoaf=1&hl=en&asr_langs=nl%2Ces%2Cru%2Cfr%2Cpt%2Cit%2Cko%2Cde%2Cja%2Cen&signature=2A8D3679108D60BDEE94F9C3B2B23ED0550406CE.404220015A9FDFE4252B74112153C402A92748D7&v=8AUzaxLURpI&key=yttt1&expire=1542508358&sparams=asr_langs%2Ccaps%2Cv%2Cxoaf%2Cxorp%2Cexpire&xorp=True&kind=asr&lang=en&tlang=tr&fmt=vtt", "ext": "vtt"}], "uk": [{"url": "https://www.youtube.com/api/timedtext?caps=asr&xoaf=1&hl=en&asr_langs=nl%2Ces%2Cru%2Cfr%2Cpt%2Cit%2Cko%2Cde%2Cja%2Cen&signature=2A8D3679108D60BDEE94F9C3B2B23ED0550406CE.404220015A9FDFE4252B74112153C402A92748D7&v=8AUzaxLURpI&key=yttt1&expire=1542508358&sparams=asr_langs%2Ccaps%2Cv%2Cxoaf%2Cxorp%2Cexpire&xorp=True&kind=asr&lang=en&tlang=uk&fmt=ttml", "ext": "ttml"}, {"url": "https://www.youtube.com/api/timedtext?caps=asr&xoaf=1&hl=en&asr_langs=nl%2Ces%2Cru%2Cfr%2Cpt%2Cit%2Cko%2Cde%2Cja%2Cen&signature=2A8D3679108D60BDEE94F9C3B2B23ED0550406CE.404220015A9FDFE4252B74112153C402A92748D7&v=8AUzaxLURpI&key=yttt1&expire=1542508358&sparams=asr_langs%2Ccaps%2Cv%2Cxoaf%2Cxorp%2Cexpire&xorp=True&kind=asr&lang=en&tlang=uk&fmt=vtt", "ext": "vtt"}], "ur": [{"url": "https://www.youtube.com/api/timedtext?caps=asr&xoaf=1&hl=en&asr_langs=nl%2Ces%2Cru%2Cfr%2Cpt%2Cit%2Cko%2Cde%2Cja%2Cen&signature=2A8D3679108D60BDEE94F9C3B2B23ED0550406CE.404220015A9FDFE4252B74112153C402A92748D7&v=8AUzaxLURpI&key=yttt1&expire=1542508358&sparams=asr_langs%2Ccaps%2Cv%2Cxoaf%2Cxorp%2Cexpire&xorp=True&kind=asr&lang=en&tlang=ur&fmt=ttml", "ext": "ttml"}, {"url": "https://www.youtube.com/api/timedtext?caps=asr&xoaf=1&hl=en&asr_langs=nl%2Ces%2Cru%2Cfr%2Cpt%2Cit%2Cko%2Cde%2Cja%2Cen&signature=2A8D3679108D60BDEE94F9C3B2B23ED0550406CE.404220015A9FDFE4252B74112153C402A92748D7&v=8AUzaxLURpI&key=yttt1&expire=1542508358&sparams=asr_langs%2Ccaps%2Cv%2Cxoaf%2Cxorp%2Cexpire&xorp=True&kind=asr&lang=en&tlang=ur&fmt=vtt", "ext": "vtt"}], "uz": [{"url": "https://www.youtube.com/api/timedtext?caps=asr&xoaf=1&hl=en&asr_langs=nl%2Ces%2Cru%2Cfr%2Cpt%2Cit%2Cko%2Cde%2Cja%2Cen&signature=2A8D3679108D60BDEE94F9C3B2B23ED0550406CE.404220015A9FDFE4252B74112153C402A92748D7&v=8AUzaxLURpI&key=yttt1&expire=1542508358&sparams=asr_langs%2Ccaps%2Cv%2Cxoaf%2Cxorp%2Cexpire&xorp=True&kind=asr&lang=en&tlang=uz&fmt=ttml", "ext": "ttml"}, {"url": "https://www.youtube.com/api/timedtext?caps=asr&xoaf=1&hl=en&asr_langs=nl%2Ces%2Cru%2Cfr%2Cpt%2Cit%2Cko%2Cde%2Cja%2Cen&signature=2A8D3679108D60BDEE94F9C3B2B23ED0550406CE.404220015A9FDFE4252B74112153C402A92748D7&v=8AUzaxLURpI&key=yttt1&expire=1542508358&sparams=asr_langs%2Ccaps%2Cv%2Cxoaf%2Cxorp%2Cexpire&xorp=True&kind=asr&lang=en&tlang=uz&fmt=vtt", "ext": "vtt"}], "vi": [{"url": "https://www.youtube.com/api/timedtext?caps=asr&xoaf=1&hl=en&asr_langs=nl%2Ces%2Cru%2Cfr%2Cpt%2Cit%2Cko%2Cde%2Cja%2Cen&signature=2A8D3679108D60BDEE94F9C3B2B23ED0550406CE.404220015A9FDFE4252B74112153C402A92748D7&v=8AUzaxLURpI&key=yttt1&expire=1542508358&sparams=asr_langs%2Ccaps%2Cv%2Cxoaf%2Cxorp%2Cexpire&xorp=True&kind=asr&lang=en&tlang=vi&fmt=ttml", "ext": "ttml"}, {"url": "https://www.youtube.com/api/timedtext?caps=asr&xoaf=1&hl=en&asr_langs=nl%2Ces%2Cru%2Cfr%2Cpt%2Cit%2Cko%2Cde%2Cja%2Cen&signature=2A8D3679108D60BDEE94F9C3B2B23ED0550406CE.404220015A9FDFE4252B74112153C402A92748D7&v=8AUzaxLURpI&key=yttt1&expire=1542508358&sparams=asr_langs%2Ccaps%2Cv%2Cxoaf%2Cxorp%2Cexpire&xorp=True&kind=asr&lang=en&tlang=vi&fmt=vtt", "ext": "vtt"}], "cy": [{"url": "https://www.youtube.com/api/timedtext?caps=asr&xoaf=1&hl=en&asr_langs=nl%2Ces%2Cru%2Cfr%2Cpt%2Cit%2Cko%2Cde%2Cja%2Cen&signature=2A8D3679108D60BDEE94F9C3B2B23ED0550406CE.404220015A9FDFE4252B74112153C402A92748D7&v=8AUzaxLURpI&key=yttt1&expire=1542508358&sparams=asr_langs%2Ccaps%2Cv%2Cxoaf%2Cxorp%2Cexpire&xorp=True&kind=asr&lang=en&tlang=cy&fmt=ttml", "ext": "ttml"}, {"url": "https://www.youtube.com/api/timedtext?caps=asr&xoaf=1&hl=en&asr_langs=nl%2Ces%2Cru%2Cfr%2Cpt%2Cit%2Cko%2Cde%2Cja%2Cen&signature=2A8D3679108D60BDEE94F9C3B2B23ED0550406CE.404220015A9FDFE4252B74112153C402A92748D7&v=8AUzaxLURpI&key=yttt1&expire=1542508358&sparams=asr_langs%2Ccaps%2Cv%2Cxoaf%2Cxorp%2Cexpire&xorp=True&kind=asr&lang=en&tlang=cy&fmt=vtt", "ext": "vtt"}], "fy": [{"url": "https://www.youtube.com/api/timedtext?caps=asr&xoaf=1&hl=en&asr_langs=nl%2Ces%2Cru%2Cfr%2Cpt%2Cit%2Cko%2Cde%2Cja%2Cen&signature=2A8D3679108D60BDEE94F9C3B2B23ED0550406CE.404220015A9FDFE4252B74112153C402A92748D7&v=8AUzaxLURpI&key=yttt1&expire=1542508358&sparams=asr_langs%2Ccaps%2Cv%2Cxoaf%2Cxorp%2Cexpire&xorp=True&kind=asr&lang=en&tlang=fy&fmt=ttml", "ext": "ttml"}, {"url": "https://www.youtube.com/api/timedtext?caps=asr&xoaf=1&hl=en&asr_langs=nl%2Ces%2Cru%2Cfr%2Cpt%2Cit%2Cko%2Cde%2Cja%2Cen&signature=2A8D3679108D60BDEE94F9C3B2B23ED0550406CE.404220015A9FDFE4252B74112153C402A92748D7&v=8AUzaxLURpI&key=yttt1&expire=1542508358&sparams=asr_langs%2Ccaps%2Cv%2Cxoaf%2Cxorp%2Cexpire&xorp=True&kind=asr&lang=en&tlang=fy&fmt=vtt", "ext": "vtt"}], "xh": [{"url": "https://www.youtube.com/api/timedtext?caps=asr&xoaf=1&hl=en&asr_langs=nl%2Ces%2Cru%2Cfr%2Cpt%2Cit%2Cko%2Cde%2Cja%2Cen&signature=2A8D3679108D60BDEE94F9C3B2B23ED0550406CE.404220015A9FDFE4252B74112153C402A92748D7&v=8AUzaxLURpI&key=yttt1&expire=1542508358&sparams=asr_langs%2Ccaps%2Cv%2Cxoaf%2Cxorp%2Cexpire&xorp=True&kind=asr&lang=en&tlang=xh&fmt=ttml", "ext": "ttml"}, {"url": "https://www.youtube.com/api/timedtext?caps=asr&xoaf=1&hl=en&asr_langs=nl%2Ces%2Cru%2Cfr%2Cpt%2Cit%2Cko%2Cde%2Cja%2Cen&signature=2A8D3679108D60BDEE94F9C3B2B23ED0550406CE.404220015A9FDFE4252B74112153C402A92748D7&v=8AUzaxLURpI&key=yttt1&expire=1542508358&sparams=asr_langs%2Ccaps%2Cv%2Cxoaf%2Cxorp%2Cexpire&xorp=True&kind=asr&lang=en&tlang=xh&fmt=vtt", "ext": "vtt"}], "yi": [{"url": "https://www.youtube.com/api/timedtext?caps=asr&xoaf=1&hl=en&asr_langs=nl%2Ces%2Cru%2Cfr%2Cpt%2Cit%2Cko%2Cde%2Cja%2Cen&signature=2A8D3679108D60BDEE94F9C3B2B23ED0550406CE.404220015A9FDFE4252B74112153C402A92748D7&v=8AUzaxLURpI&key=yttt1&expire=1542508358&sparams=asr_langs%2Ccaps%2Cv%2Cxoaf%2Cxorp%2Cexpire&xorp=True&kind=asr&lang=en&tlang=yi&fmt=ttml", "ext": "ttml"}, {"url": "https://www.youtube.com/api/timedtext?caps=asr&xoaf=1&hl=en&asr_langs=nl%2Ces%2Cru%2Cfr%2Cpt%2Cit%2Cko%2Cde%2Cja%2Cen&signature=2A8D3679108D60BDEE94F9C3B2B23ED0550406CE.404220015A9FDFE4252B74112153C402A92748D7&v=8AUzaxLURpI&key=yttt1&expire=1542508358&sparams=asr_langs%2Ccaps%2Cv%2Cxoaf%2Cxorp%2Cexpire&xorp=True&kind=asr&lang=en&tlang=yi&fmt=vtt", "ext": "vtt"}], "yo": [{"url": "https://www.youtube.com/api/timedtext?caps=asr&xoaf=1&hl=en&asr_langs=nl%2Ces%2Cru%2Cfr%2Cpt%2Cit%2Cko%2Cde%2Cja%2Cen&signature=2A8D3679108D60BDEE94F9C3B2B23ED0550406CE.404220015A9FDFE4252B74112153C402A92748D7&v=8AUzaxLURpI&key=yttt1&expire=1542508358&sparams=asr_langs%2Ccaps%2Cv%2Cxoaf%2Cxorp%2Cexpire&xorp=True&kind=asr&lang=en&tlang=yo&fmt=ttml", "ext": "ttml"}, {"url": "https://www.youtube.com/api/timedtext?caps=asr&xoaf=1&hl=en&asr_langs=nl%2Ces%2Cru%2Cfr%2Cpt%2Cit%2Cko%2Cde%2Cja%2Cen&signature=2A8D3679108D60BDEE94F9C3B2B23ED0550406CE.404220015A9FDFE4252B74112153C402A92748D7&v=8AUzaxLURpI&key=yttt1&expire=1542508358&sparams=asr_langs%2Ccaps%2Cv%2Cxoaf%2Cxorp%2Cexpire&xorp=True&kind=asr&lang=en&tlang=yo&fmt=vtt", "ext": "vtt"}], "zu": [{"url": "https://www.youtube.com/api/timedtext?caps=asr&xoaf=1&hl=en&asr_langs=nl%2Ces%2Cru%2Cfr%2Cpt%2Cit%2Cko%2Cde%2Cja%2Cen&signature=2A8D3679108D60BDEE94F9C3B2B23ED0550406CE.404220015A9FDFE4252B74112153C402A92748D7&v=8AUzaxLURpI&key=yttt1&expire=1542508358&sparams=asr_langs%2Ccaps%2Cv%2Cxoaf%2Cxorp%2Cexpire&xorp=True&kind=asr&lang=en&tlang=zu&fmt=ttml", "ext": "ttml"}, {"url": "https://www.youtube.com/api/timedtext?caps=asr&xoaf=1&hl=en&asr_langs=nl%2Ces%2Cru%2Cfr%2Cpt%2Cit%2Cko%2Cde%2Cja%2Cen&signature=2A8D3679108D60BDEE94F9C3B2B23ED0550406CE.404220015A9FDFE4252B74112153C402A92748D7&v=8AUzaxLURpI&key=yttt1&expire=1542508358&sparams=asr_langs%2Ccaps%2Cv%2Cxoaf%2Cxorp%2Cexpire&xorp=True&kind=asr&lang=en&tlang=zu&fmt=vtt", "ext": "vtt"}]}, "duration": 1863, "age_limit": 0, "annotations": null, "chapters": null, "webpage_url": "https://www.youtube.com/watch?v=8AUzaxLURpI", "view_count": 1889, "like_count": 8, "dislike_count": 1, "average_rating": 4.55555534363, "formats": [{"format_id": "140", "url": "https://r2---sn-o097znlk.googlevideo.com/videoplayback?gir=yes&key=yt6&mime=audio%2Fmp4&pl=22&requiressl=yes&source=youtube&keepalive=yes&expire=1542504758&lmt=1459495720011096&id=o-ABVWmoK_lkB4TNwhHYeIugwsGwIV4pM--Y4jw-pPfi-t&ipbits=0&mm=31%2C26&mn=sn-o097znlk%2Csn-a5mlrn7z&c=WEB&initcwndbps=1776250&clen=22133010&ip=69.181.125.22&ms=au%2Conr&mt=1542483046&mv=m&dur=1862.611&signature=9453F392A8D4C37540E97110A6412E264706874F.E3D560AF2BE957D2940ED65B442E795C4B8022DD&fvip=3&sparams=clen%2Cdur%2Cei%2Cgir%2Cid%2Cinitcwndbps%2Cip%2Cipbits%2Citag%2Ckeepalive%2Clmt%2Cmime%2Cmm%2Cmn%2Cms%2Cmv%2Cpl%2Crequiressl%2Csource%2Cexpire&ei=1mzwW9mxJJbzkgbo76egDQ&itag=140&ratebypass=yes", "player_url": "/yts/jsbin/player_ias-vflof8Kxx/en_US/base.js", "ext": "m4a", "format_note": "DASH audio", "acodec": "mp4a.40.2", "abr": 128, "container": "m4a_dash", "filesize": 22133010, "tbr": 97.458, "quality": -1, "vcodec": "none", "downloader_options": {"http_chunk_size": 10485760}, "format": "140 - audio only (DASH audio)", "protocol": "https", "http_headers": {"User-Agent": "Mozilla/5.0 (X11; Linux x86_64; rv:59.0) Gecko/20100101 Firefox/59.0", "Accept-Charset": "ISO-8859-1,utf-8;q=0.7,*;q=0.7", "Accept": "text/html,application/xhtml+xml,application/xml;q=0.9,*/*;q=0.8", "Accept-Encoding": "gzip, deflate", "Accept-Language": "en-us,en;q=0.5"}}, {"format_id": "160", "url": "https://r2---sn-o097znlk.googlevideo.com/videoplayback?gir=yes&key=yt6&mime=video%2Fmp4&pl=22&requiressl=yes&source=youtube&keepalive=yes&expire=1542504758&lmt=1459496020045703&aitags=133%2C134%2C135%2C160&id=o-ABVWmoK_lkB4TNwhHYeIugwsGwIV4pM--Y4jw-pPfi-t&ipbits=0&mm=31%2C26&mn=sn-o097znlk%2Csn-a5mlrn7z&c=WEB&initcwndbps=1776250&clen=12237665&ip=69.181.125.22&ms=au%2Conr&mt=1542483046&mv=m&dur=1862.493&signature=A1D5C2B4895232677847EE227A9A828896865F64.0C375918E118C266F2B479737F0451D57D485764&fvip=3&sparams=aitags%2Cclen%2Cdur%2Cei%2Cgir%2Cid%2Cinitcwndbps%2Cip%2Cipbits%2Citag%2Ckeepalive%2Clmt%2Cmime%2Cmm%2Cmn%2Cms%2Cmv%2Cpl%2Crequiressl%2Csource%2Cexpire&ei=1mzwW9mxJJbzkgbo76egDQ&itag=160&ratebypass=yes", "player_url": "/yts/jsbin/player_ias-vflof8Kxx/en_US/base.js", "ext": "mp4", "height": 144, "format_note": "144p", "vcodec": "avc1.4d400c", "filesize": 12237665, "tbr": 122.781, "width": 256, "fps": 30, "quality": -1, "acodec": "none", "downloader_options": {"http_chunk_size": 10485760}, "format": "160 - 256x144 (144p)", "protocol": "https", "http_headers": {"User-Agent": "Mozilla/5.0 (X11; Linux x86_64; rv:59.0) Gecko/20100101 Firefox/59.0", "Accept-Charset": "ISO-8859-1,utf-8;q=0.7,*;q=0.7", "Accept": "text/html,application/xhtml+xml,application/xml;q=0.9,*/*;q=0.8", "Accept-Encoding": "gzip, deflate", "Accept-Language": "en-us,en;q=0.5"}}, {"format_id": "134", "url": "https://r2---sn-o097znlk.googlevideo.com/videoplayback?gir=yes&key=yt6&mime=video%2Fmp4&pl=22&requiressl=yes&source=youtube&keepalive=yes&expire=1542504758&lmt=1459496020281353&aitags=133%2C134%2C135%2C160&id=o-ABVWmoK_lkB4TNwhHYeIugwsGwIV4pM--Y4jw-pPfi-t&ipbits=0&mm=31%2C26&mn=sn-o097znlk%2Csn-a5mlrn7z&c=WEB&initcwndbps=1776250&clen=16292595&ip=69.181.125.22&ms=au%2Conr&mt=1542483046&mv=m&dur=1862.493&signature=69A6F324A450D52384446A737AB57ECB64EFB2C4.6A4A94B87D8AA540B913095C5F2E2E1F7F13E7F7&fvip=3&sparams=aitags%2Cclen%2Cdur%2Cei%2Cgir%2Cid%2Cinitcwndbps%2Cip%2Cipbits%2Citag%2Ckeepalive%2Clmt%2Cmime%2Cmm%2Cmn%2Cms%2Cmv%2Cpl%2Crequiressl%2Csource%2Cexpire&ei=1mzwW9mxJJbzkgbo76egDQ&itag=134&ratebypass=yes", "player_url": "/yts/jsbin/player_ias-vflof8Kxx/en_US/base.js", "ext": "mp4", "height": 360, "format_note": "360p", "vcodec": "avc1.4d401e", "filesize": 16292595, "tbr": 269.117, "width": 640, "fps": 30, "quality": -1, "acodec": "none", "downloader_options": {"http_chunk_size": 10485760}, "format": "134 - 640x360 (360p)", "protocol": "https", "http_headers": {"User-Agent": "Mozilla/5.0 (X11; Linux x86_64; rv:59.0) Gecko/20100101 Firefox/59.0", "Accept-Charset": "ISO-8859-1,utf-8;q=0.7,*;q=0.7", "Accept": "text/html,application/xhtml+xml,application/xml;q=0.9,*/*;q=0.8", "Accept-Encoding": "gzip, deflate", "Accept-Language": "en-us,en;q=0.5"}}, {"format_id": "133", "url": "https://r2---sn-o097znlk.googlevideo.com/videoplayback?gir=yes&key=yt6&mime=video%2Fmp4&pl=22&requiressl=yes&source=youtube&keepalive=yes&expire=1542504758&lmt=1459496020718997&aitags=133%2C134%2C135%2C160&id=o-ABVWmoK_lkB4TNwhHYeIugwsGwIV4pM--Y4jw-pPfi-t&ipbits=0&mm=31%2C26&mn=sn-o097znlk%2Csn-a5mlrn7z&c=WEB&initcwndbps=1776250&clen=23033288&ip=69.181.125.22&ms=au%2Conr&mt=1542483046&mv=m&dur=1862.493&signature=18A949FE8FA1BFD3ACF6A21649C9AA6D4A13CF55.15717B0E89A1866DCC597363D614DA31FC3F73FE&fvip=3&sparams=aitags%2Cclen%2Cdur%2Cei%2Cgir%2Cid%2Cinitcwndbps%2Cip%2Cipbits%2Citag%2Ckeepalive%2Clmt%2Cmime%2Cmm%2Cmn%2Cms%2Cmv%2Cpl%2Crequiressl%2Csource%2Cexpire&ei=1mzwW9mxJJbzkgbo76egDQ&itag=133&ratebypass=yes", "player_url": "/yts/jsbin/player_ias-vflof8Kxx/en_US/base.js", "ext": "mp4", "height": 240, "format_note": "240p", "vcodec": "avc1.4d4015", "filesize": 23033288, "tbr": 270.679, "width": 426, "fps": 30, "quality": -1, "acodec": "none", "downloader_options": {"http_chunk_size": 10485760}, "format": "133 - 426x240 (240p)", "protocol": "https", "http_headers": {"User-Agent": "Mozilla/5.0 (X11; Linux x86_64; rv:59.0) Gecko/20100101 Firefox/59.0", "Accept-Charset": "ISO-8859-1,utf-8;q=0.7,*;q=0.7", "Accept": "text/html,application/xhtml+xml,application/xml;q=0.9,*/*;q=0.8", "Accept-Encoding": "gzip, deflate", "Accept-Language": "en-us,en;q=0.5"}}, {"format_id": "135", "url": "https://r2---sn-o097znlk.googlevideo.com/videoplayback?gir=yes&key=yt6&mime=video%2Fmp4&pl=22&requiressl=yes&source=youtube&keepalive=yes&expire=1542504758&lmt=1459496020951669&aitags=133%2C134%2C135%2C160&id=o-ABVWmoK_lkB4TNwhHYeIugwsGwIV4pM--Y4jw-pPfi-t&ipbits=0&mm=31%2C26&mn=sn-o097znlk%2Csn-a5mlrn7z&c=WEB&initcwndbps=1776250&clen=31327999&ip=69.181.125.22&ms=au%2Conr&mt=1542483046&mv=m&dur=1862.493&signature=1DF1064404BC2922E9F828AB51FAEF7F544C3677.06B414D515CD9564848DC4BF3392E42493EAF394&fvip=3&sparams=aitags%2Cclen%2Cdur%2Cei%2Cgir%2Cid%2Cinitcwndbps%2Cip%2Cipbits%2Citag%2Ckeepalive%2Clmt%2Cmime%2Cmm%2Cmn%2Cms%2Cmv%2Cpl%2Crequiressl%2Csource%2Cexpire&ei=1mzwW9mxJJbzkgbo76egDQ&itag=135&ratebypass=yes", "player_url": "/yts/jsbin/player_ias-vflof8Kxx/en_US/base.js", "ext": "mp4", "height": 480, "format_note": "480p", "vcodec": "avc1.4d401f", "filesize": 31327999, "tbr": 575.974, "width": 854, "fps": 30, "quality": -1, "acodec": "none", "downloader_options": {"http_chunk_size": 10485760}, "format": "135 - 854x480 (480p)", "protocol": "https", "http_headers": {"User-Agent": "Mozilla/5.0 (X11; Linux x86_64; rv:59.0) Gecko/20100101 Firefox/59.0", "Accept-Charset": "ISO-8859-1,utf-8;q=0.7,*;q=0.7", "Accept": "text/html,application/xhtml+xml,application/xml;q=0.9,*/*;q=0.8", "Accept-Encoding": "gzip, deflate", "Accept-Language": "en-us,en;q=0.5"}}, {"format_id": "17", "url": "https://r2---sn-o097znlk.googlevideo.com/videoplayback?gir=yes&key=yt6&mime=video%2F3gpp&pl=22&requiressl=yes&source=youtube&expire=1542504758&lmt=1459495800940206&id=o-ABVWmoK_lkB4TNwhHYeIugwsGwIV4pM--Y4jw-pPfi-t&ipbits=0&mm=31%2C26&mn=sn-o097znlk%2Csn-a5mlrn7z&c=WEB&initcwndbps=1776250&clen=9285040&ip=69.181.125.22&ms=au%2Conr&mt=1542483046&mv=m&dur=1862.658&signature=79E93409E16A2ADD836DACAF9C450B852FDE60BC.904053B629F00EBAEA377C1604E4996C7F5C6F40&fvip=3&sparams=clen%2Cdur%2Cei%2Cgir%2Cid%2Cinitcwndbps%2Cip%2Cipbits%2Citag%2Clmt%2Cmime%2Cmm%2Cmn%2Cms%2Cmv%2Cpl%2Crequiressl%2Csource%2Cexpire&ei=1mzwW9mxJJbzkgbo76egDQ&itag=17&ratebypass=yes", "player_url": "/yts/jsbin/player_ias-vflof8Kxx/en_US/base.js", "ext": "3gp", "width": 176, "height": 144, "acodec": "mp4a.40.2", "abr": 24, "vcodec": "mp4v.20.3", "resolution": "176x144", "filesize": 9285040, "format_note": "small", "format": "17 - 176x144 (small)", "protocol": "https", "http_headers": {"User-Agent": "Mozilla/5.0 (X11; Linux x86_64; rv:59.0) Gecko/20100101 Firefox/59.0", "Accept-Charset": "ISO-8859-1,utf-8;q=0.7,*;q=0.7", "Accept": "text/html,application/xhtml+xml,application/xml;q=0.9,*/*;q=0.8", "Accept-Encoding": "gzip, deflate", "Accept-Language": "en-us,en;q=0.5"}}, {"format_id": "36", "url": "https://r2---sn-o097znlk.googlevideo.com/videoplayback?gir=yes&key=yt6&mime=video%2F3gpp&pl=22&requiressl=yes&source=youtube&expire=1542504758&lmt=1459495796835163&id=o-ABVWmoK_lkB4TNwhHYeIugwsGwIV4pM--Y4jw-pPfi-t&ipbits=0&mm=31%2C26&mn=sn-o097znlk%2Csn-a5mlrn7z&c=WEB&initcwndbps=1776250&clen=28188084&ip=69.181.125.22&ms=au%2Conr&mt=1542483046&mv=m&dur=1862.658&signature=0549628FD692271FFA1BDBD0BE4CA7DF946FA797.90D9E839363396B3EF223A99D9FCD89E99E0F5EB&fvip=3&sparams=clen%2Cdur%2Cei%2Cgir%2Cid%2Cinitcwndbps%2Cip%2Cipbits%2Citag%2Clmt%2Cmime%2Cmm%2Cmn%2Cms%2Cmv%2Cpl%2Crequiressl%2Csource%2Cexpire&ei=1mzwW9mxJJbzkgbo76egDQ&itag=36&ratebypass=yes", "player_url": "/yts/jsbin/player_ias-vflof8Kxx/en_US/base.js", "ext": "3gp", "width": 320, "acodec": "mp4a.40.2", "vcodec": "mp4v.20.3", "resolution": "320x180", "height": 180, "filesize": 28188084, "format_note": "small", "format": "36 - 320x180 (small)", "protocol": "https", "http_headers": {"User-Agent": "Mozilla/5.0 (X11; Linux x86_64; rv:59.0) Gecko/20100101 Firefox/59.0", "Accept-Charset": "ISO-8859-1,utf-8;q=0.7,*;q=0.7", "Accept": "text/html,application/xhtml+xml,application/xml;q=0.9,*/*;q=0.8", "Accept-Encoding": "gzip, deflate", "Accept-Language": "en-us,en;q=0.5"}}, {"format_id": "18", "url": "https://r2---sn-o097znlk.googlevideo.com/videoplayback?gir=yes&key=yt6&mime=video%2Fmp4&pl=22&requiressl=yes&source=youtube&expire=1542504758&lmt=1459495828090118&id=o-ABVWmoK_lkB4TNwhHYeIugwsGwIV4pM--Y4jw-pPfi-t&ipbits=0&mm=31%2C26&mn=sn-o097znlk%2Csn-a5mlrn7z&c=WEB&initcwndbps=1776250&clen=44480603&ip=69.181.125.22&ms=au%2Conr&mt=1542483046&mv=m&dur=1862.611&signature=9437FA4C67AB18EF04FFC8D26C1B7339684E4E7D.792A77BD2A2A813028016E0EBD0720485DE968B2&ratebypass=yes&fvip=3&sparams=clen%2Cdur%2Cei%2Cgir%2Cid%2Cinitcwndbps%2Cip%2Cipbits%2Citag%2Clmt%2Cmime%2Cmm%2Cmn%2Cms%2Cmv%2Cpl%2Cratebypass%2Crequiressl%2Csource%2Cexpire&ei=1mzwW9mxJJbzkgbo76egDQ&itag=18", "player_url": "/yts/jsbin/player_ias-vflof8Kxx/en_US/base.js", "ext": "mp4", "width": 640, "height": 360, "acodec": "mp4a.40.2", "abr": 96, "vcodec": "avc1.42001E", "resolution": "640x360", "filesize": 44480603, "format_note": "medium", "quality": 1, "format": "18 - 640x360 (medium)", "protocol": "https", "http_headers": {"User-Agent": "Mozilla/5.0 (X11; Linux x86_64; rv:59.0) Gecko/20100101 Firefox/59.0", "Accept-Charset": "ISO-8859-1,utf-8;q=0.7,*;q=0.7", "Accept": "text/html,application/xhtml+xml,application/xml;q=0.9,*/*;q=0.8", "Accept-Encoding": "gzip, deflate", "Accept-Language": "en-us,en;q=0.5"}}, {"format_id": "43", "url": "https://r2---sn-o097znlk.googlevideo.com/videoplayback?gir=yes&key=yt6&mime=video%2Fwebm&pl=22&requiressl=yes&source=youtube&expire=1542504758&lmt=1459571778245503&id=o-ABVWmoK_lkB4TNwhHYeIugwsGwIV4pM--Y4jw-pPfi-t&ipbits=0&mm=31%2C26&mn=sn-o097znlk%2Csn-a5mlrn7z&c=WEB&initcwndbps=1776250&clen=46764477&ip=69.181.125.22&ms=au%2Conr&mt=1542483046&mv=m&dur=0.000&signature=CE3F4F4867A9630276F61FF3D403018A334BFB4F.0E92E67072D5D09B48D54279C5A1FE7F72CC4C99&ratebypass=yes&fvip=3&sparams=clen%2Cdur%2Cei%2Cgir%2Cid%2Cinitcwndbps%2Cip%2Cipbits%2Citag%2Clmt%2Cmime%2Cmm%2Cmn%2Cms%2Cmv%2Cpl%2Cratebypass%2Crequiressl%2Csource%2Cexpire&ei=1mzwW9mxJJbzkgbo76egDQ&itag=43", "player_url": "/yts/jsbin/player_ias-vflof8Kxx/en_US/base.js", "ext": "webm", "width": 640, "height": 360, "acodec": "vorbis", "abr": 128, "vcodec": "vp8.0", "resolution": "640x360", "filesize": 46764477, "format_note": "medium", "quality": 1, "format": "43 - 640x360 (medium)", "protocol": "https", "http_headers": {"User-Agent": "Mozilla/5.0 (X11; Linux x86_64; rv:59.0) Gecko/20100101 Firefox/59.0", "Accept-Charset": "ISO-8859-1,utf-8;q=0.7,*;q=0.7", "Accept": "text/html,application/xhtml+xml,application/xml;q=0.9,*/*;q=0.8", "Accept-Encoding": "gzip, deflate", "Accept-Language": "en-us,en;q=0.5"}}], "is_live": null, "start_time": null, "end_time": null, "series": null, "season_number": null, "episode_number": null, "track": null, "artist": null, "extractor": "youtube", "webpage_url_basename": "8AUzaxLURpI", "extractor_key": "Youtube", "n_entries": 81, "playlist": "Natural Language Processing - Coursera [FULL COURSE] | University of Michigan", "playlist_id": "PLLssT5z_DsK8BdawOVCCaTCO99Ya58ryR", "playlist_title": "Natural Language Processing - Coursera [FULL COURSE] | University of Michigan", "playlist_uploader": "Artificial Intelligence - All in One", "playlist_uploader_id": "UC5zx8Owijmv-bbhAK6Z9apg", "playlist_index": 22, "thumbnails": [{"url": "https://i.ytimg.com/vi/8AUzaxLURpI/hqdefault.jpg", "id": "0"}], "display_id": "8AUzaxLURpI", "format_id": "43", "url": "https://r2---sn-o097znlk.googlevideo.com/videoplayback?gir=yes&key=yt6&mime=video%2Fwebm&pl=22&requiressl=yes&source=youtube&expire=1542504758&lmt=1459571778245503&id=o-ABVWmoK_lkB4TNwhHYeIugwsGwIV4pM--Y4jw-pPfi-t&ipbits=0&mm=31%2C26&mn=sn-o097znlk%2Csn-a5mlrn7z&c=WEB&initcwndbps=1776250&clen=46764477&ip=69.181.125.22&ms=au%2Conr&mt=1542483046&mv=m&dur=0.000&signature=CE3F4F4867A9630276F61FF3D403018A334BFB4F.0E92E67072D5D09B48D54279C5A1FE7F72CC4C99&ratebypass=yes&fvip=3&sparams=clen%2Cdur%2Cei%2Cgir%2Cid%2Cinitcwndbps%2Cip%2Cipbits%2Citag%2Clmt%2Cmime%2Cmm%2Cmn%2Cms%2Cmv%2Cpl%2Cratebypass%2Crequiressl%2Csource%2Cexpire&ei=1mzwW9mxJJbzkgbo76egDQ&itag=43", "player_url": "/yts/jsbin/player_ias-vflof8Kxx/en_US/base.js", "ext": "webm", "width": 640, "height": 360, "acodec": "vorbis", "abr": 128, "vcodec": "vp8.0", "resolution": "640x360", "filesize": 46764477, "format_note": "medium", "quality": 1, "format": "43 - 640x360 (medium)", "protocol": "https", "http_headers": {"User-Agent": "Mozilla/5.0 (X11; Linux x86_64; rv:59.0) Gecko/20100101 Firefox/59.0", "Accept-Charset": "ISO-8859-1,utf-8;q=0.7,*;q=0.7", "Accept": "text/html,application/xhtml+xml,application/xml;q=0.9,*/*;q=0.8", "Accept-Encoding": "gzip, deflate", "Accept-Language": "en-us,en;q=0.5"}, "fulltitle": "Lecture 22 \u2014 Syntax - Natural Language Processing | University of Michigan", "_filename": "Lecture 22 \u2014 Syntax - Natural Language Processing _ University of Michigan-8AUzaxLURpI.webm"}