{"id": "2baHDVfRyM4", "uploader": "Artificial Intelligence - All in One", "uploader_id": "UC5zx8Owijmv-bbhAK6Z9apg", "uploader_url": "http://www.youtube.com/channel/UC5zx8Owijmv-bbhAK6Z9apg", "channel_id": "UC5zx8Owijmv-bbhAK6Z9apg", "channel_url": "http://www.youtube.com/channel/UC5zx8Owijmv-bbhAK6Z9apg", "upload_date": "20160327", "license": null, "creator": null, "title": "Lecture 30 \u2014 Prepositional phrase attachment (3/3) | Natural Language Processing | Michigan", "alt_title": null, "thumbnail": "https://i.ytimg.com/vi/2baHDVfRyM4/hqdefault.jpg", "description": ".\nCopyright Disclaimer Under Section 107 of the Copyright Act 1976, allowance is made for \"FAIR USE\" for purposes such as criticism, comment, news reporting, teaching, scholarship, and research. Fair use is a use permitted by copyright statute that might otherwise be infringing. Non-profit, educational or personal use tips the balance in favor of fair use.\n.", "categories": ["Science & Technology"], "tags": ["Natural Language Processing", "Language Processing", "University of Michigan", "Michigan", "NLP", "Coursera", "Dragomir R. Radev", "Computational Linguistics", "Linguistics", "Information Retrieval", "Computer Science", "Video Lecture", "Video Tutorial", "Video Course", "Course", "Data Science", "Prepositional phrase attachment"], "subtitles": {}, "automatic_captions": {}, "duration": 754, "age_limit": 0, "annotations": null, "chapters": null, "webpage_url": "https://www.youtube.com/watch?v=2baHDVfRyM4", "view_count": 541, "like_count": 2, "dislike_count": 0, "average_rating": 5.0, "formats": [{"ext": "m4a", "format_note": "DASH audio", "acodec": "mp4a.40.5", "abr": 48, "container": "m4a_dash", "format_id": "139", "url": "https://r5---sn-n4v7sn7s.googlevideo.com/videoplayback/id/d9b6870d57d1c8ce/itag/139/source/youtube/requiressl/yes/ei/EG3wW-PdMo6CkgabzbigBQ/mn/sn-n4v7sn7s,sn-o097znlk/mm/31,29/ms/au,rdu/initcwndbps/1797500/mv/m/pl/22/ratebypass/yes/mime/audio%2Fmp4/otfp/1/gir/yes/clen/4494526/lmt/1520915967637833/dur/754.184/mt/1542483125/fvip/2/disable_polymer/true/ip/69.181.125.22/ipbits/0/expire/1542504816/sparams/ip,ipbits,expire,id,itag,source,requiressl,ei,mn,mm,ms,initcwndbps,mv,pl,ratebypass,mime,otfp,gir,clen,lmt,dur/signature/2E3354F401BD43FFAE1296ECBC9222207A2BA530.155B027FDAD34E40647CC394BAC7C101DDBF692F/key/dg_yt0/", "manifest_url": "https://manifest.googlevideo.com/api/manifest/dash/ei/EG3wW-PdMo6CkgabzbigBQ/playback_host/r5---sn-n4v7sn7s.googlevideo.com/itag/0/mt/1542483125/requiressl/yes/signature/D44B15AA731C5B2BBCDB7A641FFDD28983CF6DA7.A1708DF1EB24783BDC4DCD51B00CD88927001B1B/ipbits/0/as/fmp4_audio_clear%2Cfmp4_sd_hd_clear/key/yt6/expire/1542504816/hfr/all/mn/sn-n4v7sn7s%2Csn-o097znlk/mm/31%2C29/ip/69.181.125.22/ms/au%2Crdu/fvip/2/initcwndbps/1797500/mv/m/sparams/as%2Cei%2Chfr%2Cid%2Cinitcwndbps%2Cip%2Cipbits%2Citag%2Cmm%2Cmn%2Cms%2Cmv%2Cpl%2Cplayback_host%2Crequiressl%2Csource%2Cexpire/source/youtube/pl/22/id/d9b6870d57d1c8ce", "width": null, "height": null, "tbr": 51.532, "asr": 22050, "fps": null, "language": null, "filesize": 4494526, "vcodec": "none", "fragment_base_url": "https://r5---sn-n4v7sn7s.googlevideo.com/videoplayback/id/d9b6870d57d1c8ce/itag/139/source/youtube/requiressl/yes/ei/EG3wW-PdMo6CkgabzbigBQ/mn/sn-n4v7sn7s,sn-o097znlk/mm/31,29/ms/au,rdu/initcwndbps/1797500/mv/m/pl/22/ratebypass/yes/mime/audio%2Fmp4/otfp/1/gir/yes/clen/4494526/lmt/1520915967637833/dur/754.184/mt/1542483125/fvip/2/disable_polymer/true/ip/69.181.125.22/ipbits/0/expire/1542504816/sparams/ip,ipbits,expire,id,itag,source,requiressl,ei,mn,mm,ms,initcwndbps,mv,pl,ratebypass,mime,otfp,gir,clen,lmt,dur/signature/2E3354F401BD43FFAE1296ECBC9222207A2BA530.155B027FDAD34E40647CC394BAC7C101DDBF692F/key/dg_yt0/", "fragments": [{"path": "range/0-593"}, {"path": "range/2438-32310", "duration": 5.016}, {"path": "range/32311-62409", "duration": 5.015}, {"path": "range/62410-91887", "duration": 4.969}, {"path": "range/91888-121801", "duration": 5.016}, {"path": "range/121802-151694", "duration": 5.015}, {"path": "range/151695-181255", "duration": 4.969}, {"path": "range/181256-211178", "duration": 5.016}, {"path": "range/211179-240969", "duration": 5.015}, {"path": "range/240970-270570", "duration": 4.969}, {"path": "range/270571-300512", "duration": 5.016}, {"path": "range/300513-330321", "duration": 5.015}, {"path": "range/330322-359944", "duration": 4.969}, {"path": "range/359945-389821", "duration": 5.016}, {"path": "range/389822-419646", "duration": 5.015}, {"path": "range/419647-449357", "duration": 4.969}, {"path": "range/449358-479133", "duration": 5.016}, {"path": "range/479134-509041", "duration": 5.015}, {"path": "range/509042-538585", "duration": 4.97}, {"path": "range/538586-568461", "duration": 5.015}, {"path": "range/568462-598329", "duration": 5.016}, {"path": "range/598330-627961", "duration": 4.969}, {"path": "range/627962-657936", "duration": 5.015}, {"path": "range/657937-687840", "duration": 5.016}, {"path": "range/687841-717313", "duration": 4.969}, {"path": "range/717314-747194", "duration": 5.015}, {"path": "range/747195-777091", "duration": 5.016}, {"path": "range/777092-806628", "duration": 4.969}, {"path": "range/806629-836508", "duration": 5.015}, {"path": "range/836509-866406", "duration": 5.016}, {"path": "range/866407-895974", "duration": 4.969}, {"path": "range/895975-925843", "duration": 5.015}, {"path": "range/925844-955745", "duration": 5.016}, {"path": "range/955746-985353", "duration": 4.969}, {"path": "range/985354-1015269", "duration": 5.015}, {"path": "range/1015270-1045104", "duration": 5.016}, {"path": "range/1045105-1074747", "duration": 4.969}, {"path": "range/1074748-1104553", "duration": 5.016}, {"path": "range/1104554-1134448", "duration": 5.015}, {"path": "range/1134449-1164050", "duration": 4.969}, {"path": "range/1164051-1193970", "duration": 5.016}, {"path": "range/1193971-1223801", "duration": 5.015}, {"path": "range/1223802-1253339", "duration": 4.969}, {"path": "range/1253340-1283278", "duration": 5.016}, {"path": "range/1283279-1313136", "duration": 5.015}, {"path": "range/1313137-1342685", "duration": 4.969}, {"path": "range/1342686-1372572", "duration": 5.016}, {"path": "range/1372573-1402480", "duration": 5.015}, {"path": "range/1402481-1432070", "duration": 4.969}, {"path": "range/1432071-1461928", "duration": 5.016}, {"path": "range/1461929-1491804", "duration": 5.015}, {"path": "range/1491805-1521404", "duration": 4.97}, {"path": "range/1521405-1551234", "duration": 5.015}, {"path": "range/1551235-1581124", "duration": 5.016}, {"path": "range/1581125-1610695", "duration": 4.969}, {"path": "range/1610696-1640655", "duration": 5.015}, {"path": "range/1640656-1670540", "duration": 5.016}, {"path": "range/1670541-1700078", "duration": 4.969}, {"path": "range/1700079-1729947", "duration": 5.015}, {"path": "range/1729948-1759831", "duration": 5.016}, {"path": "range/1759832-1789529", "duration": 4.969}, {"path": "range/1789530-1819398", "duration": 5.015}, {"path": "range/1819399-1849234", "duration": 5.016}, {"path": "range/1849235-1878762", "duration": 4.969}, {"path": "range/1878763-1908657", "duration": 5.015}, {"path": "range/1908658-1938544", "duration": 5.016}, {"path": "range/1938545-1968083", "duration": 4.969}, {"path": "range/1968084-1997956", "duration": 5.015}, {"path": "range/1997957-2027851", "duration": 5.016}, {"path": "range/2027852-2057483", "duration": 4.969}, {"path": "range/2057484-2087315", "duration": 5.016}, {"path": "range/2087316-2117172", "duration": 5.015}, {"path": "range/2117173-2146857", "duration": 4.969}, {"path": "range/2146858-2176721", "duration": 5.016}, {"path": "range/2176722-2206527", "duration": 5.015}, {"path": "range/2206528-2236190", "duration": 4.969}, {"path": "range/2236191-2266003", "duration": 5.016}, {"path": "range/2266004-2295876", "duration": 5.015}, {"path": "range/2295877-2325509", "duration": 4.969}, {"path": "range/2325510-2355373", "duration": 5.016}, {"path": "range/2355374-2385282", "duration": 5.015}, {"path": "range/2385283-2414857", "duration": 4.969}, {"path": "range/2414858-2444704", "duration": 5.016}, {"path": "range/2444705-2474579", "duration": 5.015}, {"path": "range/2474580-2504225", "duration": 4.97}, {"path": "range/2504226-2534082", "duration": 5.015}, {"path": "range/2534083-2564015", "duration": 5.016}, {"path": "range/2564016-2593493", "duration": 4.969}, {"path": "range/2593494-2623402", "duration": 5.015}, {"path": "range/2623403-2653257", "duration": 5.016}, {"path": "range/2653258-2682849", "duration": 4.969}, {"path": "range/2682850-2712740", "duration": 5.015}, {"path": "range/2712741-2742645", "duration": 5.016}, {"path": "range/2742646-2772308", "duration": 4.969}, {"path": "range/2772309-2802064", "duration": 5.015}, {"path": "range/2802065-2831980", "duration": 5.016}, {"path": "range/2831981-2861514", "duration": 4.969}, {"path": "range/2861515-2891507", "duration": 5.015}, {"path": "range/2891508-2921320", "duration": 5.016}, {"path": "range/2921321-2950956", "duration": 4.969}, {"path": "range/2950957-2980773", "duration": 5.015}, {"path": "range/2980774-3010675", "duration": 5.016}, {"path": "range/3010676-3040252", "duration": 4.969}, {"path": "range/3040253-3070157", "duration": 5.016}, {"path": "range/3070158-3100020", "duration": 5.015}, {"path": "range/3100021-3129652", "duration": 4.969}, {"path": "range/3129653-3159464", "duration": 5.016}, {"path": "range/3159465-3189322", "duration": 5.015}, {"path": "range/3189323-3218894", "duration": 4.969}, {"path": "range/3218895-3248781", "duration": 5.016}, {"path": "range/3248782-3278708", "duration": 5.015}, {"path": "range/3278709-3308260", "duration": 4.969}, {"path": "range/3308261-3338104", "duration": 5.016}, {"path": "range/3338105-3367997", "duration": 5.015}, {"path": "range/3367998-3397592", "duration": 4.969}, {"path": "range/3397593-3427451", "duration": 5.016}, {"path": "range/3427452-3457334", "duration": 5.015}, {"path": "range/3457335-3487047", "duration": 4.97}, {"path": "range/3487048-3516833", "duration": 5.015}, {"path": "range/3516834-3546742", "duration": 5.016}, {"path": "range/3546743-3576303", "duration": 4.969}, {"path": "range/3576304-3606166", "duration": 5.015}, {"path": "range/3606167-3636098", "duration": 5.016}, {"path": "range/3636099-3665688", "duration": 4.969}, {"path": "range/3665689-3695510", "duration": 5.015}, {"path": "range/3695511-3725407", "duration": 5.016}, {"path": "range/3725408-3754936", "duration": 4.969}, {"path": "range/3754937-3784909", "duration": 5.015}, {"path": "range/3784910-3814722", "duration": 5.016}, {"path": "range/3814723-3844325", "duration": 4.969}, {"path": "range/3844326-3874296", "duration": 5.015}, {"path": "range/3874297-3904076", "duration": 5.016}, {"path": "range/3904077-3933654", "duration": 4.969}, {"path": "range/3933655-3963603", "duration": 5.015}, {"path": "range/3963604-3993434", "duration": 5.016}, {"path": "range/3993435-4023040", "duration": 4.969}, {"path": "range/4023041-4052960", "duration": 5.016}, {"path": "range/4052961-4082771", "duration": 5.015}, {"path": "range/4082772-4112318", "duration": 4.969}, {"path": "range/4112319-4142246", "duration": 5.016}, {"path": "range/4142247-4172097", "duration": 5.015}, {"path": "range/4172098-4201734", "duration": 4.969}, {"path": "range/4201735-4231607", "duration": 5.016}, {"path": "range/4231608-4261557", "duration": 5.015}, {"path": "range/4261558-4291012", "duration": 4.969}, {"path": "range/4291013-4320926", "duration": 5.016}, {"path": "range/4320927-4350811", "duration": 5.015}, {"path": "range/4350812-4380419", "duration": 4.969}, {"path": "range/4380420-4410292", "duration": 5.016}, {"path": "range/4410293-4440126", "duration": 5.015}, {"path": "range/4440127-4469701", "duration": 4.969}, {"path": "range/4469702-4494525", "duration": 4.18}], "protocol": "http_dash_segments", "format": "139 - audio only (DASH audio)", "http_headers": {"User-Agent": "Mozilla/5.0 (X11; Linux x86_64; rv:59.0) Gecko/20100101 Firefox/59.0", "Accept-Charset": "ISO-8859-1,utf-8;q=0.7,*;q=0.7", "Accept": "text/html,application/xhtml+xml,application/xml;q=0.9,*/*;q=0.8", "Accept-Encoding": "gzip, deflate", "Accept-Language": "en-us,en;q=0.5"}}, {"ext": "m4a", "format_note": "DASH audio", "acodec": "mp4a.40.2", "abr": 128, "container": "m4a_dash", "format_id": "140", "url": "https://r5---sn-n4v7sn7s.googlevideo.com/videoplayback/id/d9b6870d57d1c8ce/itag/140/source/youtube/requiressl/yes/ei/EG3wW-PdMo6CkgabzbigBQ/mn/sn-n4v7sn7s,sn-o097znlk/mm/31,29/ms/au,rdu/initcwndbps/1797500/mv/m/pl/22/ratebypass/yes/mime/audio%2Fmp4/otfp/1/gir/yes/clen/8970358/lmt/1520915968436537/dur/754.137/mt/1542483125/fvip/2/disable_polymer/true/ip/69.181.125.22/ipbits/0/expire/1542504816/sparams/ip,ipbits,expire,id,itag,source,requiressl,ei,mn,mm,ms,initcwndbps,mv,pl,ratebypass,mime,otfp,gir,clen,lmt,dur/signature/247006B0121B083B1FC8454D67ADFB45DE7B1898.2919BE516EB43113E59616E92674181803F1D0C9/key/dg_yt0/", "manifest_url": "https://manifest.googlevideo.com/api/manifest/dash/ei/EG3wW-PdMo6CkgabzbigBQ/playback_host/r5---sn-n4v7sn7s.googlevideo.com/itag/0/mt/1542483125/requiressl/yes/signature/D44B15AA731C5B2BBCDB7A641FFDD28983CF6DA7.A1708DF1EB24783BDC4DCD51B00CD88927001B1B/ipbits/0/as/fmp4_audio_clear%2Cfmp4_sd_hd_clear/key/yt6/expire/1542504816/hfr/all/mn/sn-n4v7sn7s%2Csn-o097znlk/mm/31%2C29/ip/69.181.125.22/ms/au%2Crdu/fvip/2/initcwndbps/1797500/mv/m/sparams/as%2Cei%2Chfr%2Cid%2Cinitcwndbps%2Cip%2Cipbits%2Citag%2Cmm%2Cmn%2Cms%2Cmv%2Cpl%2Cplayback_host%2Crequiressl%2Csource%2Cexpire/source/youtube/pl/22/id/d9b6870d57d1c8ce", "width": null, "height": null, "tbr": 99.007, "asr": 44100, "fps": null, "language": null, "filesize": 8970358, "vcodec": "none", "fragment_base_url": "https://r5---sn-n4v7sn7s.googlevideo.com/videoplayback/id/d9b6870d57d1c8ce/itag/140/source/youtube/requiressl/yes/ei/EG3wW-PdMo6CkgabzbigBQ/mn/sn-n4v7sn7s,sn-o097znlk/mm/31,29/ms/au,rdu/initcwndbps/1797500/mv/m/pl/22/ratebypass/yes/mime/audio%2Fmp4/otfp/1/gir/yes/clen/8970358/lmt/1520915968436537/dur/754.137/mt/1542483125/fvip/2/disable_polymer/true/ip/69.181.125.22/ipbits/0/expire/1542504816/sparams/ip,ipbits,expire,id,itag,source,requiressl,ei,mn,mm,ms,initcwndbps,mv,pl,ratebypass,mime,otfp,gir,clen,lmt,dur/signature/247006B0121B083B1FC8454D67ADFB45DE7B1898.2919BE516EB43113E59616E92674181803F1D0C9/key/dg_yt0/", "fragments": [{"path": "range/0-591"}, {"path": "range/2436-62077", "duration": 5.016}, {"path": "range/62078-121611", "duration": 5.015}, {"path": "range/121612-180912", "duration": 4.969}, {"path": "range/180913-240575", "duration": 5.016}, {"path": "range/240576-299982", "duration": 5.015}, {"path": "range/299983-359329", "duration": 4.969}, {"path": "range/359330-418954", "duration": 5.016}, {"path": "range/418955-478302", "duration": 5.015}, {"path": "range/478303-537668", "duration": 4.969}, {"path": "range/537669-597338", "duration": 5.016}, {"path": "range/597339-656685", "duration": 5.015}, {"path": "range/656686-716124", "duration": 4.969}, {"path": "range/716125-775674", "duration": 5.016}, {"path": "range/775675-835047", "duration": 5.015}, {"path": "range/835048-894482", "duration": 4.969}, {"path": "range/894483-954076", "duration": 5.016}, {"path": "range/954077-1013442", "duration": 5.015}, {"path": "range/1013443-1072778", "duration": 4.97}, {"path": "range/1072779-1132429", "duration": 5.015}, {"path": "range/1132430-1191775", "duration": 5.016}, {"path": "range/1191776-1251221", "duration": 4.969}, {"path": "range/1251222-1310851", "duration": 5.015}, {"path": "range/1310852-1370231", "duration": 5.016}, {"path": "range/1370232-1429551", "duration": 4.969}, {"path": "range/1429552-1489189", "duration": 5.015}, {"path": "range/1489190-1548596", "duration": 5.016}, {"path": "range/1548597-1607982", "duration": 4.969}, {"path": "range/1607983-1667569", "duration": 5.015}, {"path": "range/1667570-1726915", "duration": 5.016}, {"path": "range/1726916-1786272", "duration": 4.969}, {"path": "range/1786273-1845930", "duration": 5.015}, {"path": "range/1845931-1905325", "duration": 5.016}, {"path": "range/1905326-1964668", "duration": 4.969}, {"path": "range/1964669-2024351", "duration": 5.015}, {"path": "range/2024352-2083688", "duration": 5.016}, {"path": "range/2083689-2143059", "duration": 4.969}, {"path": "range/2143060-2202673", "duration": 5.016}, {"path": "range/2202674-2262082", "duration": 5.015}, {"path": "range/2262083-2321402", "duration": 4.969}, {"path": "range/2321403-2381086", "duration": 5.016}, {"path": "range/2381087-2440404", "duration": 5.015}, {"path": "range/2440405-2499790", "duration": 4.969}, {"path": "range/2499791-2559438", "duration": 5.016}, {"path": "range/2559439-2618839", "duration": 5.015}, {"path": "range/2618840-2678128", "duration": 4.969}, {"path": "range/2678129-2737806", "duration": 5.016}, {"path": "range/2737807-2797153", "duration": 5.015}, {"path": "range/2797154-2856543", "duration": 4.969}, {"path": "range/2856544-2916185", "duration": 5.016}, {"path": "range/2916186-2975573", "duration": 5.015}, {"path": "range/2975574-3034909", "duration": 4.97}, {"path": "range/3034910-3094674", "duration": 5.015}, {"path": "range/3094675-3153951", "duration": 5.016}, {"path": "range/3153952-3213309", "duration": 4.969}, {"path": "range/3213310-3272948", "duration": 5.015}, {"path": "range/3272949-3332364", "duration": 5.016}, {"path": "range/3332365-3391652", "duration": 4.969}, {"path": "range/3391653-3451286", "duration": 5.015}, {"path": "range/3451287-3510661", "duration": 5.016}, {"path": "range/3510662-3570025", "duration": 4.969}, {"path": "range/3570026-3629702", "duration": 5.015}, {"path": "range/3629703-3689174", "duration": 5.016}, {"path": "range/3689175-3748415", "duration": 4.969}, {"path": "range/3748416-3808047", "duration": 5.015}, {"path": "range/3808048-3867468", "duration": 5.016}, {"path": "range/3867469-3926826", "duration": 4.969}, {"path": "range/3926827-3986409", "duration": 5.015}, {"path": "range/3986410-4045796", "duration": 5.016}, {"path": "range/4045797-4105194", "duration": 4.969}, {"path": "range/4105195-4164835", "duration": 5.016}, {"path": "range/4164836-4224148", "duration": 5.015}, {"path": "range/4224149-4283555", "duration": 4.969}, {"path": "range/4283556-4343225", "duration": 5.016}, {"path": "range/4343226-4402546", "duration": 5.015}, {"path": "range/4402547-4461921", "duration": 4.969}, {"path": "range/4461922-4521575", "duration": 5.016}, {"path": "range/4521576-4580948", "duration": 5.015}, {"path": "range/4580949-4640286", "duration": 4.969}, {"path": "range/4640287-4699967", "duration": 5.016}, {"path": "range/4699968-4759300", "duration": 5.015}, {"path": "range/4759301-4818678", "duration": 4.969}, {"path": "range/4818679-4878306", "duration": 5.016}, {"path": "range/4878307-4937666", "duration": 5.015}, {"path": "range/4937667-4997044", "duration": 4.97}, {"path": "range/4997045-5056673", "duration": 5.015}, {"path": "range/5056674-5116072", "duration": 5.016}, {"path": "range/5116073-5175400", "duration": 4.969}, {"path": "range/5175401-5235136", "duration": 5.015}, {"path": "range/5235137-5294421", "duration": 5.016}, {"path": "range/5294422-5353783", "duration": 4.969}, {"path": "range/5353784-5413413", "duration": 5.015}, {"path": "range/5413414-5472781", "duration": 5.016}, {"path": "range/5472782-5532175", "duration": 4.969}, {"path": "range/5532176-5591780", "duration": 5.015}, {"path": "range/5591781-5651177", "duration": 5.016}, {"path": "range/5651178-5710531", "duration": 4.969}, {"path": "range/5710532-5770225", "duration": 5.015}, {"path": "range/5770226-5829644", "duration": 5.016}, {"path": "range/5829645-5888920", "duration": 4.969}, {"path": "range/5888921-5948562", "duration": 5.015}, {"path": "range/5948563-6007908", "duration": 5.016}, {"path": "range/6007909-6067375", "duration": 4.969}, {"path": "range/6067376-6126953", "duration": 5.016}, {"path": "range/6126954-6186290", "duration": 5.015}, {"path": "range/6186291-6245708", "duration": 4.969}, {"path": "range/6245709-6305451", "duration": 5.016}, {"path": "range/6305452-6364643", "duration": 5.015}, {"path": "range/6364644-6424023", "duration": 4.969}, {"path": "range/6424024-6483681", "duration": 5.016}, {"path": "range/6483682-6543033", "duration": 5.015}, {"path": "range/6543034-6602400", "duration": 4.969}, {"path": "range/6602401-6662027", "duration": 5.016}, {"path": "range/6662028-6721406", "duration": 5.015}, {"path": "range/6721407-6780815", "duration": 4.969}, {"path": "range/6780816-6840401", "duration": 5.016}, {"path": "range/6840402-6899799", "duration": 5.015}, {"path": "range/6899800-6959161", "duration": 4.97}, {"path": "range/6959162-7018933", "duration": 5.015}, {"path": "range/7018934-7078196", "duration": 5.016}, {"path": "range/7078197-7137538", "duration": 4.969}, {"path": "range/7137539-7197191", "duration": 5.015}, {"path": "range/7197192-7256594", "duration": 5.016}, {"path": "range/7256595-7315944", "duration": 4.969}, {"path": "range/7315945-7375551", "duration": 5.015}, {"path": "range/7375552-7434942", "duration": 5.016}, {"path": "range/7434943-7494256", "duration": 4.969}, {"path": "range/7494257-7554012", "duration": 5.015}, {"path": "range/7554013-7613288", "duration": 5.016}, {"path": "range/7613289-7672670", "duration": 4.969}, {"path": "range/7672671-7732395", "duration": 5.015}, {"path": "range/7732396-7791684", "duration": 5.016}, {"path": "range/7791685-7851037", "duration": 4.969}, {"path": "range/7851038-7910715", "duration": 5.015}, {"path": "range/7910716-7970087", "duration": 5.016}, {"path": "range/7970088-8029434", "duration": 4.969}, {"path": "range/8029435-8089133", "duration": 5.016}, {"path": "range/8089134-8148482", "duration": 5.015}, {"path": "range/8148483-8207756", "duration": 4.969}, {"path": "range/8207757-8267428", "duration": 5.016}, {"path": "range/8267429-8326807", "duration": 5.015}, {"path": "range/8326808-8386188", "duration": 4.969}, {"path": "range/8386189-8445791", "duration": 5.016}, {"path": "range/8445792-8505282", "duration": 5.015}, {"path": "range/8505283-8564503", "duration": 4.969}, {"path": "range/8564504-8624217", "duration": 5.016}, {"path": "range/8624218-8683540", "duration": 5.015}, {"path": "range/8683541-8742934", "duration": 4.969}, {"path": "range/8742935-8802619", "duration": 5.016}, {"path": "range/8802620-8861905", "duration": 5.015}, {"path": "range/8861906-8921281", "duration": 4.969}, {"path": "range/8921282-8970357", "duration": 4.18}], "protocol": "http_dash_segments", "format": "140 - audio only (DASH audio)", "http_headers": {"User-Agent": "Mozilla/5.0 (X11; Linux x86_64; rv:59.0) Gecko/20100101 Firefox/59.0", "Accept-Charset": "ISO-8859-1,utf-8;q=0.7,*;q=0.7", "Accept": "text/html,application/xhtml+xml,application/xml;q=0.9,*/*;q=0.8", "Accept-Encoding": "gzip, deflate", "Accept-Language": "en-us,en;q=0.5"}}, {"ext": "mp4", "height": 144, "format_note": "DASH video", "vcodec": "avc1.4d400b", "format_id": "160", "url": "https://r5---sn-n4v7sn7s.googlevideo.com/videoplayback/id/d9b6870d57d1c8ce/itag/160/source/yt_otf/requiressl/yes/ei/EG3wW-PdMo6CkgabzbigBQ/mn/sn-n4v7sn7s,sn-o097znlk/mm/31,29/ms/au,rdu/initcwndbps/1797500/mv/m/pl/22/ratebypass/yes/mime/video%2Fmp4/otfp/1/otf/1/lmt/1459059048907360/mt/1542483125/fvip/2/disable_polymer/true/ip/69.181.125.22/ipbits/0/expire/1542504816/sparams/ip,ipbits,expire,id,itag,source,requiressl,ei,mn,mm,ms,initcwndbps,mv,pl,ratebypass,mime,otfp,otf,lmt/signature/5C9D0D6E64EE6D41D2D7E9B2A49C75B2A82B9A10.7526F7CD0C2A5546587294EA006C7E7E016A7EAB/key/dg_yt0/", "manifest_url": "https://manifest.googlevideo.com/api/manifest/dash/ei/EG3wW-PdMo6CkgabzbigBQ/playback_host/r5---sn-n4v7sn7s.googlevideo.com/itag/0/mt/1542483125/requiressl/yes/signature/D44B15AA731C5B2BBCDB7A641FFDD28983CF6DA7.A1708DF1EB24783BDC4DCD51B00CD88927001B1B/ipbits/0/as/fmp4_audio_clear%2Cfmp4_sd_hd_clear/key/yt6/expire/1542504816/hfr/all/mn/sn-n4v7sn7s%2Csn-o097znlk/mm/31%2C29/ip/69.181.125.22/ms/au%2Crdu/fvip/2/initcwndbps/1797500/mv/m/sparams/as%2Cei%2Chfr%2Cid%2Cinitcwndbps%2Cip%2Cipbits%2Citag%2Cmm%2Cmn%2Cms%2Cmv%2Cpl%2Cplayback_host%2Crequiressl%2Csource%2Cexpire/source/youtube/pl/22/id/d9b6870d57d1c8ce", "width": 256, "tbr": 108.0, "asr": null, "fps": 30, "language": null, "filesize": null, "container": "mp4_dash", "acodec": "none", "fragment_base_url": "https://r5---sn-n4v7sn7s.googlevideo.com/videoplayback/id/d9b6870d57d1c8ce/itag/160/source/yt_otf/requiressl/yes/ei/EG3wW-PdMo6CkgabzbigBQ/mn/sn-n4v7sn7s,sn-o097znlk/mm/31,29/ms/au,rdu/initcwndbps/1797500/mv/m/pl/22/ratebypass/yes/mime/video%2Fmp4/otfp/1/otf/1/lmt/1459059048907360/mt/1542483125/fvip/2/disable_polymer/true/ip/69.181.125.22/ipbits/0/expire/1542504816/sparams/ip,ipbits,expire,id,itag,source,requiressl,ei,mn,mm,ms,initcwndbps,mv,pl,ratebypass,mime,otfp,otf,lmt/signature/5C9D0D6E64EE6D41D2D7E9B2A49C75B2A82B9A10.7526F7CD0C2A5546587294EA006C7E7E016A7EAB/key/dg_yt0/", "fragments": [{"path": "sq/0"}, {"path": "sq/1/dur/5.339", "duration": 5.339}, {"path": "sq/2/dur/5.338", "duration": 5.338}, {"path": "sq/3/dur/5.339", "duration": 5.339}, {"path": "sq/4/dur/5.339", "duration": 5.339}, {"path": "sq/5/dur/5.338", "duration": 5.338}, {"path": "sq/6/dur/5.339", "duration": 5.339}, {"path": "sq/7/dur/5.339", "duration": 5.339}, {"path": "sq/8/dur/5.338", "duration": 5.338}, {"path": "sq/9/dur/5.339", "duration": 5.339}, {"path": "sq/10/dur/5.339", "duration": 5.339}, {"path": "sq/11/dur/5.338", "duration": 5.338}, {"path": "sq/12/dur/5.339", "duration": 5.339}, {"path": "sq/13/dur/5.339", "duration": 5.339}, {"path": "sq/14/dur/5.338", "duration": 5.338}, {"path": "sq/15/dur/5.339", "duration": 5.339}, {"path": "sq/16/dur/5.339", "duration": 5.339}, {"path": "sq/17/dur/5.338", "duration": 5.338}, {"path": "sq/18/dur/5.339", "duration": 5.339}, {"path": "sq/19/dur/5.339", "duration": 5.339}, {"path": "sq/20/dur/5.338", "duration": 5.338}, {"path": "sq/21/dur/5.339", "duration": 5.339}, {"path": "sq/22/dur/5.339", "duration": 5.339}, {"path": "sq/23/dur/5.338", "duration": 5.338}, {"path": "sq/24/dur/5.339", "duration": 5.339}, {"path": "sq/25/dur/5.339", "duration": 5.339}, {"path": "sq/26/dur/5.338", "duration": 5.338}, {"path": "sq/27/dur/5.339", "duration": 5.339}, {"path": "sq/28/dur/5.339", "duration": 5.339}, {"path": "sq/29/dur/5.338", "duration": 5.338}, {"path": "sq/30/dur/5.339", "duration": 5.339}, {"path": "sq/31/dur/5.339", "duration": 5.339}, {"path": "sq/32/dur/5.338", "duration": 5.338}, {"path": "sq/33/dur/5.339", "duration": 5.339}, {"path": "sq/34/dur/5.339", "duration": 5.339}, {"path": "sq/35/dur/5.338", "duration": 5.338}, {"path": "sq/36/dur/5.339", "duration": 5.339}, {"path": "sq/37/dur/5.339", "duration": 5.339}, {"path": "sq/38/dur/5.338", "duration": 5.338}, {"path": "sq/39/dur/5.339", "duration": 5.339}, {"path": "sq/40/dur/5.339", "duration": 5.339}, {"path": "sq/41/dur/5.338", "duration": 5.338}, {"path": "sq/42/dur/5.339", "duration": 5.339}, {"path": "sq/43/dur/5.339", "duration": 5.339}, {"path": "sq/44/dur/5.338", "duration": 5.338}, {"path": "sq/45/dur/5.339", "duration": 5.339}, {"path": "sq/46/dur/5.339", "duration": 5.339}, {"path": "sq/47/dur/5.338", "duration": 5.338}, {"path": "sq/48/dur/5.339", "duration": 5.339}, {"path": "sq/49/dur/5.339", "duration": 5.339}, {"path": "sq/50/dur/5.338", "duration": 5.338}, {"path": "sq/51/dur/5.339", "duration": 5.339}, {"path": "sq/52/dur/5.339", "duration": 5.339}, {"path": "sq/53/dur/5.338", "duration": 5.338}, {"path": "sq/54/dur/5.339", "duration": 5.339}, {"path": "sq/55/dur/5.339", "duration": 5.339}, {"path": "sq/56/dur/5.338", "duration": 5.338}, {"path": "sq/57/dur/5.339", "duration": 5.339}, {"path": "sq/58/dur/5.339", "duration": 5.339}, {"path": "sq/59/dur/5.338", "duration": 5.338}, {"path": "sq/60/dur/5.339", "duration": 5.339}, {"path": "sq/61/dur/5.339", "duration": 5.339}, {"path": "sq/62/dur/5.338", "duration": 5.338}, {"path": "sq/63/dur/5.339", "duration": 5.339}, {"path": "sq/64/dur/5.339", "duration": 5.339}, {"path": "sq/65/dur/5.338", "duration": 5.338}, {"path": "sq/66/dur/5.339", "duration": 5.339}, {"path": "sq/67/dur/5.339", "duration": 5.339}, {"path": "sq/68/dur/5.338", "duration": 5.338}, {"path": "sq/69/dur/5.339", "duration": 5.339}, {"path": "sq/70/dur/5.339", "duration": 5.339}, {"path": "sq/71/dur/5.338", "duration": 5.338}, {"path": "sq/72/dur/5.339", "duration": 5.339}, {"path": "sq/73/dur/5.339", "duration": 5.339}, {"path": "sq/74/dur/5.338", "duration": 5.338}, {"path": "sq/75/dur/5.339", "duration": 5.339}, {"path": "sq/76/dur/5.339", "duration": 5.339}, {"path": "sq/77/dur/5.338", "duration": 5.338}, {"path": "sq/78/dur/5.339", "duration": 5.339}, {"path": "sq/79/dur/5.339", "duration": 5.339}, {"path": "sq/80/dur/5.338", "duration": 5.338}, {"path": "sq/81/dur/5.339", "duration": 5.339}, {"path": "sq/82/dur/5.339", "duration": 5.339}, {"path": "sq/83/dur/5.338", "duration": 5.338}, {"path": "sq/84/dur/5.339", "duration": 5.339}, {"path": "sq/85/dur/5.339", "duration": 5.339}, {"path": "sq/86/dur/5.338", "duration": 5.338}, {"path": "sq/87/dur/5.339", "duration": 5.339}, {"path": "sq/88/dur/5.339", "duration": 5.339}, {"path": "sq/89/dur/5.338", "duration": 5.338}, {"path": "sq/90/dur/5.339", "duration": 5.339}, {"path": "sq/91/dur/5.339", "duration": 5.339}, {"path": "sq/92/dur/5.338", "duration": 5.338}, {"path": "sq/93/dur/5.339", "duration": 5.339}, {"path": "sq/94/dur/5.339", "duration": 5.339}, {"path": "sq/95/dur/5.338", "duration": 5.338}, {"path": "sq/96/dur/5.339", "duration": 5.339}, {"path": "sq/97/dur/5.339", "duration": 5.339}, {"path": "sq/98/dur/5.338", "duration": 5.338}, {"path": "sq/99/dur/5.339", "duration": 5.339}, {"path": "sq/100/dur/5.339", "duration": 5.339}, {"path": "sq/101/dur/5.338", "duration": 5.338}, {"path": "sq/102/dur/5.339", "duration": 5.339}, {"path": "sq/103/dur/5.339", "duration": 5.339}, {"path": "sq/104/dur/5.338", "duration": 5.338}, {"path": "sq/105/dur/5.339", "duration": 5.339}, {"path": "sq/106/dur/5.339", "duration": 5.339}, {"path": "sq/107/dur/5.338", "duration": 5.338}, {"path": "sq/108/dur/5.339", "duration": 5.339}, {"path": "sq/109/dur/5.339", "duration": 5.339}, {"path": "sq/110/dur/5.338", "duration": 5.338}, {"path": "sq/111/dur/5.339", "duration": 5.339}, {"path": "sq/112/dur/5.339", "duration": 5.339}, {"path": "sq/113/dur/5.338", "duration": 5.338}, {"path": "sq/114/dur/5.339", "duration": 5.339}, {"path": "sq/115/dur/5.339", "duration": 5.339}, {"path": "sq/116/dur/5.338", "duration": 5.338}, {"path": "sq/117/dur/5.339", "duration": 5.339}, {"path": "sq/118/dur/5.339", "duration": 5.339}, {"path": "sq/119/dur/5.338", "duration": 5.338}, {"path": "sq/120/dur/5.339", "duration": 5.339}, {"path": "sq/121/dur/5.339", "duration": 5.339}, {"path": "sq/122/dur/5.338", "duration": 5.338}, {"path": "sq/123/dur/5.339", "duration": 5.339}, {"path": "sq/124/dur/5.339", "duration": 5.339}, {"path": "sq/125/dur/5.338", "duration": 5.338}, {"path": "sq/126/dur/5.339", "duration": 5.339}, {"path": "sq/127/dur/5.339", "duration": 5.339}, {"path": "sq/128/dur/5.338", "duration": 5.338}, {"path": "sq/129/dur/5.339", "duration": 5.339}, {"path": "sq/130/dur/5.339", "duration": 5.339}, {"path": "sq/131/dur/5.338", "duration": 5.338}, {"path": "sq/132/dur/5.339", "duration": 5.339}, {"path": "sq/133/dur/5.339", "duration": 5.339}, {"path": "sq/134/dur/5.338", "duration": 5.338}, {"path": "sq/135/dur/5.339", "duration": 5.339}, {"path": "sq/136/dur/5.339", "duration": 5.339}, {"path": "sq/137/dur/5.338", "duration": 5.338}, {"path": "sq/138/dur/5.339", "duration": 5.339}, {"path": "sq/139/dur/5.339", "duration": 5.339}, {"path": "sq/140/dur/5.338", "duration": 5.338}, {"path": "sq/141/dur/5.339", "duration": 5.339}, {"path": "sq/142/dur/1.235", "duration": 1.235}], "protocol": "http_dash_segments", "format": "160 - 256x144 (DASH video)", "http_headers": {"User-Agent": "Mozilla/5.0 (X11; Linux x86_64; rv:59.0) Gecko/20100101 Firefox/59.0", "Accept-Charset": "ISO-8859-1,utf-8;q=0.7,*;q=0.7", "Accept": "text/html,application/xhtml+xml,application/xml;q=0.9,*/*;q=0.8", "Accept-Encoding": "gzip, deflate", "Accept-Language": "en-us,en;q=0.5"}}, {"ext": "mp4", "height": 240, "format_note": "DASH video", "vcodec": "avc1.4d400c", "format_id": "133", "url": "https://r5---sn-n4v7sn7s.googlevideo.com/videoplayback/id/d9b6870d57d1c8ce/itag/133/source/yt_otf/requiressl/yes/ei/EG3wW-PdMo6CkgabzbigBQ/mn/sn-n4v7sn7s,sn-o097znlk/mm/31,29/ms/au,rdu/initcwndbps/1797500/mv/m/pl/22/ratebypass/yes/mime/video%2Fmp4/otfp/1/otf/1/lmt/1459059048907360/mt/1542483125/fvip/2/disable_polymer/true/ip/69.181.125.22/ipbits/0/expire/1542504816/sparams/ip,ipbits,expire,id,itag,source,requiressl,ei,mn,mm,ms,initcwndbps,mv,pl,ratebypass,mime,otfp,otf,lmt/signature/92F4E2E89C808B25E7F8FE040E35F89A1C7FB0AD.2EDA05BCA15107F5EE78F1FDDD0FD9FD2FCA79B2/key/dg_yt0/", "manifest_url": "https://manifest.googlevideo.com/api/manifest/dash/ei/EG3wW-PdMo6CkgabzbigBQ/playback_host/r5---sn-n4v7sn7s.googlevideo.com/itag/0/mt/1542483125/requiressl/yes/signature/D44B15AA731C5B2BBCDB7A641FFDD28983CF6DA7.A1708DF1EB24783BDC4DCD51B00CD88927001B1B/ipbits/0/as/fmp4_audio_clear%2Cfmp4_sd_hd_clear/key/yt6/expire/1542504816/hfr/all/mn/sn-n4v7sn7s%2Csn-o097znlk/mm/31%2C29/ip/69.181.125.22/ms/au%2Crdu/fvip/2/initcwndbps/1797500/mv/m/sparams/as%2Cei%2Chfr%2Cid%2Cinitcwndbps%2Cip%2Cipbits%2Citag%2Cmm%2Cmn%2Cms%2Cmv%2Cpl%2Cplayback_host%2Crequiressl%2Csource%2Cexpire/source/youtube/pl/22/id/d9b6870d57d1c8ce", "width": 426, "tbr": 242.0, "asr": null, "fps": 30, "language": null, "filesize": null, "container": "mp4_dash", "acodec": "none", "fragment_base_url": "https://r5---sn-n4v7sn7s.googlevideo.com/videoplayback/id/d9b6870d57d1c8ce/itag/133/source/yt_otf/requiressl/yes/ei/EG3wW-PdMo6CkgabzbigBQ/mn/sn-n4v7sn7s,sn-o097znlk/mm/31,29/ms/au,rdu/initcwndbps/1797500/mv/m/pl/22/ratebypass/yes/mime/video%2Fmp4/otfp/1/otf/1/lmt/1459059048907360/mt/1542483125/fvip/2/disable_polymer/true/ip/69.181.125.22/ipbits/0/expire/1542504816/sparams/ip,ipbits,expire,id,itag,source,requiressl,ei,mn,mm,ms,initcwndbps,mv,pl,ratebypass,mime,otfp,otf,lmt/signature/92F4E2E89C808B25E7F8FE040E35F89A1C7FB0AD.2EDA05BCA15107F5EE78F1FDDD0FD9FD2FCA79B2/key/dg_yt0/", "fragments": [{"path": "sq/0"}, {"path": "sq/1/dur/5.339", "duration": 5.339}, {"path": "sq/2/dur/5.338", "duration": 5.338}, {"path": "sq/3/dur/5.339", "duration": 5.339}, {"path": "sq/4/dur/5.339", "duration": 5.339}, {"path": "sq/5/dur/5.338", "duration": 5.338}, {"path": "sq/6/dur/5.339", "duration": 5.339}, {"path": "sq/7/dur/5.339", "duration": 5.339}, {"path": "sq/8/dur/5.338", "duration": 5.338}, {"path": "sq/9/dur/5.339", "duration": 5.339}, {"path": "sq/10/dur/5.339", "duration": 5.339}, {"path": "sq/11/dur/5.338", "duration": 5.338}, {"path": "sq/12/dur/5.339", "duration": 5.339}, {"path": "sq/13/dur/5.339", "duration": 5.339}, {"path": "sq/14/dur/5.338", "duration": 5.338}, {"path": "sq/15/dur/5.339", "duration": 5.339}, {"path": "sq/16/dur/5.339", "duration": 5.339}, {"path": "sq/17/dur/5.338", "duration": 5.338}, {"path": "sq/18/dur/5.339", "duration": 5.339}, {"path": "sq/19/dur/5.339", "duration": 5.339}, {"path": "sq/20/dur/5.338", "duration": 5.338}, {"path": "sq/21/dur/5.339", "duration": 5.339}, {"path": "sq/22/dur/5.339", "duration": 5.339}, {"path": "sq/23/dur/5.338", "duration": 5.338}, {"path": "sq/24/dur/5.339", "duration": 5.339}, {"path": "sq/25/dur/5.339", "duration": 5.339}, {"path": "sq/26/dur/5.338", "duration": 5.338}, {"path": "sq/27/dur/5.339", "duration": 5.339}, {"path": "sq/28/dur/5.339", "duration": 5.339}, {"path": "sq/29/dur/5.338", "duration": 5.338}, {"path": "sq/30/dur/5.339", "duration": 5.339}, {"path": "sq/31/dur/5.339", "duration": 5.339}, {"path": "sq/32/dur/5.338", "duration": 5.338}, {"path": "sq/33/dur/5.339", "duration": 5.339}, {"path": "sq/34/dur/5.339", "duration": 5.339}, {"path": "sq/35/dur/5.338", "duration": 5.338}, {"path": "sq/36/dur/5.339", "duration": 5.339}, {"path": "sq/37/dur/5.339", "duration": 5.339}, {"path": "sq/38/dur/5.338", "duration": 5.338}, {"path": "sq/39/dur/5.339", "duration": 5.339}, {"path": "sq/40/dur/5.339", "duration": 5.339}, {"path": "sq/41/dur/5.338", "duration": 5.338}, {"path": "sq/42/dur/5.339", "duration": 5.339}, {"path": "sq/43/dur/5.339", "duration": 5.339}, {"path": "sq/44/dur/5.338", "duration": 5.338}, {"path": "sq/45/dur/5.339", "duration": 5.339}, {"path": "sq/46/dur/5.339", "duration": 5.339}, {"path": "sq/47/dur/5.338", "duration": 5.338}, {"path": "sq/48/dur/5.339", "duration": 5.339}, {"path": "sq/49/dur/5.339", "duration": 5.339}, {"path": "sq/50/dur/5.338", "duration": 5.338}, {"path": "sq/51/dur/5.339", "duration": 5.339}, {"path": "sq/52/dur/5.339", "duration": 5.339}, {"path": "sq/53/dur/5.338", "duration": 5.338}, {"path": "sq/54/dur/5.339", "duration": 5.339}, {"path": "sq/55/dur/5.339", "duration": 5.339}, {"path": "sq/56/dur/5.338", "duration": 5.338}, {"path": "sq/57/dur/5.339", "duration": 5.339}, {"path": "sq/58/dur/5.339", "duration": 5.339}, {"path": "sq/59/dur/5.338", "duration": 5.338}, {"path": "sq/60/dur/5.339", "duration": 5.339}, {"path": "sq/61/dur/5.339", "duration": 5.339}, {"path": "sq/62/dur/5.338", "duration": 5.338}, {"path": "sq/63/dur/5.339", "duration": 5.339}, {"path": "sq/64/dur/5.339", "duration": 5.339}, {"path": "sq/65/dur/5.338", "duration": 5.338}, {"path": "sq/66/dur/5.339", "duration": 5.339}, {"path": "sq/67/dur/5.339", "duration": 5.339}, {"path": "sq/68/dur/5.338", "duration": 5.338}, {"path": "sq/69/dur/5.339", "duration": 5.339}, {"path": "sq/70/dur/5.339", "duration": 5.339}, {"path": "sq/71/dur/5.338", "duration": 5.338}, {"path": "sq/72/dur/5.339", "duration": 5.339}, {"path": "sq/73/dur/5.339", "duration": 5.339}, {"path": "sq/74/dur/5.338", "duration": 5.338}, {"path": "sq/75/dur/5.339", "duration": 5.339}, {"path": "sq/76/dur/5.339", "duration": 5.339}, {"path": "sq/77/dur/5.338", "duration": 5.338}, {"path": "sq/78/dur/5.339", "duration": 5.339}, {"path": "sq/79/dur/5.339", "duration": 5.339}, {"path": "sq/80/dur/5.338", "duration": 5.338}, {"path": "sq/81/dur/5.339", "duration": 5.339}, {"path": "sq/82/dur/5.339", "duration": 5.339}, {"path": "sq/83/dur/5.338", "duration": 5.338}, {"path": "sq/84/dur/5.339", "duration": 5.339}, {"path": "sq/85/dur/5.339", "duration": 5.339}, {"path": "sq/86/dur/5.338", "duration": 5.338}, {"path": "sq/87/dur/5.339", "duration": 5.339}, {"path": "sq/88/dur/5.339", "duration": 5.339}, {"path": "sq/89/dur/5.338", "duration": 5.338}, {"path": "sq/90/dur/5.339", "duration": 5.339}, {"path": "sq/91/dur/5.339", "duration": 5.339}, {"path": "sq/92/dur/5.338", "duration": 5.338}, {"path": "sq/93/dur/5.339", "duration": 5.339}, {"path": "sq/94/dur/5.339", "duration": 5.339}, {"path": "sq/95/dur/5.338", "duration": 5.338}, {"path": "sq/96/dur/5.339", "duration": 5.339}, {"path": "sq/97/dur/5.339", "duration": 5.339}, {"path": "sq/98/dur/5.338", "duration": 5.338}, {"path": "sq/99/dur/5.339", "duration": 5.339}, {"path": "sq/100/dur/5.339", "duration": 5.339}, {"path": "sq/101/dur/5.338", "duration": 5.338}, {"path": "sq/102/dur/5.339", "duration": 5.339}, {"path": "sq/103/dur/5.339", "duration": 5.339}, {"path": "sq/104/dur/5.338", "duration": 5.338}, {"path": "sq/105/dur/5.339", "duration": 5.339}, {"path": "sq/106/dur/5.339", "duration": 5.339}, {"path": "sq/107/dur/5.338", "duration": 5.338}, {"path": "sq/108/dur/5.339", "duration": 5.339}, {"path": "sq/109/dur/5.339", "duration": 5.339}, {"path": "sq/110/dur/5.338", "duration": 5.338}, {"path": "sq/111/dur/5.339", "duration": 5.339}, {"path": "sq/112/dur/5.339", "duration": 5.339}, {"path": "sq/113/dur/5.338", "duration": 5.338}, {"path": "sq/114/dur/5.339", "duration": 5.339}, {"path": "sq/115/dur/5.339", "duration": 5.339}, {"path": "sq/116/dur/5.338", "duration": 5.338}, {"path": "sq/117/dur/5.339", "duration": 5.339}, {"path": "sq/118/dur/5.339", "duration": 5.339}, {"path": "sq/119/dur/5.338", "duration": 5.338}, {"path": "sq/120/dur/5.339", "duration": 5.339}, {"path": "sq/121/dur/5.339", "duration": 5.339}, {"path": "sq/122/dur/5.338", "duration": 5.338}, {"path": "sq/123/dur/5.339", "duration": 5.339}, {"path": "sq/124/dur/5.339", "duration": 5.339}, {"path": "sq/125/dur/5.338", "duration": 5.338}, {"path": "sq/126/dur/5.339", "duration": 5.339}, {"path": "sq/127/dur/5.339", "duration": 5.339}, {"path": "sq/128/dur/5.338", "duration": 5.338}, {"path": "sq/129/dur/5.339", "duration": 5.339}, {"path": "sq/130/dur/5.339", "duration": 5.339}, {"path": "sq/131/dur/5.338", "duration": 5.338}, {"path": "sq/132/dur/5.339", "duration": 5.339}, {"path": "sq/133/dur/5.339", "duration": 5.339}, {"path": "sq/134/dur/5.338", "duration": 5.338}, {"path": "sq/135/dur/5.339", "duration": 5.339}, {"path": "sq/136/dur/5.339", "duration": 5.339}, {"path": "sq/137/dur/5.338", "duration": 5.338}, {"path": "sq/138/dur/5.339", "duration": 5.339}, {"path": "sq/139/dur/5.339", "duration": 5.339}, {"path": "sq/140/dur/5.338", "duration": 5.338}, {"path": "sq/141/dur/5.339", "duration": 5.339}, {"path": "sq/142/dur/1.235", "duration": 1.235}], "protocol": "http_dash_segments", "format": "133 - 426x240 (DASH video)", "http_headers": {"User-Agent": "Mozilla/5.0 (X11; Linux x86_64; rv:59.0) Gecko/20100101 Firefox/59.0", "Accept-Charset": "ISO-8859-1,utf-8;q=0.7,*;q=0.7", "Accept": "text/html,application/xhtml+xml,application/xml;q=0.9,*/*;q=0.8", "Accept-Encoding": "gzip, deflate", "Accept-Language": "en-us,en;q=0.5"}}, {"ext": "mp4", "height": 360, "format_note": "DASH video", "vcodec": "avc1.4d401e", "format_id": "134", "url": "https://r5---sn-n4v7sn7s.googlevideo.com/videoplayback/id/d9b6870d57d1c8ce/itag/134/source/youtube/requiressl/yes/ei/EG3wW-PdMo6CkgabzbigBQ/mn/sn-n4v7sn7s,sn-o097znlk/mm/31,29/ms/au,rdu/initcwndbps/1797500/mv/m/pl/22/ratebypass/yes/mime/video%2Fmp4/otfp/1/gir/yes/clen/12998310/lmt/1520915953616145/dur/753.986/mt/1542483125/fvip/2/disable_polymer/true/ip/69.181.125.22/ipbits/0/expire/1542504816/sparams/ip,ipbits,expire,id,itag,source,requiressl,ei,mn,mm,ms,initcwndbps,mv,pl,ratebypass,mime,otfp,gir,clen,lmt,dur/signature/5521B159038DF95AA0A285E6C5C7286F1B8E97FB.17998C20129CD02D5F350C6689C147E9B819E12D/key/dg_yt0/", "manifest_url": "https://manifest.googlevideo.com/api/manifest/dash/ei/EG3wW-PdMo6CkgabzbigBQ/playback_host/r5---sn-n4v7sn7s.googlevideo.com/itag/0/mt/1542483125/requiressl/yes/signature/D44B15AA731C5B2BBCDB7A641FFDD28983CF6DA7.A1708DF1EB24783BDC4DCD51B00CD88927001B1B/ipbits/0/as/fmp4_audio_clear%2Cfmp4_sd_hd_clear/key/yt6/expire/1542504816/hfr/all/mn/sn-n4v7sn7s%2Csn-o097znlk/mm/31%2C29/ip/69.181.125.22/ms/au%2Crdu/fvip/2/initcwndbps/1797500/mv/m/sparams/as%2Cei%2Chfr%2Cid%2Cinitcwndbps%2Cip%2Cipbits%2Citag%2Cmm%2Cmn%2Cms%2Cmv%2Cpl%2Cplayback_host%2Crequiressl%2Csource%2Cexpire/source/youtube/pl/22/id/d9b6870d57d1c8ce", "width": 640, "tbr": 636.974, "asr": null, "fps": 30, "language": null, "filesize": 12998310, "container": "mp4_dash", "acodec": "none", "fragment_base_url": "https://r5---sn-n4v7sn7s.googlevideo.com/videoplayback/id/d9b6870d57d1c8ce/itag/134/source/youtube/requiressl/yes/ei/EG3wW-PdMo6CkgabzbigBQ/mn/sn-n4v7sn7s,sn-o097znlk/mm/31,29/ms/au,rdu/initcwndbps/1797500/mv/m/pl/22/ratebypass/yes/mime/video%2Fmp4/otfp/1/gir/yes/clen/12998310/lmt/1520915953616145/dur/753.986/mt/1542483125/fvip/2/disable_polymer/true/ip/69.181.125.22/ipbits/0/expire/1542504816/sparams/ip,ipbits,expire,id,itag,source,requiressl,ei,mn,mm,ms,initcwndbps,mv,pl,ratebypass,mime,otfp,gir,clen,lmt,dur/signature/5521B159038DF95AA0A285E6C5C7286F1B8E97FB.17998C20129CD02D5F350C6689C147E9B819E12D/key/dg_yt0/", "fragments": [{"path": "range/0-708"}, {"path": "range/2445-179159", "duration": 5.339}, {"path": "range/179160-418862", "duration": 5.338}, {"path": "range/418863-608244", "duration": 5.339}, {"path": "range/608245-869159", "duration": 5.339}, {"path": "range/869160-944704", "duration": 5.338}, {"path": "range/944705-1000522", "duration": 5.339}, {"path": "range/1000523-1057053", "duration": 5.339}, {"path": "range/1057054-1113790", "duration": 5.338}, {"path": "range/1113791-1170045", "duration": 5.339}, {"path": "range/1170046-1226734", "duration": 5.339}, {"path": "range/1226735-1283529", "duration": 5.338}, {"path": "range/1283530-1339784", "duration": 5.339}, {"path": "range/1339785-1397119", "duration": 5.339}, {"path": "range/1397120-1454051", "duration": 5.338}, {"path": "range/1454052-1511075", "duration": 5.339}, {"path": "range/1511076-1568005", "duration": 5.339}, {"path": "range/1568006-1624454", "duration": 5.338}, {"path": "range/1624455-1681550", "duration": 5.339}, {"path": "range/1681551-1738053", "duration": 5.339}, {"path": "range/1738054-1827039", "duration": 5.338}, {"path": "range/1827040-1863958", "duration": 5.339}, {"path": "range/1863959-1906170", "duration": 5.339}, {"path": "range/1906171-1942705", "duration": 5.338}, {"path": "range/1942706-1979083", "duration": 5.339}, {"path": "range/1979084-2017026", "duration": 5.339}, {"path": "range/2017027-2053134", "duration": 5.338}, {"path": "range/2053135-2090073", "duration": 5.339}, {"path": "range/2090074-2127616", "duration": 5.339}, {"path": "range/2127617-2163741", "duration": 5.338}, {"path": "range/2163742-2201216", "duration": 5.339}, {"path": "range/2201217-2238763", "duration": 5.339}, {"path": "range/2238764-2275503", "duration": 5.338}, {"path": "range/2275504-2313371", "duration": 5.339}, {"path": "range/2313372-2349620", "duration": 5.339}, {"path": "range/2349621-2386064", "duration": 5.338}, {"path": "range/2386065-2423221", "duration": 5.339}, {"path": "range/2423222-2675804", "duration": 5.339}, {"path": "range/2675805-2869652", "duration": 5.338}, {"path": "range/2869653-3116430", "duration": 5.339}, {"path": "range/3116431-3161417", "duration": 5.339}, {"path": "range/3161418-3210778", "duration": 5.338}, {"path": "range/3210779-3255643", "duration": 5.339}, {"path": "range/3255644-3300229", "duration": 5.339}, {"path": "range/3300230-3344961", "duration": 5.338}, {"path": "range/3344962-3389912", "duration": 5.339}, {"path": "range/3389913-3434778", "duration": 5.339}, {"path": "range/3434779-3682198", "duration": 5.338}, {"path": "range/3682199-3870618", "duration": 5.339}, {"path": "range/3870619-4067366", "duration": 5.339}, {"path": "range/4067367-4316878", "duration": 5.338}, {"path": "range/4316879-4573881", "duration": 5.339}, {"path": "range/4573882-4771918", "duration": 5.339}, {"path": "range/4771919-4969360", "duration": 5.338}, {"path": "range/4969361-5249245", "duration": 5.339}, {"path": "range/5249246-5310581", "duration": 5.339}, {"path": "range/5310582-5356724", "duration": 5.338}, {"path": "range/5356725-5423776", "duration": 5.339}, {"path": "range/5423777-5448022", "duration": 5.339}, {"path": "range/5448023-5475362", "duration": 5.338}, {"path": "range/5475363-5499436", "duration": 5.339}, {"path": "range/5499437-5523643", "duration": 5.339}, {"path": "range/5523644-5547589", "duration": 5.338}, {"path": "range/5547590-5571270", "duration": 5.339}, {"path": "range/5571271-5595056", "duration": 5.339}, {"path": "range/5595057-5619343", "duration": 5.338}, {"path": "range/5619344-5643631", "duration": 5.339}, {"path": "range/5643632-5667877", "duration": 5.339}, {"path": "range/5667878-5691760", "duration": 5.338}, {"path": "range/5691761-5715426", "duration": 5.339}, {"path": "range/5715427-5739706", "duration": 5.339}, {"path": "range/5739707-5763844", "duration": 5.338}, {"path": "range/5763845-5787510", "duration": 5.339}, {"path": "range/5787511-5811273", "duration": 5.339}, {"path": "range/5811274-5835088", "duration": 5.338}, {"path": "range/5835089-5858754", "duration": 5.339}, {"path": "range/5858755-5882506", "duration": 5.339}, {"path": "range/5882507-5906282", "duration": 5.338}, {"path": "range/5906283-5929983", "duration": 5.339}, {"path": "range/5929984-5953814", "duration": 5.339}, {"path": "range/5953815-6159436", "duration": 5.338}, {"path": "range/6159437-6350932", "duration": 5.339}, {"path": "range/6350933-6544684", "duration": 5.339}, {"path": "range/6544685-6736295", "duration": 5.338}, {"path": "range/6736296-6932152", "duration": 5.339}, {"path": "range/6932153-7122246", "duration": 5.339}, {"path": "range/7122247-7321060", "duration": 5.338}, {"path": "range/7321061-7518145", "duration": 5.339}, {"path": "range/7518146-7715288", "duration": 5.339}, {"path": "range/7715289-7909726", "duration": 5.338}, {"path": "range/7909727-8106304", "duration": 5.339}, {"path": "range/8106305-8298267", "duration": 5.339}, {"path": "range/8298268-8496638", "duration": 5.338}, {"path": "range/8496639-8692572", "duration": 5.339}, {"path": "range/8692573-8890978", "duration": 5.339}, {"path": "range/8890979-9078259", "duration": 5.338}, {"path": "range/9078260-9253767", "duration": 5.339}, {"path": "range/9253768-9330612", "duration": 5.339}, {"path": "range/9330613-9385764", "duration": 5.338}, {"path": "range/9385765-9442521", "duration": 5.339}, {"path": "range/9442522-9499315", "duration": 5.339}, {"path": "range/9499316-9611386", "duration": 5.338}, {"path": "range/9611387-9677219", "duration": 5.339}, {"path": "range/9677220-9738974", "duration": 5.339}, {"path": "range/9738975-9804649", "duration": 5.338}, {"path": "range/9804650-9869775", "duration": 5.339}, {"path": "range/9869776-9933486", "duration": 5.339}, {"path": "range/9933487-10004507", "duration": 5.338}, {"path": "range/10004508-10072048", "duration": 5.339}, {"path": "range/10072049-10136232", "duration": 5.339}, {"path": "range/10136233-10200832", "duration": 5.338}, {"path": "range/10200833-10266750", "duration": 5.339}, {"path": "range/10266751-10331476", "duration": 5.339}, {"path": "range/10331477-10399127", "duration": 5.338}, {"path": "range/10399128-10466683", "duration": 5.339}, {"path": "range/10466684-10536089", "duration": 5.339}, {"path": "range/10536090-10606344", "duration": 5.338}, {"path": "range/10606345-10670680", "duration": 5.339}, {"path": "range/10670681-10744796", "duration": 5.339}, {"path": "range/10744797-10855177", "duration": 5.338}, {"path": "range/10855178-10888511", "duration": 5.339}, {"path": "range/10888512-10920788", "duration": 5.339}, {"path": "range/10920789-10955130", "duration": 5.338}, {"path": "range/10955131-10989489", "duration": 5.339}, {"path": "range/10989490-11022483", "duration": 5.339}, {"path": "range/11022484-11056349", "duration": 5.338}, {"path": "range/11056350-11090158", "duration": 5.339}, {"path": "range/11090159-11124464", "duration": 5.339}, {"path": "range/11124465-11158838", "duration": 5.338}, {"path": "range/11158839-11193771", "duration": 5.339}, {"path": "range/11193772-11484515", "duration": 5.339}, {"path": "range/11484516-11675774", "duration": 5.338}, {"path": "range/11675775-11967508", "duration": 5.339}, {"path": "range/11967509-12025017", "duration": 5.339}, {"path": "range/12025018-12067785", "duration": 5.338}, {"path": "range/12067786-12109424", "duration": 5.339}, {"path": "range/12109425-12151778", "duration": 5.339}, {"path": "range/12151779-12193356", "duration": 5.338}, {"path": "range/12193357-12236242", "duration": 5.339}, {"path": "range/12236243-12521732", "duration": 5.339}, {"path": "range/12521733-12709707", "duration": 5.338}, {"path": "range/12709708-12899976", "duration": 5.339}, {"path": "range/12899977-12998309", "duration": 1.235}], "protocol": "http_dash_segments", "format": "134 - 640x360 (DASH video)", "http_headers": {"User-Agent": "Mozilla/5.0 (X11; Linux x86_64; rv:59.0) Gecko/20100101 Firefox/59.0", "Accept-Charset": "ISO-8859-1,utf-8;q=0.7,*;q=0.7", "Accept": "text/html,application/xhtml+xml,application/xml;q=0.9,*/*;q=0.8", "Accept-Encoding": "gzip, deflate", "Accept-Language": "en-us,en;q=0.5"}}, {"ext": "mp4", "height": 480, "format_note": "DASH video", "vcodec": "avc1.4d400a", "format_id": "135", "url": "https://r5---sn-n4v7sn7s.googlevideo.com/videoplayback/id/d9b6870d57d1c8ce/itag/135/source/yt_otf/requiressl/yes/ei/EG3wW-PdMo6CkgabzbigBQ/mn/sn-n4v7sn7s,sn-o097znlk/mm/31,29/ms/au,rdu/initcwndbps/1797500/mv/m/pl/22/ratebypass/yes/mime/video%2Fmp4/otfp/1/otf/1/lmt/1459059048907360/mt/1542483125/fvip/2/disable_polymer/true/ip/69.181.125.22/ipbits/0/expire/1542504816/sparams/ip,ipbits,expire,id,itag,source,requiressl,ei,mn,mm,ms,initcwndbps,mv,pl,ratebypass,mime,otfp,otf,lmt/signature/246B5CDDEF885E75286BB8336A2FCAC90C684609.4C92AF7552A3142C17BF30CEEAF5F311529B6E43/key/dg_yt0/", "manifest_url": "https://manifest.googlevideo.com/api/manifest/dash/ei/EG3wW-PdMo6CkgabzbigBQ/playback_host/r5---sn-n4v7sn7s.googlevideo.com/itag/0/mt/1542483125/requiressl/yes/signature/D44B15AA731C5B2BBCDB7A641FFDD28983CF6DA7.A1708DF1EB24783BDC4DCD51B00CD88927001B1B/ipbits/0/as/fmp4_audio_clear%2Cfmp4_sd_hd_clear/key/yt6/expire/1542504816/hfr/all/mn/sn-n4v7sn7s%2Csn-o097znlk/mm/31%2C29/ip/69.181.125.22/ms/au%2Crdu/fvip/2/initcwndbps/1797500/mv/m/sparams/as%2Cei%2Chfr%2Cid%2Cinitcwndbps%2Cip%2Cipbits%2Citag%2Cmm%2Cmn%2Cms%2Cmv%2Cpl%2Cplayback_host%2Crequiressl%2Csource%2Cexpire/source/youtube/pl/22/id/d9b6870d57d1c8ce", "width": 854, "tbr": 1155.0, "asr": null, "fps": 30, "language": null, "filesize": null, "container": "mp4_dash", "acodec": "none", "fragment_base_url": "https://r5---sn-n4v7sn7s.googlevideo.com/videoplayback/id/d9b6870d57d1c8ce/itag/135/source/yt_otf/requiressl/yes/ei/EG3wW-PdMo6CkgabzbigBQ/mn/sn-n4v7sn7s,sn-o097znlk/mm/31,29/ms/au,rdu/initcwndbps/1797500/mv/m/pl/22/ratebypass/yes/mime/video%2Fmp4/otfp/1/otf/1/lmt/1459059048907360/mt/1542483125/fvip/2/disable_polymer/true/ip/69.181.125.22/ipbits/0/expire/1542504816/sparams/ip,ipbits,expire,id,itag,source,requiressl,ei,mn,mm,ms,initcwndbps,mv,pl,ratebypass,mime,otfp,otf,lmt/signature/246B5CDDEF885E75286BB8336A2FCAC90C684609.4C92AF7552A3142C17BF30CEEAF5F311529B6E43/key/dg_yt0/", "fragments": [{"path": "sq/0"}, {"path": "sq/1/dur/5.339", "duration": 5.339}, {"path": "sq/2/dur/5.338", "duration": 5.338}, {"path": "sq/3/dur/5.339", "duration": 5.339}, {"path": "sq/4/dur/5.339", "duration": 5.339}, {"path": "sq/5/dur/5.338", "duration": 5.338}, {"path": "sq/6/dur/5.339", "duration": 5.339}, {"path": "sq/7/dur/5.339", "duration": 5.339}, {"path": "sq/8/dur/5.338", "duration": 5.338}, {"path": "sq/9/dur/5.339", "duration": 5.339}, {"path": "sq/10/dur/5.339", "duration": 5.339}, {"path": "sq/11/dur/5.338", "duration": 5.338}, {"path": "sq/12/dur/5.339", "duration": 5.339}, {"path": "sq/13/dur/5.339", "duration": 5.339}, {"path": "sq/14/dur/5.338", "duration": 5.338}, {"path": "sq/15/dur/5.339", "duration": 5.339}, {"path": "sq/16/dur/5.339", "duration": 5.339}, {"path": "sq/17/dur/5.338", "duration": 5.338}, {"path": "sq/18/dur/5.339", "duration": 5.339}, {"path": "sq/19/dur/5.339", "duration": 5.339}, {"path": "sq/20/dur/5.338", "duration": 5.338}, {"path": "sq/21/dur/5.339", "duration": 5.339}, {"path": "sq/22/dur/5.339", "duration": 5.339}, {"path": "sq/23/dur/5.338", "duration": 5.338}, {"path": "sq/24/dur/5.339", "duration": 5.339}, {"path": "sq/25/dur/5.339", "duration": 5.339}, {"path": "sq/26/dur/5.338", "duration": 5.338}, {"path": "sq/27/dur/5.339", "duration": 5.339}, {"path": "sq/28/dur/5.339", "duration": 5.339}, {"path": "sq/29/dur/5.338", "duration": 5.338}, {"path": "sq/30/dur/5.339", "duration": 5.339}, {"path": "sq/31/dur/5.339", "duration": 5.339}, {"path": "sq/32/dur/5.338", "duration": 5.338}, {"path": "sq/33/dur/5.339", "duration": 5.339}, {"path": "sq/34/dur/5.339", "duration": 5.339}, {"path": "sq/35/dur/5.338", "duration": 5.338}, {"path": "sq/36/dur/5.339", "duration": 5.339}, {"path": "sq/37/dur/5.339", "duration": 5.339}, {"path": "sq/38/dur/5.338", "duration": 5.338}, {"path": "sq/39/dur/5.339", "duration": 5.339}, {"path": "sq/40/dur/5.339", "duration": 5.339}, {"path": "sq/41/dur/5.338", "duration": 5.338}, {"path": "sq/42/dur/5.339", "duration": 5.339}, {"path": "sq/43/dur/5.339", "duration": 5.339}, {"path": "sq/44/dur/5.338", "duration": 5.338}, {"path": "sq/45/dur/5.339", "duration": 5.339}, {"path": "sq/46/dur/5.339", "duration": 5.339}, {"path": "sq/47/dur/5.338", "duration": 5.338}, {"path": "sq/48/dur/5.339", "duration": 5.339}, {"path": "sq/49/dur/5.339", "duration": 5.339}, {"path": "sq/50/dur/5.338", "duration": 5.338}, {"path": "sq/51/dur/5.339", "duration": 5.339}, {"path": "sq/52/dur/5.339", "duration": 5.339}, {"path": "sq/53/dur/5.338", "duration": 5.338}, {"path": "sq/54/dur/5.339", "duration": 5.339}, {"path": "sq/55/dur/5.339", "duration": 5.339}, {"path": "sq/56/dur/5.338", "duration": 5.338}, {"path": "sq/57/dur/5.339", "duration": 5.339}, {"path": "sq/58/dur/5.339", "duration": 5.339}, {"path": "sq/59/dur/5.338", "duration": 5.338}, {"path": "sq/60/dur/5.339", "duration": 5.339}, {"path": "sq/61/dur/5.339", "duration": 5.339}, {"path": "sq/62/dur/5.338", "duration": 5.338}, {"path": "sq/63/dur/5.339", "duration": 5.339}, {"path": "sq/64/dur/5.339", "duration": 5.339}, {"path": "sq/65/dur/5.338", "duration": 5.338}, {"path": "sq/66/dur/5.339", "duration": 5.339}, {"path": "sq/67/dur/5.339", "duration": 5.339}, {"path": "sq/68/dur/5.338", "duration": 5.338}, {"path": "sq/69/dur/5.339", "duration": 5.339}, {"path": "sq/70/dur/5.339", "duration": 5.339}, {"path": "sq/71/dur/5.338", "duration": 5.338}, {"path": "sq/72/dur/5.339", "duration": 5.339}, {"path": "sq/73/dur/5.339", "duration": 5.339}, {"path": "sq/74/dur/5.338", "duration": 5.338}, {"path": "sq/75/dur/5.339", "duration": 5.339}, {"path": "sq/76/dur/5.339", "duration": 5.339}, {"path": "sq/77/dur/5.338", "duration": 5.338}, {"path": "sq/78/dur/5.339", "duration": 5.339}, {"path": "sq/79/dur/5.339", "duration": 5.339}, {"path": "sq/80/dur/5.338", "duration": 5.338}, {"path": "sq/81/dur/5.339", "duration": 5.339}, {"path": "sq/82/dur/5.339", "duration": 5.339}, {"path": "sq/83/dur/5.338", "duration": 5.338}, {"path": "sq/84/dur/5.339", "duration": 5.339}, {"path": "sq/85/dur/5.339", "duration": 5.339}, {"path": "sq/86/dur/5.338", "duration": 5.338}, {"path": "sq/87/dur/5.339", "duration": 5.339}, {"path": "sq/88/dur/5.339", "duration": 5.339}, {"path": "sq/89/dur/5.338", "duration": 5.338}, {"path": "sq/90/dur/5.339", "duration": 5.339}, {"path": "sq/91/dur/5.339", "duration": 5.339}, {"path": "sq/92/dur/5.338", "duration": 5.338}, {"path": "sq/93/dur/5.339", "duration": 5.339}, {"path": "sq/94/dur/5.339", "duration": 5.339}, {"path": "sq/95/dur/5.338", "duration": 5.338}, {"path": "sq/96/dur/5.339", "duration": 5.339}, {"path": "sq/97/dur/5.339", "duration": 5.339}, {"path": "sq/98/dur/5.338", "duration": 5.338}, {"path": "sq/99/dur/5.339", "duration": 5.339}, {"path": "sq/100/dur/5.339", "duration": 5.339}, {"path": "sq/101/dur/5.338", "duration": 5.338}, {"path": "sq/102/dur/5.339", "duration": 5.339}, {"path": "sq/103/dur/5.339", "duration": 5.339}, {"path": "sq/104/dur/5.338", "duration": 5.338}, {"path": "sq/105/dur/5.339", "duration": 5.339}, {"path": "sq/106/dur/5.339", "duration": 5.339}, {"path": "sq/107/dur/5.338", "duration": 5.338}, {"path": "sq/108/dur/5.339", "duration": 5.339}, {"path": "sq/109/dur/5.339", "duration": 5.339}, {"path": "sq/110/dur/5.338", "duration": 5.338}, {"path": "sq/111/dur/5.339", "duration": 5.339}, {"path": "sq/112/dur/5.339", "duration": 5.339}, {"path": "sq/113/dur/5.338", "duration": 5.338}, {"path": "sq/114/dur/5.339", "duration": 5.339}, {"path": "sq/115/dur/5.339", "duration": 5.339}, {"path": "sq/116/dur/5.338", "duration": 5.338}, {"path": "sq/117/dur/5.339", "duration": 5.339}, {"path": "sq/118/dur/5.339", "duration": 5.339}, {"path": "sq/119/dur/5.338", "duration": 5.338}, {"path": "sq/120/dur/5.339", "duration": 5.339}, {"path": "sq/121/dur/5.339", "duration": 5.339}, {"path": "sq/122/dur/5.338", "duration": 5.338}, {"path": "sq/123/dur/5.339", "duration": 5.339}, {"path": "sq/124/dur/5.339", "duration": 5.339}, {"path": "sq/125/dur/5.338", "duration": 5.338}, {"path": "sq/126/dur/5.339", "duration": 5.339}, {"path": "sq/127/dur/5.339", "duration": 5.339}, {"path": "sq/128/dur/5.338", "duration": 5.338}, {"path": "sq/129/dur/5.339", "duration": 5.339}, {"path": "sq/130/dur/5.339", "duration": 5.339}, {"path": "sq/131/dur/5.338", "duration": 5.338}, {"path": "sq/132/dur/5.339", "duration": 5.339}, {"path": "sq/133/dur/5.339", "duration": 5.339}, {"path": "sq/134/dur/5.338", "duration": 5.338}, {"path": "sq/135/dur/5.339", "duration": 5.339}, {"path": "sq/136/dur/5.339", "duration": 5.339}, {"path": "sq/137/dur/5.338", "duration": 5.338}, {"path": "sq/138/dur/5.339", "duration": 5.339}, {"path": "sq/139/dur/5.339", "duration": 5.339}, {"path": "sq/140/dur/5.338", "duration": 5.338}, {"path": "sq/141/dur/5.339", "duration": 5.339}, {"path": "sq/142/dur/1.235", "duration": 1.235}], "protocol": "http_dash_segments", "format": "135 - 854x480 (DASH video)", "http_headers": {"User-Agent": "Mozilla/5.0 (X11; Linux x86_64; rv:59.0) Gecko/20100101 Firefox/59.0", "Accept-Charset": "ISO-8859-1,utf-8;q=0.7,*;q=0.7", "Accept": "text/html,application/xhtml+xml,application/xml;q=0.9,*/*;q=0.8", "Accept-Encoding": "gzip, deflate", "Accept-Language": "en-us,en;q=0.5"}}, {"format_id": "17", "url": "https://r2---sn-o097znlk.googlevideo.com/videoplayback?ip=69.181.125.22&gir=yes&source=youtube&mm=31%2C29&mn=sn-o097znlk%2Csn-n4v7sn7s&id=o-AOUmJfp2O_ewsmVIjfluUWoswrm1Wr4BYY7dq6_oJw_U&ei=DW3wW-LPOdO1kwbBtb3YDg&ms=au%2Crdu&mt=1542483125&mv=m&pl=22&fvip=5&mime=video%2F3gpp&dur=754.184&itag=17&ipbits=0&signature=5CC491759A5D39F1025445942CB56114D2E28484.BF4758F200FC0B94E22A19DF6C9F56DCFDA8E2EE&expire=1542504814&key=yt6&initcwndbps=1797500&c=WEB&sparams=clen%2Cdur%2Cei%2Cgir%2Cid%2Cinitcwndbps%2Cip%2Cipbits%2Citag%2Clmt%2Cmime%2Cmm%2Cmn%2Cms%2Cmv%2Cpl%2Crequiressl%2Csource%2Cexpire&clen=4363852&requiressl=yes&lmt=1459059006509376&ratebypass=yes", "player_url": "/yts/jsbin/player_ias-vflof8Kxx/en_US/base.js", "ext": "3gp", "width": 176, "height": 144, "acodec": "mp4a.40.2", "abr": 24, "vcodec": "mp4v.20.3", "resolution": "176x144", "filesize": 4363852, "format_note": "small", "format": "17 - 176x144 (small)", "protocol": "https", "http_headers": {"User-Agent": "Mozilla/5.0 (X11; Linux x86_64; rv:59.0) Gecko/20100101 Firefox/59.0", "Accept-Charset": "ISO-8859-1,utf-8;q=0.7,*;q=0.7", "Accept": "text/html,application/xhtml+xml,application/xml;q=0.9,*/*;q=0.8", "Accept-Encoding": "gzip, deflate", "Accept-Language": "en-us,en;q=0.5"}}, {"format_id": "36", "url": "https://r2---sn-o097znlk.googlevideo.com/videoplayback?ip=69.181.125.22&gir=yes&source=youtube&mm=31%2C29&mn=sn-o097znlk%2Csn-n4v7sn7s&id=o-AOUmJfp2O_ewsmVIjfluUWoswrm1Wr4BYY7dq6_oJw_U&ei=DW3wW-LPOdO1kwbBtb3YDg&ms=au%2Crdu&mt=1542483125&mv=m&pl=22&fvip=5&mime=video%2F3gpp&dur=754.184&itag=36&ipbits=0&signature=1BFB9D9113A0B1E313C546A19E8C90165F1E2525.24731988E52039E18176CD5A6DD6BBE1420E4D2F&expire=1542504814&key=yt6&initcwndbps=1797500&c=WEB&sparams=clen%2Cdur%2Cei%2Cgir%2Cid%2Cinitcwndbps%2Cip%2Cipbits%2Citag%2Clmt%2Cmime%2Cmm%2Cmn%2Cms%2Cmv%2Cpl%2Crequiressl%2Csource%2Cexpire&clen=13881305&requiressl=yes&lmt=1459059006267067&ratebypass=yes", "player_url": "/yts/jsbin/player_ias-vflof8Kxx/en_US/base.js", "ext": "3gp", "width": 320, "acodec": "mp4a.40.2", "vcodec": "mp4v.20.3", "resolution": "320x180", "height": 180, "filesize": 13881305, "format_note": "small", "format": "36 - 320x180 (small)", "protocol": "https", "http_headers": {"User-Agent": "Mozilla/5.0 (X11; Linux x86_64; rv:59.0) Gecko/20100101 Firefox/59.0", "Accept-Charset": "ISO-8859-1,utf-8;q=0.7,*;q=0.7", "Accept": "text/html,application/xhtml+xml,application/xml;q=0.9,*/*;q=0.8", "Accept-Encoding": "gzip, deflate", "Accept-Language": "en-us,en;q=0.5"}}, {"format_id": "18", "url": "https://r2---sn-o097znlk.googlevideo.com/videoplayback?ratebypass=yes&ip=69.181.125.22&gir=yes&source=youtube&mm=31%2C29&mn=sn-o097znlk%2Csn-n4v7sn7s&id=o-AOUmJfp2O_ewsmVIjfluUWoswrm1Wr4BYY7dq6_oJw_U&ei=DW3wW-LPOdO1kwbBtb3YDg&ms=au%2Crdu&mt=1542483125&mv=m&pl=22&fvip=5&mime=video%2Fmp4&dur=754.114&itag=18&ipbits=0&signature=454F78B0475719FBDF93AD5E0C22085BCAA5AEED.132A78501C711E4876B490AFAB49D4B8A01309B3&expire=1542504814&key=yt6&initcwndbps=1797500&c=WEB&sparams=clen%2Cdur%2Cei%2Cgir%2Cid%2Cinitcwndbps%2Cip%2Cipbits%2Citag%2Clmt%2Cmime%2Cmm%2Cmn%2Cms%2Cmv%2Cpl%2Cratebypass%2Crequiressl%2Csource%2Cexpire&clen=25657991&requiressl=yes&lmt=1459059037814431", "player_url": "/yts/jsbin/player_ias-vflof8Kxx/en_US/base.js", "ext": "mp4", "width": 640, "height": 360, "acodec": "mp4a.40.2", "abr": 96, "vcodec": "avc1.42001E", "resolution": "640x360", "filesize": 25657991, "format_note": "medium", "quality": 1, "format": "18 - 640x360 (medium)", "protocol": "https", "http_headers": {"User-Agent": "Mozilla/5.0 (X11; Linux x86_64; rv:59.0) Gecko/20100101 Firefox/59.0", "Accept-Charset": "ISO-8859-1,utf-8;q=0.7,*;q=0.7", "Accept": "text/html,application/xhtml+xml,application/xml;q=0.9,*/*;q=0.8", "Accept-Encoding": "gzip, deflate", "Accept-Language": "en-us,en;q=0.5"}}, {"format_id": "43", "url": "https://r2---sn-o097znlk.googlevideo.com/videoplayback?ratebypass=yes&ip=69.181.125.22&gir=yes&source=youtube&mm=31%2C29&mn=sn-o097znlk%2Csn-n4v7sn7s&id=o-AOUmJfp2O_ewsmVIjfluUWoswrm1Wr4BYY7dq6_oJw_U&ei=DW3wW-LPOdO1kwbBtb3YDg&ms=au%2Crdu&mt=1542483125&mv=m&pl=22&fvip=5&mime=video%2Fwebm&dur=0.000&itag=43&ipbits=0&signature=3B2D68CF9F090428EE081982066131739D5A74E6.881E5C338F33D521985852CEBB4C6DEC2659C8F3&expire=1542504814&key=yt6&initcwndbps=1797500&c=WEB&sparams=clen%2Cdur%2Cei%2Cgir%2Cid%2Cinitcwndbps%2Cip%2Cipbits%2Citag%2Clmt%2Cmime%2Cmm%2Cmn%2Cms%2Cmv%2Cpl%2Cratebypass%2Crequiressl%2Csource%2Cexpire&clen=26278164&requiressl=yes&lmt=1459493196397379", "player_url": "/yts/jsbin/player_ias-vflof8Kxx/en_US/base.js", "ext": "webm", "width": 640, "height": 360, "acodec": "vorbis", "abr": 128, "vcodec": "vp8.0", "resolution": "640x360", "filesize": 26278164, "format_note": "medium", "quality": 1, "format": "43 - 640x360 (medium)", "protocol": "https", "http_headers": {"User-Agent": "Mozilla/5.0 (X11; Linux x86_64; rv:59.0) Gecko/20100101 Firefox/59.0", "Accept-Charset": "ISO-8859-1,utf-8;q=0.7,*;q=0.7", "Accept": "text/html,application/xhtml+xml,application/xml;q=0.9,*/*;q=0.8", "Accept-Encoding": "gzip, deflate", "Accept-Language": "en-us,en;q=0.5"}}], "is_live": null, "start_time": null, "end_time": null, "series": null, "season_number": null, "episode_number": null, "track": null, "artist": null, "extractor": "youtube", "webpage_url_basename": "2baHDVfRyM4", "extractor_key": "Youtube", "n_entries": 81, "playlist": "Natural Language Processing - Coursera [FULL COURSE] | University of Michigan", "playlist_id": "PLLssT5z_DsK8BdawOVCCaTCO99Ya58ryR", "playlist_title": "Natural Language Processing - Coursera [FULL COURSE] | University of Michigan", "playlist_uploader": "Artificial Intelligence - All in One", "playlist_uploader_id": "UC5zx8Owijmv-bbhAK6Z9apg", "playlist_index": 30, "thumbnails": [{"url": "https://i.ytimg.com/vi/2baHDVfRyM4/hqdefault.jpg", "id": "0"}], "display_id": "2baHDVfRyM4", "format_id": "43", "url": "https://r2---sn-o097znlk.googlevideo.com/videoplayback?ratebypass=yes&ip=69.181.125.22&gir=yes&source=youtube&mm=31%2C29&mn=sn-o097znlk%2Csn-n4v7sn7s&id=o-AOUmJfp2O_ewsmVIjfluUWoswrm1Wr4BYY7dq6_oJw_U&ei=DW3wW-LPOdO1kwbBtb3YDg&ms=au%2Crdu&mt=1542483125&mv=m&pl=22&fvip=5&mime=video%2Fwebm&dur=0.000&itag=43&ipbits=0&signature=3B2D68CF9F090428EE081982066131739D5A74E6.881E5C338F33D521985852CEBB4C6DEC2659C8F3&expire=1542504814&key=yt6&initcwndbps=1797500&c=WEB&sparams=clen%2Cdur%2Cei%2Cgir%2Cid%2Cinitcwndbps%2Cip%2Cipbits%2Citag%2Clmt%2Cmime%2Cmm%2Cmn%2Cms%2Cmv%2Cpl%2Cratebypass%2Crequiressl%2Csource%2Cexpire&clen=26278164&requiressl=yes&lmt=1459493196397379", "player_url": "/yts/jsbin/player_ias-vflof8Kxx/en_US/base.js", "ext": "webm", "width": 640, "height": 360, "acodec": "vorbis", "abr": 128, "vcodec": "vp8.0", "resolution": "640x360", "filesize": 26278164, "format_note": "medium", "quality": 1, "format": "43 - 640x360 (medium)", "protocol": "https", "http_headers": {"User-Agent": "Mozilla/5.0 (X11; Linux x86_64; rv:59.0) Gecko/20100101 Firefox/59.0", "Accept-Charset": "ISO-8859-1,utf-8;q=0.7,*;q=0.7", "Accept": "text/html,application/xhtml+xml,application/xml;q=0.9,*/*;q=0.8", "Accept-Encoding": "gzip, deflate", "Accept-Language": "en-us,en;q=0.5"}, "fulltitle": "Lecture 30 \u2014 Prepositional phrase attachment (3/3) | Natural Language Processing | Michigan", "_filename": "Lecture 30 \u2014 Prepositional phrase attachment (3_3) _ Natural Language Processing _ Michigan-2baHDVfRyM4.webm"}