{"id": "16KCrsiFn34", "uploader": "Artificial Intelligence - All in One", "uploader_id": "UC5zx8Owijmv-bbhAK6Z9apg", "uploader_url": "http://www.youtube.com/channel/UC5zx8Owijmv-bbhAK6Z9apg", "channel_id": "UC5zx8Owijmv-bbhAK6Z9apg", "channel_url": "http://www.youtube.com/channel/UC5zx8Owijmv-bbhAK6Z9apg", "upload_date": "20160327", "license": null, "creator": null, "title": "Lecture 36 \u2014 Bayes Theorem - Natural Language Processing | University of Michigan", "alt_title": null, "thumbnail": "https://i.ytimg.com/vi/16KCrsiFn34/hqdefault.jpg", "description": ".\nCopyright Disclaimer Under Section 107 of the Copyright Act 1976, allowance is made for \"FAIR USE\" for purposes such as criticism, comment, news reporting, teaching, scholarship, and research. Fair use is a use permitted by copyright statute that might otherwise be infringing. Non-profit, educational or personal use tips the balance in favor of fair use.\n.", "categories": ["Science & Technology"], "tags": ["Natural Language Processing", "Language Processing", "University of Michigan", "Michigan", "NLP", "Coursera", "Dragomir R. Radev", "Computational Linguistics", "Linguistics", "Information Retrieval", "Computer Science", "Video Lecture", "Video Tutorial", "Video Course", "Course", "Data Science", "Bayes Theorem", "Bayes"], "subtitles": {}, "automatic_captions": {}, "duration": 649, "age_limit": 0, "annotations": null, "chapters": null, "webpage_url": "https://www.youtube.com/watch?v=16KCrsiFn34", "view_count": 1182, "like_count": 5, "dislike_count": 0, "average_rating": 5.0, "formats": [{"ext": "m4a", "format_note": "DASH audio", "acodec": "mp4a.40.5", "abr": 48, "container": "m4a_dash", "format_id": "139", "url": "https://r4---sn-n4v7sn7s.googlevideo.com/videoplayback/id/d7a282aec8859f7e/itag/139/source/youtube/requiressl/yes/initcwndbps/1797500/ei/M23wW9exHMiRkgb9ooF4/mn/sn-n4v7sn7s,sn-a5mlrnez/mm/31,26/mv/m/pl/22/ms/au,onr/ratebypass/yes/mime/audio%2Fmp4/otfp/1/gir/yes/clen/3866113/lmt/1519976068418592/dur/648.719/fvip/4/mt/1542483125/disable_polymer/true/ip/69.181.125.22/ipbits/0/expire/1542504851/sparams/ip,ipbits,expire,id,itag,source,requiressl,initcwndbps,ei,mn,mm,mv,pl,ms,ratebypass,mime,otfp,gir,clen,lmt,dur/signature/2350CFFC59ACC0EB30E82B3D8CDBF75F3AEA0207.60CC4A90E1FE736D0528F9AF9E7B6D9047C892EB/key/dg_yt0/", "manifest_url": "https://manifest.googlevideo.com/api/manifest/dash/expire/1542504851/signature/6AE03F584B8093F11FF329B2FE65A5FC2633E865.0AF919E00D724A0BA40CE0CCC6083F6CFD9EC700/hfr/all/as/fmp4_audio_clear%2Cfmp4_sd_hd_clear/ipbits/0/initcwndbps/1797500/ip/69.181.125.22/key/yt6/playback_host/r4---sn-n4v7sn7s.googlevideo.com/ei/M23wW9exHMiRkgb9ooF4/mn/sn-n4v7sn7s%2Csn-a5mlrnez/source/youtube/mm/31%2C26/sparams/as%2Cei%2Chfr%2Cid%2Cinitcwndbps%2Cip%2Cipbits%2Citag%2Cmm%2Cmn%2Cms%2Cmv%2Cpl%2Cplayback_host%2Crequiressl%2Csource%2Cexpire/itag/0/fvip/4/id/d7a282aec8859f7e/mv/m/pl/22/mt/1542483125/requiressl/yes/ms/au%2Conr", "width": null, "height": null, "tbr": 51.13, "asr": 22050, "fps": null, "language": null, "filesize": 3866113, "vcodec": "none", "fragment_base_url": "https://r4---sn-n4v7sn7s.googlevideo.com/videoplayback/id/d7a282aec8859f7e/itag/139/source/youtube/requiressl/yes/initcwndbps/1797500/ei/M23wW9exHMiRkgb9ooF4/mn/sn-n4v7sn7s,sn-a5mlrnez/mm/31,26/mv/m/pl/22/ms/au,onr/ratebypass/yes/mime/audio%2Fmp4/otfp/1/gir/yes/clen/3866113/lmt/1519976068418592/dur/648.719/fvip/4/mt/1542483125/disable_polymer/true/ip/69.181.125.22/ipbits/0/expire/1542504851/sparams/ip,ipbits,expire,id,itag,source,requiressl,initcwndbps,ei,mn,mm,mv,pl,ms,ratebypass,mime,otfp,gir,clen,lmt,dur/signature/2350CFFC59ACC0EB30E82B3D8CDBF75F3AEA0207.60CC4A90E1FE736D0528F9AF9E7B6D9047C892EB/key/dg_yt0/", "fragments": [{"path": "range/0-593"}, {"path": "range/2186-32058", "duration": 5.016}, {"path": "range/32059-62118", "duration": 5.015}, {"path": "range/62119-91707", "duration": 4.969}, {"path": "range/91708-121558", "duration": 5.016}, {"path": "range/121559-151388", "duration": 5.015}, {"path": "range/151389-180951", "duration": 4.969}, {"path": "range/180952-210843", "duration": 5.016}, {"path": "range/210844-240730", "duration": 5.015}, {"path": "range/240731-270315", "duration": 4.969}, {"path": "range/270316-300167", "duration": 5.016}, {"path": "range/300168-330186", "duration": 5.015}, {"path": "range/330187-359725", "duration": 4.969}, {"path": "range/359726-389526", "duration": 5.016}, {"path": "range/389527-419486", "duration": 5.015}, {"path": "range/419487-449091", "duration": 4.969}, {"path": "range/449092-478893", "duration": 5.016}, {"path": "range/478894-508789", "duration": 5.015}, {"path": "range/508790-538368", "duration": 4.97}, {"path": "range/538369-568335", "duration": 5.015}, {"path": "range/568336-598153", "duration": 5.016}, {"path": "range/598154-627690", "duration": 4.969}, {"path": "range/627691-657565", "duration": 5.015}, {"path": "range/657566-687448", "duration": 5.016}, {"path": "range/687449-717080", "duration": 4.969}, {"path": "range/717081-746908", "duration": 5.015}, {"path": "range/746909-776821", "duration": 5.016}, {"path": "range/776822-806398", "duration": 4.969}, {"path": "range/806399-836377", "duration": 5.015}, {"path": "range/836378-866169", "duration": 5.016}, {"path": "range/866170-895723", "duration": 4.969}, {"path": "range/895724-925612", "duration": 5.015}, {"path": "range/925613-955484", "duration": 5.016}, {"path": "range/955485-985121", "duration": 4.969}, {"path": "range/985122-1014924", "duration": 5.015}, {"path": "range/1014925-1044961", "duration": 5.016}, {"path": "range/1044962-1074451", "duration": 4.969}, {"path": "range/1074452-1104297", "duration": 5.016}, {"path": "range/1104298-1134220", "duration": 5.015}, {"path": "range/1134221-1163737", "duration": 4.969}, {"path": "range/1163738-1193630", "duration": 5.016}, {"path": "range/1193631-1223598", "duration": 5.015}, {"path": "range/1223599-1253107", "duration": 4.969}, {"path": "range/1253108-1282971", "duration": 5.016}, {"path": "range/1282972-1312861", "duration": 5.015}, {"path": "range/1312862-1342407", "duration": 4.969}, {"path": "range/1342408-1372366", "duration": 5.016}, {"path": "range/1372367-1402195", "duration": 5.015}, {"path": "range/1402196-1431797", "duration": 4.969}, {"path": "range/1431798-1461676", "duration": 5.016}, {"path": "range/1461677-1491546", "duration": 5.015}, {"path": "range/1491547-1521209", "duration": 4.97}, {"path": "range/1521210-1550976", "duration": 5.015}, {"path": "range/1550977-1580874", "duration": 5.016}, {"path": "range/1580875-1610467", "duration": 4.969}, {"path": "range/1610468-1640431", "duration": 5.015}, {"path": "range/1640432-1670201", "duration": 5.016}, {"path": "range/1670202-1699929", "duration": 4.969}, {"path": "range/1699930-1729653", "duration": 5.015}, {"path": "range/1729654-1759583", "duration": 5.016}, {"path": "range/1759584-1789167", "duration": 4.969}, {"path": "range/1789168-1819110", "duration": 5.015}, {"path": "range/1819111-1848975", "duration": 5.016}, {"path": "range/1848976-1878581", "duration": 4.969}, {"path": "range/1878582-1908475", "duration": 5.015}, {"path": "range/1908476-1938281", "duration": 5.016}, {"path": "range/1938282-1967908", "duration": 4.969}, {"path": "range/1967909-1997746", "duration": 5.015}, {"path": "range/1997747-2027650", "duration": 5.016}, {"path": "range/2027651-2057184", "duration": 4.969}, {"path": "range/2057185-2087033", "duration": 5.016}, {"path": "range/2087034-2116938", "duration": 5.015}, {"path": "range/2116939-2146498", "duration": 4.969}, {"path": "range/2146499-2176443", "duration": 5.016}, {"path": "range/2176444-2206297", "duration": 5.015}, {"path": "range/2206298-2235926", "duration": 4.969}, {"path": "range/2235927-2265746", "duration": 5.016}, {"path": "range/2265747-2295598", "duration": 5.015}, {"path": "range/2295599-2325234", "duration": 4.969}, {"path": "range/2325235-2355157", "duration": 5.016}, {"path": "range/2355158-2385021", "duration": 5.015}, {"path": "range/2385022-2414581", "duration": 4.969}, {"path": "range/2414582-2444418", "duration": 5.016}, {"path": "range/2444419-2474291", "duration": 5.015}, {"path": "range/2474292-2503883", "duration": 4.97}, {"path": "range/2503884-2533805", "duration": 5.015}, {"path": "range/2533806-2563717", "duration": 5.016}, {"path": "range/2563718-2593337", "duration": 4.969}, {"path": "range/2593338-2623097", "duration": 5.015}, {"path": "range/2623098-2653073", "duration": 5.016}, {"path": "range/2653074-2682610", "duration": 4.969}, {"path": "range/2682611-2712450", "duration": 5.015}, {"path": "range/2712451-2742393", "duration": 5.016}, {"path": "range/2742394-2771950", "duration": 4.969}, {"path": "range/2771951-2801800", "duration": 5.015}, {"path": "range/2801801-2831687", "duration": 5.016}, {"path": "range/2831688-2861280", "duration": 4.969}, {"path": "range/2861281-2891142", "duration": 5.015}, {"path": "range/2891143-2921005", "duration": 5.016}, {"path": "range/2921006-2950682", "duration": 4.969}, {"path": "range/2950683-2980491", "duration": 5.015}, {"path": "range/2980492-3010418", "duration": 5.016}, {"path": "range/3010419-3039993", "duration": 4.969}, {"path": "range/3039994-3069896", "duration": 5.016}, {"path": "range/3069897-3099688", "duration": 5.015}, {"path": "range/3099689-3129295", "duration": 4.969}, {"path": "range/3129296-3159252", "duration": 5.016}, {"path": "range/3159253-3189033", "duration": 5.015}, {"path": "range/3189034-3218680", "duration": 4.969}, {"path": "range/3218681-3248527", "duration": 5.016}, {"path": "range/3248528-3278421", "duration": 5.015}, {"path": "range/3278422-3307955", "duration": 4.969}, {"path": "range/3307956-3337911", "duration": 5.016}, {"path": "range/3337912-3367861", "duration": 5.015}, {"path": "range/3367862-3397375", "duration": 4.969}, {"path": "range/3397376-3427347", "duration": 5.016}, {"path": "range/3427348-3457079", "duration": 5.015}, {"path": "range/3457080-3486780", "duration": 4.97}, {"path": "range/3486781-3516536", "duration": 5.015}, {"path": "range/3516537-3546496", "duration": 5.016}, {"path": "range/3546497-3576051", "duration": 4.969}, {"path": "range/3576052-3605918", "duration": 5.015}, {"path": "range/3605919-3635829", "duration": 5.016}, {"path": "range/3635830-3665419", "duration": 4.969}, {"path": "range/3665420-3695314", "duration": 5.015}, {"path": "range/3695315-3725170", "duration": 5.016}, {"path": "range/3725171-3754728", "duration": 4.969}, {"path": "range/3754729-3784638", "duration": 5.015}, {"path": "range/3784639-3814549", "duration": 5.016}, {"path": "range/3814550-3844040", "duration": 4.969}, {"path": "range/3844041-3866112", "duration": 3.715}], "protocol": "http_dash_segments", "format": "139 - audio only (DASH audio)", "http_headers": {"User-Agent": "Mozilla/5.0 (X11; Linux x86_64; rv:59.0) Gecko/20100101 Firefox/59.0", "Accept-Charset": "ISO-8859-1,utf-8;q=0.7,*;q=0.7", "Accept": "text/html,application/xhtml+xml,application/xml;q=0.9,*/*;q=0.8", "Accept-Encoding": "gzip, deflate", "Accept-Language": "en-us,en;q=0.5"}}, {"ext": "m4a", "format_note": "DASH audio", "acodec": "mp4a.40.2", "abr": 128, "container": "m4a_dash", "format_id": "140", "url": "https://r4---sn-n4v7sn7s.googlevideo.com/videoplayback/id/d7a282aec8859f7e/itag/140/source/youtube/requiressl/yes/initcwndbps/1797500/ei/M23wW9exHMiRkgb9ooF4/mn/sn-n4v7sn7s,sn-a5mlrnez/mm/31,26/mv/m/pl/22/ms/au,onr/ratebypass/yes/mime/audio%2Fmp4/otfp/1/gir/yes/clen/7715967/lmt/1519976068615337/dur/648.672/fvip/4/mt/1542483125/disable_polymer/true/ip/69.181.125.22/ipbits/0/expire/1542504851/sparams/ip,ipbits,expire,id,itag,source,requiressl,initcwndbps,ei,mn,mm,mv,pl,ms,ratebypass,mime,otfp,gir,clen,lmt,dur/signature/174B4DE3A75866CEC4B08ABE75B211AD381633D1.1ABD1C0B30ECBC9392C2A4DF8C15C23123AE29F8/key/dg_yt0/", "manifest_url": "https://manifest.googlevideo.com/api/manifest/dash/expire/1542504851/signature/6AE03F584B8093F11FF329B2FE65A5FC2633E865.0AF919E00D724A0BA40CE0CCC6083F6CFD9EC700/hfr/all/as/fmp4_audio_clear%2Cfmp4_sd_hd_clear/ipbits/0/initcwndbps/1797500/ip/69.181.125.22/key/yt6/playback_host/r4---sn-n4v7sn7s.googlevideo.com/ei/M23wW9exHMiRkgb9ooF4/mn/sn-n4v7sn7s%2Csn-a5mlrnez/source/youtube/mm/31%2C26/sparams/as%2Cei%2Chfr%2Cid%2Cinitcwndbps%2Cip%2Cipbits%2Citag%2Cmm%2Cmn%2Cms%2Cmv%2Cpl%2Cplayback_host%2Crequiressl%2Csource%2Cexpire/itag/0/fvip/4/id/d7a282aec8859f7e/mv/m/pl/22/mt/1542483125/requiressl/yes/ms/au%2Conr", "width": null, "height": null, "tbr": 98.606, "asr": 44100, "fps": null, "language": null, "filesize": 7715967, "vcodec": "none", "fragment_base_url": "https://r4---sn-n4v7sn7s.googlevideo.com/videoplayback/id/d7a282aec8859f7e/itag/140/source/youtube/requiressl/yes/initcwndbps/1797500/ei/M23wW9exHMiRkgb9ooF4/mn/sn-n4v7sn7s,sn-a5mlrnez/mm/31,26/mv/m/pl/22/ms/au,onr/ratebypass/yes/mime/audio%2Fmp4/otfp/1/gir/yes/clen/7715967/lmt/1519976068615337/dur/648.672/fvip/4/mt/1542483125/disable_polymer/true/ip/69.181.125.22/ipbits/0/expire/1542504851/sparams/ip,ipbits,expire,id,itag,source,requiressl,initcwndbps,ei,mn,mm,mv,pl,ms,ratebypass,mime,otfp,gir,clen,lmt,dur/signature/174B4DE3A75866CEC4B08ABE75B211AD381633D1.1ABD1C0B30ECBC9392C2A4DF8C15C23123AE29F8/key/dg_yt0/", "fragments": [{"path": "range/0-591"}, {"path": "range/2184-61825", "duration": 5.016}, {"path": "range/61826-121298", "duration": 5.015}, {"path": "range/121299-180668", "duration": 4.969}, {"path": "range/180669-240290", "duration": 5.016}, {"path": "range/240291-299708", "duration": 5.015}, {"path": "range/299709-359083", "duration": 4.969}, {"path": "range/359084-418677", "duration": 5.016}, {"path": "range/418678-478052", "duration": 5.015}, {"path": "range/478053-537424", "duration": 4.969}, {"path": "range/537425-597076", "duration": 5.016}, {"path": "range/597077-656448", "duration": 5.015}, {"path": "range/656449-715879", "duration": 4.969}, {"path": "range/715880-775430", "duration": 5.016}, {"path": "range/775431-834786", "duration": 5.015}, {"path": "range/834787-894177", "duration": 4.969}, {"path": "range/894178-953790", "duration": 5.016}, {"path": "range/953791-1013179", "duration": 5.015}, {"path": "range/1013180-1072646", "duration": 4.97}, {"path": "range/1072647-1132282", "duration": 5.015}, {"path": "range/1132283-1191579", "duration": 5.016}, {"path": "range/1191580-1251022", "duration": 4.969}, {"path": "range/1251023-1310546", "duration": 5.015}, {"path": "range/1310547-1369986", "duration": 5.016}, {"path": "range/1369987-1429282", "duration": 4.969}, {"path": "range/1429283-1488927", "duration": 5.015}, {"path": "range/1488928-1548318", "duration": 5.016}, {"path": "range/1548319-1607642", "duration": 4.969}, {"path": "range/1607643-1667408", "duration": 5.015}, {"path": "range/1667409-1726672", "duration": 5.016}, {"path": "range/1726673-1786084", "duration": 4.969}, {"path": "range/1786085-1845749", "duration": 5.015}, {"path": "range/1845750-1905114", "duration": 5.016}, {"path": "range/1905115-1964432", "duration": 4.969}, {"path": "range/1964433-2024004", "duration": 5.015}, {"path": "range/2024005-2083482", "duration": 5.016}, {"path": "range/2083483-2142793", "duration": 4.969}, {"path": "range/2142794-2202398", "duration": 5.016}, {"path": "range/2202399-2261820", "duration": 5.015}, {"path": "range/2261821-2321150", "duration": 4.969}, {"path": "range/2321151-2380849", "duration": 5.016}, {"path": "range/2380850-2440241", "duration": 5.015}, {"path": "range/2440242-2499544", "duration": 4.969}, {"path": "range/2499545-2559194", "duration": 5.016}, {"path": "range/2559195-2618628", "duration": 5.015}, {"path": "range/2618629-2677903", "duration": 4.969}, {"path": "range/2677904-2737597", "duration": 5.016}, {"path": "range/2737598-2796911", "duration": 5.015}, {"path": "range/2796912-2856288", "duration": 4.969}, {"path": "range/2856289-2915961", "duration": 5.016}, {"path": "range/2915962-2975276", "duration": 5.015}, {"path": "range/2975277-3034673", "duration": 4.97}, {"path": "range/3034674-3094300", "duration": 5.015}, {"path": "range/3094301-3153659", "duration": 5.016}, {"path": "range/3153660-3213011", "duration": 4.969}, {"path": "range/3213012-3272729", "duration": 5.015}, {"path": "range/3272730-3332024", "duration": 5.016}, {"path": "range/3332025-3391471", "duration": 4.969}, {"path": "range/3391472-3451027", "duration": 5.015}, {"path": "range/3451028-3510454", "duration": 5.016}, {"path": "range/3510455-3569856", "duration": 4.969}, {"path": "range/3569857-3629409", "duration": 5.015}, {"path": "range/3629410-3688834", "duration": 5.016}, {"path": "range/3688835-3748218", "duration": 4.969}, {"path": "range/3748219-3807822", "duration": 5.015}, {"path": "range/3807823-3867201", "duration": 5.016}, {"path": "range/3867202-3926540", "duration": 4.969}, {"path": "range/3926541-3986164", "duration": 5.015}, {"path": "range/3986165-4045634", "duration": 5.016}, {"path": "range/4045635-4104928", "duration": 4.969}, {"path": "range/4104929-4164536", "duration": 5.016}, {"path": "range/4164537-4223901", "duration": 5.015}, {"path": "range/4223902-4283269", "duration": 4.969}, {"path": "range/4283270-4342938", "duration": 5.016}, {"path": "range/4342939-4402324", "duration": 5.015}, {"path": "range/4402325-4461648", "duration": 4.969}, {"path": "range/4461649-4521291", "duration": 5.016}, {"path": "range/4521292-4580650", "duration": 5.015}, {"path": "range/4580651-4640034", "duration": 4.969}, {"path": "range/4640035-4699680", "duration": 5.016}, {"path": "range/4699681-4759115", "duration": 5.015}, {"path": "range/4759116-4818427", "duration": 4.969}, {"path": "range/4818428-4878114", "duration": 5.016}, {"path": "range/4878115-4937393", "duration": 5.015}, {"path": "range/4937394-4996777", "duration": 4.97}, {"path": "range/4996778-5056430", "duration": 5.015}, {"path": "range/5056431-5115902", "duration": 5.016}, {"path": "range/5115903-5175229", "duration": 4.969}, {"path": "range/5175230-5234787", "duration": 5.015}, {"path": "range/5234788-5294235", "duration": 5.016}, {"path": "range/5294236-5353536", "duration": 4.969}, {"path": "range/5353537-5413157", "duration": 5.015}, {"path": "range/5413158-5472570", "duration": 5.016}, {"path": "range/5472571-5531892", "duration": 4.969}, {"path": "range/5531893-5591697", "duration": 5.015}, {"path": "range/5591698-5650939", "duration": 5.016}, {"path": "range/5650940-5710278", "duration": 4.969}, {"path": "range/5710279-5769909", "duration": 5.015}, {"path": "range/5769910-5829296", "duration": 5.016}, {"path": "range/5829297-5888672", "duration": 4.969}, {"path": "range/5888673-5948316", "duration": 5.015}, {"path": "range/5948317-6007678", "duration": 5.016}, {"path": "range/6007679-6067022", "duration": 4.969}, {"path": "range/6067023-6126671", "duration": 5.016}, {"path": "range/6126672-6186041", "duration": 5.015}, {"path": "range/6186042-6245380", "duration": 4.969}, {"path": "range/6245381-6305079", "duration": 5.016}, {"path": "range/6305080-6364425", "duration": 5.015}, {"path": "range/6364426-6423774", "duration": 4.969}, {"path": "range/6423775-6483506", "duration": 5.016}, {"path": "range/6483507-6542764", "duration": 5.015}, {"path": "range/6542765-6602130", "duration": 4.969}, {"path": "range/6602131-6661835", "duration": 5.016}, {"path": "range/6661836-6721163", "duration": 5.015}, {"path": "range/6721164-6780575", "duration": 4.969}, {"path": "range/6780576-6840201", "duration": 5.016}, {"path": "range/6840202-6899557", "duration": 5.015}, {"path": "range/6899558-6958926", "duration": 4.97}, {"path": "range/6958927-7018525", "duration": 5.015}, {"path": "range/7018526-7077941", "duration": 5.016}, {"path": "range/7077942-7137336", "duration": 4.969}, {"path": "range/7137337-7197005", "duration": 5.015}, {"path": "range/7197006-7256285", "duration": 5.016}, {"path": "range/7256286-7315674", "duration": 4.969}, {"path": "range/7315675-7375346", "duration": 5.015}, {"path": "range/7375347-7434761", "duration": 5.016}, {"path": "range/7434762-7494013", "duration": 4.969}, {"path": "range/7494014-7553715", "duration": 5.015}, {"path": "range/7553716-7613053", "duration": 5.016}, {"path": "range/7613054-7672423", "duration": 4.969}, {"path": "range/7672424-7715966", "duration": 3.715}], "protocol": "http_dash_segments", "format": "140 - audio only (DASH audio)", "http_headers": {"User-Agent": "Mozilla/5.0 (X11; Linux x86_64; rv:59.0) Gecko/20100101 Firefox/59.0", "Accept-Charset": "ISO-8859-1,utf-8;q=0.7,*;q=0.7", "Accept": "text/html,application/xhtml+xml,application/xml;q=0.9,*/*;q=0.8", "Accept-Encoding": "gzip, deflate", "Accept-Language": "en-us,en;q=0.5"}}, {"ext": "mp4", "height": 144, "format_note": "DASH video", "vcodec": "avc1.4d400b", "format_id": "160", "url": "https://r4---sn-n4v7sn7s.googlevideo.com/videoplayback/id/d7a282aec8859f7e/itag/160/source/yt_otf/requiressl/yes/initcwndbps/1797500/ei/M23wW9exHMiRkgb9ooF4/mn/sn-n4v7sn7s,sn-a5mlrnez/mm/31,26/mv/m/pl/22/ms/au,onr/ratebypass/yes/mime/video%2Fmp4/otfp/1/otf/1/lmt/1459059218170533/fvip/4/mt/1542483125/disable_polymer/true/ip/69.181.125.22/ipbits/0/expire/1542504851/sparams/ip,ipbits,expire,id,itag,source,requiressl,initcwndbps,ei,mn,mm,mv,pl,ms,ratebypass,mime,otfp,otf,lmt/signature/75CA49BB61611B5959CE001A89DB08E3D7D7E9C3.224B921B0A0CCE03DA990661C73D13F7FBB47025/key/dg_yt0/", "manifest_url": "https://manifest.googlevideo.com/api/manifest/dash/expire/1542504851/signature/6AE03F584B8093F11FF329B2FE65A5FC2633E865.0AF919E00D724A0BA40CE0CCC6083F6CFD9EC700/hfr/all/as/fmp4_audio_clear%2Cfmp4_sd_hd_clear/ipbits/0/initcwndbps/1797500/ip/69.181.125.22/key/yt6/playback_host/r4---sn-n4v7sn7s.googlevideo.com/ei/M23wW9exHMiRkgb9ooF4/mn/sn-n4v7sn7s%2Csn-a5mlrnez/source/youtube/mm/31%2C26/sparams/as%2Cei%2Chfr%2Cid%2Cinitcwndbps%2Cip%2Cipbits%2Citag%2Cmm%2Cmn%2Cms%2Cmv%2Cpl%2Cplayback_host%2Crequiressl%2Csource%2Cexpire/itag/0/fvip/4/id/d7a282aec8859f7e/mv/m/pl/22/mt/1542483125/requiressl/yes/ms/au%2Conr", "width": 256, "tbr": 108.0, "asr": null, "fps": 30, "language": null, "filesize": null, "container": "mp4_dash", "acodec": "none", "fragment_base_url": "https://r4---sn-n4v7sn7s.googlevideo.com/videoplayback/id/d7a282aec8859f7e/itag/160/source/yt_otf/requiressl/yes/initcwndbps/1797500/ei/M23wW9exHMiRkgb9ooF4/mn/sn-n4v7sn7s,sn-a5mlrnez/mm/31,26/mv/m/pl/22/ms/au,onr/ratebypass/yes/mime/video%2Fmp4/otfp/1/otf/1/lmt/1459059218170533/fvip/4/mt/1542483125/disable_polymer/true/ip/69.181.125.22/ipbits/0/expire/1542504851/sparams/ip,ipbits,expire,id,itag,source,requiressl,initcwndbps,ei,mn,mm,mv,pl,ms,ratebypass,mime,otfp,otf,lmt/signature/75CA49BB61611B5959CE001A89DB08E3D7D7E9C3.224B921B0A0CCE03DA990661C73D13F7FBB47025/key/dg_yt0/", "fragments": [{"path": "sq/0"}, {"path": "sq/1/dur/5.339", "duration": 5.339}, {"path": "sq/2/dur/5.338", "duration": 5.338}, {"path": "sq/3/dur/5.339", "duration": 5.339}, {"path": "sq/4/dur/5.339", "duration": 5.339}, {"path": "sq/5/dur/5.338", "duration": 5.338}, {"path": "sq/6/dur/5.339", "duration": 5.339}, {"path": "sq/7/dur/5.339", "duration": 5.339}, {"path": "sq/8/dur/5.338", "duration": 5.338}, {"path": "sq/9/dur/5.339", "duration": 5.339}, {"path": "sq/10/dur/5.339", "duration": 5.339}, {"path": "sq/11/dur/5.338", "duration": 5.338}, {"path": "sq/12/dur/5.339", "duration": 5.339}, {"path": "sq/13/dur/5.339", "duration": 5.339}, {"path": "sq/14/dur/5.338", "duration": 5.338}, {"path": "sq/15/dur/5.339", "duration": 5.339}, {"path": "sq/16/dur/5.339", "duration": 5.339}, {"path": "sq/17/dur/5.338", "duration": 5.338}, {"path": "sq/18/dur/5.339", "duration": 5.339}, {"path": "sq/19/dur/5.339", "duration": 5.339}, {"path": "sq/20/dur/5.338", "duration": 5.338}, {"path": "sq/21/dur/5.339", "duration": 5.339}, {"path": "sq/22/dur/5.339", "duration": 5.339}, {"path": "sq/23/dur/5.338", "duration": 5.338}, {"path": "sq/24/dur/5.339", "duration": 5.339}, {"path": "sq/25/dur/5.339", "duration": 5.339}, {"path": "sq/26/dur/5.338", "duration": 5.338}, {"path": "sq/27/dur/5.339", "duration": 5.339}, {"path": "sq/28/dur/5.339", "duration": 5.339}, {"path": "sq/29/dur/5.338", "duration": 5.338}, {"path": "sq/30/dur/5.339", "duration": 5.339}, {"path": "sq/31/dur/5.339", "duration": 5.339}, {"path": "sq/32/dur/5.338", "duration": 5.338}, {"path": "sq/33/dur/5.339", "duration": 5.339}, {"path": "sq/34/dur/5.339", "duration": 5.339}, {"path": "sq/35/dur/5.338", "duration": 5.338}, {"path": "sq/36/dur/5.339", "duration": 5.339}, {"path": "sq/37/dur/5.339", "duration": 5.339}, {"path": "sq/38/dur/5.338", "duration": 5.338}, {"path": "sq/39/dur/5.339", "duration": 5.339}, {"path": "sq/40/dur/5.339", "duration": 5.339}, {"path": "sq/41/dur/5.338", "duration": 5.338}, {"path": "sq/42/dur/5.339", "duration": 5.339}, {"path": "sq/43/dur/5.339", "duration": 5.339}, {"path": "sq/44/dur/5.338", "duration": 5.338}, {"path": "sq/45/dur/5.339", "duration": 5.339}, {"path": "sq/46/dur/5.339", "duration": 5.339}, {"path": "sq/47/dur/5.338", "duration": 5.338}, {"path": "sq/48/dur/5.339", "duration": 5.339}, {"path": "sq/49/dur/5.339", "duration": 5.339}, {"path": "sq/50/dur/5.338", "duration": 5.338}, {"path": "sq/51/dur/5.339", "duration": 5.339}, {"path": "sq/52/dur/5.339", "duration": 5.339}, {"path": "sq/53/dur/5.338", "duration": 5.338}, {"path": "sq/54/dur/5.339", "duration": 5.339}, {"path": "sq/55/dur/5.339", "duration": 5.339}, {"path": "sq/56/dur/5.338", "duration": 5.338}, {"path": "sq/57/dur/5.339", "duration": 5.339}, {"path": "sq/58/dur/5.339", "duration": 5.339}, {"path": "sq/59/dur/5.338", "duration": 5.338}, {"path": "sq/60/dur/5.339", "duration": 5.339}, {"path": "sq/61/dur/5.339", "duration": 5.339}, {"path": "sq/62/dur/5.338", "duration": 5.338}, {"path": "sq/63/dur/5.339", "duration": 5.339}, {"path": "sq/64/dur/5.339", "duration": 5.339}, {"path": "sq/65/dur/5.338", "duration": 5.338}, {"path": "sq/66/dur/5.339", "duration": 5.339}, {"path": "sq/67/dur/5.339", "duration": 5.339}, {"path": "sq/68/dur/5.338", "duration": 5.338}, {"path": "sq/69/dur/5.339", "duration": 5.339}, {"path": "sq/70/dur/5.339", "duration": 5.339}, {"path": "sq/71/dur/5.338", "duration": 5.338}, {"path": "sq/72/dur/5.339", "duration": 5.339}, {"path": "sq/73/dur/5.339", "duration": 5.339}, {"path": "sq/74/dur/5.338", "duration": 5.338}, {"path": "sq/75/dur/5.339", "duration": 5.339}, {"path": "sq/76/dur/5.339", "duration": 5.339}, {"path": "sq/77/dur/5.338", "duration": 5.338}, {"path": "sq/78/dur/5.339", "duration": 5.339}, {"path": "sq/79/dur/5.339", "duration": 5.339}, {"path": "sq/80/dur/5.338", "duration": 5.338}, {"path": "sq/81/dur/5.339", "duration": 5.339}, {"path": "sq/82/dur/5.339", "duration": 5.339}, {"path": "sq/83/dur/5.338", "duration": 5.338}, {"path": "sq/84/dur/5.339", "duration": 5.339}, {"path": "sq/85/dur/5.339", "duration": 5.339}, {"path": "sq/86/dur/5.338", "duration": 5.338}, {"path": "sq/87/dur/5.339", "duration": 5.339}, {"path": "sq/88/dur/5.339", "duration": 5.339}, {"path": "sq/89/dur/5.338", "duration": 5.338}, {"path": "sq/90/dur/5.339", "duration": 5.339}, {"path": "sq/91/dur/5.339", "duration": 5.339}, {"path": "sq/92/dur/5.338", "duration": 5.338}, {"path": "sq/93/dur/5.339", "duration": 5.339}, {"path": "sq/94/dur/5.339", "duration": 5.339}, {"path": "sq/95/dur/5.338", "duration": 5.338}, {"path": "sq/96/dur/5.339", "duration": 5.339}, {"path": "sq/97/dur/5.339", "duration": 5.339}, {"path": "sq/98/dur/5.338", "duration": 5.338}, {"path": "sq/99/dur/5.339", "duration": 5.339}, {"path": "sq/100/dur/5.339", "duration": 5.339}, {"path": "sq/101/dur/5.338", "duration": 5.338}, {"path": "sq/102/dur/5.339", "duration": 5.339}, {"path": "sq/103/dur/5.339", "duration": 5.339}, {"path": "sq/104/dur/5.338", "duration": 5.338}, {"path": "sq/105/dur/5.339", "duration": 5.339}, {"path": "sq/106/dur/5.339", "duration": 5.339}, {"path": "sq/107/dur/5.338", "duration": 5.338}, {"path": "sq/108/dur/5.339", "duration": 5.339}, {"path": "sq/109/dur/5.339", "duration": 5.339}, {"path": "sq/110/dur/5.338", "duration": 5.338}, {"path": "sq/111/dur/5.339", "duration": 5.339}, {"path": "sq/112/dur/5.339", "duration": 5.339}, {"path": "sq/113/dur/5.338", "duration": 5.338}, {"path": "sq/114/dur/5.339", "duration": 5.339}, {"path": "sq/115/dur/5.339", "duration": 5.339}, {"path": "sq/116/dur/5.338", "duration": 5.338}, {"path": "sq/117/dur/5.339", "duration": 5.339}, {"path": "sq/118/dur/5.339", "duration": 5.339}, {"path": "sq/119/dur/5.338", "duration": 5.338}, {"path": "sq/120/dur/5.339", "duration": 5.339}, {"path": "sq/121/dur/5.339", "duration": 5.339}, {"path": "sq/122/dur/2.603", "duration": 2.603}], "protocol": "http_dash_segments", "format": "160 - 256x144 (DASH video)", "http_headers": {"User-Agent": "Mozilla/5.0 (X11; Linux x86_64; rv:59.0) Gecko/20100101 Firefox/59.0", "Accept-Charset": "ISO-8859-1,utf-8;q=0.7,*;q=0.7", "Accept": "text/html,application/xhtml+xml,application/xml;q=0.9,*/*;q=0.8", "Accept-Encoding": "gzip, deflate", "Accept-Language": "en-us,en;q=0.5"}}, {"ext": "mp4", "height": 240, "format_note": "DASH video", "vcodec": "avc1.4d400c", "format_id": "133", "url": "https://r4---sn-n4v7sn7s.googlevideo.com/videoplayback/id/d7a282aec8859f7e/itag/133/source/yt_otf/requiressl/yes/initcwndbps/1797500/ei/M23wW9exHMiRkgb9ooF4/mn/sn-n4v7sn7s,sn-a5mlrnez/mm/31,26/mv/m/pl/22/ms/au,onr/ratebypass/yes/mime/video%2Fmp4/otfp/1/otf/1/lmt/1459059218170533/fvip/4/mt/1542483125/disable_polymer/true/ip/69.181.125.22/ipbits/0/expire/1542504851/sparams/ip,ipbits,expire,id,itag,source,requiressl,initcwndbps,ei,mn,mm,mv,pl,ms,ratebypass,mime,otfp,otf,lmt/signature/48A5C76865DAC224A9756F7CD76045E2422A33CF.7F514E28531542DE3FD97FD67154761044175AAE/key/dg_yt0/", "manifest_url": "https://manifest.googlevideo.com/api/manifest/dash/expire/1542504851/signature/6AE03F584B8093F11FF329B2FE65A5FC2633E865.0AF919E00D724A0BA40CE0CCC6083F6CFD9EC700/hfr/all/as/fmp4_audio_clear%2Cfmp4_sd_hd_clear/ipbits/0/initcwndbps/1797500/ip/69.181.125.22/key/yt6/playback_host/r4---sn-n4v7sn7s.googlevideo.com/ei/M23wW9exHMiRkgb9ooF4/mn/sn-n4v7sn7s%2Csn-a5mlrnez/source/youtube/mm/31%2C26/sparams/as%2Cei%2Chfr%2Cid%2Cinitcwndbps%2Cip%2Cipbits%2Citag%2Cmm%2Cmn%2Cms%2Cmv%2Cpl%2Cplayback_host%2Crequiressl%2Csource%2Cexpire/itag/0/fvip/4/id/d7a282aec8859f7e/mv/m/pl/22/mt/1542483125/requiressl/yes/ms/au%2Conr", "width": 426, "tbr": 242.0, "asr": null, "fps": 30, "language": null, "filesize": null, "container": "mp4_dash", "acodec": "none", "fragment_base_url": "https://r4---sn-n4v7sn7s.googlevideo.com/videoplayback/id/d7a282aec8859f7e/itag/133/source/yt_otf/requiressl/yes/initcwndbps/1797500/ei/M23wW9exHMiRkgb9ooF4/mn/sn-n4v7sn7s,sn-a5mlrnez/mm/31,26/mv/m/pl/22/ms/au,onr/ratebypass/yes/mime/video%2Fmp4/otfp/1/otf/1/lmt/1459059218170533/fvip/4/mt/1542483125/disable_polymer/true/ip/69.181.125.22/ipbits/0/expire/1542504851/sparams/ip,ipbits,expire,id,itag,source,requiressl,initcwndbps,ei,mn,mm,mv,pl,ms,ratebypass,mime,otfp,otf,lmt/signature/48A5C76865DAC224A9756F7CD76045E2422A33CF.7F514E28531542DE3FD97FD67154761044175AAE/key/dg_yt0/", "fragments": [{"path": "sq/0"}, {"path": "sq/1/dur/5.339", "duration": 5.339}, {"path": "sq/2/dur/5.338", "duration": 5.338}, {"path": "sq/3/dur/5.339", "duration": 5.339}, {"path": "sq/4/dur/5.339", "duration": 5.339}, {"path": "sq/5/dur/5.338", "duration": 5.338}, {"path": "sq/6/dur/5.339", "duration": 5.339}, {"path": "sq/7/dur/5.339", "duration": 5.339}, {"path": "sq/8/dur/5.338", "duration": 5.338}, {"path": "sq/9/dur/5.339", "duration": 5.339}, {"path": "sq/10/dur/5.339", "duration": 5.339}, {"path": "sq/11/dur/5.338", "duration": 5.338}, {"path": "sq/12/dur/5.339", "duration": 5.339}, {"path": "sq/13/dur/5.339", "duration": 5.339}, {"path": "sq/14/dur/5.338", "duration": 5.338}, {"path": "sq/15/dur/5.339", "duration": 5.339}, {"path": "sq/16/dur/5.339", "duration": 5.339}, {"path": "sq/17/dur/5.338", "duration": 5.338}, {"path": "sq/18/dur/5.339", "duration": 5.339}, {"path": "sq/19/dur/5.339", "duration": 5.339}, {"path": "sq/20/dur/5.338", "duration": 5.338}, {"path": "sq/21/dur/5.339", "duration": 5.339}, {"path": "sq/22/dur/5.339", "duration": 5.339}, {"path": "sq/23/dur/5.338", "duration": 5.338}, {"path": "sq/24/dur/5.339", "duration": 5.339}, {"path": "sq/25/dur/5.339", "duration": 5.339}, {"path": "sq/26/dur/5.338", "duration": 5.338}, {"path": "sq/27/dur/5.339", "duration": 5.339}, {"path": "sq/28/dur/5.339", "duration": 5.339}, {"path": "sq/29/dur/5.338", "duration": 5.338}, {"path": "sq/30/dur/5.339", "duration": 5.339}, {"path": "sq/31/dur/5.339", "duration": 5.339}, {"path": "sq/32/dur/5.338", "duration": 5.338}, {"path": "sq/33/dur/5.339", "duration": 5.339}, {"path": "sq/34/dur/5.339", "duration": 5.339}, {"path": "sq/35/dur/5.338", "duration": 5.338}, {"path": "sq/36/dur/5.339", "duration": 5.339}, {"path": "sq/37/dur/5.339", "duration": 5.339}, {"path": "sq/38/dur/5.338", "duration": 5.338}, {"path": "sq/39/dur/5.339", "duration": 5.339}, {"path": "sq/40/dur/5.339", "duration": 5.339}, {"path": "sq/41/dur/5.338", "duration": 5.338}, {"path": "sq/42/dur/5.339", "duration": 5.339}, {"path": "sq/43/dur/5.339", "duration": 5.339}, {"path": "sq/44/dur/5.338", "duration": 5.338}, {"path": "sq/45/dur/5.339", "duration": 5.339}, {"path": "sq/46/dur/5.339", "duration": 5.339}, {"path": "sq/47/dur/5.338", "duration": 5.338}, {"path": "sq/48/dur/5.339", "duration": 5.339}, {"path": "sq/49/dur/5.339", "duration": 5.339}, {"path": "sq/50/dur/5.338", "duration": 5.338}, {"path": "sq/51/dur/5.339", "duration": 5.339}, {"path": "sq/52/dur/5.339", "duration": 5.339}, {"path": "sq/53/dur/5.338", "duration": 5.338}, {"path": "sq/54/dur/5.339", "duration": 5.339}, {"path": "sq/55/dur/5.339", "duration": 5.339}, {"path": "sq/56/dur/5.338", "duration": 5.338}, {"path": "sq/57/dur/5.339", "duration": 5.339}, {"path": "sq/58/dur/5.339", "duration": 5.339}, {"path": "sq/59/dur/5.338", "duration": 5.338}, {"path": "sq/60/dur/5.339", "duration": 5.339}, {"path": "sq/61/dur/5.339", "duration": 5.339}, {"path": "sq/62/dur/5.338", "duration": 5.338}, {"path": "sq/63/dur/5.339", "duration": 5.339}, {"path": "sq/64/dur/5.339", "duration": 5.339}, {"path": "sq/65/dur/5.338", "duration": 5.338}, {"path": "sq/66/dur/5.339", "duration": 5.339}, {"path": "sq/67/dur/5.339", "duration": 5.339}, {"path": "sq/68/dur/5.338", "duration": 5.338}, {"path": "sq/69/dur/5.339", "duration": 5.339}, {"path": "sq/70/dur/5.339", "duration": 5.339}, {"path": "sq/71/dur/5.338", "duration": 5.338}, {"path": "sq/72/dur/5.339", "duration": 5.339}, {"path": "sq/73/dur/5.339", "duration": 5.339}, {"path": "sq/74/dur/5.338", "duration": 5.338}, {"path": "sq/75/dur/5.339", "duration": 5.339}, {"path": "sq/76/dur/5.339", "duration": 5.339}, {"path": "sq/77/dur/5.338", "duration": 5.338}, {"path": "sq/78/dur/5.339", "duration": 5.339}, {"path": "sq/79/dur/5.339", "duration": 5.339}, {"path": "sq/80/dur/5.338", "duration": 5.338}, {"path": "sq/81/dur/5.339", "duration": 5.339}, {"path": "sq/82/dur/5.339", "duration": 5.339}, {"path": "sq/83/dur/5.338", "duration": 5.338}, {"path": "sq/84/dur/5.339", "duration": 5.339}, {"path": "sq/85/dur/5.339", "duration": 5.339}, {"path": "sq/86/dur/5.338", "duration": 5.338}, {"path": "sq/87/dur/5.339", "duration": 5.339}, {"path": "sq/88/dur/5.339", "duration": 5.339}, {"path": "sq/89/dur/5.338", "duration": 5.338}, {"path": "sq/90/dur/5.339", "duration": 5.339}, {"path": "sq/91/dur/5.339", "duration": 5.339}, {"path": "sq/92/dur/5.338", "duration": 5.338}, {"path": "sq/93/dur/5.339", "duration": 5.339}, {"path": "sq/94/dur/5.339", "duration": 5.339}, {"path": "sq/95/dur/5.338", "duration": 5.338}, {"path": "sq/96/dur/5.339", "duration": 5.339}, {"path": "sq/97/dur/5.339", "duration": 5.339}, {"path": "sq/98/dur/5.338", "duration": 5.338}, {"path": "sq/99/dur/5.339", "duration": 5.339}, {"path": "sq/100/dur/5.339", "duration": 5.339}, {"path": "sq/101/dur/5.338", "duration": 5.338}, {"path": "sq/102/dur/5.339", "duration": 5.339}, {"path": "sq/103/dur/5.339", "duration": 5.339}, {"path": "sq/104/dur/5.338", "duration": 5.338}, {"path": "sq/105/dur/5.339", "duration": 5.339}, {"path": "sq/106/dur/5.339", "duration": 5.339}, {"path": "sq/107/dur/5.338", "duration": 5.338}, {"path": "sq/108/dur/5.339", "duration": 5.339}, {"path": "sq/109/dur/5.339", "duration": 5.339}, {"path": "sq/110/dur/5.338", "duration": 5.338}, {"path": "sq/111/dur/5.339", "duration": 5.339}, {"path": "sq/112/dur/5.339", "duration": 5.339}, {"path": "sq/113/dur/5.338", "duration": 5.338}, {"path": "sq/114/dur/5.339", "duration": 5.339}, {"path": "sq/115/dur/5.339", "duration": 5.339}, {"path": "sq/116/dur/5.338", "duration": 5.338}, {"path": "sq/117/dur/5.339", "duration": 5.339}, {"path": "sq/118/dur/5.339", "duration": 5.339}, {"path": "sq/119/dur/5.338", "duration": 5.338}, {"path": "sq/120/dur/5.339", "duration": 5.339}, {"path": "sq/121/dur/5.339", "duration": 5.339}, {"path": "sq/122/dur/2.603", "duration": 2.603}], "protocol": "http_dash_segments", "format": "133 - 426x240 (DASH video)", "http_headers": {"User-Agent": "Mozilla/5.0 (X11; Linux x86_64; rv:59.0) Gecko/20100101 Firefox/59.0", "Accept-Charset": "ISO-8859-1,utf-8;q=0.7,*;q=0.7", "Accept": "text/html,application/xhtml+xml,application/xml;q=0.9,*/*;q=0.8", "Accept-Encoding": "gzip, deflate", "Accept-Language": "en-us,en;q=0.5"}}, {"ext": "mp4", "height": 360, "format_note": "DASH video", "vcodec": "avc1.4d401e", "format_id": "134", "url": "https://r4---sn-n4v7sn7s.googlevideo.com/videoplayback/id/d7a282aec8859f7e/itag/134/source/youtube/requiressl/yes/initcwndbps/1797500/ei/M23wW9exHMiRkgb9ooF4/mn/sn-n4v7sn7s,sn-a5mlrnez/mm/31,26/mv/m/pl/22/ms/au,onr/ratebypass/yes/mime/video%2Fmp4/otfp/1/gir/yes/clen/14472464/lmt/1519976062902102/dur/648.581/fvip/4/mt/1542483125/disable_polymer/true/ip/69.181.125.22/ipbits/0/expire/1542504851/sparams/ip,ipbits,expire,id,itag,source,requiressl,initcwndbps,ei,mn,mm,mv,pl,ms,ratebypass,mime,otfp,gir,clen,lmt,dur/signature/628EA7D1197CCFF2136B8A2394D69E307B972EB4.25E131DEC96424330E15B25CA4619AD936404D6A/key/dg_yt0/", "manifest_url": "https://manifest.googlevideo.com/api/manifest/dash/expire/1542504851/signature/6AE03F584B8093F11FF329B2FE65A5FC2633E865.0AF919E00D724A0BA40CE0CCC6083F6CFD9EC700/hfr/all/as/fmp4_audio_clear%2Cfmp4_sd_hd_clear/ipbits/0/initcwndbps/1797500/ip/69.181.125.22/key/yt6/playback_host/r4---sn-n4v7sn7s.googlevideo.com/ei/M23wW9exHMiRkgb9ooF4/mn/sn-n4v7sn7s%2Csn-a5mlrnez/source/youtube/mm/31%2C26/sparams/as%2Cei%2Chfr%2Cid%2Cinitcwndbps%2Cip%2Cipbits%2Citag%2Cmm%2Cmn%2Cms%2Cmv%2Cpl%2Cplayback_host%2Crequiressl%2Csource%2Cexpire/itag/0/fvip/4/id/d7a282aec8859f7e/mv/m/pl/22/mt/1542483125/requiressl/yes/ms/au%2Conr", "width": 640, "tbr": 412.654, "asr": null, "fps": 30, "language": null, "filesize": 14472464, "container": "mp4_dash", "acodec": "none", "fragment_base_url": "https://r4---sn-n4v7sn7s.googlevideo.com/videoplayback/id/d7a282aec8859f7e/itag/134/source/youtube/requiressl/yes/initcwndbps/1797500/ei/M23wW9exHMiRkgb9ooF4/mn/sn-n4v7sn7s,sn-a5mlrnez/mm/31,26/mv/m/pl/22/ms/au,onr/ratebypass/yes/mime/video%2Fmp4/otfp/1/gir/yes/clen/14472464/lmt/1519976062902102/dur/648.581/fvip/4/mt/1542483125/disable_polymer/true/ip/69.181.125.22/ipbits/0/expire/1542504851/sparams/ip,ipbits,expire,id,itag,source,requiressl,initcwndbps,ei,mn,mm,mv,pl,ms,ratebypass,mime,otfp,gir,clen,lmt,dur/signature/628EA7D1197CCFF2136B8A2394D69E307B972EB4.25E131DEC96424330E15B25CA4619AD936404D6A/key/dg_yt0/", "fragments": [{"path": "range/0-708"}, {"path": "range/2205-179530", "duration": 5.339}, {"path": "range/179531-406837", "duration": 5.338}, {"path": "range/406838-603293", "duration": 5.339}, {"path": "range/603294-779979", "duration": 5.339}, {"path": "range/779980-807620", "duration": 5.338}, {"path": "range/807621-1005788", "duration": 5.339}, {"path": "range/1005789-1197797", "duration": 5.339}, {"path": "range/1197798-1397971", "duration": 5.338}, {"path": "range/1397972-1580474", "duration": 5.339}, {"path": "range/1580475-1607459", "duration": 5.339}, {"path": "range/1607460-1627649", "duration": 5.338}, {"path": "range/1627650-1651406", "duration": 5.339}, {"path": "range/1651407-1675586", "duration": 5.339}, {"path": "range/1675587-1698558", "duration": 5.338}, {"path": "range/1698559-1721498", "duration": 5.339}, {"path": "range/1721499-1744694", "duration": 5.339}, {"path": "range/1744695-1767642", "duration": 5.338}, {"path": "range/1767643-1800000", "duration": 5.339}, {"path": "range/1800001-1832232", "duration": 5.339}, {"path": "range/1832233-2080947", "duration": 5.338}, {"path": "range/2080948-2277530", "duration": 5.339}, {"path": "range/2277531-2471732", "duration": 5.339}, {"path": "range/2471733-2662527", "duration": 5.338}, {"path": "range/2662528-2861539", "duration": 5.339}, {"path": "range/2861540-3054819", "duration": 5.339}, {"path": "range/3054820-3254617", "duration": 5.338}, {"path": "range/3254618-3456130", "duration": 5.339}, {"path": "range/3456131-3657522", "duration": 5.339}, {"path": "range/3657523-3832553", "duration": 5.338}, {"path": "range/3832554-3866443", "duration": 5.339}, {"path": "range/3866444-3889376", "duration": 5.339}, {"path": "range/3889377-3912401", "duration": 5.338}, {"path": "range/3912402-3935377", "duration": 5.339}, {"path": "range/3935378-3958327", "duration": 5.339}, {"path": "range/3958328-4154249", "duration": 5.338}, {"path": "range/4154250-4358878", "duration": 5.339}, {"path": "range/4358879-4558214", "duration": 5.339}, {"path": "range/4558215-4754254", "duration": 5.338}, {"path": "range/4754255-4948001", "duration": 5.339}, {"path": "range/4948002-5144004", "duration": 5.339}, {"path": "range/5144005-5341103", "duration": 5.338}, {"path": "range/5341104-5543038", "duration": 5.339}, {"path": "range/5543039-5740229", "duration": 5.339}, {"path": "range/5740230-5942784", "duration": 5.338}, {"path": "range/5942785-6140181", "duration": 5.339}, {"path": "range/6140182-6339133", "duration": 5.339}, {"path": "range/6339134-6535668", "duration": 5.338}, {"path": "range/6535669-6739428", "duration": 5.339}, {"path": "range/6739429-6923017", "duration": 5.339}, {"path": "range/6923018-6940334", "duration": 5.338}, {"path": "range/6940335-6961853", "duration": 5.339}, {"path": "range/6961854-6984408", "duration": 5.339}, {"path": "range/6984409-7004082", "duration": 5.338}, {"path": "range/7004083-7023770", "duration": 5.339}, {"path": "range/7023771-7044521", "duration": 5.339}, {"path": "range/7044522-7064457", "duration": 5.338}, {"path": "range/7064458-7085089", "duration": 5.339}, {"path": "range/7085090-7139598", "duration": 5.339}, {"path": "range/7139599-7329666", "duration": 5.338}, {"path": "range/7329667-7522906", "duration": 5.339}, {"path": "range/7522907-7715734", "duration": 5.339}, {"path": "range/7715735-7909598", "duration": 5.338}, {"path": "range/7909599-8106028", "duration": 5.339}, {"path": "range/8106029-8304964", "duration": 5.339}, {"path": "range/8304965-8503999", "duration": 5.338}, {"path": "range/8504000-8716028", "duration": 5.339}, {"path": "range/8716029-8762318", "duration": 5.339}, {"path": "range/8762319-8795058", "duration": 5.338}, {"path": "range/8795059-8828011", "duration": 5.339}, {"path": "range/8828012-8860953", "duration": 5.339}, {"path": "range/8860954-8893623", "duration": 5.338}, {"path": "range/8893624-8927030", "duration": 5.339}, {"path": "range/8927031-8960128", "duration": 5.339}, {"path": "range/8960129-8992798", "duration": 5.338}, {"path": "range/8992799-9025720", "duration": 5.339}, {"path": "range/9025721-9058564", "duration": 5.339}, {"path": "range/9058565-9093888", "duration": 5.338}, {"path": "range/9093889-9106500", "duration": 5.339}, {"path": "range/9106501-9117597", "duration": 5.339}, {"path": "range/9117598-9141199", "duration": 5.338}, {"path": "range/9141200-9165242", "duration": 5.339}, {"path": "range/9165243-9185504", "duration": 5.339}, {"path": "range/9185505-9205918", "duration": 5.338}, {"path": "range/9205919-9226185", "duration": 5.339}, {"path": "range/9226186-9246447", "duration": 5.339}, {"path": "range/9246448-9453493", "duration": 5.338}, {"path": "range/9453494-9651716", "duration": 5.339}, {"path": "range/9651717-9843125", "duration": 5.339}, {"path": "range/9843126-10040198", "duration": 5.338}, {"path": "range/10040199-10235400", "duration": 5.339}, {"path": "range/10235401-10430588", "duration": 5.339}, {"path": "range/10430589-10627505", "duration": 5.338}, {"path": "range/10627506-10821658", "duration": 5.339}, {"path": "range/10821659-11018757", "duration": 5.339}, {"path": "range/11018758-11217868", "duration": 5.338}, {"path": "range/11217869-11423819", "duration": 5.339}, {"path": "range/11423820-11455382", "duration": 5.339}, {"path": "range/11455383-11478259", "duration": 5.338}, {"path": "range/11478260-11500760", "duration": 5.339}, {"path": "range/11500761-11524731", "duration": 5.339}, {"path": "range/11524732-11555861", "duration": 5.338}, {"path": "range/11555862-11586863", "duration": 5.339}, {"path": "range/11586864-11616928", "duration": 5.339}, {"path": "range/11616929-11646189", "duration": 5.338}, {"path": "range/11646190-11675629", "duration": 5.339}, {"path": "range/11675630-11705506", "duration": 5.339}, {"path": "range/11705507-11945831", "duration": 5.338}, {"path": "range/11945832-12145176", "duration": 5.339}, {"path": "range/12145177-12345796", "duration": 5.339}, {"path": "range/12345797-12546699", "duration": 5.338}, {"path": "range/12546700-12740431", "duration": 5.339}, {"path": "range/12740432-12946735", "duration": 5.339}, {"path": "range/12946736-13142306", "duration": 5.338}, {"path": "range/13142307-13337268", "duration": 5.339}, {"path": "range/13337269-13529844", "duration": 5.339}, {"path": "range/13529845-13732563", "duration": 5.338}, {"path": "range/13732564-13932713", "duration": 5.339}, {"path": "range/13932714-13977784", "duration": 5.339}, {"path": "range/13977785-14026944", "duration": 5.338}, {"path": "range/14026945-14072968", "duration": 5.339}, {"path": "range/14072969-14348363", "duration": 5.339}, {"path": "range/14348364-14472463", "duration": 2.603}], "protocol": "http_dash_segments", "format": "134 - 640x360 (DASH video)", "http_headers": {"User-Agent": "Mozilla/5.0 (X11; Linux x86_64; rv:59.0) Gecko/20100101 Firefox/59.0", "Accept-Charset": "ISO-8859-1,utf-8;q=0.7,*;q=0.7", "Accept": "text/html,application/xhtml+xml,application/xml;q=0.9,*/*;q=0.8", "Accept-Encoding": "gzip, deflate", "Accept-Language": "en-us,en;q=0.5"}}, {"ext": "mp4", "height": 480, "format_note": "DASH video", "vcodec": "avc1.4d400a", "format_id": "135", "url": "https://r4---sn-n4v7sn7s.googlevideo.com/videoplayback/id/d7a282aec8859f7e/itag/135/source/yt_otf/requiressl/yes/initcwndbps/1797500/ei/M23wW9exHMiRkgb9ooF4/mn/sn-n4v7sn7s,sn-a5mlrnez/mm/31,26/mv/m/pl/22/ms/au,onr/ratebypass/yes/mime/video%2Fmp4/otfp/1/otf/1/lmt/1459059218170533/fvip/4/mt/1542483125/disable_polymer/true/ip/69.181.125.22/ipbits/0/expire/1542504851/sparams/ip,ipbits,expire,id,itag,source,requiressl,initcwndbps,ei,mn,mm,mv,pl,ms,ratebypass,mime,otfp,otf,lmt/signature/56F1194491386ADD2E49A30547A208FABE5415EB.0D02F2C94D74FECD69A70976CAFF0E2E2731F94A/key/dg_yt0/", "manifest_url": "https://manifest.googlevideo.com/api/manifest/dash/expire/1542504851/signature/6AE03F584B8093F11FF329B2FE65A5FC2633E865.0AF919E00D724A0BA40CE0CCC6083F6CFD9EC700/hfr/all/as/fmp4_audio_clear%2Cfmp4_sd_hd_clear/ipbits/0/initcwndbps/1797500/ip/69.181.125.22/key/yt6/playback_host/r4---sn-n4v7sn7s.googlevideo.com/ei/M23wW9exHMiRkgb9ooF4/mn/sn-n4v7sn7s%2Csn-a5mlrnez/source/youtube/mm/31%2C26/sparams/as%2Cei%2Chfr%2Cid%2Cinitcwndbps%2Cip%2Cipbits%2Citag%2Cmm%2Cmn%2Cms%2Cmv%2Cpl%2Cplayback_host%2Crequiressl%2Csource%2Cexpire/itag/0/fvip/4/id/d7a282aec8859f7e/mv/m/pl/22/mt/1542483125/requiressl/yes/ms/au%2Conr", "width": 854, "tbr": 1155.0, "asr": null, "fps": 30, "language": null, "filesize": null, "container": "mp4_dash", "acodec": "none", "fragment_base_url": "https://r4---sn-n4v7sn7s.googlevideo.com/videoplayback/id/d7a282aec8859f7e/itag/135/source/yt_otf/requiressl/yes/initcwndbps/1797500/ei/M23wW9exHMiRkgb9ooF4/mn/sn-n4v7sn7s,sn-a5mlrnez/mm/31,26/mv/m/pl/22/ms/au,onr/ratebypass/yes/mime/video%2Fmp4/otfp/1/otf/1/lmt/1459059218170533/fvip/4/mt/1542483125/disable_polymer/true/ip/69.181.125.22/ipbits/0/expire/1542504851/sparams/ip,ipbits,expire,id,itag,source,requiressl,initcwndbps,ei,mn,mm,mv,pl,ms,ratebypass,mime,otfp,otf,lmt/signature/56F1194491386ADD2E49A30547A208FABE5415EB.0D02F2C94D74FECD69A70976CAFF0E2E2731F94A/key/dg_yt0/", "fragments": [{"path": "sq/0"}, {"path": "sq/1/dur/5.339", "duration": 5.339}, {"path": "sq/2/dur/5.338", "duration": 5.338}, {"path": "sq/3/dur/5.339", "duration": 5.339}, {"path": "sq/4/dur/5.339", "duration": 5.339}, {"path": "sq/5/dur/5.338", "duration": 5.338}, {"path": "sq/6/dur/5.339", "duration": 5.339}, {"path": "sq/7/dur/5.339", "duration": 5.339}, {"path": "sq/8/dur/5.338", "duration": 5.338}, {"path": "sq/9/dur/5.339", "duration": 5.339}, {"path": "sq/10/dur/5.339", "duration": 5.339}, {"path": "sq/11/dur/5.338", "duration": 5.338}, {"path": "sq/12/dur/5.339", "duration": 5.339}, {"path": "sq/13/dur/5.339", "duration": 5.339}, {"path": "sq/14/dur/5.338", "duration": 5.338}, {"path": "sq/15/dur/5.339", "duration": 5.339}, {"path": "sq/16/dur/5.339", "duration": 5.339}, {"path": "sq/17/dur/5.338", "duration": 5.338}, {"path": "sq/18/dur/5.339", "duration": 5.339}, {"path": "sq/19/dur/5.339", "duration": 5.339}, {"path": "sq/20/dur/5.338", "duration": 5.338}, {"path": "sq/21/dur/5.339", "duration": 5.339}, {"path": "sq/22/dur/5.339", "duration": 5.339}, {"path": "sq/23/dur/5.338", "duration": 5.338}, {"path": "sq/24/dur/5.339", "duration": 5.339}, {"path": "sq/25/dur/5.339", "duration": 5.339}, {"path": "sq/26/dur/5.338", "duration": 5.338}, {"path": "sq/27/dur/5.339", "duration": 5.339}, {"path": "sq/28/dur/5.339", "duration": 5.339}, {"path": "sq/29/dur/5.338", "duration": 5.338}, {"path": "sq/30/dur/5.339", "duration": 5.339}, {"path": "sq/31/dur/5.339", "duration": 5.339}, {"path": "sq/32/dur/5.338", "duration": 5.338}, {"path": "sq/33/dur/5.339", "duration": 5.339}, {"path": "sq/34/dur/5.339", "duration": 5.339}, {"path": "sq/35/dur/5.338", "duration": 5.338}, {"path": "sq/36/dur/5.339", "duration": 5.339}, {"path": "sq/37/dur/5.339", "duration": 5.339}, {"path": "sq/38/dur/5.338", "duration": 5.338}, {"path": "sq/39/dur/5.339", "duration": 5.339}, {"path": "sq/40/dur/5.339", "duration": 5.339}, {"path": "sq/41/dur/5.338", "duration": 5.338}, {"path": "sq/42/dur/5.339", "duration": 5.339}, {"path": "sq/43/dur/5.339", "duration": 5.339}, {"path": "sq/44/dur/5.338", "duration": 5.338}, {"path": "sq/45/dur/5.339", "duration": 5.339}, {"path": "sq/46/dur/5.339", "duration": 5.339}, {"path": "sq/47/dur/5.338", "duration": 5.338}, {"path": "sq/48/dur/5.339", "duration": 5.339}, {"path": "sq/49/dur/5.339", "duration": 5.339}, {"path": "sq/50/dur/5.338", "duration": 5.338}, {"path": "sq/51/dur/5.339", "duration": 5.339}, {"path": "sq/52/dur/5.339", "duration": 5.339}, {"path": "sq/53/dur/5.338", "duration": 5.338}, {"path": "sq/54/dur/5.339", "duration": 5.339}, {"path": "sq/55/dur/5.339", "duration": 5.339}, {"path": "sq/56/dur/5.338", "duration": 5.338}, {"path": "sq/57/dur/5.339", "duration": 5.339}, {"path": "sq/58/dur/5.339", "duration": 5.339}, {"path": "sq/59/dur/5.338", "duration": 5.338}, {"path": "sq/60/dur/5.339", "duration": 5.339}, {"path": "sq/61/dur/5.339", "duration": 5.339}, {"path": "sq/62/dur/5.338", "duration": 5.338}, {"path": "sq/63/dur/5.339", "duration": 5.339}, {"path": "sq/64/dur/5.339", "duration": 5.339}, {"path": "sq/65/dur/5.338", "duration": 5.338}, {"path": "sq/66/dur/5.339", "duration": 5.339}, {"path": "sq/67/dur/5.339", "duration": 5.339}, {"path": "sq/68/dur/5.338", "duration": 5.338}, {"path": "sq/69/dur/5.339", "duration": 5.339}, {"path": "sq/70/dur/5.339", "duration": 5.339}, {"path": "sq/71/dur/5.338", "duration": 5.338}, {"path": "sq/72/dur/5.339", "duration": 5.339}, {"path": "sq/73/dur/5.339", "duration": 5.339}, {"path": "sq/74/dur/5.338", "duration": 5.338}, {"path": "sq/75/dur/5.339", "duration": 5.339}, {"path": "sq/76/dur/5.339", "duration": 5.339}, {"path": "sq/77/dur/5.338", "duration": 5.338}, {"path": "sq/78/dur/5.339", "duration": 5.339}, {"path": "sq/79/dur/5.339", "duration": 5.339}, {"path": "sq/80/dur/5.338", "duration": 5.338}, {"path": "sq/81/dur/5.339", "duration": 5.339}, {"path": "sq/82/dur/5.339", "duration": 5.339}, {"path": "sq/83/dur/5.338", "duration": 5.338}, {"path": "sq/84/dur/5.339", "duration": 5.339}, {"path": "sq/85/dur/5.339", "duration": 5.339}, {"path": "sq/86/dur/5.338", "duration": 5.338}, {"path": "sq/87/dur/5.339", "duration": 5.339}, {"path": "sq/88/dur/5.339", "duration": 5.339}, {"path": "sq/89/dur/5.338", "duration": 5.338}, {"path": "sq/90/dur/5.339", "duration": 5.339}, {"path": "sq/91/dur/5.339", "duration": 5.339}, {"path": "sq/92/dur/5.338", "duration": 5.338}, {"path": "sq/93/dur/5.339", "duration": 5.339}, {"path": "sq/94/dur/5.339", "duration": 5.339}, {"path": "sq/95/dur/5.338", "duration": 5.338}, {"path": "sq/96/dur/5.339", "duration": 5.339}, {"path": "sq/97/dur/5.339", "duration": 5.339}, {"path": "sq/98/dur/5.338", "duration": 5.338}, {"path": "sq/99/dur/5.339", "duration": 5.339}, {"path": "sq/100/dur/5.339", "duration": 5.339}, {"path": "sq/101/dur/5.338", "duration": 5.338}, {"path": "sq/102/dur/5.339", "duration": 5.339}, {"path": "sq/103/dur/5.339", "duration": 5.339}, {"path": "sq/104/dur/5.338", "duration": 5.338}, {"path": "sq/105/dur/5.339", "duration": 5.339}, {"path": "sq/106/dur/5.339", "duration": 5.339}, {"path": "sq/107/dur/5.338", "duration": 5.338}, {"path": "sq/108/dur/5.339", "duration": 5.339}, {"path": "sq/109/dur/5.339", "duration": 5.339}, {"path": "sq/110/dur/5.338", "duration": 5.338}, {"path": "sq/111/dur/5.339", "duration": 5.339}, {"path": "sq/112/dur/5.339", "duration": 5.339}, {"path": "sq/113/dur/5.338", "duration": 5.338}, {"path": "sq/114/dur/5.339", "duration": 5.339}, {"path": "sq/115/dur/5.339", "duration": 5.339}, {"path": "sq/116/dur/5.338", "duration": 5.338}, {"path": "sq/117/dur/5.339", "duration": 5.339}, {"path": "sq/118/dur/5.339", "duration": 5.339}, {"path": "sq/119/dur/5.338", "duration": 5.338}, {"path": "sq/120/dur/5.339", "duration": 5.339}, {"path": "sq/121/dur/5.339", "duration": 5.339}, {"path": "sq/122/dur/2.603", "duration": 2.603}], "protocol": "http_dash_segments", "format": "135 - 854x480 (DASH video)", "http_headers": {"User-Agent": "Mozilla/5.0 (X11; Linux x86_64; rv:59.0) Gecko/20100101 Firefox/59.0", "Accept-Charset": "ISO-8859-1,utf-8;q=0.7,*;q=0.7", "Accept": "text/html,application/xhtml+xml,application/xml;q=0.9,*/*;q=0.8", "Accept-Encoding": "gzip, deflate", "Accept-Language": "en-us,en;q=0.5"}}, {"format_id": "17", "url": "https://r4---sn-n4v7knlz.googlevideo.com/videoplayback?gir=yes&clen=3992053&lmt=1459059218858400&dur=648.719&source=youtube&fvip=4&mn=sn-n4v7knlz%2Csn-n4v7sn7s&requiressl=yes&sparams=clen%2Cdur%2Cei%2Cgir%2Cid%2Cinitcwndbps%2Cip%2Cipbits%2Citag%2Clmt%2Cmime%2Cmm%2Cmn%2Cms%2Cmv%2Cpl%2Crequiressl%2Csource%2Cexpire&ipbits=0&itag=17&ip=69.181.125.22&mm=31%2C29&mv=m&mt=1542483125&ms=au%2Crdu&pl=22&id=o-AKqIIUvRDhZG37iUJnixyjxry9fUo99T8cdbtoBkhf9p&expire=1542504849&c=WEB&ei=MW3wW_-RIsrYkgaJmpqoCQ&key=yt6&mime=video%2F3gpp&initcwndbps=1797500&signature=CCC719339AE868044D0F6C97477480DF972B0DFF.0155E36D22925DBB448168BC37ED998E84273724&ratebypass=yes", "player_url": "/yts/jsbin/player_ias-vflof8Kxx/en_US/base.js", "ext": "3gp", "width": 176, "height": 144, "acodec": "mp4a.40.2", "abr": 24, "vcodec": "mp4v.20.3", "resolution": "176x144", "filesize": 3992053, "format_note": "small", "format": "17 - 176x144 (small)", "protocol": "https", "http_headers": {"User-Agent": "Mozilla/5.0 (X11; Linux x86_64; rv:59.0) Gecko/20100101 Firefox/59.0", "Accept-Charset": "ISO-8859-1,utf-8;q=0.7,*;q=0.7", "Accept": "text/html,application/xhtml+xml,application/xml;q=0.9,*/*;q=0.8", "Accept-Encoding": "gzip, deflate", "Accept-Language": "en-us,en;q=0.5"}}, {"format_id": "36", "url": "https://r4---sn-n4v7knlz.googlevideo.com/videoplayback?gir=yes&clen=13841461&lmt=1459059222027859&dur=648.719&source=youtube&fvip=4&mn=sn-n4v7knlz%2Csn-n4v7sn7s&requiressl=yes&sparams=clen%2Cdur%2Cei%2Cgir%2Cid%2Cinitcwndbps%2Cip%2Cipbits%2Citag%2Clmt%2Cmime%2Cmm%2Cmn%2Cms%2Cmv%2Cpl%2Crequiressl%2Csource%2Cexpire&ipbits=0&itag=36&ip=69.181.125.22&mm=31%2C29&mv=m&mt=1542483125&ms=au%2Crdu&pl=22&id=o-AKqIIUvRDhZG37iUJnixyjxry9fUo99T8cdbtoBkhf9p&expire=1542504849&c=WEB&ei=MW3wW_-RIsrYkgaJmpqoCQ&key=yt6&mime=video%2F3gpp&initcwndbps=1797500&signature=9BB5994F962F79242363CBB31468B8B16377E884.3DC10C723D8DABD1332EDE040614DA93CA4C96E5&ratebypass=yes", "player_url": "/yts/jsbin/player_ias-vflof8Kxx/en_US/base.js", "ext": "3gp", "width": 320, "acodec": "mp4a.40.2", "vcodec": "mp4v.20.3", "resolution": "320x180", "height": 180, "filesize": 13841461, "format_note": "small", "format": "36 - 320x180 (small)", "protocol": "https", "http_headers": {"User-Agent": "Mozilla/5.0 (X11; Linux x86_64; rv:59.0) Gecko/20100101 Firefox/59.0", "Accept-Charset": "ISO-8859-1,utf-8;q=0.7,*;q=0.7", "Accept": "text/html,application/xhtml+xml,application/xml;q=0.9,*/*;q=0.8", "Accept-Encoding": "gzip, deflate", "Accept-Language": "en-us,en;q=0.5"}}, {"format_id": "18", "url": "https://r4---sn-n4v7knlz.googlevideo.com/videoplayback?ratebypass=yes&gir=yes&clen=22198758&lmt=1459059277486210&dur=648.649&source=youtube&fvip=4&mn=sn-n4v7knlz%2Csn-n4v7sn7s&requiressl=yes&sparams=clen%2Cdur%2Cei%2Cgir%2Cid%2Cinitcwndbps%2Cip%2Cipbits%2Citag%2Clmt%2Cmime%2Cmm%2Cmn%2Cms%2Cmv%2Cpl%2Cratebypass%2Crequiressl%2Csource%2Cexpire&ipbits=0&itag=18&ip=69.181.125.22&mm=31%2C29&mv=m&mt=1542483125&ms=au%2Crdu&pl=22&id=o-AKqIIUvRDhZG37iUJnixyjxry9fUo99T8cdbtoBkhf9p&expire=1542504849&c=WEB&ei=MW3wW_-RIsrYkgaJmpqoCQ&key=yt6&mime=video%2Fmp4&initcwndbps=1797500&signature=86CFC2AEA11F09031634996A7F26CD5C0AC640F2.C185D7AC050B30DD8CE9C897D89954F45029D893", "player_url": "/yts/jsbin/player_ias-vflof8Kxx/en_US/base.js", "ext": "mp4", "width": 640, "height": 360, "acodec": "mp4a.40.2", "abr": 96, "vcodec": "avc1.42001E", "resolution": "640x360", "filesize": 22198758, "format_note": "medium", "quality": 1, "format": "18 - 640x360 (medium)", "protocol": "https", "http_headers": {"User-Agent": "Mozilla/5.0 (X11; Linux x86_64; rv:59.0) Gecko/20100101 Firefox/59.0", "Accept-Charset": "ISO-8859-1,utf-8;q=0.7,*;q=0.7", "Accept": "text/html,application/xhtml+xml,application/xml;q=0.9,*/*;q=0.8", "Accept-Encoding": "gzip, deflate", "Accept-Language": "en-us,en;q=0.5"}}, {"format_id": "43", "url": "https://r4---sn-n4v7knlz.googlevideo.com/videoplayback?ratebypass=yes&gir=yes&clen=25480774&lmt=1459166541403311&dur=0.000&source=youtube&fvip=4&mn=sn-n4v7knlz%2Csn-n4v7sn7s&requiressl=yes&sparams=clen%2Cdur%2Cei%2Cgir%2Cid%2Cinitcwndbps%2Cip%2Cipbits%2Citag%2Clmt%2Cmime%2Cmm%2Cmn%2Cms%2Cmv%2Cpl%2Cratebypass%2Crequiressl%2Csource%2Cexpire&ipbits=0&itag=43&ip=69.181.125.22&mm=31%2C29&mv=m&mt=1542483125&ms=au%2Crdu&pl=22&id=o-AKqIIUvRDhZG37iUJnixyjxry9fUo99T8cdbtoBkhf9p&expire=1542504849&c=WEB&ei=MW3wW_-RIsrYkgaJmpqoCQ&key=yt6&mime=video%2Fwebm&initcwndbps=1797500&signature=2A86C939A2E50B55F516D6298E49F8E529652C68.63F4055A1285EA49F96746BED7C010FF57DB9E29", "player_url": "/yts/jsbin/player_ias-vflof8Kxx/en_US/base.js", "ext": "webm", "width": 640, "height": 360, "acodec": "vorbis", "abr": 128, "vcodec": "vp8.0", "resolution": "640x360", "filesize": 25480774, "format_note": "medium", "quality": 1, "format": "43 - 640x360 (medium)", "protocol": "https", "http_headers": {"User-Agent": "Mozilla/5.0 (X11; Linux x86_64; rv:59.0) Gecko/20100101 Firefox/59.0", "Accept-Charset": "ISO-8859-1,utf-8;q=0.7,*;q=0.7", "Accept": "text/html,application/xhtml+xml,application/xml;q=0.9,*/*;q=0.8", "Accept-Encoding": "gzip, deflate", "Accept-Language": "en-us,en;q=0.5"}}], "is_live": null, "start_time": null, "end_time": null, "series": null, "season_number": null, "episode_number": null, "track": null, "artist": null, "extractor": "youtube", "webpage_url_basename": "16KCrsiFn34", "extractor_key": "Youtube", "n_entries": 81, "playlist": "Natural Language Processing - Coursera [FULL COURSE] | University of Michigan", "playlist_id": "PLLssT5z_DsK8BdawOVCCaTCO99Ya58ryR", "playlist_title": "Natural Language Processing - Coursera [FULL COURSE] | University of Michigan", "playlist_uploader": "Artificial Intelligence - All in One", "playlist_uploader_id": "UC5zx8Owijmv-bbhAK6Z9apg", "playlist_index": 36, "thumbnails": [{"url": "https://i.ytimg.com/vi/16KCrsiFn34/hqdefault.jpg", "id": "0"}], "display_id": "16KCrsiFn34", "format_id": "43", "url": "https://r4---sn-n4v7knlz.googlevideo.com/videoplayback?ratebypass=yes&gir=yes&clen=25480774&lmt=1459166541403311&dur=0.000&source=youtube&fvip=4&mn=sn-n4v7knlz%2Csn-n4v7sn7s&requiressl=yes&sparams=clen%2Cdur%2Cei%2Cgir%2Cid%2Cinitcwndbps%2Cip%2Cipbits%2Citag%2Clmt%2Cmime%2Cmm%2Cmn%2Cms%2Cmv%2Cpl%2Cratebypass%2Crequiressl%2Csource%2Cexpire&ipbits=0&itag=43&ip=69.181.125.22&mm=31%2C29&mv=m&mt=1542483125&ms=au%2Crdu&pl=22&id=o-AKqIIUvRDhZG37iUJnixyjxry9fUo99T8cdbtoBkhf9p&expire=1542504849&c=WEB&ei=MW3wW_-RIsrYkgaJmpqoCQ&key=yt6&mime=video%2Fwebm&initcwndbps=1797500&signature=2A86C939A2E50B55F516D6298E49F8E529652C68.63F4055A1285EA49F96746BED7C010FF57DB9E29", "player_url": "/yts/jsbin/player_ias-vflof8Kxx/en_US/base.js", "ext": "webm", "width": 640, "height": 360, "acodec": "vorbis", "abr": 128, "vcodec": "vp8.0", "resolution": "640x360", "filesize": 25480774, "format_note": "medium", "quality": 1, "format": "43 - 640x360 (medium)", "protocol": "https", "http_headers": {"User-Agent": "Mozilla/5.0 (X11; Linux x86_64; rv:59.0) Gecko/20100101 Firefox/59.0", "Accept-Charset": "ISO-8859-1,utf-8;q=0.7,*;q=0.7", "Accept": "text/html,application/xhtml+xml,application/xml;q=0.9,*/*;q=0.8", "Accept-Encoding": "gzip, deflate", "Accept-Language": "en-us,en;q=0.5"}, "fulltitle": "Lecture 36 \u2014 Bayes Theorem - Natural Language Processing | University of Michigan", "_filename": "Lecture 36 \u2014 Bayes Theorem - Natural Language Processing _ University of Michigan-16KCrsiFn34.webm"}