{"id": "aBkH9gyz2IQ", "uploader": "Artificial Intelligence - All in One", "uploader_id": "UC5zx8Owijmv-bbhAK6Z9apg", "uploader_url": "http://www.youtube.com/channel/UC5zx8Owijmv-bbhAK6Z9apg", "channel_id": "UC5zx8Owijmv-bbhAK6Z9apg", "channel_url": "http://www.youtube.com/channel/UC5zx8Owijmv-bbhAK6Z9apg", "upload_date": "20160327", "license": null, "creator": null, "title": "Lecture 32 \u2014 Lexicalized Parsing - Natural Language Processing | University of Michigan", "alt_title": null, "thumbnail": "https://i.ytimg.com/vi/aBkH9gyz2IQ/hqdefault.jpg", "description": ".\nCopyright Disclaimer Under Section 107 of the Copyright Act 1976, allowance is made for \"FAIR USE\" for purposes such as criticism, comment, news reporting, teaching, scholarship, and research. Fair use is a use permitted by copyright statute that might otherwise be infringing. Non-profit, educational or personal use tips the balance in favor of fair use.\n.", "categories": ["Science & Technology"], "tags": ["Natural Language Processing", "Language Processing", "University of Michigan", "Michigan", "NLP", "Coursera", "Dragomir R. Radev", "Computational Linguistics", "Linguistics", "Information Retrieval", "Computer Science", "Video Lecture", "Video Tutorial", "Video Course", "Course", "Data Science", "Lexicalized Parsing", "Parsing"], "subtitles": {}, "automatic_captions": {"af": [{"url": "https://www.youtube.com/api/timedtext?v=aBkH9gyz2IQ&asr_langs=ru%2Cde%2Ces%2Cfr%2Cnl%2Cja%2Cpt%2Cen%2Cko%2Cit&hl=en&xoaf=1&caps=asr&signature=EF9672BE7699F711E945C41E8BE5882346E7744E.B2E6CFF7A1F3D16CB227B0020F6A4B95E7008F44&xorp=True&expire=1542508427&sparams=asr_langs%2Ccaps%2Cv%2Cxoaf%2Cxorp%2Cexpire&key=yttt1&kind=asr&lang=en&tlang=af&fmt=ttml", "ext": "ttml"}, {"url": "https://www.youtube.com/api/timedtext?v=aBkH9gyz2IQ&asr_langs=ru%2Cde%2Ces%2Cfr%2Cnl%2Cja%2Cpt%2Cen%2Cko%2Cit&hl=en&xoaf=1&caps=asr&signature=EF9672BE7699F711E945C41E8BE5882346E7744E.B2E6CFF7A1F3D16CB227B0020F6A4B95E7008F44&xorp=True&expire=1542508427&sparams=asr_langs%2Ccaps%2Cv%2Cxoaf%2Cxorp%2Cexpire&key=yttt1&kind=asr&lang=en&tlang=af&fmt=vtt", "ext": "vtt"}], "sq": [{"url": "https://www.youtube.com/api/timedtext?v=aBkH9gyz2IQ&asr_langs=ru%2Cde%2Ces%2Cfr%2Cnl%2Cja%2Cpt%2Cen%2Cko%2Cit&hl=en&xoaf=1&caps=asr&signature=EF9672BE7699F711E945C41E8BE5882346E7744E.B2E6CFF7A1F3D16CB227B0020F6A4B95E7008F44&xorp=True&expire=1542508427&sparams=asr_langs%2Ccaps%2Cv%2Cxoaf%2Cxorp%2Cexpire&key=yttt1&kind=asr&lang=en&tlang=sq&fmt=ttml", "ext": "ttml"}, {"url": "https://www.youtube.com/api/timedtext?v=aBkH9gyz2IQ&asr_langs=ru%2Cde%2Ces%2Cfr%2Cnl%2Cja%2Cpt%2Cen%2Cko%2Cit&hl=en&xoaf=1&caps=asr&signature=EF9672BE7699F711E945C41E8BE5882346E7744E.B2E6CFF7A1F3D16CB227B0020F6A4B95E7008F44&xorp=True&expire=1542508427&sparams=asr_langs%2Ccaps%2Cv%2Cxoaf%2Cxorp%2Cexpire&key=yttt1&kind=asr&lang=en&tlang=sq&fmt=vtt", "ext": "vtt"}], "am": [{"url": "https://www.youtube.com/api/timedtext?v=aBkH9gyz2IQ&asr_langs=ru%2Cde%2Ces%2Cfr%2Cnl%2Cja%2Cpt%2Cen%2Cko%2Cit&hl=en&xoaf=1&caps=asr&signature=EF9672BE7699F711E945C41E8BE5882346E7744E.B2E6CFF7A1F3D16CB227B0020F6A4B95E7008F44&xorp=True&expire=1542508427&sparams=asr_langs%2Ccaps%2Cv%2Cxoaf%2Cxorp%2Cexpire&key=yttt1&kind=asr&lang=en&tlang=am&fmt=ttml", "ext": "ttml"}, {"url": "https://www.youtube.com/api/timedtext?v=aBkH9gyz2IQ&asr_langs=ru%2Cde%2Ces%2Cfr%2Cnl%2Cja%2Cpt%2Cen%2Cko%2Cit&hl=en&xoaf=1&caps=asr&signature=EF9672BE7699F711E945C41E8BE5882346E7744E.B2E6CFF7A1F3D16CB227B0020F6A4B95E7008F44&xorp=True&expire=1542508427&sparams=asr_langs%2Ccaps%2Cv%2Cxoaf%2Cxorp%2Cexpire&key=yttt1&kind=asr&lang=en&tlang=am&fmt=vtt", "ext": "vtt"}], "ar": [{"url": "https://www.youtube.com/api/timedtext?v=aBkH9gyz2IQ&asr_langs=ru%2Cde%2Ces%2Cfr%2Cnl%2Cja%2Cpt%2Cen%2Cko%2Cit&hl=en&xoaf=1&caps=asr&signature=EF9672BE7699F711E945C41E8BE5882346E7744E.B2E6CFF7A1F3D16CB227B0020F6A4B95E7008F44&xorp=True&expire=1542508427&sparams=asr_langs%2Ccaps%2Cv%2Cxoaf%2Cxorp%2Cexpire&key=yttt1&kind=asr&lang=en&tlang=ar&fmt=ttml", "ext": "ttml"}, {"url": "https://www.youtube.com/api/timedtext?v=aBkH9gyz2IQ&asr_langs=ru%2Cde%2Ces%2Cfr%2Cnl%2Cja%2Cpt%2Cen%2Cko%2Cit&hl=en&xoaf=1&caps=asr&signature=EF9672BE7699F711E945C41E8BE5882346E7744E.B2E6CFF7A1F3D16CB227B0020F6A4B95E7008F44&xorp=True&expire=1542508427&sparams=asr_langs%2Ccaps%2Cv%2Cxoaf%2Cxorp%2Cexpire&key=yttt1&kind=asr&lang=en&tlang=ar&fmt=vtt", "ext": "vtt"}], "hy": [{"url": "https://www.youtube.com/api/timedtext?v=aBkH9gyz2IQ&asr_langs=ru%2Cde%2Ces%2Cfr%2Cnl%2Cja%2Cpt%2Cen%2Cko%2Cit&hl=en&xoaf=1&caps=asr&signature=EF9672BE7699F711E945C41E8BE5882346E7744E.B2E6CFF7A1F3D16CB227B0020F6A4B95E7008F44&xorp=True&expire=1542508427&sparams=asr_langs%2Ccaps%2Cv%2Cxoaf%2Cxorp%2Cexpire&key=yttt1&kind=asr&lang=en&tlang=hy&fmt=ttml", "ext": "ttml"}, {"url": "https://www.youtube.com/api/timedtext?v=aBkH9gyz2IQ&asr_langs=ru%2Cde%2Ces%2Cfr%2Cnl%2Cja%2Cpt%2Cen%2Cko%2Cit&hl=en&xoaf=1&caps=asr&signature=EF9672BE7699F711E945C41E8BE5882346E7744E.B2E6CFF7A1F3D16CB227B0020F6A4B95E7008F44&xorp=True&expire=1542508427&sparams=asr_langs%2Ccaps%2Cv%2Cxoaf%2Cxorp%2Cexpire&key=yttt1&kind=asr&lang=en&tlang=hy&fmt=vtt", "ext": "vtt"}], "az": [{"url": "https://www.youtube.com/api/timedtext?v=aBkH9gyz2IQ&asr_langs=ru%2Cde%2Ces%2Cfr%2Cnl%2Cja%2Cpt%2Cen%2Cko%2Cit&hl=en&xoaf=1&caps=asr&signature=EF9672BE7699F711E945C41E8BE5882346E7744E.B2E6CFF7A1F3D16CB227B0020F6A4B95E7008F44&xorp=True&expire=1542508427&sparams=asr_langs%2Ccaps%2Cv%2Cxoaf%2Cxorp%2Cexpire&key=yttt1&kind=asr&lang=en&tlang=az&fmt=ttml", "ext": "ttml"}, {"url": "https://www.youtube.com/api/timedtext?v=aBkH9gyz2IQ&asr_langs=ru%2Cde%2Ces%2Cfr%2Cnl%2Cja%2Cpt%2Cen%2Cko%2Cit&hl=en&xoaf=1&caps=asr&signature=EF9672BE7699F711E945C41E8BE5882346E7744E.B2E6CFF7A1F3D16CB227B0020F6A4B95E7008F44&xorp=True&expire=1542508427&sparams=asr_langs%2Ccaps%2Cv%2Cxoaf%2Cxorp%2Cexpire&key=yttt1&kind=asr&lang=en&tlang=az&fmt=vtt", "ext": "vtt"}], "bn": [{"url": "https://www.youtube.com/api/timedtext?v=aBkH9gyz2IQ&asr_langs=ru%2Cde%2Ces%2Cfr%2Cnl%2Cja%2Cpt%2Cen%2Cko%2Cit&hl=en&xoaf=1&caps=asr&signature=EF9672BE7699F711E945C41E8BE5882346E7744E.B2E6CFF7A1F3D16CB227B0020F6A4B95E7008F44&xorp=True&expire=1542508427&sparams=asr_langs%2Ccaps%2Cv%2Cxoaf%2Cxorp%2Cexpire&key=yttt1&kind=asr&lang=en&tlang=bn&fmt=ttml", "ext": "ttml"}, {"url": "https://www.youtube.com/api/timedtext?v=aBkH9gyz2IQ&asr_langs=ru%2Cde%2Ces%2Cfr%2Cnl%2Cja%2Cpt%2Cen%2Cko%2Cit&hl=en&xoaf=1&caps=asr&signature=EF9672BE7699F711E945C41E8BE5882346E7744E.B2E6CFF7A1F3D16CB227B0020F6A4B95E7008F44&xorp=True&expire=1542508427&sparams=asr_langs%2Ccaps%2Cv%2Cxoaf%2Cxorp%2Cexpire&key=yttt1&kind=asr&lang=en&tlang=bn&fmt=vtt", "ext": "vtt"}], "eu": [{"url": "https://www.youtube.com/api/timedtext?v=aBkH9gyz2IQ&asr_langs=ru%2Cde%2Ces%2Cfr%2Cnl%2Cja%2Cpt%2Cen%2Cko%2Cit&hl=en&xoaf=1&caps=asr&signature=EF9672BE7699F711E945C41E8BE5882346E7744E.B2E6CFF7A1F3D16CB227B0020F6A4B95E7008F44&xorp=True&expire=1542508427&sparams=asr_langs%2Ccaps%2Cv%2Cxoaf%2Cxorp%2Cexpire&key=yttt1&kind=asr&lang=en&tlang=eu&fmt=ttml", "ext": "ttml"}, {"url": "https://www.youtube.com/api/timedtext?v=aBkH9gyz2IQ&asr_langs=ru%2Cde%2Ces%2Cfr%2Cnl%2Cja%2Cpt%2Cen%2Cko%2Cit&hl=en&xoaf=1&caps=asr&signature=EF9672BE7699F711E945C41E8BE5882346E7744E.B2E6CFF7A1F3D16CB227B0020F6A4B95E7008F44&xorp=True&expire=1542508427&sparams=asr_langs%2Ccaps%2Cv%2Cxoaf%2Cxorp%2Cexpire&key=yttt1&kind=asr&lang=en&tlang=eu&fmt=vtt", "ext": "vtt"}], "be": [{"url": "https://www.youtube.com/api/timedtext?v=aBkH9gyz2IQ&asr_langs=ru%2Cde%2Ces%2Cfr%2Cnl%2Cja%2Cpt%2Cen%2Cko%2Cit&hl=en&xoaf=1&caps=asr&signature=EF9672BE7699F711E945C41E8BE5882346E7744E.B2E6CFF7A1F3D16CB227B0020F6A4B95E7008F44&xorp=True&expire=1542508427&sparams=asr_langs%2Ccaps%2Cv%2Cxoaf%2Cxorp%2Cexpire&key=yttt1&kind=asr&lang=en&tlang=be&fmt=ttml", "ext": "ttml"}, {"url": "https://www.youtube.com/api/timedtext?v=aBkH9gyz2IQ&asr_langs=ru%2Cde%2Ces%2Cfr%2Cnl%2Cja%2Cpt%2Cen%2Cko%2Cit&hl=en&xoaf=1&caps=asr&signature=EF9672BE7699F711E945C41E8BE5882346E7744E.B2E6CFF7A1F3D16CB227B0020F6A4B95E7008F44&xorp=True&expire=1542508427&sparams=asr_langs%2Ccaps%2Cv%2Cxoaf%2Cxorp%2Cexpire&key=yttt1&kind=asr&lang=en&tlang=be&fmt=vtt", "ext": "vtt"}], "bs": [{"url": "https://www.youtube.com/api/timedtext?v=aBkH9gyz2IQ&asr_langs=ru%2Cde%2Ces%2Cfr%2Cnl%2Cja%2Cpt%2Cen%2Cko%2Cit&hl=en&xoaf=1&caps=asr&signature=EF9672BE7699F711E945C41E8BE5882346E7744E.B2E6CFF7A1F3D16CB227B0020F6A4B95E7008F44&xorp=True&expire=1542508427&sparams=asr_langs%2Ccaps%2Cv%2Cxoaf%2Cxorp%2Cexpire&key=yttt1&kind=asr&lang=en&tlang=bs&fmt=ttml", "ext": "ttml"}, {"url": "https://www.youtube.com/api/timedtext?v=aBkH9gyz2IQ&asr_langs=ru%2Cde%2Ces%2Cfr%2Cnl%2Cja%2Cpt%2Cen%2Cko%2Cit&hl=en&xoaf=1&caps=asr&signature=EF9672BE7699F711E945C41E8BE5882346E7744E.B2E6CFF7A1F3D16CB227B0020F6A4B95E7008F44&xorp=True&expire=1542508427&sparams=asr_langs%2Ccaps%2Cv%2Cxoaf%2Cxorp%2Cexpire&key=yttt1&kind=asr&lang=en&tlang=bs&fmt=vtt", "ext": "vtt"}], "bg": [{"url": "https://www.youtube.com/api/timedtext?v=aBkH9gyz2IQ&asr_langs=ru%2Cde%2Ces%2Cfr%2Cnl%2Cja%2Cpt%2Cen%2Cko%2Cit&hl=en&xoaf=1&caps=asr&signature=EF9672BE7699F711E945C41E8BE5882346E7744E.B2E6CFF7A1F3D16CB227B0020F6A4B95E7008F44&xorp=True&expire=1542508427&sparams=asr_langs%2Ccaps%2Cv%2Cxoaf%2Cxorp%2Cexpire&key=yttt1&kind=asr&lang=en&tlang=bg&fmt=ttml", "ext": "ttml"}, {"url": "https://www.youtube.com/api/timedtext?v=aBkH9gyz2IQ&asr_langs=ru%2Cde%2Ces%2Cfr%2Cnl%2Cja%2Cpt%2Cen%2Cko%2Cit&hl=en&xoaf=1&caps=asr&signature=EF9672BE7699F711E945C41E8BE5882346E7744E.B2E6CFF7A1F3D16CB227B0020F6A4B95E7008F44&xorp=True&expire=1542508427&sparams=asr_langs%2Ccaps%2Cv%2Cxoaf%2Cxorp%2Cexpire&key=yttt1&kind=asr&lang=en&tlang=bg&fmt=vtt", "ext": "vtt"}], "my": [{"url": "https://www.youtube.com/api/timedtext?v=aBkH9gyz2IQ&asr_langs=ru%2Cde%2Ces%2Cfr%2Cnl%2Cja%2Cpt%2Cen%2Cko%2Cit&hl=en&xoaf=1&caps=asr&signature=EF9672BE7699F711E945C41E8BE5882346E7744E.B2E6CFF7A1F3D16CB227B0020F6A4B95E7008F44&xorp=True&expire=1542508427&sparams=asr_langs%2Ccaps%2Cv%2Cxoaf%2Cxorp%2Cexpire&key=yttt1&kind=asr&lang=en&tlang=my&fmt=ttml", "ext": "ttml"}, {"url": "https://www.youtube.com/api/timedtext?v=aBkH9gyz2IQ&asr_langs=ru%2Cde%2Ces%2Cfr%2Cnl%2Cja%2Cpt%2Cen%2Cko%2Cit&hl=en&xoaf=1&caps=asr&signature=EF9672BE7699F711E945C41E8BE5882346E7744E.B2E6CFF7A1F3D16CB227B0020F6A4B95E7008F44&xorp=True&expire=1542508427&sparams=asr_langs%2Ccaps%2Cv%2Cxoaf%2Cxorp%2Cexpire&key=yttt1&kind=asr&lang=en&tlang=my&fmt=vtt", "ext": "vtt"}], "ca": [{"url": "https://www.youtube.com/api/timedtext?v=aBkH9gyz2IQ&asr_langs=ru%2Cde%2Ces%2Cfr%2Cnl%2Cja%2Cpt%2Cen%2Cko%2Cit&hl=en&xoaf=1&caps=asr&signature=EF9672BE7699F711E945C41E8BE5882346E7744E.B2E6CFF7A1F3D16CB227B0020F6A4B95E7008F44&xorp=True&expire=1542508427&sparams=asr_langs%2Ccaps%2Cv%2Cxoaf%2Cxorp%2Cexpire&key=yttt1&kind=asr&lang=en&tlang=ca&fmt=ttml", "ext": "ttml"}, {"url": "https://www.youtube.com/api/timedtext?v=aBkH9gyz2IQ&asr_langs=ru%2Cde%2Ces%2Cfr%2Cnl%2Cja%2Cpt%2Cen%2Cko%2Cit&hl=en&xoaf=1&caps=asr&signature=EF9672BE7699F711E945C41E8BE5882346E7744E.B2E6CFF7A1F3D16CB227B0020F6A4B95E7008F44&xorp=True&expire=1542508427&sparams=asr_langs%2Ccaps%2Cv%2Cxoaf%2Cxorp%2Cexpire&key=yttt1&kind=asr&lang=en&tlang=ca&fmt=vtt", "ext": "vtt"}], "ceb": [{"url": "https://www.youtube.com/api/timedtext?v=aBkH9gyz2IQ&asr_langs=ru%2Cde%2Ces%2Cfr%2Cnl%2Cja%2Cpt%2Cen%2Cko%2Cit&hl=en&xoaf=1&caps=asr&signature=EF9672BE7699F711E945C41E8BE5882346E7744E.B2E6CFF7A1F3D16CB227B0020F6A4B95E7008F44&xorp=True&expire=1542508427&sparams=asr_langs%2Ccaps%2Cv%2Cxoaf%2Cxorp%2Cexpire&key=yttt1&kind=asr&lang=en&tlang=ceb&fmt=ttml", "ext": "ttml"}, {"url": "https://www.youtube.com/api/timedtext?v=aBkH9gyz2IQ&asr_langs=ru%2Cde%2Ces%2Cfr%2Cnl%2Cja%2Cpt%2Cen%2Cko%2Cit&hl=en&xoaf=1&caps=asr&signature=EF9672BE7699F711E945C41E8BE5882346E7744E.B2E6CFF7A1F3D16CB227B0020F6A4B95E7008F44&xorp=True&expire=1542508427&sparams=asr_langs%2Ccaps%2Cv%2Cxoaf%2Cxorp%2Cexpire&key=yttt1&kind=asr&lang=en&tlang=ceb&fmt=vtt", "ext": "vtt"}], "zh-Hans": [{"url": "https://www.youtube.com/api/timedtext?v=aBkH9gyz2IQ&asr_langs=ru%2Cde%2Ces%2Cfr%2Cnl%2Cja%2Cpt%2Cen%2Cko%2Cit&hl=en&xoaf=1&caps=asr&signature=EF9672BE7699F711E945C41E8BE5882346E7744E.B2E6CFF7A1F3D16CB227B0020F6A4B95E7008F44&xorp=True&expire=1542508427&sparams=asr_langs%2Ccaps%2Cv%2Cxoaf%2Cxorp%2Cexpire&key=yttt1&kind=asr&lang=en&tlang=zh-Hans&fmt=ttml", "ext": "ttml"}, {"url": "https://www.youtube.com/api/timedtext?v=aBkH9gyz2IQ&asr_langs=ru%2Cde%2Ces%2Cfr%2Cnl%2Cja%2Cpt%2Cen%2Cko%2Cit&hl=en&xoaf=1&caps=asr&signature=EF9672BE7699F711E945C41E8BE5882346E7744E.B2E6CFF7A1F3D16CB227B0020F6A4B95E7008F44&xorp=True&expire=1542508427&sparams=asr_langs%2Ccaps%2Cv%2Cxoaf%2Cxorp%2Cexpire&key=yttt1&kind=asr&lang=en&tlang=zh-Hans&fmt=vtt", "ext": "vtt"}], "zh-Hant": [{"url": "https://www.youtube.com/api/timedtext?v=aBkH9gyz2IQ&asr_langs=ru%2Cde%2Ces%2Cfr%2Cnl%2Cja%2Cpt%2Cen%2Cko%2Cit&hl=en&xoaf=1&caps=asr&signature=EF9672BE7699F711E945C41E8BE5882346E7744E.B2E6CFF7A1F3D16CB227B0020F6A4B95E7008F44&xorp=True&expire=1542508427&sparams=asr_langs%2Ccaps%2Cv%2Cxoaf%2Cxorp%2Cexpire&key=yttt1&kind=asr&lang=en&tlang=zh-Hant&fmt=ttml", "ext": "ttml"}, {"url": "https://www.youtube.com/api/timedtext?v=aBkH9gyz2IQ&asr_langs=ru%2Cde%2Ces%2Cfr%2Cnl%2Cja%2Cpt%2Cen%2Cko%2Cit&hl=en&xoaf=1&caps=asr&signature=EF9672BE7699F711E945C41E8BE5882346E7744E.B2E6CFF7A1F3D16CB227B0020F6A4B95E7008F44&xorp=True&expire=1542508427&sparams=asr_langs%2Ccaps%2Cv%2Cxoaf%2Cxorp%2Cexpire&key=yttt1&kind=asr&lang=en&tlang=zh-Hant&fmt=vtt", "ext": "vtt"}], "co": [{"url": "https://www.youtube.com/api/timedtext?v=aBkH9gyz2IQ&asr_langs=ru%2Cde%2Ces%2Cfr%2Cnl%2Cja%2Cpt%2Cen%2Cko%2Cit&hl=en&xoaf=1&caps=asr&signature=EF9672BE7699F711E945C41E8BE5882346E7744E.B2E6CFF7A1F3D16CB227B0020F6A4B95E7008F44&xorp=True&expire=1542508427&sparams=asr_langs%2Ccaps%2Cv%2Cxoaf%2Cxorp%2Cexpire&key=yttt1&kind=asr&lang=en&tlang=co&fmt=ttml", "ext": "ttml"}, {"url": "https://www.youtube.com/api/timedtext?v=aBkH9gyz2IQ&asr_langs=ru%2Cde%2Ces%2Cfr%2Cnl%2Cja%2Cpt%2Cen%2Cko%2Cit&hl=en&xoaf=1&caps=asr&signature=EF9672BE7699F711E945C41E8BE5882346E7744E.B2E6CFF7A1F3D16CB227B0020F6A4B95E7008F44&xorp=True&expire=1542508427&sparams=asr_langs%2Ccaps%2Cv%2Cxoaf%2Cxorp%2Cexpire&key=yttt1&kind=asr&lang=en&tlang=co&fmt=vtt", "ext": "vtt"}], "hr": [{"url": "https://www.youtube.com/api/timedtext?v=aBkH9gyz2IQ&asr_langs=ru%2Cde%2Ces%2Cfr%2Cnl%2Cja%2Cpt%2Cen%2Cko%2Cit&hl=en&xoaf=1&caps=asr&signature=EF9672BE7699F711E945C41E8BE5882346E7744E.B2E6CFF7A1F3D16CB227B0020F6A4B95E7008F44&xorp=True&expire=1542508427&sparams=asr_langs%2Ccaps%2Cv%2Cxoaf%2Cxorp%2Cexpire&key=yttt1&kind=asr&lang=en&tlang=hr&fmt=ttml", "ext": "ttml"}, {"url": "https://www.youtube.com/api/timedtext?v=aBkH9gyz2IQ&asr_langs=ru%2Cde%2Ces%2Cfr%2Cnl%2Cja%2Cpt%2Cen%2Cko%2Cit&hl=en&xoaf=1&caps=asr&signature=EF9672BE7699F711E945C41E8BE5882346E7744E.B2E6CFF7A1F3D16CB227B0020F6A4B95E7008F44&xorp=True&expire=1542508427&sparams=asr_langs%2Ccaps%2Cv%2Cxoaf%2Cxorp%2Cexpire&key=yttt1&kind=asr&lang=en&tlang=hr&fmt=vtt", "ext": "vtt"}], "cs": [{"url": "https://www.youtube.com/api/timedtext?v=aBkH9gyz2IQ&asr_langs=ru%2Cde%2Ces%2Cfr%2Cnl%2Cja%2Cpt%2Cen%2Cko%2Cit&hl=en&xoaf=1&caps=asr&signature=EF9672BE7699F711E945C41E8BE5882346E7744E.B2E6CFF7A1F3D16CB227B0020F6A4B95E7008F44&xorp=True&expire=1542508427&sparams=asr_langs%2Ccaps%2Cv%2Cxoaf%2Cxorp%2Cexpire&key=yttt1&kind=asr&lang=en&tlang=cs&fmt=ttml", "ext": "ttml"}, {"url": "https://www.youtube.com/api/timedtext?v=aBkH9gyz2IQ&asr_langs=ru%2Cde%2Ces%2Cfr%2Cnl%2Cja%2Cpt%2Cen%2Cko%2Cit&hl=en&xoaf=1&caps=asr&signature=EF9672BE7699F711E945C41E8BE5882346E7744E.B2E6CFF7A1F3D16CB227B0020F6A4B95E7008F44&xorp=True&expire=1542508427&sparams=asr_langs%2Ccaps%2Cv%2Cxoaf%2Cxorp%2Cexpire&key=yttt1&kind=asr&lang=en&tlang=cs&fmt=vtt", "ext": "vtt"}], "da": [{"url": "https://www.youtube.com/api/timedtext?v=aBkH9gyz2IQ&asr_langs=ru%2Cde%2Ces%2Cfr%2Cnl%2Cja%2Cpt%2Cen%2Cko%2Cit&hl=en&xoaf=1&caps=asr&signature=EF9672BE7699F711E945C41E8BE5882346E7744E.B2E6CFF7A1F3D16CB227B0020F6A4B95E7008F44&xorp=True&expire=1542508427&sparams=asr_langs%2Ccaps%2Cv%2Cxoaf%2Cxorp%2Cexpire&key=yttt1&kind=asr&lang=en&tlang=da&fmt=ttml", "ext": "ttml"}, {"url": "https://www.youtube.com/api/timedtext?v=aBkH9gyz2IQ&asr_langs=ru%2Cde%2Ces%2Cfr%2Cnl%2Cja%2Cpt%2Cen%2Cko%2Cit&hl=en&xoaf=1&caps=asr&signature=EF9672BE7699F711E945C41E8BE5882346E7744E.B2E6CFF7A1F3D16CB227B0020F6A4B95E7008F44&xorp=True&expire=1542508427&sparams=asr_langs%2Ccaps%2Cv%2Cxoaf%2Cxorp%2Cexpire&key=yttt1&kind=asr&lang=en&tlang=da&fmt=vtt", "ext": "vtt"}], "nl": [{"url": "https://www.youtube.com/api/timedtext?v=aBkH9gyz2IQ&asr_langs=ru%2Cde%2Ces%2Cfr%2Cnl%2Cja%2Cpt%2Cen%2Cko%2Cit&hl=en&xoaf=1&caps=asr&signature=EF9672BE7699F711E945C41E8BE5882346E7744E.B2E6CFF7A1F3D16CB227B0020F6A4B95E7008F44&xorp=True&expire=1542508427&sparams=asr_langs%2Ccaps%2Cv%2Cxoaf%2Cxorp%2Cexpire&key=yttt1&kind=asr&lang=en&tlang=nl&fmt=ttml", "ext": "ttml"}, {"url": "https://www.youtube.com/api/timedtext?v=aBkH9gyz2IQ&asr_langs=ru%2Cde%2Ces%2Cfr%2Cnl%2Cja%2Cpt%2Cen%2Cko%2Cit&hl=en&xoaf=1&caps=asr&signature=EF9672BE7699F711E945C41E8BE5882346E7744E.B2E6CFF7A1F3D16CB227B0020F6A4B95E7008F44&xorp=True&expire=1542508427&sparams=asr_langs%2Ccaps%2Cv%2Cxoaf%2Cxorp%2Cexpire&key=yttt1&kind=asr&lang=en&tlang=nl&fmt=vtt", "ext": "vtt"}], "en": [{"url": "https://www.youtube.com/api/timedtext?v=aBkH9gyz2IQ&asr_langs=ru%2Cde%2Ces%2Cfr%2Cnl%2Cja%2Cpt%2Cen%2Cko%2Cit&hl=en&xoaf=1&caps=asr&signature=EF9672BE7699F711E945C41E8BE5882346E7744E.B2E6CFF7A1F3D16CB227B0020F6A4B95E7008F44&xorp=True&expire=1542508427&sparams=asr_langs%2Ccaps%2Cv%2Cxoaf%2Cxorp%2Cexpire&key=yttt1&kind=asr&lang=en&tlang=en&fmt=ttml", "ext": "ttml"}, {"url": "https://www.youtube.com/api/timedtext?v=aBkH9gyz2IQ&asr_langs=ru%2Cde%2Ces%2Cfr%2Cnl%2Cja%2Cpt%2Cen%2Cko%2Cit&hl=en&xoaf=1&caps=asr&signature=EF9672BE7699F711E945C41E8BE5882346E7744E.B2E6CFF7A1F3D16CB227B0020F6A4B95E7008F44&xorp=True&expire=1542508427&sparams=asr_langs%2Ccaps%2Cv%2Cxoaf%2Cxorp%2Cexpire&key=yttt1&kind=asr&lang=en&tlang=en&fmt=vtt", "ext": "vtt"}], "eo": [{"url": "https://www.youtube.com/api/timedtext?v=aBkH9gyz2IQ&asr_langs=ru%2Cde%2Ces%2Cfr%2Cnl%2Cja%2Cpt%2Cen%2Cko%2Cit&hl=en&xoaf=1&caps=asr&signature=EF9672BE7699F711E945C41E8BE5882346E7744E.B2E6CFF7A1F3D16CB227B0020F6A4B95E7008F44&xorp=True&expire=1542508427&sparams=asr_langs%2Ccaps%2Cv%2Cxoaf%2Cxorp%2Cexpire&key=yttt1&kind=asr&lang=en&tlang=eo&fmt=ttml", "ext": "ttml"}, {"url": "https://www.youtube.com/api/timedtext?v=aBkH9gyz2IQ&asr_langs=ru%2Cde%2Ces%2Cfr%2Cnl%2Cja%2Cpt%2Cen%2Cko%2Cit&hl=en&xoaf=1&caps=asr&signature=EF9672BE7699F711E945C41E8BE5882346E7744E.B2E6CFF7A1F3D16CB227B0020F6A4B95E7008F44&xorp=True&expire=1542508427&sparams=asr_langs%2Ccaps%2Cv%2Cxoaf%2Cxorp%2Cexpire&key=yttt1&kind=asr&lang=en&tlang=eo&fmt=vtt", "ext": "vtt"}], "et": [{"url": "https://www.youtube.com/api/timedtext?v=aBkH9gyz2IQ&asr_langs=ru%2Cde%2Ces%2Cfr%2Cnl%2Cja%2Cpt%2Cen%2Cko%2Cit&hl=en&xoaf=1&caps=asr&signature=EF9672BE7699F711E945C41E8BE5882346E7744E.B2E6CFF7A1F3D16CB227B0020F6A4B95E7008F44&xorp=True&expire=1542508427&sparams=asr_langs%2Ccaps%2Cv%2Cxoaf%2Cxorp%2Cexpire&key=yttt1&kind=asr&lang=en&tlang=et&fmt=ttml", "ext": "ttml"}, {"url": "https://www.youtube.com/api/timedtext?v=aBkH9gyz2IQ&asr_langs=ru%2Cde%2Ces%2Cfr%2Cnl%2Cja%2Cpt%2Cen%2Cko%2Cit&hl=en&xoaf=1&caps=asr&signature=EF9672BE7699F711E945C41E8BE5882346E7744E.B2E6CFF7A1F3D16CB227B0020F6A4B95E7008F44&xorp=True&expire=1542508427&sparams=asr_langs%2Ccaps%2Cv%2Cxoaf%2Cxorp%2Cexpire&key=yttt1&kind=asr&lang=en&tlang=et&fmt=vtt", "ext": "vtt"}], "fil": [{"url": "https://www.youtube.com/api/timedtext?v=aBkH9gyz2IQ&asr_langs=ru%2Cde%2Ces%2Cfr%2Cnl%2Cja%2Cpt%2Cen%2Cko%2Cit&hl=en&xoaf=1&caps=asr&signature=EF9672BE7699F711E945C41E8BE5882346E7744E.B2E6CFF7A1F3D16CB227B0020F6A4B95E7008F44&xorp=True&expire=1542508427&sparams=asr_langs%2Ccaps%2Cv%2Cxoaf%2Cxorp%2Cexpire&key=yttt1&kind=asr&lang=en&tlang=fil&fmt=ttml", "ext": "ttml"}, {"url": "https://www.youtube.com/api/timedtext?v=aBkH9gyz2IQ&asr_langs=ru%2Cde%2Ces%2Cfr%2Cnl%2Cja%2Cpt%2Cen%2Cko%2Cit&hl=en&xoaf=1&caps=asr&signature=EF9672BE7699F711E945C41E8BE5882346E7744E.B2E6CFF7A1F3D16CB227B0020F6A4B95E7008F44&xorp=True&expire=1542508427&sparams=asr_langs%2Ccaps%2Cv%2Cxoaf%2Cxorp%2Cexpire&key=yttt1&kind=asr&lang=en&tlang=fil&fmt=vtt", "ext": "vtt"}], "fi": [{"url": "https://www.youtube.com/api/timedtext?v=aBkH9gyz2IQ&asr_langs=ru%2Cde%2Ces%2Cfr%2Cnl%2Cja%2Cpt%2Cen%2Cko%2Cit&hl=en&xoaf=1&caps=asr&signature=EF9672BE7699F711E945C41E8BE5882346E7744E.B2E6CFF7A1F3D16CB227B0020F6A4B95E7008F44&xorp=True&expire=1542508427&sparams=asr_langs%2Ccaps%2Cv%2Cxoaf%2Cxorp%2Cexpire&key=yttt1&kind=asr&lang=en&tlang=fi&fmt=ttml", "ext": "ttml"}, {"url": "https://www.youtube.com/api/timedtext?v=aBkH9gyz2IQ&asr_langs=ru%2Cde%2Ces%2Cfr%2Cnl%2Cja%2Cpt%2Cen%2Cko%2Cit&hl=en&xoaf=1&caps=asr&signature=EF9672BE7699F711E945C41E8BE5882346E7744E.B2E6CFF7A1F3D16CB227B0020F6A4B95E7008F44&xorp=True&expire=1542508427&sparams=asr_langs%2Ccaps%2Cv%2Cxoaf%2Cxorp%2Cexpire&key=yttt1&kind=asr&lang=en&tlang=fi&fmt=vtt", "ext": "vtt"}], "fr": [{"url": "https://www.youtube.com/api/timedtext?v=aBkH9gyz2IQ&asr_langs=ru%2Cde%2Ces%2Cfr%2Cnl%2Cja%2Cpt%2Cen%2Cko%2Cit&hl=en&xoaf=1&caps=asr&signature=EF9672BE7699F711E945C41E8BE5882346E7744E.B2E6CFF7A1F3D16CB227B0020F6A4B95E7008F44&xorp=True&expire=1542508427&sparams=asr_langs%2Ccaps%2Cv%2Cxoaf%2Cxorp%2Cexpire&key=yttt1&kind=asr&lang=en&tlang=fr&fmt=ttml", "ext": "ttml"}, {"url": "https://www.youtube.com/api/timedtext?v=aBkH9gyz2IQ&asr_langs=ru%2Cde%2Ces%2Cfr%2Cnl%2Cja%2Cpt%2Cen%2Cko%2Cit&hl=en&xoaf=1&caps=asr&signature=EF9672BE7699F711E945C41E8BE5882346E7744E.B2E6CFF7A1F3D16CB227B0020F6A4B95E7008F44&xorp=True&expire=1542508427&sparams=asr_langs%2Ccaps%2Cv%2Cxoaf%2Cxorp%2Cexpire&key=yttt1&kind=asr&lang=en&tlang=fr&fmt=vtt", "ext": "vtt"}], "gl": [{"url": "https://www.youtube.com/api/timedtext?v=aBkH9gyz2IQ&asr_langs=ru%2Cde%2Ces%2Cfr%2Cnl%2Cja%2Cpt%2Cen%2Cko%2Cit&hl=en&xoaf=1&caps=asr&signature=EF9672BE7699F711E945C41E8BE5882346E7744E.B2E6CFF7A1F3D16CB227B0020F6A4B95E7008F44&xorp=True&expire=1542508427&sparams=asr_langs%2Ccaps%2Cv%2Cxoaf%2Cxorp%2Cexpire&key=yttt1&kind=asr&lang=en&tlang=gl&fmt=ttml", "ext": "ttml"}, {"url": "https://www.youtube.com/api/timedtext?v=aBkH9gyz2IQ&asr_langs=ru%2Cde%2Ces%2Cfr%2Cnl%2Cja%2Cpt%2Cen%2Cko%2Cit&hl=en&xoaf=1&caps=asr&signature=EF9672BE7699F711E945C41E8BE5882346E7744E.B2E6CFF7A1F3D16CB227B0020F6A4B95E7008F44&xorp=True&expire=1542508427&sparams=asr_langs%2Ccaps%2Cv%2Cxoaf%2Cxorp%2Cexpire&key=yttt1&kind=asr&lang=en&tlang=gl&fmt=vtt", "ext": "vtt"}], "ka": [{"url": "https://www.youtube.com/api/timedtext?v=aBkH9gyz2IQ&asr_langs=ru%2Cde%2Ces%2Cfr%2Cnl%2Cja%2Cpt%2Cen%2Cko%2Cit&hl=en&xoaf=1&caps=asr&signature=EF9672BE7699F711E945C41E8BE5882346E7744E.B2E6CFF7A1F3D16CB227B0020F6A4B95E7008F44&xorp=True&expire=1542508427&sparams=asr_langs%2Ccaps%2Cv%2Cxoaf%2Cxorp%2Cexpire&key=yttt1&kind=asr&lang=en&tlang=ka&fmt=ttml", "ext": "ttml"}, {"url": "https://www.youtube.com/api/timedtext?v=aBkH9gyz2IQ&asr_langs=ru%2Cde%2Ces%2Cfr%2Cnl%2Cja%2Cpt%2Cen%2Cko%2Cit&hl=en&xoaf=1&caps=asr&signature=EF9672BE7699F711E945C41E8BE5882346E7744E.B2E6CFF7A1F3D16CB227B0020F6A4B95E7008F44&xorp=True&expire=1542508427&sparams=asr_langs%2Ccaps%2Cv%2Cxoaf%2Cxorp%2Cexpire&key=yttt1&kind=asr&lang=en&tlang=ka&fmt=vtt", "ext": "vtt"}], "de": [{"url": "https://www.youtube.com/api/timedtext?v=aBkH9gyz2IQ&asr_langs=ru%2Cde%2Ces%2Cfr%2Cnl%2Cja%2Cpt%2Cen%2Cko%2Cit&hl=en&xoaf=1&caps=asr&signature=EF9672BE7699F711E945C41E8BE5882346E7744E.B2E6CFF7A1F3D16CB227B0020F6A4B95E7008F44&xorp=True&expire=1542508427&sparams=asr_langs%2Ccaps%2Cv%2Cxoaf%2Cxorp%2Cexpire&key=yttt1&kind=asr&lang=en&tlang=de&fmt=ttml", "ext": "ttml"}, {"url": "https://www.youtube.com/api/timedtext?v=aBkH9gyz2IQ&asr_langs=ru%2Cde%2Ces%2Cfr%2Cnl%2Cja%2Cpt%2Cen%2Cko%2Cit&hl=en&xoaf=1&caps=asr&signature=EF9672BE7699F711E945C41E8BE5882346E7744E.B2E6CFF7A1F3D16CB227B0020F6A4B95E7008F44&xorp=True&expire=1542508427&sparams=asr_langs%2Ccaps%2Cv%2Cxoaf%2Cxorp%2Cexpire&key=yttt1&kind=asr&lang=en&tlang=de&fmt=vtt", "ext": "vtt"}], "el": [{"url": "https://www.youtube.com/api/timedtext?v=aBkH9gyz2IQ&asr_langs=ru%2Cde%2Ces%2Cfr%2Cnl%2Cja%2Cpt%2Cen%2Cko%2Cit&hl=en&xoaf=1&caps=asr&signature=EF9672BE7699F711E945C41E8BE5882346E7744E.B2E6CFF7A1F3D16CB227B0020F6A4B95E7008F44&xorp=True&expire=1542508427&sparams=asr_langs%2Ccaps%2Cv%2Cxoaf%2Cxorp%2Cexpire&key=yttt1&kind=asr&lang=en&tlang=el&fmt=ttml", "ext": "ttml"}, {"url": "https://www.youtube.com/api/timedtext?v=aBkH9gyz2IQ&asr_langs=ru%2Cde%2Ces%2Cfr%2Cnl%2Cja%2Cpt%2Cen%2Cko%2Cit&hl=en&xoaf=1&caps=asr&signature=EF9672BE7699F711E945C41E8BE5882346E7744E.B2E6CFF7A1F3D16CB227B0020F6A4B95E7008F44&xorp=True&expire=1542508427&sparams=asr_langs%2Ccaps%2Cv%2Cxoaf%2Cxorp%2Cexpire&key=yttt1&kind=asr&lang=en&tlang=el&fmt=vtt", "ext": "vtt"}], "gu": [{"url": "https://www.youtube.com/api/timedtext?v=aBkH9gyz2IQ&asr_langs=ru%2Cde%2Ces%2Cfr%2Cnl%2Cja%2Cpt%2Cen%2Cko%2Cit&hl=en&xoaf=1&caps=asr&signature=EF9672BE7699F711E945C41E8BE5882346E7744E.B2E6CFF7A1F3D16CB227B0020F6A4B95E7008F44&xorp=True&expire=1542508427&sparams=asr_langs%2Ccaps%2Cv%2Cxoaf%2Cxorp%2Cexpire&key=yttt1&kind=asr&lang=en&tlang=gu&fmt=ttml", "ext": "ttml"}, {"url": "https://www.youtube.com/api/timedtext?v=aBkH9gyz2IQ&asr_langs=ru%2Cde%2Ces%2Cfr%2Cnl%2Cja%2Cpt%2Cen%2Cko%2Cit&hl=en&xoaf=1&caps=asr&signature=EF9672BE7699F711E945C41E8BE5882346E7744E.B2E6CFF7A1F3D16CB227B0020F6A4B95E7008F44&xorp=True&expire=1542508427&sparams=asr_langs%2Ccaps%2Cv%2Cxoaf%2Cxorp%2Cexpire&key=yttt1&kind=asr&lang=en&tlang=gu&fmt=vtt", "ext": "vtt"}], "ht": [{"url": "https://www.youtube.com/api/timedtext?v=aBkH9gyz2IQ&asr_langs=ru%2Cde%2Ces%2Cfr%2Cnl%2Cja%2Cpt%2Cen%2Cko%2Cit&hl=en&xoaf=1&caps=asr&signature=EF9672BE7699F711E945C41E8BE5882346E7744E.B2E6CFF7A1F3D16CB227B0020F6A4B95E7008F44&xorp=True&expire=1542508427&sparams=asr_langs%2Ccaps%2Cv%2Cxoaf%2Cxorp%2Cexpire&key=yttt1&kind=asr&lang=en&tlang=ht&fmt=ttml", "ext": "ttml"}, {"url": "https://www.youtube.com/api/timedtext?v=aBkH9gyz2IQ&asr_langs=ru%2Cde%2Ces%2Cfr%2Cnl%2Cja%2Cpt%2Cen%2Cko%2Cit&hl=en&xoaf=1&caps=asr&signature=EF9672BE7699F711E945C41E8BE5882346E7744E.B2E6CFF7A1F3D16CB227B0020F6A4B95E7008F44&xorp=True&expire=1542508427&sparams=asr_langs%2Ccaps%2Cv%2Cxoaf%2Cxorp%2Cexpire&key=yttt1&kind=asr&lang=en&tlang=ht&fmt=vtt", "ext": "vtt"}], "ha": [{"url": "https://www.youtube.com/api/timedtext?v=aBkH9gyz2IQ&asr_langs=ru%2Cde%2Ces%2Cfr%2Cnl%2Cja%2Cpt%2Cen%2Cko%2Cit&hl=en&xoaf=1&caps=asr&signature=EF9672BE7699F711E945C41E8BE5882346E7744E.B2E6CFF7A1F3D16CB227B0020F6A4B95E7008F44&xorp=True&expire=1542508427&sparams=asr_langs%2Ccaps%2Cv%2Cxoaf%2Cxorp%2Cexpire&key=yttt1&kind=asr&lang=en&tlang=ha&fmt=ttml", "ext": "ttml"}, {"url": "https://www.youtube.com/api/timedtext?v=aBkH9gyz2IQ&asr_langs=ru%2Cde%2Ces%2Cfr%2Cnl%2Cja%2Cpt%2Cen%2Cko%2Cit&hl=en&xoaf=1&caps=asr&signature=EF9672BE7699F711E945C41E8BE5882346E7744E.B2E6CFF7A1F3D16CB227B0020F6A4B95E7008F44&xorp=True&expire=1542508427&sparams=asr_langs%2Ccaps%2Cv%2Cxoaf%2Cxorp%2Cexpire&key=yttt1&kind=asr&lang=en&tlang=ha&fmt=vtt", "ext": "vtt"}], "haw": [{"url": "https://www.youtube.com/api/timedtext?v=aBkH9gyz2IQ&asr_langs=ru%2Cde%2Ces%2Cfr%2Cnl%2Cja%2Cpt%2Cen%2Cko%2Cit&hl=en&xoaf=1&caps=asr&signature=EF9672BE7699F711E945C41E8BE5882346E7744E.B2E6CFF7A1F3D16CB227B0020F6A4B95E7008F44&xorp=True&expire=1542508427&sparams=asr_langs%2Ccaps%2Cv%2Cxoaf%2Cxorp%2Cexpire&key=yttt1&kind=asr&lang=en&tlang=haw&fmt=ttml", "ext": "ttml"}, {"url": "https://www.youtube.com/api/timedtext?v=aBkH9gyz2IQ&asr_langs=ru%2Cde%2Ces%2Cfr%2Cnl%2Cja%2Cpt%2Cen%2Cko%2Cit&hl=en&xoaf=1&caps=asr&signature=EF9672BE7699F711E945C41E8BE5882346E7744E.B2E6CFF7A1F3D16CB227B0020F6A4B95E7008F44&xorp=True&expire=1542508427&sparams=asr_langs%2Ccaps%2Cv%2Cxoaf%2Cxorp%2Cexpire&key=yttt1&kind=asr&lang=en&tlang=haw&fmt=vtt", "ext": "vtt"}], "iw": [{"url": "https://www.youtube.com/api/timedtext?v=aBkH9gyz2IQ&asr_langs=ru%2Cde%2Ces%2Cfr%2Cnl%2Cja%2Cpt%2Cen%2Cko%2Cit&hl=en&xoaf=1&caps=asr&signature=EF9672BE7699F711E945C41E8BE5882346E7744E.B2E6CFF7A1F3D16CB227B0020F6A4B95E7008F44&xorp=True&expire=1542508427&sparams=asr_langs%2Ccaps%2Cv%2Cxoaf%2Cxorp%2Cexpire&key=yttt1&kind=asr&lang=en&tlang=iw&fmt=ttml", "ext": "ttml"}, {"url": "https://www.youtube.com/api/timedtext?v=aBkH9gyz2IQ&asr_langs=ru%2Cde%2Ces%2Cfr%2Cnl%2Cja%2Cpt%2Cen%2Cko%2Cit&hl=en&xoaf=1&caps=asr&signature=EF9672BE7699F711E945C41E8BE5882346E7744E.B2E6CFF7A1F3D16CB227B0020F6A4B95E7008F44&xorp=True&expire=1542508427&sparams=asr_langs%2Ccaps%2Cv%2Cxoaf%2Cxorp%2Cexpire&key=yttt1&kind=asr&lang=en&tlang=iw&fmt=vtt", "ext": "vtt"}], "hi": [{"url": "https://www.youtube.com/api/timedtext?v=aBkH9gyz2IQ&asr_langs=ru%2Cde%2Ces%2Cfr%2Cnl%2Cja%2Cpt%2Cen%2Cko%2Cit&hl=en&xoaf=1&caps=asr&signature=EF9672BE7699F711E945C41E8BE5882346E7744E.B2E6CFF7A1F3D16CB227B0020F6A4B95E7008F44&xorp=True&expire=1542508427&sparams=asr_langs%2Ccaps%2Cv%2Cxoaf%2Cxorp%2Cexpire&key=yttt1&kind=asr&lang=en&tlang=hi&fmt=ttml", "ext": "ttml"}, {"url": "https://www.youtube.com/api/timedtext?v=aBkH9gyz2IQ&asr_langs=ru%2Cde%2Ces%2Cfr%2Cnl%2Cja%2Cpt%2Cen%2Cko%2Cit&hl=en&xoaf=1&caps=asr&signature=EF9672BE7699F711E945C41E8BE5882346E7744E.B2E6CFF7A1F3D16CB227B0020F6A4B95E7008F44&xorp=True&expire=1542508427&sparams=asr_langs%2Ccaps%2Cv%2Cxoaf%2Cxorp%2Cexpire&key=yttt1&kind=asr&lang=en&tlang=hi&fmt=vtt", "ext": "vtt"}], "hmn": [{"url": "https://www.youtube.com/api/timedtext?v=aBkH9gyz2IQ&asr_langs=ru%2Cde%2Ces%2Cfr%2Cnl%2Cja%2Cpt%2Cen%2Cko%2Cit&hl=en&xoaf=1&caps=asr&signature=EF9672BE7699F711E945C41E8BE5882346E7744E.B2E6CFF7A1F3D16CB227B0020F6A4B95E7008F44&xorp=True&expire=1542508427&sparams=asr_langs%2Ccaps%2Cv%2Cxoaf%2Cxorp%2Cexpire&key=yttt1&kind=asr&lang=en&tlang=hmn&fmt=ttml", "ext": "ttml"}, {"url": "https://www.youtube.com/api/timedtext?v=aBkH9gyz2IQ&asr_langs=ru%2Cde%2Ces%2Cfr%2Cnl%2Cja%2Cpt%2Cen%2Cko%2Cit&hl=en&xoaf=1&caps=asr&signature=EF9672BE7699F711E945C41E8BE5882346E7744E.B2E6CFF7A1F3D16CB227B0020F6A4B95E7008F44&xorp=True&expire=1542508427&sparams=asr_langs%2Ccaps%2Cv%2Cxoaf%2Cxorp%2Cexpire&key=yttt1&kind=asr&lang=en&tlang=hmn&fmt=vtt", "ext": "vtt"}], "hu": [{"url": "https://www.youtube.com/api/timedtext?v=aBkH9gyz2IQ&asr_langs=ru%2Cde%2Ces%2Cfr%2Cnl%2Cja%2Cpt%2Cen%2Cko%2Cit&hl=en&xoaf=1&caps=asr&signature=EF9672BE7699F711E945C41E8BE5882346E7744E.B2E6CFF7A1F3D16CB227B0020F6A4B95E7008F44&xorp=True&expire=1542508427&sparams=asr_langs%2Ccaps%2Cv%2Cxoaf%2Cxorp%2Cexpire&key=yttt1&kind=asr&lang=en&tlang=hu&fmt=ttml", "ext": "ttml"}, {"url": "https://www.youtube.com/api/timedtext?v=aBkH9gyz2IQ&asr_langs=ru%2Cde%2Ces%2Cfr%2Cnl%2Cja%2Cpt%2Cen%2Cko%2Cit&hl=en&xoaf=1&caps=asr&signature=EF9672BE7699F711E945C41E8BE5882346E7744E.B2E6CFF7A1F3D16CB227B0020F6A4B95E7008F44&xorp=True&expire=1542508427&sparams=asr_langs%2Ccaps%2Cv%2Cxoaf%2Cxorp%2Cexpire&key=yttt1&kind=asr&lang=en&tlang=hu&fmt=vtt", "ext": "vtt"}], "is": [{"url": "https://www.youtube.com/api/timedtext?v=aBkH9gyz2IQ&asr_langs=ru%2Cde%2Ces%2Cfr%2Cnl%2Cja%2Cpt%2Cen%2Cko%2Cit&hl=en&xoaf=1&caps=asr&signature=EF9672BE7699F711E945C41E8BE5882346E7744E.B2E6CFF7A1F3D16CB227B0020F6A4B95E7008F44&xorp=True&expire=1542508427&sparams=asr_langs%2Ccaps%2Cv%2Cxoaf%2Cxorp%2Cexpire&key=yttt1&kind=asr&lang=en&tlang=is&fmt=ttml", "ext": "ttml"}, {"url": "https://www.youtube.com/api/timedtext?v=aBkH9gyz2IQ&asr_langs=ru%2Cde%2Ces%2Cfr%2Cnl%2Cja%2Cpt%2Cen%2Cko%2Cit&hl=en&xoaf=1&caps=asr&signature=EF9672BE7699F711E945C41E8BE5882346E7744E.B2E6CFF7A1F3D16CB227B0020F6A4B95E7008F44&xorp=True&expire=1542508427&sparams=asr_langs%2Ccaps%2Cv%2Cxoaf%2Cxorp%2Cexpire&key=yttt1&kind=asr&lang=en&tlang=is&fmt=vtt", "ext": "vtt"}], "ig": [{"url": "https://www.youtube.com/api/timedtext?v=aBkH9gyz2IQ&asr_langs=ru%2Cde%2Ces%2Cfr%2Cnl%2Cja%2Cpt%2Cen%2Cko%2Cit&hl=en&xoaf=1&caps=asr&signature=EF9672BE7699F711E945C41E8BE5882346E7744E.B2E6CFF7A1F3D16CB227B0020F6A4B95E7008F44&xorp=True&expire=1542508427&sparams=asr_langs%2Ccaps%2Cv%2Cxoaf%2Cxorp%2Cexpire&key=yttt1&kind=asr&lang=en&tlang=ig&fmt=ttml", "ext": "ttml"}, {"url": "https://www.youtube.com/api/timedtext?v=aBkH9gyz2IQ&asr_langs=ru%2Cde%2Ces%2Cfr%2Cnl%2Cja%2Cpt%2Cen%2Cko%2Cit&hl=en&xoaf=1&caps=asr&signature=EF9672BE7699F711E945C41E8BE5882346E7744E.B2E6CFF7A1F3D16CB227B0020F6A4B95E7008F44&xorp=True&expire=1542508427&sparams=asr_langs%2Ccaps%2Cv%2Cxoaf%2Cxorp%2Cexpire&key=yttt1&kind=asr&lang=en&tlang=ig&fmt=vtt", "ext": "vtt"}], "id": [{"url": "https://www.youtube.com/api/timedtext?v=aBkH9gyz2IQ&asr_langs=ru%2Cde%2Ces%2Cfr%2Cnl%2Cja%2Cpt%2Cen%2Cko%2Cit&hl=en&xoaf=1&caps=asr&signature=EF9672BE7699F711E945C41E8BE5882346E7744E.B2E6CFF7A1F3D16CB227B0020F6A4B95E7008F44&xorp=True&expire=1542508427&sparams=asr_langs%2Ccaps%2Cv%2Cxoaf%2Cxorp%2Cexpire&key=yttt1&kind=asr&lang=en&tlang=id&fmt=ttml", "ext": "ttml"}, {"url": "https://www.youtube.com/api/timedtext?v=aBkH9gyz2IQ&asr_langs=ru%2Cde%2Ces%2Cfr%2Cnl%2Cja%2Cpt%2Cen%2Cko%2Cit&hl=en&xoaf=1&caps=asr&signature=EF9672BE7699F711E945C41E8BE5882346E7744E.B2E6CFF7A1F3D16CB227B0020F6A4B95E7008F44&xorp=True&expire=1542508427&sparams=asr_langs%2Ccaps%2Cv%2Cxoaf%2Cxorp%2Cexpire&key=yttt1&kind=asr&lang=en&tlang=id&fmt=vtt", "ext": "vtt"}], "ga": [{"url": "https://www.youtube.com/api/timedtext?v=aBkH9gyz2IQ&asr_langs=ru%2Cde%2Ces%2Cfr%2Cnl%2Cja%2Cpt%2Cen%2Cko%2Cit&hl=en&xoaf=1&caps=asr&signature=EF9672BE7699F711E945C41E8BE5882346E7744E.B2E6CFF7A1F3D16CB227B0020F6A4B95E7008F44&xorp=True&expire=1542508427&sparams=asr_langs%2Ccaps%2Cv%2Cxoaf%2Cxorp%2Cexpire&key=yttt1&kind=asr&lang=en&tlang=ga&fmt=ttml", "ext": "ttml"}, {"url": "https://www.youtube.com/api/timedtext?v=aBkH9gyz2IQ&asr_langs=ru%2Cde%2Ces%2Cfr%2Cnl%2Cja%2Cpt%2Cen%2Cko%2Cit&hl=en&xoaf=1&caps=asr&signature=EF9672BE7699F711E945C41E8BE5882346E7744E.B2E6CFF7A1F3D16CB227B0020F6A4B95E7008F44&xorp=True&expire=1542508427&sparams=asr_langs%2Ccaps%2Cv%2Cxoaf%2Cxorp%2Cexpire&key=yttt1&kind=asr&lang=en&tlang=ga&fmt=vtt", "ext": "vtt"}], "it": [{"url": "https://www.youtube.com/api/timedtext?v=aBkH9gyz2IQ&asr_langs=ru%2Cde%2Ces%2Cfr%2Cnl%2Cja%2Cpt%2Cen%2Cko%2Cit&hl=en&xoaf=1&caps=asr&signature=EF9672BE7699F711E945C41E8BE5882346E7744E.B2E6CFF7A1F3D16CB227B0020F6A4B95E7008F44&xorp=True&expire=1542508427&sparams=asr_langs%2Ccaps%2Cv%2Cxoaf%2Cxorp%2Cexpire&key=yttt1&kind=asr&lang=en&tlang=it&fmt=ttml", "ext": "ttml"}, {"url": "https://www.youtube.com/api/timedtext?v=aBkH9gyz2IQ&asr_langs=ru%2Cde%2Ces%2Cfr%2Cnl%2Cja%2Cpt%2Cen%2Cko%2Cit&hl=en&xoaf=1&caps=asr&signature=EF9672BE7699F711E945C41E8BE5882346E7744E.B2E6CFF7A1F3D16CB227B0020F6A4B95E7008F44&xorp=True&expire=1542508427&sparams=asr_langs%2Ccaps%2Cv%2Cxoaf%2Cxorp%2Cexpire&key=yttt1&kind=asr&lang=en&tlang=it&fmt=vtt", "ext": "vtt"}], "ja": [{"url": "https://www.youtube.com/api/timedtext?v=aBkH9gyz2IQ&asr_langs=ru%2Cde%2Ces%2Cfr%2Cnl%2Cja%2Cpt%2Cen%2Cko%2Cit&hl=en&xoaf=1&caps=asr&signature=EF9672BE7699F711E945C41E8BE5882346E7744E.B2E6CFF7A1F3D16CB227B0020F6A4B95E7008F44&xorp=True&expire=1542508427&sparams=asr_langs%2Ccaps%2Cv%2Cxoaf%2Cxorp%2Cexpire&key=yttt1&kind=asr&lang=en&tlang=ja&fmt=ttml", "ext": "ttml"}, {"url": "https://www.youtube.com/api/timedtext?v=aBkH9gyz2IQ&asr_langs=ru%2Cde%2Ces%2Cfr%2Cnl%2Cja%2Cpt%2Cen%2Cko%2Cit&hl=en&xoaf=1&caps=asr&signature=EF9672BE7699F711E945C41E8BE5882346E7744E.B2E6CFF7A1F3D16CB227B0020F6A4B95E7008F44&xorp=True&expire=1542508427&sparams=asr_langs%2Ccaps%2Cv%2Cxoaf%2Cxorp%2Cexpire&key=yttt1&kind=asr&lang=en&tlang=ja&fmt=vtt", "ext": "vtt"}], "jv": [{"url": "https://www.youtube.com/api/timedtext?v=aBkH9gyz2IQ&asr_langs=ru%2Cde%2Ces%2Cfr%2Cnl%2Cja%2Cpt%2Cen%2Cko%2Cit&hl=en&xoaf=1&caps=asr&signature=EF9672BE7699F711E945C41E8BE5882346E7744E.B2E6CFF7A1F3D16CB227B0020F6A4B95E7008F44&xorp=True&expire=1542508427&sparams=asr_langs%2Ccaps%2Cv%2Cxoaf%2Cxorp%2Cexpire&key=yttt1&kind=asr&lang=en&tlang=jv&fmt=ttml", "ext": "ttml"}, {"url": "https://www.youtube.com/api/timedtext?v=aBkH9gyz2IQ&asr_langs=ru%2Cde%2Ces%2Cfr%2Cnl%2Cja%2Cpt%2Cen%2Cko%2Cit&hl=en&xoaf=1&caps=asr&signature=EF9672BE7699F711E945C41E8BE5882346E7744E.B2E6CFF7A1F3D16CB227B0020F6A4B95E7008F44&xorp=True&expire=1542508427&sparams=asr_langs%2Ccaps%2Cv%2Cxoaf%2Cxorp%2Cexpire&key=yttt1&kind=asr&lang=en&tlang=jv&fmt=vtt", "ext": "vtt"}], "kn": [{"url": "https://www.youtube.com/api/timedtext?v=aBkH9gyz2IQ&asr_langs=ru%2Cde%2Ces%2Cfr%2Cnl%2Cja%2Cpt%2Cen%2Cko%2Cit&hl=en&xoaf=1&caps=asr&signature=EF9672BE7699F711E945C41E8BE5882346E7744E.B2E6CFF7A1F3D16CB227B0020F6A4B95E7008F44&xorp=True&expire=1542508427&sparams=asr_langs%2Ccaps%2Cv%2Cxoaf%2Cxorp%2Cexpire&key=yttt1&kind=asr&lang=en&tlang=kn&fmt=ttml", "ext": "ttml"}, {"url": "https://www.youtube.com/api/timedtext?v=aBkH9gyz2IQ&asr_langs=ru%2Cde%2Ces%2Cfr%2Cnl%2Cja%2Cpt%2Cen%2Cko%2Cit&hl=en&xoaf=1&caps=asr&signature=EF9672BE7699F711E945C41E8BE5882346E7744E.B2E6CFF7A1F3D16CB227B0020F6A4B95E7008F44&xorp=True&expire=1542508427&sparams=asr_langs%2Ccaps%2Cv%2Cxoaf%2Cxorp%2Cexpire&key=yttt1&kind=asr&lang=en&tlang=kn&fmt=vtt", "ext": "vtt"}], "kk": [{"url": "https://www.youtube.com/api/timedtext?v=aBkH9gyz2IQ&asr_langs=ru%2Cde%2Ces%2Cfr%2Cnl%2Cja%2Cpt%2Cen%2Cko%2Cit&hl=en&xoaf=1&caps=asr&signature=EF9672BE7699F711E945C41E8BE5882346E7744E.B2E6CFF7A1F3D16CB227B0020F6A4B95E7008F44&xorp=True&expire=1542508427&sparams=asr_langs%2Ccaps%2Cv%2Cxoaf%2Cxorp%2Cexpire&key=yttt1&kind=asr&lang=en&tlang=kk&fmt=ttml", "ext": "ttml"}, {"url": "https://www.youtube.com/api/timedtext?v=aBkH9gyz2IQ&asr_langs=ru%2Cde%2Ces%2Cfr%2Cnl%2Cja%2Cpt%2Cen%2Cko%2Cit&hl=en&xoaf=1&caps=asr&signature=EF9672BE7699F711E945C41E8BE5882346E7744E.B2E6CFF7A1F3D16CB227B0020F6A4B95E7008F44&xorp=True&expire=1542508427&sparams=asr_langs%2Ccaps%2Cv%2Cxoaf%2Cxorp%2Cexpire&key=yttt1&kind=asr&lang=en&tlang=kk&fmt=vtt", "ext": "vtt"}], "km": [{"url": "https://www.youtube.com/api/timedtext?v=aBkH9gyz2IQ&asr_langs=ru%2Cde%2Ces%2Cfr%2Cnl%2Cja%2Cpt%2Cen%2Cko%2Cit&hl=en&xoaf=1&caps=asr&signature=EF9672BE7699F711E945C41E8BE5882346E7744E.B2E6CFF7A1F3D16CB227B0020F6A4B95E7008F44&xorp=True&expire=1542508427&sparams=asr_langs%2Ccaps%2Cv%2Cxoaf%2Cxorp%2Cexpire&key=yttt1&kind=asr&lang=en&tlang=km&fmt=ttml", "ext": "ttml"}, {"url": "https://www.youtube.com/api/timedtext?v=aBkH9gyz2IQ&asr_langs=ru%2Cde%2Ces%2Cfr%2Cnl%2Cja%2Cpt%2Cen%2Cko%2Cit&hl=en&xoaf=1&caps=asr&signature=EF9672BE7699F711E945C41E8BE5882346E7744E.B2E6CFF7A1F3D16CB227B0020F6A4B95E7008F44&xorp=True&expire=1542508427&sparams=asr_langs%2Ccaps%2Cv%2Cxoaf%2Cxorp%2Cexpire&key=yttt1&kind=asr&lang=en&tlang=km&fmt=vtt", "ext": "vtt"}], "ko": [{"url": "https://www.youtube.com/api/timedtext?v=aBkH9gyz2IQ&asr_langs=ru%2Cde%2Ces%2Cfr%2Cnl%2Cja%2Cpt%2Cen%2Cko%2Cit&hl=en&xoaf=1&caps=asr&signature=EF9672BE7699F711E945C41E8BE5882346E7744E.B2E6CFF7A1F3D16CB227B0020F6A4B95E7008F44&xorp=True&expire=1542508427&sparams=asr_langs%2Ccaps%2Cv%2Cxoaf%2Cxorp%2Cexpire&key=yttt1&kind=asr&lang=en&tlang=ko&fmt=ttml", "ext": "ttml"}, {"url": "https://www.youtube.com/api/timedtext?v=aBkH9gyz2IQ&asr_langs=ru%2Cde%2Ces%2Cfr%2Cnl%2Cja%2Cpt%2Cen%2Cko%2Cit&hl=en&xoaf=1&caps=asr&signature=EF9672BE7699F711E945C41E8BE5882346E7744E.B2E6CFF7A1F3D16CB227B0020F6A4B95E7008F44&xorp=True&expire=1542508427&sparams=asr_langs%2Ccaps%2Cv%2Cxoaf%2Cxorp%2Cexpire&key=yttt1&kind=asr&lang=en&tlang=ko&fmt=vtt", "ext": "vtt"}], "ku": [{"url": "https://www.youtube.com/api/timedtext?v=aBkH9gyz2IQ&asr_langs=ru%2Cde%2Ces%2Cfr%2Cnl%2Cja%2Cpt%2Cen%2Cko%2Cit&hl=en&xoaf=1&caps=asr&signature=EF9672BE7699F711E945C41E8BE5882346E7744E.B2E6CFF7A1F3D16CB227B0020F6A4B95E7008F44&xorp=True&expire=1542508427&sparams=asr_langs%2Ccaps%2Cv%2Cxoaf%2Cxorp%2Cexpire&key=yttt1&kind=asr&lang=en&tlang=ku&fmt=ttml", "ext": "ttml"}, {"url": "https://www.youtube.com/api/timedtext?v=aBkH9gyz2IQ&asr_langs=ru%2Cde%2Ces%2Cfr%2Cnl%2Cja%2Cpt%2Cen%2Cko%2Cit&hl=en&xoaf=1&caps=asr&signature=EF9672BE7699F711E945C41E8BE5882346E7744E.B2E6CFF7A1F3D16CB227B0020F6A4B95E7008F44&xorp=True&expire=1542508427&sparams=asr_langs%2Ccaps%2Cv%2Cxoaf%2Cxorp%2Cexpire&key=yttt1&kind=asr&lang=en&tlang=ku&fmt=vtt", "ext": "vtt"}], "ky": [{"url": "https://www.youtube.com/api/timedtext?v=aBkH9gyz2IQ&asr_langs=ru%2Cde%2Ces%2Cfr%2Cnl%2Cja%2Cpt%2Cen%2Cko%2Cit&hl=en&xoaf=1&caps=asr&signature=EF9672BE7699F711E945C41E8BE5882346E7744E.B2E6CFF7A1F3D16CB227B0020F6A4B95E7008F44&xorp=True&expire=1542508427&sparams=asr_langs%2Ccaps%2Cv%2Cxoaf%2Cxorp%2Cexpire&key=yttt1&kind=asr&lang=en&tlang=ky&fmt=ttml", "ext": "ttml"}, {"url": "https://www.youtube.com/api/timedtext?v=aBkH9gyz2IQ&asr_langs=ru%2Cde%2Ces%2Cfr%2Cnl%2Cja%2Cpt%2Cen%2Cko%2Cit&hl=en&xoaf=1&caps=asr&signature=EF9672BE7699F711E945C41E8BE5882346E7744E.B2E6CFF7A1F3D16CB227B0020F6A4B95E7008F44&xorp=True&expire=1542508427&sparams=asr_langs%2Ccaps%2Cv%2Cxoaf%2Cxorp%2Cexpire&key=yttt1&kind=asr&lang=en&tlang=ky&fmt=vtt", "ext": "vtt"}], "lo": [{"url": "https://www.youtube.com/api/timedtext?v=aBkH9gyz2IQ&asr_langs=ru%2Cde%2Ces%2Cfr%2Cnl%2Cja%2Cpt%2Cen%2Cko%2Cit&hl=en&xoaf=1&caps=asr&signature=EF9672BE7699F711E945C41E8BE5882346E7744E.B2E6CFF7A1F3D16CB227B0020F6A4B95E7008F44&xorp=True&expire=1542508427&sparams=asr_langs%2Ccaps%2Cv%2Cxoaf%2Cxorp%2Cexpire&key=yttt1&kind=asr&lang=en&tlang=lo&fmt=ttml", "ext": "ttml"}, {"url": "https://www.youtube.com/api/timedtext?v=aBkH9gyz2IQ&asr_langs=ru%2Cde%2Ces%2Cfr%2Cnl%2Cja%2Cpt%2Cen%2Cko%2Cit&hl=en&xoaf=1&caps=asr&signature=EF9672BE7699F711E945C41E8BE5882346E7744E.B2E6CFF7A1F3D16CB227B0020F6A4B95E7008F44&xorp=True&expire=1542508427&sparams=asr_langs%2Ccaps%2Cv%2Cxoaf%2Cxorp%2Cexpire&key=yttt1&kind=asr&lang=en&tlang=lo&fmt=vtt", "ext": "vtt"}], "la": [{"url": "https://www.youtube.com/api/timedtext?v=aBkH9gyz2IQ&asr_langs=ru%2Cde%2Ces%2Cfr%2Cnl%2Cja%2Cpt%2Cen%2Cko%2Cit&hl=en&xoaf=1&caps=asr&signature=EF9672BE7699F711E945C41E8BE5882346E7744E.B2E6CFF7A1F3D16CB227B0020F6A4B95E7008F44&xorp=True&expire=1542508427&sparams=asr_langs%2Ccaps%2Cv%2Cxoaf%2Cxorp%2Cexpire&key=yttt1&kind=asr&lang=en&tlang=la&fmt=ttml", "ext": "ttml"}, {"url": "https://www.youtube.com/api/timedtext?v=aBkH9gyz2IQ&asr_langs=ru%2Cde%2Ces%2Cfr%2Cnl%2Cja%2Cpt%2Cen%2Cko%2Cit&hl=en&xoaf=1&caps=asr&signature=EF9672BE7699F711E945C41E8BE5882346E7744E.B2E6CFF7A1F3D16CB227B0020F6A4B95E7008F44&xorp=True&expire=1542508427&sparams=asr_langs%2Ccaps%2Cv%2Cxoaf%2Cxorp%2Cexpire&key=yttt1&kind=asr&lang=en&tlang=la&fmt=vtt", "ext": "vtt"}], "lv": [{"url": "https://www.youtube.com/api/timedtext?v=aBkH9gyz2IQ&asr_langs=ru%2Cde%2Ces%2Cfr%2Cnl%2Cja%2Cpt%2Cen%2Cko%2Cit&hl=en&xoaf=1&caps=asr&signature=EF9672BE7699F711E945C41E8BE5882346E7744E.B2E6CFF7A1F3D16CB227B0020F6A4B95E7008F44&xorp=True&expire=1542508427&sparams=asr_langs%2Ccaps%2Cv%2Cxoaf%2Cxorp%2Cexpire&key=yttt1&kind=asr&lang=en&tlang=lv&fmt=ttml", "ext": "ttml"}, {"url": "https://www.youtube.com/api/timedtext?v=aBkH9gyz2IQ&asr_langs=ru%2Cde%2Ces%2Cfr%2Cnl%2Cja%2Cpt%2Cen%2Cko%2Cit&hl=en&xoaf=1&caps=asr&signature=EF9672BE7699F711E945C41E8BE5882346E7744E.B2E6CFF7A1F3D16CB227B0020F6A4B95E7008F44&xorp=True&expire=1542508427&sparams=asr_langs%2Ccaps%2Cv%2Cxoaf%2Cxorp%2Cexpire&key=yttt1&kind=asr&lang=en&tlang=lv&fmt=vtt", "ext": "vtt"}], "lt": [{"url": "https://www.youtube.com/api/timedtext?v=aBkH9gyz2IQ&asr_langs=ru%2Cde%2Ces%2Cfr%2Cnl%2Cja%2Cpt%2Cen%2Cko%2Cit&hl=en&xoaf=1&caps=asr&signature=EF9672BE7699F711E945C41E8BE5882346E7744E.B2E6CFF7A1F3D16CB227B0020F6A4B95E7008F44&xorp=True&expire=1542508427&sparams=asr_langs%2Ccaps%2Cv%2Cxoaf%2Cxorp%2Cexpire&key=yttt1&kind=asr&lang=en&tlang=lt&fmt=ttml", "ext": "ttml"}, {"url": "https://www.youtube.com/api/timedtext?v=aBkH9gyz2IQ&asr_langs=ru%2Cde%2Ces%2Cfr%2Cnl%2Cja%2Cpt%2Cen%2Cko%2Cit&hl=en&xoaf=1&caps=asr&signature=EF9672BE7699F711E945C41E8BE5882346E7744E.B2E6CFF7A1F3D16CB227B0020F6A4B95E7008F44&xorp=True&expire=1542508427&sparams=asr_langs%2Ccaps%2Cv%2Cxoaf%2Cxorp%2Cexpire&key=yttt1&kind=asr&lang=en&tlang=lt&fmt=vtt", "ext": "vtt"}], "lb": [{"url": "https://www.youtube.com/api/timedtext?v=aBkH9gyz2IQ&asr_langs=ru%2Cde%2Ces%2Cfr%2Cnl%2Cja%2Cpt%2Cen%2Cko%2Cit&hl=en&xoaf=1&caps=asr&signature=EF9672BE7699F711E945C41E8BE5882346E7744E.B2E6CFF7A1F3D16CB227B0020F6A4B95E7008F44&xorp=True&expire=1542508427&sparams=asr_langs%2Ccaps%2Cv%2Cxoaf%2Cxorp%2Cexpire&key=yttt1&kind=asr&lang=en&tlang=lb&fmt=ttml", "ext": "ttml"}, {"url": "https://www.youtube.com/api/timedtext?v=aBkH9gyz2IQ&asr_langs=ru%2Cde%2Ces%2Cfr%2Cnl%2Cja%2Cpt%2Cen%2Cko%2Cit&hl=en&xoaf=1&caps=asr&signature=EF9672BE7699F711E945C41E8BE5882346E7744E.B2E6CFF7A1F3D16CB227B0020F6A4B95E7008F44&xorp=True&expire=1542508427&sparams=asr_langs%2Ccaps%2Cv%2Cxoaf%2Cxorp%2Cexpire&key=yttt1&kind=asr&lang=en&tlang=lb&fmt=vtt", "ext": "vtt"}], "mk": [{"url": "https://www.youtube.com/api/timedtext?v=aBkH9gyz2IQ&asr_langs=ru%2Cde%2Ces%2Cfr%2Cnl%2Cja%2Cpt%2Cen%2Cko%2Cit&hl=en&xoaf=1&caps=asr&signature=EF9672BE7699F711E945C41E8BE5882346E7744E.B2E6CFF7A1F3D16CB227B0020F6A4B95E7008F44&xorp=True&expire=1542508427&sparams=asr_langs%2Ccaps%2Cv%2Cxoaf%2Cxorp%2Cexpire&key=yttt1&kind=asr&lang=en&tlang=mk&fmt=ttml", "ext": "ttml"}, {"url": "https://www.youtube.com/api/timedtext?v=aBkH9gyz2IQ&asr_langs=ru%2Cde%2Ces%2Cfr%2Cnl%2Cja%2Cpt%2Cen%2Cko%2Cit&hl=en&xoaf=1&caps=asr&signature=EF9672BE7699F711E945C41E8BE5882346E7744E.B2E6CFF7A1F3D16CB227B0020F6A4B95E7008F44&xorp=True&expire=1542508427&sparams=asr_langs%2Ccaps%2Cv%2Cxoaf%2Cxorp%2Cexpire&key=yttt1&kind=asr&lang=en&tlang=mk&fmt=vtt", "ext": "vtt"}], "mg": [{"url": "https://www.youtube.com/api/timedtext?v=aBkH9gyz2IQ&asr_langs=ru%2Cde%2Ces%2Cfr%2Cnl%2Cja%2Cpt%2Cen%2Cko%2Cit&hl=en&xoaf=1&caps=asr&signature=EF9672BE7699F711E945C41E8BE5882346E7744E.B2E6CFF7A1F3D16CB227B0020F6A4B95E7008F44&xorp=True&expire=1542508427&sparams=asr_langs%2Ccaps%2Cv%2Cxoaf%2Cxorp%2Cexpire&key=yttt1&kind=asr&lang=en&tlang=mg&fmt=ttml", "ext": "ttml"}, {"url": "https://www.youtube.com/api/timedtext?v=aBkH9gyz2IQ&asr_langs=ru%2Cde%2Ces%2Cfr%2Cnl%2Cja%2Cpt%2Cen%2Cko%2Cit&hl=en&xoaf=1&caps=asr&signature=EF9672BE7699F711E945C41E8BE5882346E7744E.B2E6CFF7A1F3D16CB227B0020F6A4B95E7008F44&xorp=True&expire=1542508427&sparams=asr_langs%2Ccaps%2Cv%2Cxoaf%2Cxorp%2Cexpire&key=yttt1&kind=asr&lang=en&tlang=mg&fmt=vtt", "ext": "vtt"}], "ms": [{"url": "https://www.youtube.com/api/timedtext?v=aBkH9gyz2IQ&asr_langs=ru%2Cde%2Ces%2Cfr%2Cnl%2Cja%2Cpt%2Cen%2Cko%2Cit&hl=en&xoaf=1&caps=asr&signature=EF9672BE7699F711E945C41E8BE5882346E7744E.B2E6CFF7A1F3D16CB227B0020F6A4B95E7008F44&xorp=True&expire=1542508427&sparams=asr_langs%2Ccaps%2Cv%2Cxoaf%2Cxorp%2Cexpire&key=yttt1&kind=asr&lang=en&tlang=ms&fmt=ttml", "ext": "ttml"}, {"url": "https://www.youtube.com/api/timedtext?v=aBkH9gyz2IQ&asr_langs=ru%2Cde%2Ces%2Cfr%2Cnl%2Cja%2Cpt%2Cen%2Cko%2Cit&hl=en&xoaf=1&caps=asr&signature=EF9672BE7699F711E945C41E8BE5882346E7744E.B2E6CFF7A1F3D16CB227B0020F6A4B95E7008F44&xorp=True&expire=1542508427&sparams=asr_langs%2Ccaps%2Cv%2Cxoaf%2Cxorp%2Cexpire&key=yttt1&kind=asr&lang=en&tlang=ms&fmt=vtt", "ext": "vtt"}], "ml": [{"url": "https://www.youtube.com/api/timedtext?v=aBkH9gyz2IQ&asr_langs=ru%2Cde%2Ces%2Cfr%2Cnl%2Cja%2Cpt%2Cen%2Cko%2Cit&hl=en&xoaf=1&caps=asr&signature=EF9672BE7699F711E945C41E8BE5882346E7744E.B2E6CFF7A1F3D16CB227B0020F6A4B95E7008F44&xorp=True&expire=1542508427&sparams=asr_langs%2Ccaps%2Cv%2Cxoaf%2Cxorp%2Cexpire&key=yttt1&kind=asr&lang=en&tlang=ml&fmt=ttml", "ext": "ttml"}, {"url": "https://www.youtube.com/api/timedtext?v=aBkH9gyz2IQ&asr_langs=ru%2Cde%2Ces%2Cfr%2Cnl%2Cja%2Cpt%2Cen%2Cko%2Cit&hl=en&xoaf=1&caps=asr&signature=EF9672BE7699F711E945C41E8BE5882346E7744E.B2E6CFF7A1F3D16CB227B0020F6A4B95E7008F44&xorp=True&expire=1542508427&sparams=asr_langs%2Ccaps%2Cv%2Cxoaf%2Cxorp%2Cexpire&key=yttt1&kind=asr&lang=en&tlang=ml&fmt=vtt", "ext": "vtt"}], "mt": [{"url": "https://www.youtube.com/api/timedtext?v=aBkH9gyz2IQ&asr_langs=ru%2Cde%2Ces%2Cfr%2Cnl%2Cja%2Cpt%2Cen%2Cko%2Cit&hl=en&xoaf=1&caps=asr&signature=EF9672BE7699F711E945C41E8BE5882346E7744E.B2E6CFF7A1F3D16CB227B0020F6A4B95E7008F44&xorp=True&expire=1542508427&sparams=asr_langs%2Ccaps%2Cv%2Cxoaf%2Cxorp%2Cexpire&key=yttt1&kind=asr&lang=en&tlang=mt&fmt=ttml", "ext": "ttml"}, {"url": "https://www.youtube.com/api/timedtext?v=aBkH9gyz2IQ&asr_langs=ru%2Cde%2Ces%2Cfr%2Cnl%2Cja%2Cpt%2Cen%2Cko%2Cit&hl=en&xoaf=1&caps=asr&signature=EF9672BE7699F711E945C41E8BE5882346E7744E.B2E6CFF7A1F3D16CB227B0020F6A4B95E7008F44&xorp=True&expire=1542508427&sparams=asr_langs%2Ccaps%2Cv%2Cxoaf%2Cxorp%2Cexpire&key=yttt1&kind=asr&lang=en&tlang=mt&fmt=vtt", "ext": "vtt"}], "mi": [{"url": "https://www.youtube.com/api/timedtext?v=aBkH9gyz2IQ&asr_langs=ru%2Cde%2Ces%2Cfr%2Cnl%2Cja%2Cpt%2Cen%2Cko%2Cit&hl=en&xoaf=1&caps=asr&signature=EF9672BE7699F711E945C41E8BE5882346E7744E.B2E6CFF7A1F3D16CB227B0020F6A4B95E7008F44&xorp=True&expire=1542508427&sparams=asr_langs%2Ccaps%2Cv%2Cxoaf%2Cxorp%2Cexpire&key=yttt1&kind=asr&lang=en&tlang=mi&fmt=ttml", "ext": "ttml"}, {"url": "https://www.youtube.com/api/timedtext?v=aBkH9gyz2IQ&asr_langs=ru%2Cde%2Ces%2Cfr%2Cnl%2Cja%2Cpt%2Cen%2Cko%2Cit&hl=en&xoaf=1&caps=asr&signature=EF9672BE7699F711E945C41E8BE5882346E7744E.B2E6CFF7A1F3D16CB227B0020F6A4B95E7008F44&xorp=True&expire=1542508427&sparams=asr_langs%2Ccaps%2Cv%2Cxoaf%2Cxorp%2Cexpire&key=yttt1&kind=asr&lang=en&tlang=mi&fmt=vtt", "ext": "vtt"}], "mr": [{"url": "https://www.youtube.com/api/timedtext?v=aBkH9gyz2IQ&asr_langs=ru%2Cde%2Ces%2Cfr%2Cnl%2Cja%2Cpt%2Cen%2Cko%2Cit&hl=en&xoaf=1&caps=asr&signature=EF9672BE7699F711E945C41E8BE5882346E7744E.B2E6CFF7A1F3D16CB227B0020F6A4B95E7008F44&xorp=True&expire=1542508427&sparams=asr_langs%2Ccaps%2Cv%2Cxoaf%2Cxorp%2Cexpire&key=yttt1&kind=asr&lang=en&tlang=mr&fmt=ttml", "ext": "ttml"}, {"url": "https://www.youtube.com/api/timedtext?v=aBkH9gyz2IQ&asr_langs=ru%2Cde%2Ces%2Cfr%2Cnl%2Cja%2Cpt%2Cen%2Cko%2Cit&hl=en&xoaf=1&caps=asr&signature=EF9672BE7699F711E945C41E8BE5882346E7744E.B2E6CFF7A1F3D16CB227B0020F6A4B95E7008F44&xorp=True&expire=1542508427&sparams=asr_langs%2Ccaps%2Cv%2Cxoaf%2Cxorp%2Cexpire&key=yttt1&kind=asr&lang=en&tlang=mr&fmt=vtt", "ext": "vtt"}], "mn": [{"url": "https://www.youtube.com/api/timedtext?v=aBkH9gyz2IQ&asr_langs=ru%2Cde%2Ces%2Cfr%2Cnl%2Cja%2Cpt%2Cen%2Cko%2Cit&hl=en&xoaf=1&caps=asr&signature=EF9672BE7699F711E945C41E8BE5882346E7744E.B2E6CFF7A1F3D16CB227B0020F6A4B95E7008F44&xorp=True&expire=1542508427&sparams=asr_langs%2Ccaps%2Cv%2Cxoaf%2Cxorp%2Cexpire&key=yttt1&kind=asr&lang=en&tlang=mn&fmt=ttml", "ext": "ttml"}, {"url": "https://www.youtube.com/api/timedtext?v=aBkH9gyz2IQ&asr_langs=ru%2Cde%2Ces%2Cfr%2Cnl%2Cja%2Cpt%2Cen%2Cko%2Cit&hl=en&xoaf=1&caps=asr&signature=EF9672BE7699F711E945C41E8BE5882346E7744E.B2E6CFF7A1F3D16CB227B0020F6A4B95E7008F44&xorp=True&expire=1542508427&sparams=asr_langs%2Ccaps%2Cv%2Cxoaf%2Cxorp%2Cexpire&key=yttt1&kind=asr&lang=en&tlang=mn&fmt=vtt", "ext": "vtt"}], "ne": [{"url": "https://www.youtube.com/api/timedtext?v=aBkH9gyz2IQ&asr_langs=ru%2Cde%2Ces%2Cfr%2Cnl%2Cja%2Cpt%2Cen%2Cko%2Cit&hl=en&xoaf=1&caps=asr&signature=EF9672BE7699F711E945C41E8BE5882346E7744E.B2E6CFF7A1F3D16CB227B0020F6A4B95E7008F44&xorp=True&expire=1542508427&sparams=asr_langs%2Ccaps%2Cv%2Cxoaf%2Cxorp%2Cexpire&key=yttt1&kind=asr&lang=en&tlang=ne&fmt=ttml", "ext": "ttml"}, {"url": "https://www.youtube.com/api/timedtext?v=aBkH9gyz2IQ&asr_langs=ru%2Cde%2Ces%2Cfr%2Cnl%2Cja%2Cpt%2Cen%2Cko%2Cit&hl=en&xoaf=1&caps=asr&signature=EF9672BE7699F711E945C41E8BE5882346E7744E.B2E6CFF7A1F3D16CB227B0020F6A4B95E7008F44&xorp=True&expire=1542508427&sparams=asr_langs%2Ccaps%2Cv%2Cxoaf%2Cxorp%2Cexpire&key=yttt1&kind=asr&lang=en&tlang=ne&fmt=vtt", "ext": "vtt"}], "no": [{"url": "https://www.youtube.com/api/timedtext?v=aBkH9gyz2IQ&asr_langs=ru%2Cde%2Ces%2Cfr%2Cnl%2Cja%2Cpt%2Cen%2Cko%2Cit&hl=en&xoaf=1&caps=asr&signature=EF9672BE7699F711E945C41E8BE5882346E7744E.B2E6CFF7A1F3D16CB227B0020F6A4B95E7008F44&xorp=True&expire=1542508427&sparams=asr_langs%2Ccaps%2Cv%2Cxoaf%2Cxorp%2Cexpire&key=yttt1&kind=asr&lang=en&tlang=no&fmt=ttml", "ext": "ttml"}, {"url": "https://www.youtube.com/api/timedtext?v=aBkH9gyz2IQ&asr_langs=ru%2Cde%2Ces%2Cfr%2Cnl%2Cja%2Cpt%2Cen%2Cko%2Cit&hl=en&xoaf=1&caps=asr&signature=EF9672BE7699F711E945C41E8BE5882346E7744E.B2E6CFF7A1F3D16CB227B0020F6A4B95E7008F44&xorp=True&expire=1542508427&sparams=asr_langs%2Ccaps%2Cv%2Cxoaf%2Cxorp%2Cexpire&key=yttt1&kind=asr&lang=en&tlang=no&fmt=vtt", "ext": "vtt"}], "ny": [{"url": "https://www.youtube.com/api/timedtext?v=aBkH9gyz2IQ&asr_langs=ru%2Cde%2Ces%2Cfr%2Cnl%2Cja%2Cpt%2Cen%2Cko%2Cit&hl=en&xoaf=1&caps=asr&signature=EF9672BE7699F711E945C41E8BE5882346E7744E.B2E6CFF7A1F3D16CB227B0020F6A4B95E7008F44&xorp=True&expire=1542508427&sparams=asr_langs%2Ccaps%2Cv%2Cxoaf%2Cxorp%2Cexpire&key=yttt1&kind=asr&lang=en&tlang=ny&fmt=ttml", "ext": "ttml"}, {"url": "https://www.youtube.com/api/timedtext?v=aBkH9gyz2IQ&asr_langs=ru%2Cde%2Ces%2Cfr%2Cnl%2Cja%2Cpt%2Cen%2Cko%2Cit&hl=en&xoaf=1&caps=asr&signature=EF9672BE7699F711E945C41E8BE5882346E7744E.B2E6CFF7A1F3D16CB227B0020F6A4B95E7008F44&xorp=True&expire=1542508427&sparams=asr_langs%2Ccaps%2Cv%2Cxoaf%2Cxorp%2Cexpire&key=yttt1&kind=asr&lang=en&tlang=ny&fmt=vtt", "ext": "vtt"}], "ps": [{"url": "https://www.youtube.com/api/timedtext?v=aBkH9gyz2IQ&asr_langs=ru%2Cde%2Ces%2Cfr%2Cnl%2Cja%2Cpt%2Cen%2Cko%2Cit&hl=en&xoaf=1&caps=asr&signature=EF9672BE7699F711E945C41E8BE5882346E7744E.B2E6CFF7A1F3D16CB227B0020F6A4B95E7008F44&xorp=True&expire=1542508427&sparams=asr_langs%2Ccaps%2Cv%2Cxoaf%2Cxorp%2Cexpire&key=yttt1&kind=asr&lang=en&tlang=ps&fmt=ttml", "ext": "ttml"}, {"url": "https://www.youtube.com/api/timedtext?v=aBkH9gyz2IQ&asr_langs=ru%2Cde%2Ces%2Cfr%2Cnl%2Cja%2Cpt%2Cen%2Cko%2Cit&hl=en&xoaf=1&caps=asr&signature=EF9672BE7699F711E945C41E8BE5882346E7744E.B2E6CFF7A1F3D16CB227B0020F6A4B95E7008F44&xorp=True&expire=1542508427&sparams=asr_langs%2Ccaps%2Cv%2Cxoaf%2Cxorp%2Cexpire&key=yttt1&kind=asr&lang=en&tlang=ps&fmt=vtt", "ext": "vtt"}], "fa": [{"url": "https://www.youtube.com/api/timedtext?v=aBkH9gyz2IQ&asr_langs=ru%2Cde%2Ces%2Cfr%2Cnl%2Cja%2Cpt%2Cen%2Cko%2Cit&hl=en&xoaf=1&caps=asr&signature=EF9672BE7699F711E945C41E8BE5882346E7744E.B2E6CFF7A1F3D16CB227B0020F6A4B95E7008F44&xorp=True&expire=1542508427&sparams=asr_langs%2Ccaps%2Cv%2Cxoaf%2Cxorp%2Cexpire&key=yttt1&kind=asr&lang=en&tlang=fa&fmt=ttml", "ext": "ttml"}, {"url": "https://www.youtube.com/api/timedtext?v=aBkH9gyz2IQ&asr_langs=ru%2Cde%2Ces%2Cfr%2Cnl%2Cja%2Cpt%2Cen%2Cko%2Cit&hl=en&xoaf=1&caps=asr&signature=EF9672BE7699F711E945C41E8BE5882346E7744E.B2E6CFF7A1F3D16CB227B0020F6A4B95E7008F44&xorp=True&expire=1542508427&sparams=asr_langs%2Ccaps%2Cv%2Cxoaf%2Cxorp%2Cexpire&key=yttt1&kind=asr&lang=en&tlang=fa&fmt=vtt", "ext": "vtt"}], "pl": [{"url": "https://www.youtube.com/api/timedtext?v=aBkH9gyz2IQ&asr_langs=ru%2Cde%2Ces%2Cfr%2Cnl%2Cja%2Cpt%2Cen%2Cko%2Cit&hl=en&xoaf=1&caps=asr&signature=EF9672BE7699F711E945C41E8BE5882346E7744E.B2E6CFF7A1F3D16CB227B0020F6A4B95E7008F44&xorp=True&expire=1542508427&sparams=asr_langs%2Ccaps%2Cv%2Cxoaf%2Cxorp%2Cexpire&key=yttt1&kind=asr&lang=en&tlang=pl&fmt=ttml", "ext": "ttml"}, {"url": "https://www.youtube.com/api/timedtext?v=aBkH9gyz2IQ&asr_langs=ru%2Cde%2Ces%2Cfr%2Cnl%2Cja%2Cpt%2Cen%2Cko%2Cit&hl=en&xoaf=1&caps=asr&signature=EF9672BE7699F711E945C41E8BE5882346E7744E.B2E6CFF7A1F3D16CB227B0020F6A4B95E7008F44&xorp=True&expire=1542508427&sparams=asr_langs%2Ccaps%2Cv%2Cxoaf%2Cxorp%2Cexpire&key=yttt1&kind=asr&lang=en&tlang=pl&fmt=vtt", "ext": "vtt"}], "pt": [{"url": "https://www.youtube.com/api/timedtext?v=aBkH9gyz2IQ&asr_langs=ru%2Cde%2Ces%2Cfr%2Cnl%2Cja%2Cpt%2Cen%2Cko%2Cit&hl=en&xoaf=1&caps=asr&signature=EF9672BE7699F711E945C41E8BE5882346E7744E.B2E6CFF7A1F3D16CB227B0020F6A4B95E7008F44&xorp=True&expire=1542508427&sparams=asr_langs%2Ccaps%2Cv%2Cxoaf%2Cxorp%2Cexpire&key=yttt1&kind=asr&lang=en&tlang=pt&fmt=ttml", "ext": "ttml"}, {"url": "https://www.youtube.com/api/timedtext?v=aBkH9gyz2IQ&asr_langs=ru%2Cde%2Ces%2Cfr%2Cnl%2Cja%2Cpt%2Cen%2Cko%2Cit&hl=en&xoaf=1&caps=asr&signature=EF9672BE7699F711E945C41E8BE5882346E7744E.B2E6CFF7A1F3D16CB227B0020F6A4B95E7008F44&xorp=True&expire=1542508427&sparams=asr_langs%2Ccaps%2Cv%2Cxoaf%2Cxorp%2Cexpire&key=yttt1&kind=asr&lang=en&tlang=pt&fmt=vtt", "ext": "vtt"}], "pa": [{"url": "https://www.youtube.com/api/timedtext?v=aBkH9gyz2IQ&asr_langs=ru%2Cde%2Ces%2Cfr%2Cnl%2Cja%2Cpt%2Cen%2Cko%2Cit&hl=en&xoaf=1&caps=asr&signature=EF9672BE7699F711E945C41E8BE5882346E7744E.B2E6CFF7A1F3D16CB227B0020F6A4B95E7008F44&xorp=True&expire=1542508427&sparams=asr_langs%2Ccaps%2Cv%2Cxoaf%2Cxorp%2Cexpire&key=yttt1&kind=asr&lang=en&tlang=pa&fmt=ttml", "ext": "ttml"}, {"url": "https://www.youtube.com/api/timedtext?v=aBkH9gyz2IQ&asr_langs=ru%2Cde%2Ces%2Cfr%2Cnl%2Cja%2Cpt%2Cen%2Cko%2Cit&hl=en&xoaf=1&caps=asr&signature=EF9672BE7699F711E945C41E8BE5882346E7744E.B2E6CFF7A1F3D16CB227B0020F6A4B95E7008F44&xorp=True&expire=1542508427&sparams=asr_langs%2Ccaps%2Cv%2Cxoaf%2Cxorp%2Cexpire&key=yttt1&kind=asr&lang=en&tlang=pa&fmt=vtt", "ext": "vtt"}], "ro": [{"url": "https://www.youtube.com/api/timedtext?v=aBkH9gyz2IQ&asr_langs=ru%2Cde%2Ces%2Cfr%2Cnl%2Cja%2Cpt%2Cen%2Cko%2Cit&hl=en&xoaf=1&caps=asr&signature=EF9672BE7699F711E945C41E8BE5882346E7744E.B2E6CFF7A1F3D16CB227B0020F6A4B95E7008F44&xorp=True&expire=1542508427&sparams=asr_langs%2Ccaps%2Cv%2Cxoaf%2Cxorp%2Cexpire&key=yttt1&kind=asr&lang=en&tlang=ro&fmt=ttml", "ext": "ttml"}, {"url": "https://www.youtube.com/api/timedtext?v=aBkH9gyz2IQ&asr_langs=ru%2Cde%2Ces%2Cfr%2Cnl%2Cja%2Cpt%2Cen%2Cko%2Cit&hl=en&xoaf=1&caps=asr&signature=EF9672BE7699F711E945C41E8BE5882346E7744E.B2E6CFF7A1F3D16CB227B0020F6A4B95E7008F44&xorp=True&expire=1542508427&sparams=asr_langs%2Ccaps%2Cv%2Cxoaf%2Cxorp%2Cexpire&key=yttt1&kind=asr&lang=en&tlang=ro&fmt=vtt", "ext": "vtt"}], "ru": [{"url": "https://www.youtube.com/api/timedtext?v=aBkH9gyz2IQ&asr_langs=ru%2Cde%2Ces%2Cfr%2Cnl%2Cja%2Cpt%2Cen%2Cko%2Cit&hl=en&xoaf=1&caps=asr&signature=EF9672BE7699F711E945C41E8BE5882346E7744E.B2E6CFF7A1F3D16CB227B0020F6A4B95E7008F44&xorp=True&expire=1542508427&sparams=asr_langs%2Ccaps%2Cv%2Cxoaf%2Cxorp%2Cexpire&key=yttt1&kind=asr&lang=en&tlang=ru&fmt=ttml", "ext": "ttml"}, {"url": "https://www.youtube.com/api/timedtext?v=aBkH9gyz2IQ&asr_langs=ru%2Cde%2Ces%2Cfr%2Cnl%2Cja%2Cpt%2Cen%2Cko%2Cit&hl=en&xoaf=1&caps=asr&signature=EF9672BE7699F711E945C41E8BE5882346E7744E.B2E6CFF7A1F3D16CB227B0020F6A4B95E7008F44&xorp=True&expire=1542508427&sparams=asr_langs%2Ccaps%2Cv%2Cxoaf%2Cxorp%2Cexpire&key=yttt1&kind=asr&lang=en&tlang=ru&fmt=vtt", "ext": "vtt"}], "sm": [{"url": "https://www.youtube.com/api/timedtext?v=aBkH9gyz2IQ&asr_langs=ru%2Cde%2Ces%2Cfr%2Cnl%2Cja%2Cpt%2Cen%2Cko%2Cit&hl=en&xoaf=1&caps=asr&signature=EF9672BE7699F711E945C41E8BE5882346E7744E.B2E6CFF7A1F3D16CB227B0020F6A4B95E7008F44&xorp=True&expire=1542508427&sparams=asr_langs%2Ccaps%2Cv%2Cxoaf%2Cxorp%2Cexpire&key=yttt1&kind=asr&lang=en&tlang=sm&fmt=ttml", "ext": "ttml"}, {"url": "https://www.youtube.com/api/timedtext?v=aBkH9gyz2IQ&asr_langs=ru%2Cde%2Ces%2Cfr%2Cnl%2Cja%2Cpt%2Cen%2Cko%2Cit&hl=en&xoaf=1&caps=asr&signature=EF9672BE7699F711E945C41E8BE5882346E7744E.B2E6CFF7A1F3D16CB227B0020F6A4B95E7008F44&xorp=True&expire=1542508427&sparams=asr_langs%2Ccaps%2Cv%2Cxoaf%2Cxorp%2Cexpire&key=yttt1&kind=asr&lang=en&tlang=sm&fmt=vtt", "ext": "vtt"}], "gd": [{"url": "https://www.youtube.com/api/timedtext?v=aBkH9gyz2IQ&asr_langs=ru%2Cde%2Ces%2Cfr%2Cnl%2Cja%2Cpt%2Cen%2Cko%2Cit&hl=en&xoaf=1&caps=asr&signature=EF9672BE7699F711E945C41E8BE5882346E7744E.B2E6CFF7A1F3D16CB227B0020F6A4B95E7008F44&xorp=True&expire=1542508427&sparams=asr_langs%2Ccaps%2Cv%2Cxoaf%2Cxorp%2Cexpire&key=yttt1&kind=asr&lang=en&tlang=gd&fmt=ttml", "ext": "ttml"}, {"url": "https://www.youtube.com/api/timedtext?v=aBkH9gyz2IQ&asr_langs=ru%2Cde%2Ces%2Cfr%2Cnl%2Cja%2Cpt%2Cen%2Cko%2Cit&hl=en&xoaf=1&caps=asr&signature=EF9672BE7699F711E945C41E8BE5882346E7744E.B2E6CFF7A1F3D16CB227B0020F6A4B95E7008F44&xorp=True&expire=1542508427&sparams=asr_langs%2Ccaps%2Cv%2Cxoaf%2Cxorp%2Cexpire&key=yttt1&kind=asr&lang=en&tlang=gd&fmt=vtt", "ext": "vtt"}], "sr": [{"url": "https://www.youtube.com/api/timedtext?v=aBkH9gyz2IQ&asr_langs=ru%2Cde%2Ces%2Cfr%2Cnl%2Cja%2Cpt%2Cen%2Cko%2Cit&hl=en&xoaf=1&caps=asr&signature=EF9672BE7699F711E945C41E8BE5882346E7744E.B2E6CFF7A1F3D16CB227B0020F6A4B95E7008F44&xorp=True&expire=1542508427&sparams=asr_langs%2Ccaps%2Cv%2Cxoaf%2Cxorp%2Cexpire&key=yttt1&kind=asr&lang=en&tlang=sr&fmt=ttml", "ext": "ttml"}, {"url": "https://www.youtube.com/api/timedtext?v=aBkH9gyz2IQ&asr_langs=ru%2Cde%2Ces%2Cfr%2Cnl%2Cja%2Cpt%2Cen%2Cko%2Cit&hl=en&xoaf=1&caps=asr&signature=EF9672BE7699F711E945C41E8BE5882346E7744E.B2E6CFF7A1F3D16CB227B0020F6A4B95E7008F44&xorp=True&expire=1542508427&sparams=asr_langs%2Ccaps%2Cv%2Cxoaf%2Cxorp%2Cexpire&key=yttt1&kind=asr&lang=en&tlang=sr&fmt=vtt", "ext": "vtt"}], "sn": [{"url": "https://www.youtube.com/api/timedtext?v=aBkH9gyz2IQ&asr_langs=ru%2Cde%2Ces%2Cfr%2Cnl%2Cja%2Cpt%2Cen%2Cko%2Cit&hl=en&xoaf=1&caps=asr&signature=EF9672BE7699F711E945C41E8BE5882346E7744E.B2E6CFF7A1F3D16CB227B0020F6A4B95E7008F44&xorp=True&expire=1542508427&sparams=asr_langs%2Ccaps%2Cv%2Cxoaf%2Cxorp%2Cexpire&key=yttt1&kind=asr&lang=en&tlang=sn&fmt=ttml", "ext": "ttml"}, {"url": "https://www.youtube.com/api/timedtext?v=aBkH9gyz2IQ&asr_langs=ru%2Cde%2Ces%2Cfr%2Cnl%2Cja%2Cpt%2Cen%2Cko%2Cit&hl=en&xoaf=1&caps=asr&signature=EF9672BE7699F711E945C41E8BE5882346E7744E.B2E6CFF7A1F3D16CB227B0020F6A4B95E7008F44&xorp=True&expire=1542508427&sparams=asr_langs%2Ccaps%2Cv%2Cxoaf%2Cxorp%2Cexpire&key=yttt1&kind=asr&lang=en&tlang=sn&fmt=vtt", "ext": "vtt"}], "sd": [{"url": "https://www.youtube.com/api/timedtext?v=aBkH9gyz2IQ&asr_langs=ru%2Cde%2Ces%2Cfr%2Cnl%2Cja%2Cpt%2Cen%2Cko%2Cit&hl=en&xoaf=1&caps=asr&signature=EF9672BE7699F711E945C41E8BE5882346E7744E.B2E6CFF7A1F3D16CB227B0020F6A4B95E7008F44&xorp=True&expire=1542508427&sparams=asr_langs%2Ccaps%2Cv%2Cxoaf%2Cxorp%2Cexpire&key=yttt1&kind=asr&lang=en&tlang=sd&fmt=ttml", "ext": "ttml"}, {"url": "https://www.youtube.com/api/timedtext?v=aBkH9gyz2IQ&asr_langs=ru%2Cde%2Ces%2Cfr%2Cnl%2Cja%2Cpt%2Cen%2Cko%2Cit&hl=en&xoaf=1&caps=asr&signature=EF9672BE7699F711E945C41E8BE5882346E7744E.B2E6CFF7A1F3D16CB227B0020F6A4B95E7008F44&xorp=True&expire=1542508427&sparams=asr_langs%2Ccaps%2Cv%2Cxoaf%2Cxorp%2Cexpire&key=yttt1&kind=asr&lang=en&tlang=sd&fmt=vtt", "ext": "vtt"}], "si": [{"url": "https://www.youtube.com/api/timedtext?v=aBkH9gyz2IQ&asr_langs=ru%2Cde%2Ces%2Cfr%2Cnl%2Cja%2Cpt%2Cen%2Cko%2Cit&hl=en&xoaf=1&caps=asr&signature=EF9672BE7699F711E945C41E8BE5882346E7744E.B2E6CFF7A1F3D16CB227B0020F6A4B95E7008F44&xorp=True&expire=1542508427&sparams=asr_langs%2Ccaps%2Cv%2Cxoaf%2Cxorp%2Cexpire&key=yttt1&kind=asr&lang=en&tlang=si&fmt=ttml", "ext": "ttml"}, {"url": "https://www.youtube.com/api/timedtext?v=aBkH9gyz2IQ&asr_langs=ru%2Cde%2Ces%2Cfr%2Cnl%2Cja%2Cpt%2Cen%2Cko%2Cit&hl=en&xoaf=1&caps=asr&signature=EF9672BE7699F711E945C41E8BE5882346E7744E.B2E6CFF7A1F3D16CB227B0020F6A4B95E7008F44&xorp=True&expire=1542508427&sparams=asr_langs%2Ccaps%2Cv%2Cxoaf%2Cxorp%2Cexpire&key=yttt1&kind=asr&lang=en&tlang=si&fmt=vtt", "ext": "vtt"}], "sk": [{"url": "https://www.youtube.com/api/timedtext?v=aBkH9gyz2IQ&asr_langs=ru%2Cde%2Ces%2Cfr%2Cnl%2Cja%2Cpt%2Cen%2Cko%2Cit&hl=en&xoaf=1&caps=asr&signature=EF9672BE7699F711E945C41E8BE5882346E7744E.B2E6CFF7A1F3D16CB227B0020F6A4B95E7008F44&xorp=True&expire=1542508427&sparams=asr_langs%2Ccaps%2Cv%2Cxoaf%2Cxorp%2Cexpire&key=yttt1&kind=asr&lang=en&tlang=sk&fmt=ttml", "ext": "ttml"}, {"url": "https://www.youtube.com/api/timedtext?v=aBkH9gyz2IQ&asr_langs=ru%2Cde%2Ces%2Cfr%2Cnl%2Cja%2Cpt%2Cen%2Cko%2Cit&hl=en&xoaf=1&caps=asr&signature=EF9672BE7699F711E945C41E8BE5882346E7744E.B2E6CFF7A1F3D16CB227B0020F6A4B95E7008F44&xorp=True&expire=1542508427&sparams=asr_langs%2Ccaps%2Cv%2Cxoaf%2Cxorp%2Cexpire&key=yttt1&kind=asr&lang=en&tlang=sk&fmt=vtt", "ext": "vtt"}], "sl": [{"url": "https://www.youtube.com/api/timedtext?v=aBkH9gyz2IQ&asr_langs=ru%2Cde%2Ces%2Cfr%2Cnl%2Cja%2Cpt%2Cen%2Cko%2Cit&hl=en&xoaf=1&caps=asr&signature=EF9672BE7699F711E945C41E8BE5882346E7744E.B2E6CFF7A1F3D16CB227B0020F6A4B95E7008F44&xorp=True&expire=1542508427&sparams=asr_langs%2Ccaps%2Cv%2Cxoaf%2Cxorp%2Cexpire&key=yttt1&kind=asr&lang=en&tlang=sl&fmt=ttml", "ext": "ttml"}, {"url": "https://www.youtube.com/api/timedtext?v=aBkH9gyz2IQ&asr_langs=ru%2Cde%2Ces%2Cfr%2Cnl%2Cja%2Cpt%2Cen%2Cko%2Cit&hl=en&xoaf=1&caps=asr&signature=EF9672BE7699F711E945C41E8BE5882346E7744E.B2E6CFF7A1F3D16CB227B0020F6A4B95E7008F44&xorp=True&expire=1542508427&sparams=asr_langs%2Ccaps%2Cv%2Cxoaf%2Cxorp%2Cexpire&key=yttt1&kind=asr&lang=en&tlang=sl&fmt=vtt", "ext": "vtt"}], "so": [{"url": "https://www.youtube.com/api/timedtext?v=aBkH9gyz2IQ&asr_langs=ru%2Cde%2Ces%2Cfr%2Cnl%2Cja%2Cpt%2Cen%2Cko%2Cit&hl=en&xoaf=1&caps=asr&signature=EF9672BE7699F711E945C41E8BE5882346E7744E.B2E6CFF7A1F3D16CB227B0020F6A4B95E7008F44&xorp=True&expire=1542508427&sparams=asr_langs%2Ccaps%2Cv%2Cxoaf%2Cxorp%2Cexpire&key=yttt1&kind=asr&lang=en&tlang=so&fmt=ttml", "ext": "ttml"}, {"url": "https://www.youtube.com/api/timedtext?v=aBkH9gyz2IQ&asr_langs=ru%2Cde%2Ces%2Cfr%2Cnl%2Cja%2Cpt%2Cen%2Cko%2Cit&hl=en&xoaf=1&caps=asr&signature=EF9672BE7699F711E945C41E8BE5882346E7744E.B2E6CFF7A1F3D16CB227B0020F6A4B95E7008F44&xorp=True&expire=1542508427&sparams=asr_langs%2Ccaps%2Cv%2Cxoaf%2Cxorp%2Cexpire&key=yttt1&kind=asr&lang=en&tlang=so&fmt=vtt", "ext": "vtt"}], "st": [{"url": "https://www.youtube.com/api/timedtext?v=aBkH9gyz2IQ&asr_langs=ru%2Cde%2Ces%2Cfr%2Cnl%2Cja%2Cpt%2Cen%2Cko%2Cit&hl=en&xoaf=1&caps=asr&signature=EF9672BE7699F711E945C41E8BE5882346E7744E.B2E6CFF7A1F3D16CB227B0020F6A4B95E7008F44&xorp=True&expire=1542508427&sparams=asr_langs%2Ccaps%2Cv%2Cxoaf%2Cxorp%2Cexpire&key=yttt1&kind=asr&lang=en&tlang=st&fmt=ttml", "ext": "ttml"}, {"url": "https://www.youtube.com/api/timedtext?v=aBkH9gyz2IQ&asr_langs=ru%2Cde%2Ces%2Cfr%2Cnl%2Cja%2Cpt%2Cen%2Cko%2Cit&hl=en&xoaf=1&caps=asr&signature=EF9672BE7699F711E945C41E8BE5882346E7744E.B2E6CFF7A1F3D16CB227B0020F6A4B95E7008F44&xorp=True&expire=1542508427&sparams=asr_langs%2Ccaps%2Cv%2Cxoaf%2Cxorp%2Cexpire&key=yttt1&kind=asr&lang=en&tlang=st&fmt=vtt", "ext": "vtt"}], "es": [{"url": "https://www.youtube.com/api/timedtext?v=aBkH9gyz2IQ&asr_langs=ru%2Cde%2Ces%2Cfr%2Cnl%2Cja%2Cpt%2Cen%2Cko%2Cit&hl=en&xoaf=1&caps=asr&signature=EF9672BE7699F711E945C41E8BE5882346E7744E.B2E6CFF7A1F3D16CB227B0020F6A4B95E7008F44&xorp=True&expire=1542508427&sparams=asr_langs%2Ccaps%2Cv%2Cxoaf%2Cxorp%2Cexpire&key=yttt1&kind=asr&lang=en&tlang=es&fmt=ttml", "ext": "ttml"}, {"url": "https://www.youtube.com/api/timedtext?v=aBkH9gyz2IQ&asr_langs=ru%2Cde%2Ces%2Cfr%2Cnl%2Cja%2Cpt%2Cen%2Cko%2Cit&hl=en&xoaf=1&caps=asr&signature=EF9672BE7699F711E945C41E8BE5882346E7744E.B2E6CFF7A1F3D16CB227B0020F6A4B95E7008F44&xorp=True&expire=1542508427&sparams=asr_langs%2Ccaps%2Cv%2Cxoaf%2Cxorp%2Cexpire&key=yttt1&kind=asr&lang=en&tlang=es&fmt=vtt", "ext": "vtt"}], "su": [{"url": "https://www.youtube.com/api/timedtext?v=aBkH9gyz2IQ&asr_langs=ru%2Cde%2Ces%2Cfr%2Cnl%2Cja%2Cpt%2Cen%2Cko%2Cit&hl=en&xoaf=1&caps=asr&signature=EF9672BE7699F711E945C41E8BE5882346E7744E.B2E6CFF7A1F3D16CB227B0020F6A4B95E7008F44&xorp=True&expire=1542508427&sparams=asr_langs%2Ccaps%2Cv%2Cxoaf%2Cxorp%2Cexpire&key=yttt1&kind=asr&lang=en&tlang=su&fmt=ttml", "ext": "ttml"}, {"url": "https://www.youtube.com/api/timedtext?v=aBkH9gyz2IQ&asr_langs=ru%2Cde%2Ces%2Cfr%2Cnl%2Cja%2Cpt%2Cen%2Cko%2Cit&hl=en&xoaf=1&caps=asr&signature=EF9672BE7699F711E945C41E8BE5882346E7744E.B2E6CFF7A1F3D16CB227B0020F6A4B95E7008F44&xorp=True&expire=1542508427&sparams=asr_langs%2Ccaps%2Cv%2Cxoaf%2Cxorp%2Cexpire&key=yttt1&kind=asr&lang=en&tlang=su&fmt=vtt", "ext": "vtt"}], "sw": [{"url": "https://www.youtube.com/api/timedtext?v=aBkH9gyz2IQ&asr_langs=ru%2Cde%2Ces%2Cfr%2Cnl%2Cja%2Cpt%2Cen%2Cko%2Cit&hl=en&xoaf=1&caps=asr&signature=EF9672BE7699F711E945C41E8BE5882346E7744E.B2E6CFF7A1F3D16CB227B0020F6A4B95E7008F44&xorp=True&expire=1542508427&sparams=asr_langs%2Ccaps%2Cv%2Cxoaf%2Cxorp%2Cexpire&key=yttt1&kind=asr&lang=en&tlang=sw&fmt=ttml", "ext": "ttml"}, {"url": "https://www.youtube.com/api/timedtext?v=aBkH9gyz2IQ&asr_langs=ru%2Cde%2Ces%2Cfr%2Cnl%2Cja%2Cpt%2Cen%2Cko%2Cit&hl=en&xoaf=1&caps=asr&signature=EF9672BE7699F711E945C41E8BE5882346E7744E.B2E6CFF7A1F3D16CB227B0020F6A4B95E7008F44&xorp=True&expire=1542508427&sparams=asr_langs%2Ccaps%2Cv%2Cxoaf%2Cxorp%2Cexpire&key=yttt1&kind=asr&lang=en&tlang=sw&fmt=vtt", "ext": "vtt"}], "sv": [{"url": "https://www.youtube.com/api/timedtext?v=aBkH9gyz2IQ&asr_langs=ru%2Cde%2Ces%2Cfr%2Cnl%2Cja%2Cpt%2Cen%2Cko%2Cit&hl=en&xoaf=1&caps=asr&signature=EF9672BE7699F711E945C41E8BE5882346E7744E.B2E6CFF7A1F3D16CB227B0020F6A4B95E7008F44&xorp=True&expire=1542508427&sparams=asr_langs%2Ccaps%2Cv%2Cxoaf%2Cxorp%2Cexpire&key=yttt1&kind=asr&lang=en&tlang=sv&fmt=ttml", "ext": "ttml"}, {"url": "https://www.youtube.com/api/timedtext?v=aBkH9gyz2IQ&asr_langs=ru%2Cde%2Ces%2Cfr%2Cnl%2Cja%2Cpt%2Cen%2Cko%2Cit&hl=en&xoaf=1&caps=asr&signature=EF9672BE7699F711E945C41E8BE5882346E7744E.B2E6CFF7A1F3D16CB227B0020F6A4B95E7008F44&xorp=True&expire=1542508427&sparams=asr_langs%2Ccaps%2Cv%2Cxoaf%2Cxorp%2Cexpire&key=yttt1&kind=asr&lang=en&tlang=sv&fmt=vtt", "ext": "vtt"}], "tg": [{"url": "https://www.youtube.com/api/timedtext?v=aBkH9gyz2IQ&asr_langs=ru%2Cde%2Ces%2Cfr%2Cnl%2Cja%2Cpt%2Cen%2Cko%2Cit&hl=en&xoaf=1&caps=asr&signature=EF9672BE7699F711E945C41E8BE5882346E7744E.B2E6CFF7A1F3D16CB227B0020F6A4B95E7008F44&xorp=True&expire=1542508427&sparams=asr_langs%2Ccaps%2Cv%2Cxoaf%2Cxorp%2Cexpire&key=yttt1&kind=asr&lang=en&tlang=tg&fmt=ttml", "ext": "ttml"}, {"url": "https://www.youtube.com/api/timedtext?v=aBkH9gyz2IQ&asr_langs=ru%2Cde%2Ces%2Cfr%2Cnl%2Cja%2Cpt%2Cen%2Cko%2Cit&hl=en&xoaf=1&caps=asr&signature=EF9672BE7699F711E945C41E8BE5882346E7744E.B2E6CFF7A1F3D16CB227B0020F6A4B95E7008F44&xorp=True&expire=1542508427&sparams=asr_langs%2Ccaps%2Cv%2Cxoaf%2Cxorp%2Cexpire&key=yttt1&kind=asr&lang=en&tlang=tg&fmt=vtt", "ext": "vtt"}], "ta": [{"url": "https://www.youtube.com/api/timedtext?v=aBkH9gyz2IQ&asr_langs=ru%2Cde%2Ces%2Cfr%2Cnl%2Cja%2Cpt%2Cen%2Cko%2Cit&hl=en&xoaf=1&caps=asr&signature=EF9672BE7699F711E945C41E8BE5882346E7744E.B2E6CFF7A1F3D16CB227B0020F6A4B95E7008F44&xorp=True&expire=1542508427&sparams=asr_langs%2Ccaps%2Cv%2Cxoaf%2Cxorp%2Cexpire&key=yttt1&kind=asr&lang=en&tlang=ta&fmt=ttml", "ext": "ttml"}, {"url": "https://www.youtube.com/api/timedtext?v=aBkH9gyz2IQ&asr_langs=ru%2Cde%2Ces%2Cfr%2Cnl%2Cja%2Cpt%2Cen%2Cko%2Cit&hl=en&xoaf=1&caps=asr&signature=EF9672BE7699F711E945C41E8BE5882346E7744E.B2E6CFF7A1F3D16CB227B0020F6A4B95E7008F44&xorp=True&expire=1542508427&sparams=asr_langs%2Ccaps%2Cv%2Cxoaf%2Cxorp%2Cexpire&key=yttt1&kind=asr&lang=en&tlang=ta&fmt=vtt", "ext": "vtt"}], "te": [{"url": "https://www.youtube.com/api/timedtext?v=aBkH9gyz2IQ&asr_langs=ru%2Cde%2Ces%2Cfr%2Cnl%2Cja%2Cpt%2Cen%2Cko%2Cit&hl=en&xoaf=1&caps=asr&signature=EF9672BE7699F711E945C41E8BE5882346E7744E.B2E6CFF7A1F3D16CB227B0020F6A4B95E7008F44&xorp=True&expire=1542508427&sparams=asr_langs%2Ccaps%2Cv%2Cxoaf%2Cxorp%2Cexpire&key=yttt1&kind=asr&lang=en&tlang=te&fmt=ttml", "ext": "ttml"}, {"url": "https://www.youtube.com/api/timedtext?v=aBkH9gyz2IQ&asr_langs=ru%2Cde%2Ces%2Cfr%2Cnl%2Cja%2Cpt%2Cen%2Cko%2Cit&hl=en&xoaf=1&caps=asr&signature=EF9672BE7699F711E945C41E8BE5882346E7744E.B2E6CFF7A1F3D16CB227B0020F6A4B95E7008F44&xorp=True&expire=1542508427&sparams=asr_langs%2Ccaps%2Cv%2Cxoaf%2Cxorp%2Cexpire&key=yttt1&kind=asr&lang=en&tlang=te&fmt=vtt", "ext": "vtt"}], "th": [{"url": "https://www.youtube.com/api/timedtext?v=aBkH9gyz2IQ&asr_langs=ru%2Cde%2Ces%2Cfr%2Cnl%2Cja%2Cpt%2Cen%2Cko%2Cit&hl=en&xoaf=1&caps=asr&signature=EF9672BE7699F711E945C41E8BE5882346E7744E.B2E6CFF7A1F3D16CB227B0020F6A4B95E7008F44&xorp=True&expire=1542508427&sparams=asr_langs%2Ccaps%2Cv%2Cxoaf%2Cxorp%2Cexpire&key=yttt1&kind=asr&lang=en&tlang=th&fmt=ttml", "ext": "ttml"}, {"url": "https://www.youtube.com/api/timedtext?v=aBkH9gyz2IQ&asr_langs=ru%2Cde%2Ces%2Cfr%2Cnl%2Cja%2Cpt%2Cen%2Cko%2Cit&hl=en&xoaf=1&caps=asr&signature=EF9672BE7699F711E945C41E8BE5882346E7744E.B2E6CFF7A1F3D16CB227B0020F6A4B95E7008F44&xorp=True&expire=1542508427&sparams=asr_langs%2Ccaps%2Cv%2Cxoaf%2Cxorp%2Cexpire&key=yttt1&kind=asr&lang=en&tlang=th&fmt=vtt", "ext": "vtt"}], "tr": [{"url": "https://www.youtube.com/api/timedtext?v=aBkH9gyz2IQ&asr_langs=ru%2Cde%2Ces%2Cfr%2Cnl%2Cja%2Cpt%2Cen%2Cko%2Cit&hl=en&xoaf=1&caps=asr&signature=EF9672BE7699F711E945C41E8BE5882346E7744E.B2E6CFF7A1F3D16CB227B0020F6A4B95E7008F44&xorp=True&expire=1542508427&sparams=asr_langs%2Ccaps%2Cv%2Cxoaf%2Cxorp%2Cexpire&key=yttt1&kind=asr&lang=en&tlang=tr&fmt=ttml", "ext": "ttml"}, {"url": "https://www.youtube.com/api/timedtext?v=aBkH9gyz2IQ&asr_langs=ru%2Cde%2Ces%2Cfr%2Cnl%2Cja%2Cpt%2Cen%2Cko%2Cit&hl=en&xoaf=1&caps=asr&signature=EF9672BE7699F711E945C41E8BE5882346E7744E.B2E6CFF7A1F3D16CB227B0020F6A4B95E7008F44&xorp=True&expire=1542508427&sparams=asr_langs%2Ccaps%2Cv%2Cxoaf%2Cxorp%2Cexpire&key=yttt1&kind=asr&lang=en&tlang=tr&fmt=vtt", "ext": "vtt"}], "uk": [{"url": "https://www.youtube.com/api/timedtext?v=aBkH9gyz2IQ&asr_langs=ru%2Cde%2Ces%2Cfr%2Cnl%2Cja%2Cpt%2Cen%2Cko%2Cit&hl=en&xoaf=1&caps=asr&signature=EF9672BE7699F711E945C41E8BE5882346E7744E.B2E6CFF7A1F3D16CB227B0020F6A4B95E7008F44&xorp=True&expire=1542508427&sparams=asr_langs%2Ccaps%2Cv%2Cxoaf%2Cxorp%2Cexpire&key=yttt1&kind=asr&lang=en&tlang=uk&fmt=ttml", "ext": "ttml"}, {"url": "https://www.youtube.com/api/timedtext?v=aBkH9gyz2IQ&asr_langs=ru%2Cde%2Ces%2Cfr%2Cnl%2Cja%2Cpt%2Cen%2Cko%2Cit&hl=en&xoaf=1&caps=asr&signature=EF9672BE7699F711E945C41E8BE5882346E7744E.B2E6CFF7A1F3D16CB227B0020F6A4B95E7008F44&xorp=True&expire=1542508427&sparams=asr_langs%2Ccaps%2Cv%2Cxoaf%2Cxorp%2Cexpire&key=yttt1&kind=asr&lang=en&tlang=uk&fmt=vtt", "ext": "vtt"}], "ur": [{"url": "https://www.youtube.com/api/timedtext?v=aBkH9gyz2IQ&asr_langs=ru%2Cde%2Ces%2Cfr%2Cnl%2Cja%2Cpt%2Cen%2Cko%2Cit&hl=en&xoaf=1&caps=asr&signature=EF9672BE7699F711E945C41E8BE5882346E7744E.B2E6CFF7A1F3D16CB227B0020F6A4B95E7008F44&xorp=True&expire=1542508427&sparams=asr_langs%2Ccaps%2Cv%2Cxoaf%2Cxorp%2Cexpire&key=yttt1&kind=asr&lang=en&tlang=ur&fmt=ttml", "ext": "ttml"}, {"url": "https://www.youtube.com/api/timedtext?v=aBkH9gyz2IQ&asr_langs=ru%2Cde%2Ces%2Cfr%2Cnl%2Cja%2Cpt%2Cen%2Cko%2Cit&hl=en&xoaf=1&caps=asr&signature=EF9672BE7699F711E945C41E8BE5882346E7744E.B2E6CFF7A1F3D16CB227B0020F6A4B95E7008F44&xorp=True&expire=1542508427&sparams=asr_langs%2Ccaps%2Cv%2Cxoaf%2Cxorp%2Cexpire&key=yttt1&kind=asr&lang=en&tlang=ur&fmt=vtt", "ext": "vtt"}], "uz": [{"url": "https://www.youtube.com/api/timedtext?v=aBkH9gyz2IQ&asr_langs=ru%2Cde%2Ces%2Cfr%2Cnl%2Cja%2Cpt%2Cen%2Cko%2Cit&hl=en&xoaf=1&caps=asr&signature=EF9672BE7699F711E945C41E8BE5882346E7744E.B2E6CFF7A1F3D16CB227B0020F6A4B95E7008F44&xorp=True&expire=1542508427&sparams=asr_langs%2Ccaps%2Cv%2Cxoaf%2Cxorp%2Cexpire&key=yttt1&kind=asr&lang=en&tlang=uz&fmt=ttml", "ext": "ttml"}, {"url": "https://www.youtube.com/api/timedtext?v=aBkH9gyz2IQ&asr_langs=ru%2Cde%2Ces%2Cfr%2Cnl%2Cja%2Cpt%2Cen%2Cko%2Cit&hl=en&xoaf=1&caps=asr&signature=EF9672BE7699F711E945C41E8BE5882346E7744E.B2E6CFF7A1F3D16CB227B0020F6A4B95E7008F44&xorp=True&expire=1542508427&sparams=asr_langs%2Ccaps%2Cv%2Cxoaf%2Cxorp%2Cexpire&key=yttt1&kind=asr&lang=en&tlang=uz&fmt=vtt", "ext": "vtt"}], "vi": [{"url": "https://www.youtube.com/api/timedtext?v=aBkH9gyz2IQ&asr_langs=ru%2Cde%2Ces%2Cfr%2Cnl%2Cja%2Cpt%2Cen%2Cko%2Cit&hl=en&xoaf=1&caps=asr&signature=EF9672BE7699F711E945C41E8BE5882346E7744E.B2E6CFF7A1F3D16CB227B0020F6A4B95E7008F44&xorp=True&expire=1542508427&sparams=asr_langs%2Ccaps%2Cv%2Cxoaf%2Cxorp%2Cexpire&key=yttt1&kind=asr&lang=en&tlang=vi&fmt=ttml", "ext": "ttml"}, {"url": "https://www.youtube.com/api/timedtext?v=aBkH9gyz2IQ&asr_langs=ru%2Cde%2Ces%2Cfr%2Cnl%2Cja%2Cpt%2Cen%2Cko%2Cit&hl=en&xoaf=1&caps=asr&signature=EF9672BE7699F711E945C41E8BE5882346E7744E.B2E6CFF7A1F3D16CB227B0020F6A4B95E7008F44&xorp=True&expire=1542508427&sparams=asr_langs%2Ccaps%2Cv%2Cxoaf%2Cxorp%2Cexpire&key=yttt1&kind=asr&lang=en&tlang=vi&fmt=vtt", "ext": "vtt"}], "cy": [{"url": "https://www.youtube.com/api/timedtext?v=aBkH9gyz2IQ&asr_langs=ru%2Cde%2Ces%2Cfr%2Cnl%2Cja%2Cpt%2Cen%2Cko%2Cit&hl=en&xoaf=1&caps=asr&signature=EF9672BE7699F711E945C41E8BE5882346E7744E.B2E6CFF7A1F3D16CB227B0020F6A4B95E7008F44&xorp=True&expire=1542508427&sparams=asr_langs%2Ccaps%2Cv%2Cxoaf%2Cxorp%2Cexpire&key=yttt1&kind=asr&lang=en&tlang=cy&fmt=ttml", "ext": "ttml"}, {"url": "https://www.youtube.com/api/timedtext?v=aBkH9gyz2IQ&asr_langs=ru%2Cde%2Ces%2Cfr%2Cnl%2Cja%2Cpt%2Cen%2Cko%2Cit&hl=en&xoaf=1&caps=asr&signature=EF9672BE7699F711E945C41E8BE5882346E7744E.B2E6CFF7A1F3D16CB227B0020F6A4B95E7008F44&xorp=True&expire=1542508427&sparams=asr_langs%2Ccaps%2Cv%2Cxoaf%2Cxorp%2Cexpire&key=yttt1&kind=asr&lang=en&tlang=cy&fmt=vtt", "ext": "vtt"}], "fy": [{"url": "https://www.youtube.com/api/timedtext?v=aBkH9gyz2IQ&asr_langs=ru%2Cde%2Ces%2Cfr%2Cnl%2Cja%2Cpt%2Cen%2Cko%2Cit&hl=en&xoaf=1&caps=asr&signature=EF9672BE7699F711E945C41E8BE5882346E7744E.B2E6CFF7A1F3D16CB227B0020F6A4B95E7008F44&xorp=True&expire=1542508427&sparams=asr_langs%2Ccaps%2Cv%2Cxoaf%2Cxorp%2Cexpire&key=yttt1&kind=asr&lang=en&tlang=fy&fmt=ttml", "ext": "ttml"}, {"url": "https://www.youtube.com/api/timedtext?v=aBkH9gyz2IQ&asr_langs=ru%2Cde%2Ces%2Cfr%2Cnl%2Cja%2Cpt%2Cen%2Cko%2Cit&hl=en&xoaf=1&caps=asr&signature=EF9672BE7699F711E945C41E8BE5882346E7744E.B2E6CFF7A1F3D16CB227B0020F6A4B95E7008F44&xorp=True&expire=1542508427&sparams=asr_langs%2Ccaps%2Cv%2Cxoaf%2Cxorp%2Cexpire&key=yttt1&kind=asr&lang=en&tlang=fy&fmt=vtt", "ext": "vtt"}], "xh": [{"url": "https://www.youtube.com/api/timedtext?v=aBkH9gyz2IQ&asr_langs=ru%2Cde%2Ces%2Cfr%2Cnl%2Cja%2Cpt%2Cen%2Cko%2Cit&hl=en&xoaf=1&caps=asr&signature=EF9672BE7699F711E945C41E8BE5882346E7744E.B2E6CFF7A1F3D16CB227B0020F6A4B95E7008F44&xorp=True&expire=1542508427&sparams=asr_langs%2Ccaps%2Cv%2Cxoaf%2Cxorp%2Cexpire&key=yttt1&kind=asr&lang=en&tlang=xh&fmt=ttml", "ext": "ttml"}, {"url": "https://www.youtube.com/api/timedtext?v=aBkH9gyz2IQ&asr_langs=ru%2Cde%2Ces%2Cfr%2Cnl%2Cja%2Cpt%2Cen%2Cko%2Cit&hl=en&xoaf=1&caps=asr&signature=EF9672BE7699F711E945C41E8BE5882346E7744E.B2E6CFF7A1F3D16CB227B0020F6A4B95E7008F44&xorp=True&expire=1542508427&sparams=asr_langs%2Ccaps%2Cv%2Cxoaf%2Cxorp%2Cexpire&key=yttt1&kind=asr&lang=en&tlang=xh&fmt=vtt", "ext": "vtt"}], "yi": [{"url": "https://www.youtube.com/api/timedtext?v=aBkH9gyz2IQ&asr_langs=ru%2Cde%2Ces%2Cfr%2Cnl%2Cja%2Cpt%2Cen%2Cko%2Cit&hl=en&xoaf=1&caps=asr&signature=EF9672BE7699F711E945C41E8BE5882346E7744E.B2E6CFF7A1F3D16CB227B0020F6A4B95E7008F44&xorp=True&expire=1542508427&sparams=asr_langs%2Ccaps%2Cv%2Cxoaf%2Cxorp%2Cexpire&key=yttt1&kind=asr&lang=en&tlang=yi&fmt=ttml", "ext": "ttml"}, {"url": "https://www.youtube.com/api/timedtext?v=aBkH9gyz2IQ&asr_langs=ru%2Cde%2Ces%2Cfr%2Cnl%2Cja%2Cpt%2Cen%2Cko%2Cit&hl=en&xoaf=1&caps=asr&signature=EF9672BE7699F711E945C41E8BE5882346E7744E.B2E6CFF7A1F3D16CB227B0020F6A4B95E7008F44&xorp=True&expire=1542508427&sparams=asr_langs%2Ccaps%2Cv%2Cxoaf%2Cxorp%2Cexpire&key=yttt1&kind=asr&lang=en&tlang=yi&fmt=vtt", "ext": "vtt"}], "yo": [{"url": "https://www.youtube.com/api/timedtext?v=aBkH9gyz2IQ&asr_langs=ru%2Cde%2Ces%2Cfr%2Cnl%2Cja%2Cpt%2Cen%2Cko%2Cit&hl=en&xoaf=1&caps=asr&signature=EF9672BE7699F711E945C41E8BE5882346E7744E.B2E6CFF7A1F3D16CB227B0020F6A4B95E7008F44&xorp=True&expire=1542508427&sparams=asr_langs%2Ccaps%2Cv%2Cxoaf%2Cxorp%2Cexpire&key=yttt1&kind=asr&lang=en&tlang=yo&fmt=ttml", "ext": "ttml"}, {"url": "https://www.youtube.com/api/timedtext?v=aBkH9gyz2IQ&asr_langs=ru%2Cde%2Ces%2Cfr%2Cnl%2Cja%2Cpt%2Cen%2Cko%2Cit&hl=en&xoaf=1&caps=asr&signature=EF9672BE7699F711E945C41E8BE5882346E7744E.B2E6CFF7A1F3D16CB227B0020F6A4B95E7008F44&xorp=True&expire=1542508427&sparams=asr_langs%2Ccaps%2Cv%2Cxoaf%2Cxorp%2Cexpire&key=yttt1&kind=asr&lang=en&tlang=yo&fmt=vtt", "ext": "vtt"}], "zu": [{"url": "https://www.youtube.com/api/timedtext?v=aBkH9gyz2IQ&asr_langs=ru%2Cde%2Ces%2Cfr%2Cnl%2Cja%2Cpt%2Cen%2Cko%2Cit&hl=en&xoaf=1&caps=asr&signature=EF9672BE7699F711E945C41E8BE5882346E7744E.B2E6CFF7A1F3D16CB227B0020F6A4B95E7008F44&xorp=True&expire=1542508427&sparams=asr_langs%2Ccaps%2Cv%2Cxoaf%2Cxorp%2Cexpire&key=yttt1&kind=asr&lang=en&tlang=zu&fmt=ttml", "ext": "ttml"}, {"url": "https://www.youtube.com/api/timedtext?v=aBkH9gyz2IQ&asr_langs=ru%2Cde%2Ces%2Cfr%2Cnl%2Cja%2Cpt%2Cen%2Cko%2Cit&hl=en&xoaf=1&caps=asr&signature=EF9672BE7699F711E945C41E8BE5882346E7744E.B2E6CFF7A1F3D16CB227B0020F6A4B95E7008F44&xorp=True&expire=1542508427&sparams=asr_langs%2Ccaps%2Cv%2Cxoaf%2Cxorp%2Cexpire&key=yttt1&kind=asr&lang=en&tlang=zu&fmt=vtt", "ext": "vtt"}]}, "duration": 540, "age_limit": 0, "annotations": null, "chapters": null, "webpage_url": "https://www.youtube.com/watch?v=aBkH9gyz2IQ", "view_count": 966, "like_count": 3, "dislike_count": 0, "average_rating": 5.0, "formats": [{"format_id": "140", "url": "https://r6---sn-n4v7sne7.googlevideo.com/videoplayback?dur=539.631&lmt=1459494709996267&clen=6412748&gir=yes&fvip=1&sparams=clen%2Cdur%2Cei%2Cgir%2Cid%2Cinitcwndbps%2Cip%2Cipbits%2Citag%2Ckeepalive%2Clmt%2Cmime%2Cmm%2Cmn%2Cms%2Cmv%2Cpl%2Crequiressl%2Csource%2Cexpire&requiressl=yes&itag=140&source=youtube&ms=au%2Crdu&mt=1542483125&mv=m&id=o-AIT1Q7ytNUWBk_Ai8VVjUk5HmNAmMVLIMJKye-gH4qY9&pl=22&keepalive=yes&ipbits=0&mm=31%2C29&ip=69.181.125.22&mn=sn-n4v7sne7%2Csn-n4v7knlz&initcwndbps=1797500&signature=9B0C0B7FC7A37AD1707D48A11325513722C7084A.BFB47E048788ADFC1A3D5C0B846148A81068E324&ei=G23wW6nZA4SjkgaGlLDwBw&c=WEB&expire=1542504827&mime=audio%2Fmp4&key=yt6&ratebypass=yes", "player_url": "/yts/jsbin/player_ias-vflof8Kxx/en_US/base.js", "ext": "m4a", "format_note": "DASH audio", "acodec": "mp4a.40.2", "abr": 128, "container": "m4a_dash", "filesize": 6412748, "tbr": 96.167, "quality": -1, "vcodec": "none", "downloader_options": {"http_chunk_size": 10485760}, "format": "140 - audio only (DASH audio)", "protocol": "https", "http_headers": {"User-Agent": "Mozilla/5.0 (X11; Linux x86_64; rv:59.0) Gecko/20100101 Firefox/59.0", "Accept-Charset": "ISO-8859-1,utf-8;q=0.7,*;q=0.7", "Accept": "text/html,application/xhtml+xml,application/xml;q=0.9,*/*;q=0.8", "Accept-Encoding": "gzip, deflate", "Accept-Language": "en-us,en;q=0.5"}}, {"format_id": "160", "url": "https://r6---sn-n4v7sne7.googlevideo.com/videoplayback?dur=539.538&lmt=1459494879768426&clen=3997397&gir=yes&fvip=1&sparams=aitags%2Cclen%2Cdur%2Cei%2Cgir%2Cid%2Cinitcwndbps%2Cip%2Cipbits%2Citag%2Ckeepalive%2Clmt%2Cmime%2Cmm%2Cmn%2Cms%2Cmv%2Cpl%2Crequiressl%2Csource%2Cexpire&requiressl=yes&aitags=133%2C134%2C135%2C160&source=youtube&ms=au%2Crdu&mt=1542483125&mv=m&id=o-AIT1Q7ytNUWBk_Ai8VVjUk5HmNAmMVLIMJKye-gH4qY9&itag=160&pl=22&keepalive=yes&ipbits=0&mm=31%2C29&ip=69.181.125.22&mn=sn-n4v7sne7%2Csn-n4v7knlz&initcwndbps=1797500&signature=8D95940DACF7CAEFB27AD1D5AE8B7E16315D83AF.9003234F106EF5BD8921909974CF1F922574B941&ei=G23wW6nZA4SjkgaGlLDwBw&c=WEB&expire=1542504827&mime=video%2Fmp4&key=yt6&ratebypass=yes", "player_url": "/yts/jsbin/player_ias-vflof8Kxx/en_US/base.js", "ext": "mp4", "height": 144, "format_note": "144p", "vcodec": "avc1.4d400c", "filesize": 3997397, "tbr": 113.003, "width": 256, "fps": 30, "quality": -1, "acodec": "none", "downloader_options": {"http_chunk_size": 10485760}, "format": "160 - 256x144 (144p)", "protocol": "https", "http_headers": {"User-Agent": "Mozilla/5.0 (X11; Linux x86_64; rv:59.0) Gecko/20100101 Firefox/59.0", "Accept-Charset": "ISO-8859-1,utf-8;q=0.7,*;q=0.7", "Accept": "text/html,application/xhtml+xml,application/xml;q=0.9,*/*;q=0.8", "Accept-Encoding": "gzip, deflate", "Accept-Language": "en-us,en;q=0.5"}}, {"format_id": "133", "url": "https://r6---sn-n4v7sne7.googlevideo.com/videoplayback?dur=539.538&lmt=1459494879885898&clen=7298888&gir=yes&fvip=1&sparams=aitags%2Cclen%2Cdur%2Cei%2Cgir%2Cid%2Cinitcwndbps%2Cip%2Cipbits%2Citag%2Ckeepalive%2Clmt%2Cmime%2Cmm%2Cmn%2Cms%2Cmv%2Cpl%2Crequiressl%2Csource%2Cexpire&requiressl=yes&aitags=133%2C134%2C135%2C160&source=youtube&ms=au%2Crdu&mt=1542483125&mv=m&id=o-AIT1Q7ytNUWBk_Ai8VVjUk5HmNAmMVLIMJKye-gH4qY9&itag=133&pl=22&keepalive=yes&ipbits=0&mm=31%2C29&ip=69.181.125.22&mn=sn-n4v7sne7%2Csn-n4v7knlz&initcwndbps=1797500&signature=95C5F01ADB72F9A805A70DA2975F966590227E7E.4F71D9B8C9D03EE2142E91D2130B43BDD467854B&ei=G23wW6nZA4SjkgaGlLDwBw&c=WEB&expire=1542504827&mime=video%2Fmp4&key=yt6&ratebypass=yes", "player_url": "/yts/jsbin/player_ias-vflof8Kxx/en_US/base.js", "ext": "mp4", "height": 240, "format_note": "240p", "vcodec": "avc1.4d4015", "filesize": 7298888, "tbr": 248.635, "width": 426, "fps": 30, "quality": -1, "acodec": "none", "downloader_options": {"http_chunk_size": 10485760}, "format": "133 - 426x240 (240p)", "protocol": "https", "http_headers": {"User-Agent": "Mozilla/5.0 (X11; Linux x86_64; rv:59.0) Gecko/20100101 Firefox/59.0", "Accept-Charset": "ISO-8859-1,utf-8;q=0.7,*;q=0.7", "Accept": "text/html,application/xhtml+xml,application/xml;q=0.9,*/*;q=0.8", "Accept-Encoding": "gzip, deflate", "Accept-Language": "en-us,en;q=0.5"}}, {"format_id": "134", "url": "https://r6---sn-n4v7sne7.googlevideo.com/videoplayback?dur=539.538&lmt=1459494879938987&clen=4371649&gir=yes&fvip=1&sparams=aitags%2Cclen%2Cdur%2Cei%2Cgir%2Cid%2Cinitcwndbps%2Cip%2Cipbits%2Citag%2Ckeepalive%2Clmt%2Cmime%2Cmm%2Cmn%2Cms%2Cmv%2Cpl%2Crequiressl%2Csource%2Cexpire&requiressl=yes&aitags=133%2C134%2C135%2C160&source=youtube&ms=au%2Crdu&mt=1542483125&mv=m&id=o-AIT1Q7ytNUWBk_Ai8VVjUk5HmNAmMVLIMJKye-gH4qY9&itag=134&pl=22&keepalive=yes&ipbits=0&mm=31%2C29&ip=69.181.125.22&mn=sn-n4v7sne7%2Csn-n4v7knlz&initcwndbps=1797500&signature=D34D6E79E053E95F2FDABEB44B70242F535831AC.682F5485FEADDE440F9E12B8A9CBBFBE4414AD1E&ei=G23wW6nZA4SjkgaGlLDwBw&c=WEB&expire=1542504827&mime=video%2Fmp4&key=yt6&ratebypass=yes", "player_url": "/yts/jsbin/player_ias-vflof8Kxx/en_US/base.js", "ext": "mp4", "height": 360, "format_note": "360p", "vcodec": "avc1.4d401e", "filesize": 4371649, "tbr": 258.839, "width": 640, "fps": 30, "quality": -1, "acodec": "none", "downloader_options": {"http_chunk_size": 10485760}, "format": "134 - 640x360 (360p)", "protocol": "https", "http_headers": {"User-Agent": "Mozilla/5.0 (X11; Linux x86_64; rv:59.0) Gecko/20100101 Firefox/59.0", "Accept-Charset": "ISO-8859-1,utf-8;q=0.7,*;q=0.7", "Accept": "text/html,application/xhtml+xml,application/xml;q=0.9,*/*;q=0.8", "Accept-Encoding": "gzip, deflate", "Accept-Language": "en-us,en;q=0.5"}}, {"format_id": "135", "url": "https://r6---sn-n4v7sne7.googlevideo.com/videoplayback?dur=539.538&lmt=1459494879917568&clen=8009521&gir=yes&fvip=1&sparams=aitags%2Cclen%2Cdur%2Cei%2Cgir%2Cid%2Cinitcwndbps%2Cip%2Cipbits%2Citag%2Ckeepalive%2Clmt%2Cmime%2Cmm%2Cmn%2Cms%2Cmv%2Cpl%2Crequiressl%2Csource%2Cexpire&requiressl=yes&aitags=133%2C134%2C135%2C160&source=youtube&ms=au%2Crdu&mt=1542483125&mv=m&id=o-AIT1Q7ytNUWBk_Ai8VVjUk5HmNAmMVLIMJKye-gH4qY9&itag=135&pl=22&keepalive=yes&ipbits=0&mm=31%2C29&ip=69.181.125.22&mn=sn-n4v7sne7%2Csn-n4v7knlz&initcwndbps=1797500&signature=CC692AFA689A96CFBC8B793615136C171D35B274.2FD12229D20A035D9C4FE6BB583CF67F71F3144C&ei=G23wW6nZA4SjkgaGlLDwBw&c=WEB&expire=1542504827&mime=video%2Fmp4&key=yt6&ratebypass=yes", "player_url": "/yts/jsbin/player_ias-vflof8Kxx/en_US/base.js", "ext": "mp4", "height": 480, "format_note": "480p", "vcodec": "avc1.4d401f", "filesize": 8009521, "tbr": 547.218, "width": 854, "fps": 30, "quality": -1, "acodec": "none", "downloader_options": {"http_chunk_size": 10485760}, "format": "135 - 854x480 (480p)", "protocol": "https", "http_headers": {"User-Agent": "Mozilla/5.0 (X11; Linux x86_64; rv:59.0) Gecko/20100101 Firefox/59.0", "Accept-Charset": "ISO-8859-1,utf-8;q=0.7,*;q=0.7", "Accept": "text/html,application/xhtml+xml,application/xml;q=0.9,*/*;q=0.8", "Accept-Encoding": "gzip, deflate", "Accept-Language": "en-us,en;q=0.5"}}, {"format_id": "17", "url": "https://r6---sn-n4v7sne7.googlevideo.com/videoplayback?dur=539.678&lmt=1459494721417463&clen=2692766&gir=yes&fvip=1&sparams=clen%2Cdur%2Cei%2Cgir%2Cid%2Cinitcwndbps%2Cip%2Cipbits%2Citag%2Clmt%2Cmime%2Cmm%2Cmn%2Cms%2Cmv%2Cpl%2Crequiressl%2Csource%2Cexpire&requiressl=yes&itag=17&source=youtube&ms=au%2Crdu&mt=1542483125&mv=m&id=o-AIT1Q7ytNUWBk_Ai8VVjUk5HmNAmMVLIMJKye-gH4qY9&pl=22&ipbits=0&mm=31%2C29&ip=69.181.125.22&mn=sn-n4v7sne7%2Csn-n4v7knlz&initcwndbps=1797500&signature=D49466B822E26AA2C6E9801CCC518D1662CE8714.B70B46D8C0D93ECC056224EF21FA0E05EFD5505C&ei=G23wW6nZA4SjkgaGlLDwBw&c=WEB&expire=1542504827&mime=video%2F3gpp&key=yt6&ratebypass=yes", "player_url": "/yts/jsbin/player_ias-vflof8Kxx/en_US/base.js", "ext": "3gp", "width": 176, "height": 144, "acodec": "mp4a.40.2", "abr": 24, "vcodec": "mp4v.20.3", "resolution": "176x144", "filesize": 2692766, "format_note": "small", "format": "17 - 176x144 (small)", "protocol": "https", "http_headers": {"User-Agent": "Mozilla/5.0 (X11; Linux x86_64; rv:59.0) Gecko/20100101 Firefox/59.0", "Accept-Charset": "ISO-8859-1,utf-8;q=0.7,*;q=0.7", "Accept": "text/html,application/xhtml+xml,application/xml;q=0.9,*/*;q=0.8", "Accept-Encoding": "gzip, deflate", "Accept-Language": "en-us,en;q=0.5"}}, {"format_id": "36", "url": "https://r6---sn-n4v7sne7.googlevideo.com/videoplayback?dur=539.678&lmt=1459494732136654&clen=8416548&gir=yes&fvip=1&sparams=clen%2Cdur%2Cei%2Cgir%2Cid%2Cinitcwndbps%2Cip%2Cipbits%2Citag%2Clmt%2Cmime%2Cmm%2Cmn%2Cms%2Cmv%2Cpl%2Crequiressl%2Csource%2Cexpire&requiressl=yes&itag=36&source=youtube&ms=au%2Crdu&mt=1542483125&mv=m&id=o-AIT1Q7ytNUWBk_Ai8VVjUk5HmNAmMVLIMJKye-gH4qY9&pl=22&ipbits=0&mm=31%2C29&ip=69.181.125.22&mn=sn-n4v7sne7%2Csn-n4v7knlz&initcwndbps=1797500&signature=CD8BD8F93E1982856E668017FC759635D2A3AE6D.B5E7535621DD40E4A51D112E85531645485281C3&ei=G23wW6nZA4SjkgaGlLDwBw&c=WEB&expire=1542504827&mime=video%2F3gpp&key=yt6&ratebypass=yes", "player_url": "/yts/jsbin/player_ias-vflof8Kxx/en_US/base.js", "ext": "3gp", "width": 320, "acodec": "mp4a.40.2", "vcodec": "mp4v.20.3", "resolution": "320x180", "height": 180, "filesize": 8416548, "format_note": "small", "format": "36 - 320x180 (small)", "protocol": "https", "http_headers": {"User-Agent": "Mozilla/5.0 (X11; Linux x86_64; rv:59.0) Gecko/20100101 Firefox/59.0", "Accept-Charset": "ISO-8859-1,utf-8;q=0.7,*;q=0.7", "Accept": "text/html,application/xhtml+xml,application/xml;q=0.9,*/*;q=0.8", "Accept-Encoding": "gzip, deflate", "Accept-Language": "en-us,en;q=0.5"}}, {"format_id": "43", "url": "https://r6---sn-n4v7sne7.googlevideo.com/videoplayback?dur=0.000&lmt=1459569312804860&ratebypass=yes&clen=12854822&gir=yes&fvip=1&sparams=clen%2Cdur%2Cei%2Cgir%2Cid%2Cinitcwndbps%2Cip%2Cipbits%2Citag%2Clmt%2Cmime%2Cmm%2Cmn%2Cms%2Cmv%2Cpl%2Cratebypass%2Crequiressl%2Csource%2Cexpire&requiressl=yes&itag=43&source=youtube&ms=au%2Crdu&mt=1542483125&mv=m&id=o-AIT1Q7ytNUWBk_Ai8VVjUk5HmNAmMVLIMJKye-gH4qY9&pl=22&ipbits=0&mm=31%2C29&ip=69.181.125.22&mn=sn-n4v7sne7%2Csn-n4v7knlz&initcwndbps=1797500&signature=8071A309AB7651FE07FBC692D0F125083E4A4A4A.A00C4D60BF107521DD84E1B2C7AF65AFAF8ECB98&ei=G23wW6nZA4SjkgaGlLDwBw&c=WEB&expire=1542504827&mime=video%2Fwebm&key=yt6", "player_url": "/yts/jsbin/player_ias-vflof8Kxx/en_US/base.js", "ext": "webm", "width": 640, "height": 360, "acodec": "vorbis", "abr": 128, "vcodec": "vp8.0", "resolution": "640x360", "filesize": 12854822, "format_note": "medium", "quality": 1, "format": "43 - 640x360 (medium)", "protocol": "https", "http_headers": {"User-Agent": "Mozilla/5.0 (X11; Linux x86_64; rv:59.0) Gecko/20100101 Firefox/59.0", "Accept-Charset": "ISO-8859-1,utf-8;q=0.7,*;q=0.7", "Accept": "text/html,application/xhtml+xml,application/xml;q=0.9,*/*;q=0.8", "Accept-Encoding": "gzip, deflate", "Accept-Language": "en-us,en;q=0.5"}}, {"format_id": "18", "url": "https://r6---sn-n4v7sne7.googlevideo.com/videoplayback?dur=539.631&lmt=1459494735447384&ratebypass=yes&clen=13251819&gir=yes&fvip=1&sparams=clen%2Cdur%2Cei%2Cgir%2Cid%2Cinitcwndbps%2Cip%2Cipbits%2Citag%2Clmt%2Cmime%2Cmm%2Cmn%2Cms%2Cmv%2Cpl%2Cratebypass%2Crequiressl%2Csource%2Cexpire&requiressl=yes&itag=18&source=youtube&ms=au%2Crdu&mt=1542483125&mv=m&id=o-AIT1Q7ytNUWBk_Ai8VVjUk5HmNAmMVLIMJKye-gH4qY9&pl=22&ipbits=0&mm=31%2C29&ip=69.181.125.22&mn=sn-n4v7sne7%2Csn-n4v7knlz&initcwndbps=1797500&signature=5E20E1805E5A7124AC6C26625CA930EDDECAF486.4BA4F5EE43696D9117572EEDEDB1288A3C9450F9&ei=G23wW6nZA4SjkgaGlLDwBw&c=WEB&expire=1542504827&mime=video%2Fmp4&key=yt6", "player_url": "/yts/jsbin/player_ias-vflof8Kxx/en_US/base.js", "ext": "mp4", "width": 640, "height": 360, "acodec": "mp4a.40.2", "abr": 96, "vcodec": "avc1.42001E", "resolution": "640x360", "filesize": 13251819, "format_note": "medium", "quality": 1, "format": "18 - 640x360 (medium)", "protocol": "https", "http_headers": {"User-Agent": "Mozilla/5.0 (X11; Linux x86_64; rv:59.0) Gecko/20100101 Firefox/59.0", "Accept-Charset": "ISO-8859-1,utf-8;q=0.7,*;q=0.7", "Accept": "text/html,application/xhtml+xml,application/xml;q=0.9,*/*;q=0.8", "Accept-Encoding": "gzip, deflate", "Accept-Language": "en-us,en;q=0.5"}}], "is_live": null, "start_time": null, "end_time": null, "series": null, "season_number": null, "episode_number": null, "track": null, "artist": null, "extractor": "youtube", "webpage_url_basename": "aBkH9gyz2IQ", "extractor_key": "Youtube", "n_entries": 81, "playlist": "Natural Language Processing - Coursera [FULL COURSE] | University of Michigan", "playlist_id": "PLLssT5z_DsK8BdawOVCCaTCO99Ya58ryR", "playlist_title": "Natural Language Processing - Coursera [FULL COURSE] | University of Michigan", "playlist_uploader": "Artificial Intelligence - All in One", "playlist_uploader_id": "UC5zx8Owijmv-bbhAK6Z9apg", "playlist_index": 32, "thumbnails": [{"url": "https://i.ytimg.com/vi/aBkH9gyz2IQ/hqdefault.jpg", "id": "0"}], "display_id": "aBkH9gyz2IQ", "format_id": "18", "url": "https://r6---sn-n4v7sne7.googlevideo.com/videoplayback?dur=539.631&lmt=1459494735447384&ratebypass=yes&clen=13251819&gir=yes&fvip=1&sparams=clen%2Cdur%2Cei%2Cgir%2Cid%2Cinitcwndbps%2Cip%2Cipbits%2Citag%2Clmt%2Cmime%2Cmm%2Cmn%2Cms%2Cmv%2Cpl%2Cratebypass%2Crequiressl%2Csource%2Cexpire&requiressl=yes&itag=18&source=youtube&ms=au%2Crdu&mt=1542483125&mv=m&id=o-AIT1Q7ytNUWBk_Ai8VVjUk5HmNAmMVLIMJKye-gH4qY9&pl=22&ipbits=0&mm=31%2C29&ip=69.181.125.22&mn=sn-n4v7sne7%2Csn-n4v7knlz&initcwndbps=1797500&signature=5E20E1805E5A7124AC6C26625CA930EDDECAF486.4BA4F5EE43696D9117572EEDEDB1288A3C9450F9&ei=G23wW6nZA4SjkgaGlLDwBw&c=WEB&expire=1542504827&mime=video%2Fmp4&key=yt6", "player_url": "/yts/jsbin/player_ias-vflof8Kxx/en_US/base.js", "ext": "mp4", "width": 640, "height": 360, "acodec": "mp4a.40.2", "abr": 96, "vcodec": "avc1.42001E", "resolution": "640x360", "filesize": 13251819, "format_note": "medium", "quality": 1, "format": "18 - 640x360 (medium)", "protocol": "https", "http_headers": {"User-Agent": "Mozilla/5.0 (X11; Linux x86_64; rv:59.0) Gecko/20100101 Firefox/59.0", "Accept-Charset": "ISO-8859-1,utf-8;q=0.7,*;q=0.7", "Accept": "text/html,application/xhtml+xml,application/xml;q=0.9,*/*;q=0.8", "Accept-Encoding": "gzip, deflate", "Accept-Language": "en-us,en;q=0.5"}, "fulltitle": "Lecture 32 \u2014 Lexicalized Parsing - Natural Language Processing | University of Michigan", "_filename": "Lecture 32 \u2014 Lexicalized Parsing - Natural Language Processing _ University of Michigan-aBkH9gyz2IQ.mp4"}