{"id": "XDkN1BfiNB4", "uploader": "Artificial Intelligence - All in One", "uploader_id": "UC5zx8Owijmv-bbhAK6Z9apg", "uploader_url": "http://www.youtube.com/channel/UC5zx8Owijmv-bbhAK6Z9apg", "channel_id": "UC5zx8Owijmv-bbhAK6Z9apg", "channel_url": "http://www.youtube.com/channel/UC5zx8Owijmv-bbhAK6Z9apg", "upload_date": "20160327", "license": null, "creator": null, "title": "Lecture 29 \u2014 Prepositional phrase attachment (2/3) - Natural Language Processing | Michigan", "alt_title": null, "thumbnail": "https://i.ytimg.com/vi/XDkN1BfiNB4/hqdefault.jpg", "description": ".\nCopyright Disclaimer Under Section 107 of the Copyright Act 1976, allowance is made for \"FAIR USE\" for purposes such as criticism, comment, news reporting, teaching, scholarship, and research. Fair use is a use permitted by copyright statute that might otherwise be infringing. Non-profit, educational or personal use tips the balance in favor of fair use.\n.", "categories": ["Science & Technology"], "tags": ["Natural Language Processing", "Language Processing", "University of Michigan", "Michigan", "NLP", "Coursera", "Dragomir R. Radev", "Computational Linguistics", "Linguistics", "Information Retrieval", "Computer Science", "Video Lecture", "Video Tutorial", "Video Course", "Course", "Data Science", "Prepositional phrase attachment"], "subtitles": {}, "automatic_captions": {}, "duration": 1005, "age_limit": 0, "annotations": null, "chapters": null, "webpage_url": "https://www.youtube.com/watch?v=XDkN1BfiNB4", "view_count": 630, "like_count": 2, "dislike_count": 0, "average_rating": 5.0, "formats": [{"ext": "m4a", "format_note": "DASH audio", "acodec": "mp4a.40.5", "abr": 48, "container": "m4a_dash", "format_id": "139", "url": "https://r3---sn-n4v7sn7y.googlevideo.com/videoplayback/id/5c390dd417e2341e/itag/139/source/youtube/requiressl/yes/ei/Cm3wW53mG5OskwaatK24Bw/ms/au,onr/mn/sn-n4v7sn7y,sn-a5meknlz/mv/m/initcwndbps/1797500/mm/31,26/pl/22/ratebypass/yes/mime/audio%2Fmp4/otfp/1/gir/yes/clen/5989722/lmt/1459059192715618/dur/1005.098/mt/1542483125/fvip/3/disable_polymer/true/ip/69.181.125.22/ipbits/0/expire/1542504810/sparams/ip,ipbits,expire,id,itag,source,requiressl,ei,ms,mn,mv,initcwndbps,mm,pl,ratebypass,mime,otfp,gir,clen,lmt,dur/signature/2E3697E7DCAC5FC9503B1B0C9547CE5708FEB05A.58DF0A1F3B1AB9AAE6EACED474F6F32AFD2B950D/key/dg_yt0/", "manifest_url": "https://manifest.googlevideo.com/api/manifest/dash/playback_host/r3---sn-n4v7sn7y.googlevideo.com/ei/Cm3wW53mG5OskwaatK24Bw/signature/49BF4C655AC7013B7A4B823DB5ACA2D7C6FF0AF9.7E29713397E05CF1C11D56741C9E6D2DC04A8C1B/requiressl/yes/ms/au%2Conr/itag/0/as/fmp4_audio_clear%2Cfmp4_sd_hd_clear/ipbits/0/expire/1542504810/mt/1542483125/hfr/all/ip/69.181.125.22/key/yt6/mn/sn-n4v7sn7y%2Csn-a5meknlz/source/youtube/sparams/as%2Cei%2Chfr%2Cid%2Cinitcwndbps%2Cip%2Cipbits%2Citag%2Cmm%2Cmn%2Cms%2Cmv%2Cpl%2Cplayback_host%2Crequiressl%2Csource%2Cexpire/mv/m/initcwndbps/1797500/fvip/3/mm/31%2C26/id/5c390dd417e2341e/pl/22", "width": null, "height": null, "tbr": 56.344, "asr": 22050, "fps": null, "language": null, "filesize": 5989722, "vcodec": "none", "fragment_base_url": "https://r3---sn-n4v7sn7y.googlevideo.com/videoplayback/id/5c390dd417e2341e/itag/139/source/youtube/requiressl/yes/ei/Cm3wW53mG5OskwaatK24Bw/ms/au,onr/mn/sn-n4v7sn7y,sn-a5meknlz/mv/m/initcwndbps/1797500/mm/31,26/pl/22/ratebypass/yes/mime/audio%2Fmp4/otfp/1/gir/yes/clen/5989722/lmt/1459059192715618/dur/1005.098/mt/1542483125/fvip/3/disable_polymer/true/ip/69.181.125.22/ipbits/0/expire/1542504810/sparams/ip,ipbits,expire,id,itag,source,requiressl,ei,ms,mn,mv,initcwndbps,mm,pl,ratebypass,mime,otfp,gir,clen,lmt,dur/signature/2E3697E7DCAC5FC9503B1B0C9547CE5708FEB05A.58DF0A1F3B1AB9AAE6EACED474F6F32AFD2B950D/key/dg_yt0/", "fragments": [{"path": "range/0-593"}, {"path": "range/3050-32922", "duration": 5.016}, {"path": "range/32923-62922", "duration": 4.992}, {"path": "range/62923-92556", "duration": 4.992}, {"path": "range/92557-122408", "duration": 5.016}, {"path": "range/122409-152380", "duration": 4.992}, {"path": "range/152381-181822", "duration": 4.992}, {"path": "range/181823-211789", "duration": 5.016}, {"path": "range/211790-241585", "duration": 4.992}, {"path": "range/241586-271287", "duration": 4.992}, {"path": "range/271288-301056", "duration": 5.016}, {"path": "range/301057-330985", "duration": 4.992}, {"path": "range/330986-360524", "duration": 4.992}, {"path": "range/360525-390406", "duration": 5.016}, {"path": "range/390407-420335", "duration": 4.992}, {"path": "range/420336-449983", "duration": 4.992}, {"path": "range/449984-479818", "duration": 5.016}, {"path": "range/479819-509672", "duration": 4.992}, {"path": "range/509673-539281", "duration": 4.993}, {"path": "range/539282-569070", "duration": 5.015}, {"path": "range/569071-599083", "duration": 4.992}, {"path": "range/599084-628630", "duration": 4.993}, {"path": "range/628631-658456", "duration": 5.015}, {"path": "range/658457-688312", "duration": 4.992}, {"path": "range/688313-717993", "duration": 4.993}, {"path": "range/717994-747850", "duration": 5.015}, {"path": "range/747851-777675", "duration": 4.993}, {"path": "range/777676-807273", "duration": 4.992}, {"path": "range/807274-837197", "duration": 5.015}, {"path": "range/837198-866985", "duration": 4.993}, {"path": "range/866986-896583", "duration": 4.992}, {"path": "range/896584-926513", "duration": 5.015}, {"path": "range/926514-956326", "duration": 4.993}, {"path": "range/956327-985947", "duration": 4.992}, {"path": "range/985948-1015978", "duration": 5.015}, {"path": "range/1015979-1045701", "duration": 4.993}, {"path": "range/1045702-1075377", "duration": 4.992}, {"path": "range/1075378-1105146", "duration": 5.016}, {"path": "range/1105147-1135073", "duration": 4.992}, {"path": "range/1135074-1164743", "duration": 4.992}, {"path": "range/1164744-1194485", "duration": 5.016}, {"path": "range/1194486-1224497", "duration": 4.992}, {"path": "range/1224498-1254016", "duration": 4.992}, {"path": "range/1254017-1283899", "duration": 5.016}, {"path": "range/1283900-1313758", "duration": 4.992}, {"path": "range/1313759-1343316", "duration": 4.992}, {"path": "range/1343317-1373244", "duration": 5.016}, {"path": "range/1373245-1403048", "duration": 4.992}, {"path": "range/1403049-1432661", "duration": 4.992}, {"path": "range/1432662-1462613", "duration": 5.016}, {"path": "range/1462614-1492435", "duration": 4.992}, {"path": "range/1492436-1522010", "duration": 4.993}, {"path": "range/1522011-1551842", "duration": 5.015}, {"path": "range/1551843-1581836", "duration": 4.992}, {"path": "range/1581837-1611420", "duration": 4.993}, {"path": "range/1611421-1641226", "duration": 5.015}, {"path": "range/1641227-1671093", "duration": 4.992}, {"path": "range/1671094-1700746", "duration": 4.993}, {"path": "range/1700747-1730549", "duration": 5.015}, {"path": "range/1730550-1760441", "duration": 4.993}, {"path": "range/1760442-1790065", "duration": 4.992}, {"path": "range/1790066-1819961", "duration": 5.015}, {"path": "range/1819962-1849779", "duration": 4.993}, {"path": "range/1849780-1879429", "duration": 4.992}, {"path": "range/1879430-1909376", "duration": 5.015}, {"path": "range/1909377-1939141", "duration": 4.993}, {"path": "range/1939142-1968781", "duration": 4.992}, {"path": "range/1968782-1998696", "duration": 5.015}, {"path": "range/1998697-2028474", "duration": 4.993}, {"path": "range/2028475-2058097", "duration": 4.992}, {"path": "range/2058098-2087982", "duration": 5.016}, {"path": "range/2087983-2117856", "duration": 4.992}, {"path": "range/2117857-2147377", "duration": 4.992}, {"path": "range/2147378-2177331", "duration": 5.016}, {"path": "range/2177332-2207213", "duration": 4.992}, {"path": "range/2207214-2236811", "duration": 4.992}, {"path": "range/2236812-2266629", "duration": 5.016}, {"path": "range/2266630-2296469", "duration": 4.992}, {"path": "range/2296470-2326107", "duration": 4.992}, {"path": "range/2326108-2355981", "duration": 5.016}, {"path": "range/2355982-2385845", "duration": 4.992}, {"path": "range/2385846-2415449", "duration": 4.992}, {"path": "range/2415450-2445277", "duration": 5.016}, {"path": "range/2445278-2475255", "duration": 4.992}, {"path": "range/2475256-2504750", "duration": 4.993}, {"path": "range/2504751-2534737", "duration": 5.015}, {"path": "range/2534738-2564507", "duration": 4.992}, {"path": "range/2564508-2594169", "duration": 4.993}, {"path": "range/2594170-2624038", "duration": 5.015}, {"path": "range/2624039-2653883", "duration": 4.992}, {"path": "range/2653884-2683511", "duration": 4.993}, {"path": "range/2683512-2713344", "duration": 5.015}, {"path": "range/2713345-2743234", "duration": 4.992}, {"path": "range/2743235-2772804", "duration": 4.993}, {"path": "range/2772805-2802732", "duration": 5.015}, {"path": "range/2802733-2832586", "duration": 4.993}, {"path": "range/2832587-2862174", "duration": 4.992}, {"path": "range/2862175-2892038", "duration": 5.015}, {"path": "range/2892039-2921923", "duration": 4.993}, {"path": "range/2921924-2951554", "duration": 4.992}, {"path": "range/2951555-2981363", "duration": 5.015}, {"path": "range/2981364-3011291", "duration": 4.993}, {"path": "range/3011292-3040812", "duration": 4.992}, {"path": "range/3040813-3070736", "duration": 5.016}, {"path": "range/3070737-3100597", "duration": 4.992}, {"path": "range/3100598-3130237", "duration": 4.992}, {"path": "range/3130238-3160086", "duration": 5.016}, {"path": "range/3160087-3189960", "duration": 4.992}, {"path": "range/3189961-3219563", "duration": 4.992}, {"path": "range/3219564-3249445", "duration": 5.016}, {"path": "range/3249446-3279307", "duration": 4.992}, {"path": "range/3279308-3308891", "duration": 4.992}, {"path": "range/3308892-3338770", "duration": 5.016}, {"path": "range/3338771-3368610", "duration": 4.992}, {"path": "range/3368611-3398248", "duration": 4.992}, {"path": "range/3398249-3428124", "duration": 5.016}, {"path": "range/3428125-3457952", "duration": 4.992}, {"path": "range/3457953-3487582", "duration": 4.993}, {"path": "range/3487583-3517475", "duration": 5.015}, {"path": "range/3517476-3547367", "duration": 4.992}, {"path": "range/3547368-3576909", "duration": 4.993}, {"path": "range/3576910-3606788", "duration": 5.015}, {"path": "range/3606789-3636726", "duration": 4.992}, {"path": "range/3636727-3666250", "duration": 4.993}, {"path": "range/3666251-3696132", "duration": 5.015}, {"path": "range/3696133-3726023", "duration": 4.992}, {"path": "range/3726024-3755632", "duration": 4.993}, {"path": "range/3755633-3785485", "duration": 5.015}, {"path": "range/3785486-3815419", "duration": 4.993}, {"path": "range/3815420-3844916", "duration": 4.992}, {"path": "range/3844917-3874914", "duration": 5.015}, {"path": "range/3874915-3904690", "duration": 4.993}, {"path": "range/3904691-3934274", "duration": 4.992}, {"path": "range/3934275-3964207", "duration": 5.015}, {"path": "range/3964208-3994086", "duration": 4.993}, {"path": "range/3994087-4023617", "duration": 4.992}, {"path": "range/4023618-4053485", "duration": 5.016}, {"path": "range/4053486-4083388", "duration": 4.992}, {"path": "range/4083389-4112987", "duration": 4.992}, {"path": "range/4112988-4142867", "duration": 5.016}, {"path": "range/4142868-4172666", "duration": 4.992}, {"path": "range/4172667-4202309", "duration": 4.992}, {"path": "range/4202310-4232177", "duration": 5.016}, {"path": "range/4232178-4262080", "duration": 4.992}, {"path": "range/4262081-4291727", "duration": 4.992}, {"path": "range/4291728-4321601", "duration": 5.016}, {"path": "range/4321602-4351509", "duration": 4.992}, {"path": "range/4351510-4381050", "duration": 4.992}, {"path": "range/4381051-4410842", "duration": 5.016}, {"path": "range/4410843-4440755", "duration": 4.992}, {"path": "range/4440756-4470354", "duration": 4.992}, {"path": "range/4470355-4500292", "duration": 5.016}, {"path": "range/4500293-4530163", "duration": 4.992}, {"path": "range/4530164-4559712", "duration": 4.993}, {"path": "range/4559713-4589628", "duration": 5.015}, {"path": "range/4589629-4619450", "duration": 4.992}, {"path": "range/4619451-4649083", "duration": 4.993}, {"path": "range/4649084-4678912", "duration": 5.015}, {"path": "range/4678913-4708789", "duration": 4.992}, {"path": "range/4708790-4738374", "duration": 4.993}, {"path": "range/4738375-4768229", "duration": 5.015}, {"path": "range/4768230-4798228", "duration": 4.993}, {"path": "range/4798229-4827768", "duration": 4.992}, {"path": "range/4827769-4857563", "duration": 5.015}, {"path": "range/4857564-4887475", "duration": 4.993}, {"path": "range/4887476-4917057", "duration": 4.992}, {"path": "range/4917058-4946941", "duration": 5.015}, {"path": "range/4946942-4976805", "duration": 4.993}, {"path": "range/4976806-5006380", "duration": 4.992}, {"path": "range/5006381-5036247", "duration": 5.016}, {"path": "range/5036248-5066155", "duration": 4.992}, {"path": "range/5066156-5095777", "duration": 4.992}, {"path": "range/5095778-5125797", "duration": 5.016}, {"path": "range/5125798-5155502", "duration": 4.992}, {"path": "range/5155503-5185138", "duration": 4.992}, {"path": "range/5185139-5214988", "duration": 5.016}, {"path": "range/5214989-5244882", "duration": 4.992}, {"path": "range/5244883-5274458", "duration": 4.992}, {"path": "range/5274459-5304330", "duration": 5.016}, {"path": "range/5304331-5334264", "duration": 4.992}, {"path": "range/5334265-5363814", "duration": 4.992}, {"path": "range/5363815-5393708", "duration": 5.016}, {"path": "range/5393709-5423514", "duration": 4.992}, {"path": "range/5423515-5453162", "duration": 4.992}, {"path": "range/5453163-5483035", "duration": 5.016}, {"path": "range/5483036-5512895", "duration": 4.992}, {"path": "range/5512896-5542436", "duration": 4.993}, {"path": "range/5542437-5572333", "duration": 5.015}, {"path": "range/5572334-5602210", "duration": 4.992}, {"path": "range/5602211-5631867", "duration": 4.993}, {"path": "range/5631868-5661667", "duration": 5.015}, {"path": "range/5661668-5691548", "duration": 4.992}, {"path": "range/5691549-5721103", "duration": 4.993}, {"path": "range/5721104-5751034", "duration": 5.015}, {"path": "range/5751035-5780972", "duration": 4.993}, {"path": "range/5780973-5810609", "duration": 4.992}, {"path": "range/5810610-5840361", "duration": 5.015}, {"path": "range/5840362-5870207", "duration": 4.993}, {"path": "range/5870208-5899877", "duration": 4.992}, {"path": "range/5899878-5929717", "duration": 5.015}, {"path": "range/5929718-5959584", "duration": 4.993}, {"path": "range/5959585-5989066", "duration": 4.992}], "protocol": "http_dash_segments", "format": "139 - audio only (DASH audio)", "http_headers": {"User-Agent": "Mozilla/5.0 (X11; Linux x86_64; rv:59.0) Gecko/20100101 Firefox/59.0", "Accept-Charset": "ISO-8859-1,utf-8;q=0.7,*;q=0.7", "Accept": "text/html,application/xhtml+xml,application/xml;q=0.9,*/*;q=0.8", "Accept-Encoding": "gzip, deflate", "Accept-Language": "en-us,en;q=0.5"}}, {"ext": "m4a", "format_note": "DASH audio", "acodec": "mp4a.40.2", "abr": 128, "container": "m4a_dash", "format_id": "140", "url": "https://r3---sn-n4v7sn7y.googlevideo.com/videoplayback/id/5c390dd417e2341e/itag/140/source/youtube/requiressl/yes/ei/Cm3wW53mG5OskwaatK24Bw/ms/au,onr/mn/sn-n4v7sn7y,sn-a5meknlz/mv/m/initcwndbps/1797500/mm/31,26/pl/22/ratebypass/yes/mime/audio%2Fmp4/otfp/1/gir/yes/clen/11954166/lmt/1459059191891542/dur/1005.006/mt/1542483125/fvip/3/disable_polymer/true/ip/69.181.125.22/ipbits/0/expire/1542504810/sparams/ip,ipbits,expire,id,itag,source,requiressl,ei,ms,mn,mv,initcwndbps,mm,pl,ratebypass,mime,otfp,gir,clen,lmt,dur/signature/076E1FD08AACB7745404FBEE2BD54C9789B172E3.166AB84F3DF6FB80FEEDA2E9D856AFA240E83F9A/key/dg_yt0/", "manifest_url": "https://manifest.googlevideo.com/api/manifest/dash/playback_host/r3---sn-n4v7sn7y.googlevideo.com/ei/Cm3wW53mG5OskwaatK24Bw/signature/49BF4C655AC7013B7A4B823DB5ACA2D7C6FF0AF9.7E29713397E05CF1C11D56741C9E6D2DC04A8C1B/requiressl/yes/ms/au%2Conr/itag/0/as/fmp4_audio_clear%2Cfmp4_sd_hd_clear/ipbits/0/expire/1542504810/mt/1542483125/hfr/all/ip/69.181.125.22/key/yt6/mn/sn-n4v7sn7y%2Csn-a5meknlz/source/youtube/sparams/as%2Cei%2Chfr%2Cid%2Cinitcwndbps%2Cip%2Cipbits%2Citag%2Cmm%2Cmn%2Cms%2Cmv%2Cpl%2Cplayback_host%2Crequiressl%2Csource%2Cexpire/mv/m/initcwndbps/1797500/fvip/3/mm/31%2C26/id/5c390dd417e2341e/pl/22", "width": null, "height": null, "tbr": 99.964, "asr": 44100, "fps": null, "language": null, "filesize": 11954166, "vcodec": "none", "fragment_base_url": "https://r3---sn-n4v7sn7y.googlevideo.com/videoplayback/id/5c390dd417e2341e/itag/140/source/youtube/requiressl/yes/ei/Cm3wW53mG5OskwaatK24Bw/ms/au,onr/mn/sn-n4v7sn7y,sn-a5meknlz/mv/m/initcwndbps/1797500/mm/31,26/pl/22/ratebypass/yes/mime/audio%2Fmp4/otfp/1/gir/yes/clen/11954166/lmt/1459059191891542/dur/1005.006/mt/1542483125/fvip/3/disable_polymer/true/ip/69.181.125.22/ipbits/0/expire/1542504810/sparams/ip,ipbits,expire,id,itag,source,requiressl,ei,ms,mn,mv,initcwndbps,mm,pl,ratebypass,mime,otfp,gir,clen,lmt,dur/signature/076E1FD08AACB7745404FBEE2BD54C9789B172E3.166AB84F3DF6FB80FEEDA2E9D856AFA240E83F9A/key/dg_yt0/", "fragments": [{"path": "range/0-591"}, {"path": "range/3036-62677", "duration": 5.016}, {"path": "range/62678-122149", "duration": 4.992}, {"path": "range/122150-181540", "duration": 4.992}, {"path": "range/181541-241126", "duration": 5.016}, {"path": "range/241127-300578", "duration": 4.992}, {"path": "range/300579-359873", "duration": 4.992}, {"path": "range/359874-419555", "duration": 5.016}, {"path": "range/419556-478928", "duration": 4.992}, {"path": "range/478929-538328", "duration": 4.992}, {"path": "range/538329-597866", "duration": 5.016}, {"path": "range/597867-657297", "duration": 4.992}, {"path": "range/657298-716691", "duration": 4.992}, {"path": "range/716692-776284", "duration": 5.016}, {"path": "range/776285-835675", "duration": 4.992}, {"path": "range/835676-895037", "duration": 4.992}, {"path": "range/895038-954652", "duration": 5.016}, {"path": "range/954653-1014025", "duration": 4.992}, {"path": "range/1014026-1073427", "duration": 4.993}, {"path": "range/1073428-1133005", "duration": 5.015}, {"path": "range/1133006-1192430", "duration": 4.992}, {"path": "range/1192431-1251743", "duration": 4.993}, {"path": "range/1251744-1311397", "duration": 5.015}, {"path": "range/1311398-1370781", "duration": 4.992}, {"path": "range/1370782-1430180", "duration": 4.993}, {"path": "range/1430181-1489810", "duration": 5.015}, {"path": "range/1489811-1549153", "duration": 4.993}, {"path": "range/1549154-1608516", "duration": 4.992}, {"path": "range/1608517-1668204", "duration": 5.015}, {"path": "range/1668205-1727542", "duration": 4.993}, {"path": "range/1727543-1786940", "duration": 4.992}, {"path": "range/1786941-1846571", "duration": 5.015}, {"path": "range/1846572-1905907", "duration": 4.993}, {"path": "range/1905908-1965260", "duration": 4.992}, {"path": "range/1965261-2024955", "duration": 5.015}, {"path": "range/2024956-2084271", "duration": 4.993}, {"path": "range/2084272-2143692", "duration": 4.992}, {"path": "range/2143693-2203300", "duration": 5.016}, {"path": "range/2203301-2262651", "duration": 4.992}, {"path": "range/2262652-2322003", "duration": 4.992}, {"path": "range/2322004-2381685", "duration": 5.016}, {"path": "range/2381686-2441028", "duration": 4.992}, {"path": "range/2441029-2500434", "duration": 4.992}, {"path": "range/2500435-2560028", "duration": 5.016}, {"path": "range/2560029-2619441", "duration": 4.992}, {"path": "range/2619442-2678724", "duration": 4.992}, {"path": "range/2678725-2738518", "duration": 5.016}, {"path": "range/2738519-2797770", "duration": 4.992}, {"path": "range/2797771-2857168", "duration": 4.992}, {"path": "range/2857169-2916861", "duration": 5.016}, {"path": "range/2916862-2976172", "duration": 4.992}, {"path": "range/2976173-3035518", "duration": 4.993}, {"path": "range/3035519-3095140", "duration": 5.015}, {"path": "range/3095141-3154578", "duration": 4.992}, {"path": "range/3154579-3213950", "duration": 4.993}, {"path": "range/3213951-3273599", "duration": 5.015}, {"path": "range/3273600-3332924", "duration": 4.992}, {"path": "range/3332925-3392271", "duration": 4.993}, {"path": "range/3392272-3451917", "duration": 5.015}, {"path": "range/3451918-3511301", "duration": 4.993}, {"path": "range/3511302-3570617", "duration": 4.992}, {"path": "range/3570618-3630398", "duration": 5.015}, {"path": "range/3630399-3689658", "duration": 4.993}, {"path": "range/3689659-3749099", "duration": 4.992}, {"path": "range/3749100-3808730", "duration": 5.015}, {"path": "range/3808731-3868028", "duration": 4.993}, {"path": "range/3868029-3927373", "duration": 4.992}, {"path": "range/3927374-3987034", "duration": 5.015}, {"path": "range/3987035-4046468", "duration": 4.993}, {"path": "range/4046469-4105747", "duration": 4.992}, {"path": "range/4105748-4165404", "duration": 5.016}, {"path": "range/4165405-4224791", "duration": 4.992}, {"path": "range/4224792-4284132", "duration": 4.992}, {"path": "range/4284133-4343818", "duration": 5.016}, {"path": "range/4343819-4403186", "duration": 4.992}, {"path": "range/4403187-4462603", "duration": 4.992}, {"path": "range/4462604-4522155", "duration": 5.016}, {"path": "range/4522156-4581533", "duration": 4.992}, {"path": "range/4581534-4640895", "duration": 4.992}, {"path": "range/4640896-4700590", "duration": 5.016}, {"path": "range/4700591-4759926", "duration": 4.992}, {"path": "range/4759927-4819267", "duration": 4.992}, {"path": "range/4819268-4878879", "duration": 5.016}, {"path": "range/4878880-4938333", "duration": 4.992}, {"path": "range/4938334-4997619", "duration": 4.993}, {"path": "range/4997620-5057335", "duration": 5.015}, {"path": "range/5057336-5116646", "duration": 4.992}, {"path": "range/5116647-5176054", "duration": 4.993}, {"path": "range/5176055-5235658", "duration": 5.015}, {"path": "range/5235659-5295134", "duration": 4.992}, {"path": "range/5295135-5354386", "duration": 4.993}, {"path": "range/5354387-5414015", "duration": 5.015}, {"path": "range/5414016-5473420", "duration": 4.992}, {"path": "range/5473421-5532766", "duration": 4.993}, {"path": "range/5532767-5592392", "duration": 5.015}, {"path": "range/5592393-5651767", "duration": 4.993}, {"path": "range/5651768-5711128", "duration": 4.992}, {"path": "range/5711129-5770784", "duration": 5.015}, {"path": "range/5770785-5830151", "duration": 4.993}, {"path": "range/5830152-5889548", "duration": 4.992}, {"path": "range/5889549-5949126", "duration": 5.015}, {"path": "range/5949127-6008569", "duration": 4.993}, {"path": "range/6008570-6067931", "duration": 4.992}, {"path": "range/6067932-6127561", "duration": 5.016}, {"path": "range/6127562-6186883", "duration": 4.992}, {"path": "range/6186884-6246316", "duration": 4.992}, {"path": "range/6246317-6305944", "duration": 5.016}, {"path": "range/6305945-6365264", "duration": 4.992}, {"path": "range/6365265-6424638", "duration": 4.992}, {"path": "range/6424639-6484314", "duration": 5.016}, {"path": "range/6484315-6543675", "duration": 4.992}, {"path": "range/6543676-6603027", "duration": 4.992}, {"path": "range/6603028-6662661", "duration": 5.016}, {"path": "range/6662662-6721999", "duration": 4.992}, {"path": "range/6722000-6781407", "duration": 4.992}, {"path": "range/6781408-6841053", "duration": 5.016}, {"path": "range/6841054-6900405", "duration": 4.992}, {"path": "range/6900406-6959838", "duration": 4.993}, {"path": "range/6959839-7019459", "duration": 5.015}, {"path": "range/7019460-7078806", "duration": 4.992}, {"path": "range/7078807-7138158", "duration": 4.993}, {"path": "range/7138159-7197780", "duration": 5.015}, {"path": "range/7197781-7257241", "duration": 4.992}, {"path": "range/7257242-7316502", "duration": 4.993}, {"path": "range/7316503-7376207", "duration": 5.015}, {"path": "range/7376208-7435583", "duration": 4.992}, {"path": "range/7435584-7494956", "duration": 4.993}, {"path": "range/7494957-7554534", "duration": 5.015}, {"path": "range/7554535-7613981", "duration": 4.993}, {"path": "range/7613982-7673253", "duration": 4.992}, {"path": "range/7673254-7732914", "duration": 5.015}, {"path": "range/7732915-7792285", "duration": 4.993}, {"path": "range/7792286-7851651", "duration": 4.992}, {"path": "range/7851652-7911331", "duration": 5.015}, {"path": "range/7911332-7970699", "duration": 4.993}, {"path": "range/7970700-8030002", "duration": 4.992}, {"path": "range/8030003-8089637", "duration": 5.016}, {"path": "range/8089638-8149052", "duration": 4.992}, {"path": "range/8149053-8208479", "duration": 4.992}, {"path": "range/8208480-8268079", "duration": 5.016}, {"path": "range/8268080-8327395", "duration": 4.992}, {"path": "range/8327396-8386785", "duration": 4.992}, {"path": "range/8386786-8446393", "duration": 5.016}, {"path": "range/8446394-8505800", "duration": 4.992}, {"path": "range/8505801-8565155", "duration": 4.992}, {"path": "range/8565156-8624878", "duration": 5.016}, {"path": "range/8624879-8684217", "duration": 4.992}, {"path": "range/8684218-8743540", "duration": 4.992}, {"path": "range/8743541-8803110", "duration": 5.016}, {"path": "range/8803111-8862524", "duration": 4.992}, {"path": "range/8862525-8921910", "duration": 4.992}, {"path": "range/8921911-8981538", "duration": 5.016}, {"path": "range/8981539-9040932", "duration": 4.992}, {"path": "range/9040933-9100282", "duration": 4.993}, {"path": "range/9100283-9159909", "duration": 5.015}, {"path": "range/9159910-9219274", "duration": 4.992}, {"path": "range/9219275-9278665", "duration": 4.993}, {"path": "range/9278666-9338358", "duration": 5.015}, {"path": "range/9338359-9397639", "duration": 4.992}, {"path": "range/9397640-9457149", "duration": 4.993}, {"path": "range/9457150-9516675", "duration": 5.015}, {"path": "range/9516676-9576060", "duration": 4.993}, {"path": "range/9576061-9635388", "duration": 4.992}, {"path": "range/9635389-9695030", "duration": 5.015}, {"path": "range/9695031-9754417", "duration": 4.993}, {"path": "range/9754418-9813753", "duration": 4.992}, {"path": "range/9813754-9873452", "duration": 5.015}, {"path": "range/9873453-9932781", "duration": 4.993}, {"path": "range/9932782-9992110", "duration": 4.992}, {"path": "range/9992111-10051781", "duration": 5.016}, {"path": "range/10051782-10111159", "duration": 4.992}, {"path": "range/10111160-10170532", "duration": 4.992}, {"path": "range/10170533-10230211", "duration": 5.016}, {"path": "range/10230212-10289522", "duration": 4.992}, {"path": "range/10289523-10348896", "duration": 4.992}, {"path": "range/10348897-10408500", "duration": 5.016}, {"path": "range/10408501-10467930", "duration": 4.992}, {"path": "range/10467931-10527262", "duration": 4.992}, {"path": "range/10527263-10586906", "duration": 5.016}, {"path": "range/10586907-10646315", "duration": 4.992}, {"path": "range/10646316-10705679", "duration": 4.992}, {"path": "range/10705680-10765344", "duration": 5.016}, {"path": "range/10765345-10824645", "duration": 4.992}, {"path": "range/10824646-10884106", "duration": 4.992}, {"path": "range/10884107-10943670", "duration": 5.016}, {"path": "range/10943671-11003124", "duration": 4.992}, {"path": "range/11003125-11062403", "duration": 4.993}, {"path": "range/11062404-11122019", "duration": 5.015}, {"path": "range/11122020-11181403", "duration": 4.992}, {"path": "range/11181404-11240792", "duration": 4.993}, {"path": "range/11240793-11300387", "duration": 5.015}, {"path": "range/11300388-11359786", "duration": 4.992}, {"path": "range/11359787-11419119", "duration": 4.993}, {"path": "range/11419120-11478808", "duration": 5.015}, {"path": "range/11478809-11538171", "duration": 4.993}, {"path": "range/11538172-11597544", "duration": 4.992}, {"path": "range/11597545-11657162", "duration": 5.015}, {"path": "range/11657163-11716498", "duration": 4.993}, {"path": "range/11716499-11776028", "duration": 4.992}, {"path": "range/11776029-11835537", "duration": 5.015}, {"path": "range/11835538-11894906", "duration": 4.993}, {"path": "range/11894907-11954165", "duration": 4.992}], "protocol": "http_dash_segments", "format": "140 - audio only (DASH audio)", "http_headers": {"User-Agent": "Mozilla/5.0 (X11; Linux x86_64; rv:59.0) Gecko/20100101 Firefox/59.0", "Accept-Charset": "ISO-8859-1,utf-8;q=0.7,*;q=0.7", "Accept": "text/html,application/xhtml+xml,application/xml;q=0.9,*/*;q=0.8", "Accept-Encoding": "gzip, deflate", "Accept-Language": "en-us,en;q=0.5"}}, {"ext": "mp4", "height": 144, "format_note": "DASH video", "vcodec": "avc1.4d400b", "format_id": "160", "url": "https://r3---sn-n4v7sn7y.googlevideo.com/videoplayback/id/5c390dd417e2341e/itag/160/source/yt_otf/requiressl/yes/ei/Cm3wW53mG5OskwaatK24Bw/ms/au,onr/mn/sn-n4v7sn7y,sn-a5meknlz/mv/m/initcwndbps/1797500/mm/31,26/pl/22/ratebypass/yes/mime/video%2Fmp4/otfp/1/otf/1/lmt/1459059322559620/mt/1542483125/fvip/3/disable_polymer/true/ip/69.181.125.22/ipbits/0/expire/1542504810/sparams/ip,ipbits,expire,id,itag,source,requiressl,ei,ms,mn,mv,initcwndbps,mm,pl,ratebypass,mime,otfp,otf,lmt/signature/18AD5437650BA60268A00AA8355B1BA23ADC4C5C.0AC5EEE62085DA64FB5420C8CF854CA3F9EBDD9D/key/dg_yt0/", "manifest_url": "https://manifest.googlevideo.com/api/manifest/dash/playback_host/r3---sn-n4v7sn7y.googlevideo.com/ei/Cm3wW53mG5OskwaatK24Bw/signature/49BF4C655AC7013B7A4B823DB5ACA2D7C6FF0AF9.7E29713397E05CF1C11D56741C9E6D2DC04A8C1B/requiressl/yes/ms/au%2Conr/itag/0/as/fmp4_audio_clear%2Cfmp4_sd_hd_clear/ipbits/0/expire/1542504810/mt/1542483125/hfr/all/ip/69.181.125.22/key/yt6/mn/sn-n4v7sn7y%2Csn-a5meknlz/source/youtube/sparams/as%2Cei%2Chfr%2Cid%2Cinitcwndbps%2Cip%2Cipbits%2Citag%2Cmm%2Cmn%2Cms%2Cmv%2Cpl%2Cplayback_host%2Crequiressl%2Csource%2Cexpire/mv/m/initcwndbps/1797500/fvip/3/mm/31%2C26/id/5c390dd417e2341e/pl/22", "width": 256, "tbr": 108.0, "asr": null, "fps": 30, "language": null, "filesize": null, "container": "mp4_dash", "acodec": "none", "fragment_base_url": "https://r3---sn-n4v7sn7y.googlevideo.com/videoplayback/id/5c390dd417e2341e/itag/160/source/yt_otf/requiressl/yes/ei/Cm3wW53mG5OskwaatK24Bw/ms/au,onr/mn/sn-n4v7sn7y,sn-a5meknlz/mv/m/initcwndbps/1797500/mm/31,26/pl/22/ratebypass/yes/mime/video%2Fmp4/otfp/1/otf/1/lmt/1459059322559620/mt/1542483125/fvip/3/disable_polymer/true/ip/69.181.125.22/ipbits/0/expire/1542504810/sparams/ip,ipbits,expire,id,itag,source,requiressl,ei,ms,mn,mv,initcwndbps,mm,pl,ratebypass,mime,otfp,otf,lmt/signature/18AD5437650BA60268A00AA8355B1BA23ADC4C5C.0AC5EEE62085DA64FB5420C8CF854CA3F9EBDD9D/key/dg_yt0/", "fragments": [{"path": "sq/0"}, {"path": "sq/1/dur/5.339", "duration": 5.339}, {"path": "sq/2/dur/5.338", "duration": 5.338}, {"path": "sq/3/dur/5.339", "duration": 5.339}, {"path": "sq/4/dur/5.339", "duration": 5.339}, {"path": "sq/5/dur/5.338", "duration": 5.338}, {"path": "sq/6/dur/5.339", "duration": 5.339}, {"path": "sq/7/dur/5.339", "duration": 5.339}, {"path": "sq/8/dur/5.338", "duration": 5.338}, {"path": "sq/9/dur/5.339", "duration": 5.339}, {"path": "sq/10/dur/5.339", "duration": 5.339}, {"path": "sq/11/dur/5.338", "duration": 5.338}, {"path": "sq/12/dur/5.339", "duration": 5.339}, {"path": "sq/13/dur/5.339", "duration": 5.339}, {"path": "sq/14/dur/5.338", "duration": 5.338}, {"path": "sq/15/dur/5.339", "duration": 5.339}, {"path": "sq/16/dur/5.339", "duration": 5.339}, {"path": "sq/17/dur/5.338", "duration": 5.338}, {"path": "sq/18/dur/5.339", "duration": 5.339}, {"path": "sq/19/dur/5.339", "duration": 5.339}, {"path": "sq/20/dur/5.338", "duration": 5.338}, {"path": "sq/21/dur/5.339", "duration": 5.339}, {"path": "sq/22/dur/5.339", "duration": 5.339}, {"path": "sq/23/dur/5.338", "duration": 5.338}, {"path": "sq/24/dur/5.339", "duration": 5.339}, {"path": "sq/25/dur/5.339", "duration": 5.339}, {"path": "sq/26/dur/5.338", "duration": 5.338}, {"path": "sq/27/dur/5.339", "duration": 5.339}, {"path": "sq/28/dur/5.339", "duration": 5.339}, {"path": "sq/29/dur/5.338", "duration": 5.338}, {"path": "sq/30/dur/5.339", "duration": 5.339}, {"path": "sq/31/dur/5.339", "duration": 5.339}, {"path": "sq/32/dur/5.338", "duration": 5.338}, {"path": "sq/33/dur/5.339", "duration": 5.339}, {"path": "sq/34/dur/5.339", "duration": 5.339}, {"path": "sq/35/dur/5.338", "duration": 5.338}, {"path": "sq/36/dur/5.339", "duration": 5.339}, {"path": "sq/37/dur/5.339", "duration": 5.339}, {"path": "sq/38/dur/5.338", "duration": 5.338}, {"path": "sq/39/dur/5.339", "duration": 5.339}, {"path": "sq/40/dur/5.339", "duration": 5.339}, {"path": "sq/41/dur/5.338", "duration": 5.338}, {"path": "sq/42/dur/5.339", "duration": 5.339}, {"path": "sq/43/dur/5.339", "duration": 5.339}, {"path": "sq/44/dur/5.338", "duration": 5.338}, {"path": "sq/45/dur/5.339", "duration": 5.339}, {"path": "sq/46/dur/5.339", "duration": 5.339}, {"path": "sq/47/dur/5.338", "duration": 5.338}, {"path": "sq/48/dur/5.339", "duration": 5.339}, {"path": "sq/49/dur/5.339", "duration": 5.339}, {"path": "sq/50/dur/5.338", "duration": 5.338}, {"path": "sq/51/dur/5.339", "duration": 5.339}, {"path": "sq/52/dur/5.339", "duration": 5.339}, {"path": "sq/53/dur/5.338", "duration": 5.338}, {"path": "sq/54/dur/5.339", "duration": 5.339}, {"path": "sq/55/dur/5.339", "duration": 5.339}, {"path": "sq/56/dur/5.338", "duration": 5.338}, {"path": "sq/57/dur/5.339", "duration": 5.339}, {"path": "sq/58/dur/5.339", "duration": 5.339}, {"path": "sq/59/dur/5.338", "duration": 5.338}, {"path": "sq/60/dur/5.339", "duration": 5.339}, {"path": "sq/61/dur/5.339", "duration": 5.339}, {"path": "sq/62/dur/5.338", "duration": 5.338}, {"path": "sq/63/dur/5.339", "duration": 5.339}, {"path": "sq/64/dur/5.339", "duration": 5.339}, {"path": "sq/65/dur/5.338", "duration": 5.338}, {"path": "sq/66/dur/5.339", "duration": 5.339}, {"path": "sq/67/dur/5.339", "duration": 5.339}, {"path": "sq/68/dur/5.338", "duration": 5.338}, {"path": "sq/69/dur/5.339", "duration": 5.339}, {"path": "sq/70/dur/5.339", "duration": 5.339}, {"path": "sq/71/dur/5.338", "duration": 5.338}, {"path": "sq/72/dur/5.339", "duration": 5.339}, {"path": "sq/73/dur/5.339", "duration": 5.339}, {"path": "sq/74/dur/5.338", "duration": 5.338}, {"path": "sq/75/dur/5.339", "duration": 5.339}, {"path": "sq/76/dur/5.339", "duration": 5.339}, {"path": "sq/77/dur/5.338", "duration": 5.338}, {"path": "sq/78/dur/5.339", "duration": 5.339}, {"path": "sq/79/dur/5.339", "duration": 5.339}, {"path": "sq/80/dur/5.338", "duration": 5.338}, {"path": "sq/81/dur/5.339", "duration": 5.339}, {"path": "sq/82/dur/5.339", "duration": 5.339}, {"path": "sq/83/dur/5.338", "duration": 5.338}, {"path": "sq/84/dur/5.339", "duration": 5.339}, {"path": "sq/85/dur/5.339", "duration": 5.339}, {"path": "sq/86/dur/5.338", "duration": 5.338}, {"path": "sq/87/dur/5.339", "duration": 5.339}, {"path": "sq/88/dur/5.339", "duration": 5.339}, {"path": "sq/89/dur/5.338", "duration": 5.338}, {"path": "sq/90/dur/5.339", "duration": 5.339}, {"path": "sq/91/dur/5.339", "duration": 5.339}, {"path": "sq/92/dur/5.338", "duration": 5.338}, {"path": "sq/93/dur/5.339", "duration": 5.339}, {"path": "sq/94/dur/5.339", "duration": 5.339}, {"path": "sq/95/dur/5.338", "duration": 5.338}, {"path": "sq/96/dur/5.339", "duration": 5.339}, {"path": "sq/97/dur/5.339", "duration": 5.339}, {"path": "sq/98/dur/5.338", "duration": 5.338}, {"path": "sq/99/dur/5.339", "duration": 5.339}, {"path": "sq/100/dur/5.339", "duration": 5.339}, {"path": "sq/101/dur/5.338", "duration": 5.338}, {"path": "sq/102/dur/5.339", "duration": 5.339}, {"path": "sq/103/dur/5.339", "duration": 5.339}, {"path": "sq/104/dur/5.338", "duration": 5.338}, {"path": "sq/105/dur/5.339", "duration": 5.339}, {"path": "sq/106/dur/5.339", "duration": 5.339}, {"path": "sq/107/dur/5.338", "duration": 5.338}, {"path": "sq/108/dur/5.339", "duration": 5.339}, {"path": "sq/109/dur/5.339", "duration": 5.339}, {"path": "sq/110/dur/5.338", "duration": 5.338}, {"path": "sq/111/dur/5.339", "duration": 5.339}, {"path": "sq/112/dur/5.339", "duration": 5.339}, {"path": "sq/113/dur/5.338", "duration": 5.338}, {"path": "sq/114/dur/5.339", "duration": 5.339}, {"path": "sq/115/dur/5.339", "duration": 5.339}, {"path": "sq/116/dur/5.338", "duration": 5.338}, {"path": "sq/117/dur/5.339", "duration": 5.339}, {"path": "sq/118/dur/5.339", "duration": 5.339}, {"path": "sq/119/dur/5.338", "duration": 5.338}, {"path": "sq/120/dur/5.339", "duration": 5.339}, {"path": "sq/121/dur/5.339", "duration": 5.339}, {"path": "sq/122/dur/5.338", "duration": 5.338}, {"path": "sq/123/dur/5.339", "duration": 5.339}, {"path": "sq/124/dur/5.339", "duration": 5.339}, {"path": "sq/125/dur/5.338", "duration": 5.338}, {"path": "sq/126/dur/5.339", "duration": 5.339}, {"path": "sq/127/dur/5.339", "duration": 5.339}, {"path": "sq/128/dur/5.338", "duration": 5.338}, {"path": "sq/129/dur/5.339", "duration": 5.339}, {"path": "sq/130/dur/5.339", "duration": 5.339}, {"path": "sq/131/dur/5.338", "duration": 5.338}, {"path": "sq/132/dur/5.339", "duration": 5.339}, {"path": "sq/133/dur/5.339", "duration": 5.339}, {"path": "sq/134/dur/5.338", "duration": 5.338}, {"path": "sq/135/dur/5.339", "duration": 5.339}, {"path": "sq/136/dur/5.339", "duration": 5.339}, {"path": "sq/137/dur/5.338", "duration": 5.338}, {"path": "sq/138/dur/5.339", "duration": 5.339}, {"path": "sq/139/dur/5.339", "duration": 5.339}, {"path": "sq/140/dur/5.338", "duration": 5.338}, {"path": "sq/141/dur/5.339", "duration": 5.339}, {"path": "sq/142/dur/5.339", "duration": 5.339}, {"path": "sq/143/dur/5.338", "duration": 5.338}, {"path": "sq/144/dur/5.339", "duration": 5.339}, {"path": "sq/145/dur/5.339", "duration": 5.339}, {"path": "sq/146/dur/5.338", "duration": 5.338}, {"path": "sq/147/dur/5.339", "duration": 5.339}, {"path": "sq/148/dur/5.339", "duration": 5.339}, {"path": "sq/149/dur/5.338", "duration": 5.338}, {"path": "sq/150/dur/5.339", "duration": 5.339}, {"path": "sq/151/dur/5.339", "duration": 5.339}, {"path": "sq/152/dur/5.338", "duration": 5.338}, {"path": "sq/153/dur/5.339", "duration": 5.339}, {"path": "sq/154/dur/5.339", "duration": 5.339}, {"path": "sq/155/dur/5.338", "duration": 5.338}, {"path": "sq/156/dur/5.339", "duration": 5.339}, {"path": "sq/157/dur/5.339", "duration": 5.339}, {"path": "sq/158/dur/5.338", "duration": 5.338}, {"path": "sq/159/dur/5.339", "duration": 5.339}, {"path": "sq/160/dur/5.339", "duration": 5.339}, {"path": "sq/161/dur/5.338", "duration": 5.338}, {"path": "sq/162/dur/5.339", "duration": 5.339}, {"path": "sq/163/dur/5.339", "duration": 5.339}, {"path": "sq/164/dur/5.338", "duration": 5.338}, {"path": "sq/165/dur/5.339", "duration": 5.339}, {"path": "sq/166/dur/5.339", "duration": 5.339}, {"path": "sq/167/dur/5.338", "duration": 5.338}, {"path": "sq/168/dur/5.339", "duration": 5.339}, {"path": "sq/169/dur/5.339", "duration": 5.339}, {"path": "sq/170/dur/5.338", "duration": 5.338}, {"path": "sq/171/dur/5.339", "duration": 5.339}, {"path": "sq/172/dur/5.339", "duration": 5.339}, {"path": "sq/173/dur/5.338", "duration": 5.338}, {"path": "sq/174/dur/5.339", "duration": 5.339}, {"path": "sq/175/dur/5.339", "duration": 5.339}, {"path": "sq/176/dur/5.338", "duration": 5.338}, {"path": "sq/177/dur/5.339", "duration": 5.339}, {"path": "sq/178/dur/5.339", "duration": 5.339}, {"path": "sq/179/dur/5.338", "duration": 5.338}, {"path": "sq/180/dur/5.339", "duration": 5.339}, {"path": "sq/181/dur/5.339", "duration": 5.339}, {"path": "sq/182/dur/5.338", "duration": 5.338}, {"path": "sq/183/dur/5.339", "duration": 5.339}, {"path": "sq/184/dur/5.339", "duration": 5.339}, {"path": "sq/185/dur/5.338", "duration": 5.338}, {"path": "sq/186/dur/5.339", "duration": 5.339}, {"path": "sq/187/dur/5.339", "duration": 5.339}, {"path": "sq/188/dur/5.338", "duration": 5.338}, {"path": "sq/189/dur/1.268", "duration": 1.268}], "protocol": "http_dash_segments", "format": "160 - 256x144 (DASH video)", "http_headers": {"User-Agent": "Mozilla/5.0 (X11; Linux x86_64; rv:59.0) Gecko/20100101 Firefox/59.0", "Accept-Charset": "ISO-8859-1,utf-8;q=0.7,*;q=0.7", "Accept": "text/html,application/xhtml+xml,application/xml;q=0.9,*/*;q=0.8", "Accept-Encoding": "gzip, deflate", "Accept-Language": "en-us,en;q=0.5"}}, {"ext": "mp4", "height": 240, "format_note": "DASH video", "vcodec": "avc1.4d400c", "format_id": "133", "url": "https://r3---sn-n4v7sn7y.googlevideo.com/videoplayback/id/5c390dd417e2341e/itag/133/source/yt_otf/requiressl/yes/ei/Cm3wW53mG5OskwaatK24Bw/ms/au,onr/mn/sn-n4v7sn7y,sn-a5meknlz/mv/m/initcwndbps/1797500/mm/31,26/pl/22/ratebypass/yes/mime/video%2Fmp4/otfp/1/otf/1/lmt/1459059322559620/mt/1542483125/fvip/3/disable_polymer/true/ip/69.181.125.22/ipbits/0/expire/1542504810/sparams/ip,ipbits,expire,id,itag,source,requiressl,ei,ms,mn,mv,initcwndbps,mm,pl,ratebypass,mime,otfp,otf,lmt/signature/194C49B26AD6414E2D23C06DC147C67164271025.3127A92CD1030666541E320F9F6EDDBA3FC53639/key/dg_yt0/", "manifest_url": "https://manifest.googlevideo.com/api/manifest/dash/playback_host/r3---sn-n4v7sn7y.googlevideo.com/ei/Cm3wW53mG5OskwaatK24Bw/signature/49BF4C655AC7013B7A4B823DB5ACA2D7C6FF0AF9.7E29713397E05CF1C11D56741C9E6D2DC04A8C1B/requiressl/yes/ms/au%2Conr/itag/0/as/fmp4_audio_clear%2Cfmp4_sd_hd_clear/ipbits/0/expire/1542504810/mt/1542483125/hfr/all/ip/69.181.125.22/key/yt6/mn/sn-n4v7sn7y%2Csn-a5meknlz/source/youtube/sparams/as%2Cei%2Chfr%2Cid%2Cinitcwndbps%2Cip%2Cipbits%2Citag%2Cmm%2Cmn%2Cms%2Cmv%2Cpl%2Cplayback_host%2Crequiressl%2Csource%2Cexpire/mv/m/initcwndbps/1797500/fvip/3/mm/31%2C26/id/5c390dd417e2341e/pl/22", "width": 426, "tbr": 242.0, "asr": null, "fps": 30, "language": null, "filesize": null, "container": "mp4_dash", "acodec": "none", "fragment_base_url": "https://r3---sn-n4v7sn7y.googlevideo.com/videoplayback/id/5c390dd417e2341e/itag/133/source/yt_otf/requiressl/yes/ei/Cm3wW53mG5OskwaatK24Bw/ms/au,onr/mn/sn-n4v7sn7y,sn-a5meknlz/mv/m/initcwndbps/1797500/mm/31,26/pl/22/ratebypass/yes/mime/video%2Fmp4/otfp/1/otf/1/lmt/1459059322559620/mt/1542483125/fvip/3/disable_polymer/true/ip/69.181.125.22/ipbits/0/expire/1542504810/sparams/ip,ipbits,expire,id,itag,source,requiressl,ei,ms,mn,mv,initcwndbps,mm,pl,ratebypass,mime,otfp,otf,lmt/signature/194C49B26AD6414E2D23C06DC147C67164271025.3127A92CD1030666541E320F9F6EDDBA3FC53639/key/dg_yt0/", "fragments": [{"path": "sq/0"}, {"path": "sq/1/dur/5.339", "duration": 5.339}, {"path": "sq/2/dur/5.338", "duration": 5.338}, {"path": "sq/3/dur/5.339", "duration": 5.339}, {"path": "sq/4/dur/5.339", "duration": 5.339}, {"path": "sq/5/dur/5.338", "duration": 5.338}, {"path": "sq/6/dur/5.339", "duration": 5.339}, {"path": "sq/7/dur/5.339", "duration": 5.339}, {"path": "sq/8/dur/5.338", "duration": 5.338}, {"path": "sq/9/dur/5.339", "duration": 5.339}, {"path": "sq/10/dur/5.339", "duration": 5.339}, {"path": "sq/11/dur/5.338", "duration": 5.338}, {"path": "sq/12/dur/5.339", "duration": 5.339}, {"path": "sq/13/dur/5.339", "duration": 5.339}, {"path": "sq/14/dur/5.338", "duration": 5.338}, {"path": "sq/15/dur/5.339", "duration": 5.339}, {"path": "sq/16/dur/5.339", "duration": 5.339}, {"path": "sq/17/dur/5.338", "duration": 5.338}, {"path": "sq/18/dur/5.339", "duration": 5.339}, {"path": "sq/19/dur/5.339", "duration": 5.339}, {"path": "sq/20/dur/5.338", "duration": 5.338}, {"path": "sq/21/dur/5.339", "duration": 5.339}, {"path": "sq/22/dur/5.339", "duration": 5.339}, {"path": "sq/23/dur/5.338", "duration": 5.338}, {"path": "sq/24/dur/5.339", "duration": 5.339}, {"path": "sq/25/dur/5.339", "duration": 5.339}, {"path": "sq/26/dur/5.338", "duration": 5.338}, {"path": "sq/27/dur/5.339", "duration": 5.339}, {"path": "sq/28/dur/5.339", "duration": 5.339}, {"path": "sq/29/dur/5.338", "duration": 5.338}, {"path": "sq/30/dur/5.339", "duration": 5.339}, {"path": "sq/31/dur/5.339", "duration": 5.339}, {"path": "sq/32/dur/5.338", "duration": 5.338}, {"path": "sq/33/dur/5.339", "duration": 5.339}, {"path": "sq/34/dur/5.339", "duration": 5.339}, {"path": "sq/35/dur/5.338", "duration": 5.338}, {"path": "sq/36/dur/5.339", "duration": 5.339}, {"path": "sq/37/dur/5.339", "duration": 5.339}, {"path": "sq/38/dur/5.338", "duration": 5.338}, {"path": "sq/39/dur/5.339", "duration": 5.339}, {"path": "sq/40/dur/5.339", "duration": 5.339}, {"path": "sq/41/dur/5.338", "duration": 5.338}, {"path": "sq/42/dur/5.339", "duration": 5.339}, {"path": "sq/43/dur/5.339", "duration": 5.339}, {"path": "sq/44/dur/5.338", "duration": 5.338}, {"path": "sq/45/dur/5.339", "duration": 5.339}, {"path": "sq/46/dur/5.339", "duration": 5.339}, {"path": "sq/47/dur/5.338", "duration": 5.338}, {"path": "sq/48/dur/5.339", "duration": 5.339}, {"path": "sq/49/dur/5.339", "duration": 5.339}, {"path": "sq/50/dur/5.338", "duration": 5.338}, {"path": "sq/51/dur/5.339", "duration": 5.339}, {"path": "sq/52/dur/5.339", "duration": 5.339}, {"path": "sq/53/dur/5.338", "duration": 5.338}, {"path": "sq/54/dur/5.339", "duration": 5.339}, {"path": "sq/55/dur/5.339", "duration": 5.339}, {"path": "sq/56/dur/5.338", "duration": 5.338}, {"path": "sq/57/dur/5.339", "duration": 5.339}, {"path": "sq/58/dur/5.339", "duration": 5.339}, {"path": "sq/59/dur/5.338", "duration": 5.338}, {"path": "sq/60/dur/5.339", "duration": 5.339}, {"path": "sq/61/dur/5.339", "duration": 5.339}, {"path": "sq/62/dur/5.338", "duration": 5.338}, {"path": "sq/63/dur/5.339", "duration": 5.339}, {"path": "sq/64/dur/5.339", "duration": 5.339}, {"path": "sq/65/dur/5.338", "duration": 5.338}, {"path": "sq/66/dur/5.339", "duration": 5.339}, {"path": "sq/67/dur/5.339", "duration": 5.339}, {"path": "sq/68/dur/5.338", "duration": 5.338}, {"path": "sq/69/dur/5.339", "duration": 5.339}, {"path": "sq/70/dur/5.339", "duration": 5.339}, {"path": "sq/71/dur/5.338", "duration": 5.338}, {"path": "sq/72/dur/5.339", "duration": 5.339}, {"path": "sq/73/dur/5.339", "duration": 5.339}, {"path": "sq/74/dur/5.338", "duration": 5.338}, {"path": "sq/75/dur/5.339", "duration": 5.339}, {"path": "sq/76/dur/5.339", "duration": 5.339}, {"path": "sq/77/dur/5.338", "duration": 5.338}, {"path": "sq/78/dur/5.339", "duration": 5.339}, {"path": "sq/79/dur/5.339", "duration": 5.339}, {"path": "sq/80/dur/5.338", "duration": 5.338}, {"path": "sq/81/dur/5.339", "duration": 5.339}, {"path": "sq/82/dur/5.339", "duration": 5.339}, {"path": "sq/83/dur/5.338", "duration": 5.338}, {"path": "sq/84/dur/5.339", "duration": 5.339}, {"path": "sq/85/dur/5.339", "duration": 5.339}, {"path": "sq/86/dur/5.338", "duration": 5.338}, {"path": "sq/87/dur/5.339", "duration": 5.339}, {"path": "sq/88/dur/5.339", "duration": 5.339}, {"path": "sq/89/dur/5.338", "duration": 5.338}, {"path": "sq/90/dur/5.339", "duration": 5.339}, {"path": "sq/91/dur/5.339", "duration": 5.339}, {"path": "sq/92/dur/5.338", "duration": 5.338}, {"path": "sq/93/dur/5.339", "duration": 5.339}, {"path": "sq/94/dur/5.339", "duration": 5.339}, {"path": "sq/95/dur/5.338", "duration": 5.338}, {"path": "sq/96/dur/5.339", "duration": 5.339}, {"path": "sq/97/dur/5.339", "duration": 5.339}, {"path": "sq/98/dur/5.338", "duration": 5.338}, {"path": "sq/99/dur/5.339", "duration": 5.339}, {"path": "sq/100/dur/5.339", "duration": 5.339}, {"path": "sq/101/dur/5.338", "duration": 5.338}, {"path": "sq/102/dur/5.339", "duration": 5.339}, {"path": "sq/103/dur/5.339", "duration": 5.339}, {"path": "sq/104/dur/5.338", "duration": 5.338}, {"path": "sq/105/dur/5.339", "duration": 5.339}, {"path": "sq/106/dur/5.339", "duration": 5.339}, {"path": "sq/107/dur/5.338", "duration": 5.338}, {"path": "sq/108/dur/5.339", "duration": 5.339}, {"path": "sq/109/dur/5.339", "duration": 5.339}, {"path": "sq/110/dur/5.338", "duration": 5.338}, {"path": "sq/111/dur/5.339", "duration": 5.339}, {"path": "sq/112/dur/5.339", "duration": 5.339}, {"path": "sq/113/dur/5.338", "duration": 5.338}, {"path": "sq/114/dur/5.339", "duration": 5.339}, {"path": "sq/115/dur/5.339", "duration": 5.339}, {"path": "sq/116/dur/5.338", "duration": 5.338}, {"path": "sq/117/dur/5.339", "duration": 5.339}, {"path": "sq/118/dur/5.339", "duration": 5.339}, {"path": "sq/119/dur/5.338", "duration": 5.338}, {"path": "sq/120/dur/5.339", "duration": 5.339}, {"path": "sq/121/dur/5.339", "duration": 5.339}, {"path": "sq/122/dur/5.338", "duration": 5.338}, {"path": "sq/123/dur/5.339", "duration": 5.339}, {"path": "sq/124/dur/5.339", "duration": 5.339}, {"path": "sq/125/dur/5.338", "duration": 5.338}, {"path": "sq/126/dur/5.339", "duration": 5.339}, {"path": "sq/127/dur/5.339", "duration": 5.339}, {"path": "sq/128/dur/5.338", "duration": 5.338}, {"path": "sq/129/dur/5.339", "duration": 5.339}, {"path": "sq/130/dur/5.339", "duration": 5.339}, {"path": "sq/131/dur/5.338", "duration": 5.338}, {"path": "sq/132/dur/5.339", "duration": 5.339}, {"path": "sq/133/dur/5.339", "duration": 5.339}, {"path": "sq/134/dur/5.338", "duration": 5.338}, {"path": "sq/135/dur/5.339", "duration": 5.339}, {"path": "sq/136/dur/5.339", "duration": 5.339}, {"path": "sq/137/dur/5.338", "duration": 5.338}, {"path": "sq/138/dur/5.339", "duration": 5.339}, {"path": "sq/139/dur/5.339", "duration": 5.339}, {"path": "sq/140/dur/5.338", "duration": 5.338}, {"path": "sq/141/dur/5.339", "duration": 5.339}, {"path": "sq/142/dur/5.339", "duration": 5.339}, {"path": "sq/143/dur/5.338", "duration": 5.338}, {"path": "sq/144/dur/5.339", "duration": 5.339}, {"path": "sq/145/dur/5.339", "duration": 5.339}, {"path": "sq/146/dur/5.338", "duration": 5.338}, {"path": "sq/147/dur/5.339", "duration": 5.339}, {"path": "sq/148/dur/5.339", "duration": 5.339}, {"path": "sq/149/dur/5.338", "duration": 5.338}, {"path": "sq/150/dur/5.339", "duration": 5.339}, {"path": "sq/151/dur/5.339", "duration": 5.339}, {"path": "sq/152/dur/5.338", "duration": 5.338}, {"path": "sq/153/dur/5.339", "duration": 5.339}, {"path": "sq/154/dur/5.339", "duration": 5.339}, {"path": "sq/155/dur/5.338", "duration": 5.338}, {"path": "sq/156/dur/5.339", "duration": 5.339}, {"path": "sq/157/dur/5.339", "duration": 5.339}, {"path": "sq/158/dur/5.338", "duration": 5.338}, {"path": "sq/159/dur/5.339", "duration": 5.339}, {"path": "sq/160/dur/5.339", "duration": 5.339}, {"path": "sq/161/dur/5.338", "duration": 5.338}, {"path": "sq/162/dur/5.339", "duration": 5.339}, {"path": "sq/163/dur/5.339", "duration": 5.339}, {"path": "sq/164/dur/5.338", "duration": 5.338}, {"path": "sq/165/dur/5.339", "duration": 5.339}, {"path": "sq/166/dur/5.339", "duration": 5.339}, {"path": "sq/167/dur/5.338", "duration": 5.338}, {"path": "sq/168/dur/5.339", "duration": 5.339}, {"path": "sq/169/dur/5.339", "duration": 5.339}, {"path": "sq/170/dur/5.338", "duration": 5.338}, {"path": "sq/171/dur/5.339", "duration": 5.339}, {"path": "sq/172/dur/5.339", "duration": 5.339}, {"path": "sq/173/dur/5.338", "duration": 5.338}, {"path": "sq/174/dur/5.339", "duration": 5.339}, {"path": "sq/175/dur/5.339", "duration": 5.339}, {"path": "sq/176/dur/5.338", "duration": 5.338}, {"path": "sq/177/dur/5.339", "duration": 5.339}, {"path": "sq/178/dur/5.339", "duration": 5.339}, {"path": "sq/179/dur/5.338", "duration": 5.338}, {"path": "sq/180/dur/5.339", "duration": 5.339}, {"path": "sq/181/dur/5.339", "duration": 5.339}, {"path": "sq/182/dur/5.338", "duration": 5.338}, {"path": "sq/183/dur/5.339", "duration": 5.339}, {"path": "sq/184/dur/5.339", "duration": 5.339}, {"path": "sq/185/dur/5.338", "duration": 5.338}, {"path": "sq/186/dur/5.339", "duration": 5.339}, {"path": "sq/187/dur/5.339", "duration": 5.339}, {"path": "sq/188/dur/5.338", "duration": 5.338}, {"path": "sq/189/dur/1.268", "duration": 1.268}], "protocol": "http_dash_segments", "format": "133 - 426x240 (DASH video)", "http_headers": {"User-Agent": "Mozilla/5.0 (X11; Linux x86_64; rv:59.0) Gecko/20100101 Firefox/59.0", "Accept-Charset": "ISO-8859-1,utf-8;q=0.7,*;q=0.7", "Accept": "text/html,application/xhtml+xml,application/xml;q=0.9,*/*;q=0.8", "Accept-Encoding": "gzip, deflate", "Accept-Language": "en-us,en;q=0.5"}}, {"ext": "mp4", "height": 360, "format_note": "DASH video", "vcodec": "avc1.4d401e", "format_id": "134", "url": "https://r3---sn-n4v7sn7y.googlevideo.com/videoplayback/id/5c390dd417e2341e/itag/134/source/youtube/requiressl/yes/ei/Cm3wW53mG5OskwaatK24Bw/ms/au,onr/mn/sn-n4v7sn7y,sn-a5meknlz/mv/m/initcwndbps/1797500/mm/31,26/pl/22/ratebypass/yes/mime/video%2Fmp4/otfp/1/gir/yes/clen/17666423/lmt/1459059210684009/dur/1004.937/mt/1542483125/fvip/3/disable_polymer/true/ip/69.181.125.22/ipbits/0/expire/1542504810/sparams/ip,ipbits,expire,id,itag,source,requiressl,ei,ms,mn,mv,initcwndbps,mm,pl,ratebypass,mime,otfp,gir,clen,lmt,dur/signature/1C46CB4A9A7BBEC42C96F4D9D8D167B1370C5032.9476880143CE352335C6C32D0AA0CD71C3288023/key/dg_yt0/", "manifest_url": "https://manifest.googlevideo.com/api/manifest/dash/playback_host/r3---sn-n4v7sn7y.googlevideo.com/ei/Cm3wW53mG5OskwaatK24Bw/signature/49BF4C655AC7013B7A4B823DB5ACA2D7C6FF0AF9.7E29713397E05CF1C11D56741C9E6D2DC04A8C1B/requiressl/yes/ms/au%2Conr/itag/0/as/fmp4_audio_clear%2Cfmp4_sd_hd_clear/ipbits/0/expire/1542504810/mt/1542483125/hfr/all/ip/69.181.125.22/key/yt6/mn/sn-n4v7sn7y%2Csn-a5meknlz/source/youtube/sparams/as%2Cei%2Chfr%2Cid%2Cinitcwndbps%2Cip%2Cipbits%2Citag%2Cmm%2Cmn%2Cms%2Cmv%2Cpl%2Cplayback_host%2Crequiressl%2Csource%2Cexpire/mv/m/initcwndbps/1797500/fvip/3/mm/31%2C26/id/5c390dd417e2341e/pl/22", "width": 640, "tbr": 622.883, "asr": null, "fps": 30, "language": null, "filesize": 17666423, "container": "mp4_dash", "acodec": "none", "fragment_base_url": "https://r3---sn-n4v7sn7y.googlevideo.com/videoplayback/id/5c390dd417e2341e/itag/134/source/youtube/requiressl/yes/ei/Cm3wW53mG5OskwaatK24Bw/ms/au,onr/mn/sn-n4v7sn7y,sn-a5meknlz/mv/m/initcwndbps/1797500/mm/31,26/pl/22/ratebypass/yes/mime/video%2Fmp4/otfp/1/gir/yes/clen/17666423/lmt/1459059210684009/dur/1004.937/mt/1542483125/fvip/3/disable_polymer/true/ip/69.181.125.22/ipbits/0/expire/1542504810/sparams/ip,ipbits,expire,id,itag,source,requiressl,ei,ms,mn,mv,initcwndbps,mm,pl,ratebypass,mime,otfp,gir,clen,lmt,dur/signature/1C46CB4A9A7BBEC42C96F4D9D8D167B1370C5032.9476880143CE352335C6C32D0AA0CD71C3288023/key/dg_yt0/", "fragments": [{"path": "range/0-708"}, {"path": "range/3009-179518", "duration": 5.339}, {"path": "range/179519-419902", "duration": 5.338}, {"path": "range/419903-619845", "duration": 5.339}, {"path": "range/619846-820985", "duration": 5.339}, {"path": "range/820986-997535", "duration": 5.338}, {"path": "range/997536-1046299", "duration": 5.339}, {"path": "range/1046300-1071573", "duration": 5.339}, {"path": "range/1071574-1118436", "duration": 5.338}, {"path": "range/1118437-1143145", "duration": 5.339}, {"path": "range/1143146-1226206", "duration": 5.339}, {"path": "range/1226207-1279957", "duration": 5.338}, {"path": "range/1279958-1306654", "duration": 5.339}, {"path": "range/1306655-1332916", "duration": 5.339}, {"path": "range/1332917-1359613", "duration": 5.338}, {"path": "range/1359614-1459718", "duration": 5.339}, {"path": "range/1459719-1488819", "duration": 5.339}, {"path": "range/1488820-1542875", "duration": 5.338}, {"path": "range/1542876-1572490", "duration": 5.339}, {"path": "range/1572491-1601850", "duration": 5.339}, {"path": "range/1601851-1631389", "duration": 5.338}, {"path": "range/1631390-1660681", "duration": 5.339}, {"path": "range/1660682-1690003", "duration": 5.339}, {"path": "range/1690004-1719368", "duration": 5.338}, {"path": "range/1719369-1748660", "duration": 5.339}, {"path": "range/1748661-1777874", "duration": 5.339}, {"path": "range/1777875-1807096", "duration": 5.338}, {"path": "range/1807097-1937937", "duration": 5.339}, {"path": "range/1937938-2007236", "duration": 5.339}, {"path": "range/2007237-2083603", "duration": 5.338}, {"path": "range/2083604-2150636", "duration": 5.339}, {"path": "range/2150637-2217511", "duration": 5.339}, {"path": "range/2217512-2284423", "duration": 5.338}, {"path": "range/2284424-2351493", "duration": 5.339}, {"path": "range/2351494-2418368", "duration": 5.339}, {"path": "range/2418369-2485239", "duration": 5.338}, {"path": "range/2485240-2552114", "duration": 5.339}, {"path": "range/2552115-2619272", "duration": 5.339}, {"path": "range/2619273-2752287", "duration": 5.338}, {"path": "range/2752288-2785870", "duration": 5.339}, {"path": "range/2785871-2846925", "duration": 5.339}, {"path": "range/2846926-2880499", "duration": 5.338}, {"path": "range/2880500-2914084", "duration": 5.339}, {"path": "range/2914085-2947517", "duration": 5.339}, {"path": "range/2947518-2981067", "duration": 5.338}, {"path": "range/2981068-3014652", "duration": 5.339}, {"path": "range/3014653-3048151", "duration": 5.339}, {"path": "range/3048152-3166276", "duration": 5.338}, {"path": "range/3166277-3218179", "duration": 5.339}, {"path": "range/3218180-3276795", "duration": 5.339}, {"path": "range/3276796-3329041", "duration": 5.338}, {"path": "range/3329042-3380986", "duration": 5.339}, {"path": "range/3380987-3433749", "duration": 5.339}, {"path": "range/3433750-3486217", "duration": 5.338}, {"path": "range/3486218-3537921", "duration": 5.339}, {"path": "range/3537922-3589916", "duration": 5.339}, {"path": "range/3589917-3642164", "duration": 5.338}, {"path": "range/3642165-3722872", "duration": 5.339}, {"path": "range/3722873-3742688", "duration": 5.339}, {"path": "range/3742689-3762325", "duration": 5.338}, {"path": "range/3762326-3781915", "duration": 5.339}, {"path": "range/3781916-3801546", "duration": 5.339}, {"path": "range/3801547-3821182", "duration": 5.338}, {"path": "range/3821183-3840818", "duration": 5.339}, {"path": "range/3840819-4144048", "duration": 5.339}, {"path": "range/4144049-4342997", "duration": 5.338}, {"path": "range/4342998-4541335", "duration": 5.339}, {"path": "range/4541336-4740012", "duration": 5.339}, {"path": "range/4740013-4931139", "duration": 5.338}, {"path": "range/4931140-5123025", "duration": 5.339}, {"path": "range/5123026-5313134", "duration": 5.339}, {"path": "range/5313135-5510902", "duration": 5.338}, {"path": "range/5510903-5707331", "duration": 5.339}, {"path": "range/5707332-5900699", "duration": 5.339}, {"path": "range/5900700-6096996", "duration": 5.338}, {"path": "range/6096997-6288162", "duration": 5.339}, {"path": "range/6288163-6478463", "duration": 5.339}, {"path": "range/6478464-6671272", "duration": 5.338}, {"path": "range/6671273-6862074", "duration": 5.339}, {"path": "range/6862075-7054439", "duration": 5.339}, {"path": "range/7054440-7251778", "duration": 5.338}, {"path": "range/7251779-7440338", "duration": 5.339}, {"path": "range/7440339-7629910", "duration": 5.339}, {"path": "range/7629911-7818396", "duration": 5.338}, {"path": "range/7818397-8007243", "duration": 5.339}, {"path": "range/8007244-8200261", "duration": 5.339}, {"path": "range/8200262-8392093", "duration": 5.338}, {"path": "range/8392094-8587813", "duration": 5.339}, {"path": "range/8587814-8783635", "duration": 5.339}, {"path": "range/8783636-8976387", "duration": 5.338}, {"path": "range/8976388-9167929", "duration": 5.339}, {"path": "range/9167930-9356586", "duration": 5.339}, {"path": "range/9356587-9546366", "duration": 5.338}, {"path": "range/9546367-9723428", "duration": 5.339}, {"path": "range/9723429-9737174", "duration": 5.339}, {"path": "range/9737175-9752526", "duration": 5.338}, {"path": "range/9752527-9765719", "duration": 5.339}, {"path": "range/9765720-9860171", "duration": 5.339}, {"path": "range/9860172-9944303", "duration": 5.338}, {"path": "range/9944304-10013641", "duration": 5.339}, {"path": "range/10013642-10087479", "duration": 5.339}, {"path": "range/10087480-10157504", "duration": 5.338}, {"path": "range/10157505-10227407", "duration": 5.339}, {"path": "range/10227408-10297385", "duration": 5.339}, {"path": "range/10297386-10367356", "duration": 5.338}, {"path": "range/10367357-10437259", "duration": 5.339}, {"path": "range/10437260-10512249", "duration": 5.339}, {"path": "range/10512250-10581365", "duration": 5.338}, {"path": "range/10581366-10657834", "duration": 5.339}, {"path": "range/10657835-10736094", "duration": 5.339}, {"path": "range/10736095-10805997", "duration": 5.338}, {"path": "range/10805998-10875874", "duration": 5.339}, {"path": "range/10875875-10945881", "duration": 5.339}, {"path": "range/10945882-11015784", "duration": 5.338}, {"path": "range/11015785-11085851", "duration": 5.339}, {"path": "range/11085852-11158330", "duration": 5.339}, {"path": "range/11158331-11227446", "duration": 5.338}, {"path": "range/11227447-11305320", "duration": 5.339}, {"path": "range/11305321-11375238", "duration": 5.339}, {"path": "range/11375239-11444916", "duration": 5.338}, {"path": "range/11444917-11517855", "duration": 5.339}, {"path": "range/11517856-11598022", "duration": 5.339}, {"path": "range/11598023-11611326", "duration": 5.338}, {"path": "range/11611327-11625583", "duration": 5.339}, {"path": "range/11625584-11639837", "duration": 5.339}, {"path": "range/11639838-11876575", "duration": 5.338}, {"path": "range/11876576-12068065", "duration": 5.339}, {"path": "range/12068066-12259024", "duration": 5.339}, {"path": "range/12259025-12537782", "duration": 5.338}, {"path": "range/12537783-12608850", "duration": 5.339}, {"path": "range/12608851-12668918", "duration": 5.339}, {"path": "range/12668919-12732486", "duration": 5.338}, {"path": "range/12732487-12793013", "duration": 5.339}, {"path": "range/12793014-12856795", "duration": 5.339}, {"path": "range/12856796-12924318", "duration": 5.338}, {"path": "range/12924319-12987043", "duration": 5.339}, {"path": "range/12987044-13053468", "duration": 5.339}, {"path": "range/13053469-13117721", "duration": 5.338}, {"path": "range/13117722-13178232", "duration": 5.339}, {"path": "range/13178233-13284975", "duration": 5.339}, {"path": "range/13284976-13342245", "duration": 5.338}, {"path": "range/13342246-13374088", "duration": 5.339}, {"path": "range/13374089-13406414", "duration": 5.339}, {"path": "range/13406415-13438098", "duration": 5.338}, {"path": "range/13438099-13469879", "duration": 5.339}, {"path": "range/13469880-13501595", "duration": 5.339}, {"path": "range/13501596-13801799", "duration": 5.338}, {"path": "range/13801800-13991888", "duration": 5.339}, {"path": "range/13991889-14184520", "duration": 5.339}, {"path": "range/14184521-14373947", "duration": 5.338}, {"path": "range/14373948-14568378", "duration": 5.339}, {"path": "range/14568379-14761311", "duration": 5.339}, {"path": "range/14761312-14950677", "duration": 5.338}, {"path": "range/14950678-15139943", "duration": 5.339}, {"path": "range/15139944-15395975", "duration": 5.339}, {"path": "range/15395976-15414977", "duration": 5.338}, {"path": "range/15414978-15433882", "duration": 5.339}, {"path": "range/15433883-15452356", "duration": 5.339}, {"path": "range/15452357-15470849", "duration": 5.338}, {"path": "range/15470850-15489421", "duration": 5.339}, {"path": "range/15489422-15508066", "duration": 5.339}, {"path": "range/15508067-15526657", "duration": 5.338}, {"path": "range/15526658-15545729", "duration": 5.339}, {"path": "range/15545730-15564942", "duration": 5.339}, {"path": "range/15564943-15690832", "duration": 5.338}, {"path": "range/15690833-15768177", "duration": 5.339}, {"path": "range/15768178-15856061", "duration": 5.339}, {"path": "range/15856062-15933919", "duration": 5.338}, {"path": "range/15933920-16011251", "duration": 5.339}, {"path": "range/16011252-16088627", "duration": 5.339}, {"path": "range/16088628-16166131", "duration": 5.338}, {"path": "range/16166132-16243463", "duration": 5.339}, {"path": "range/16243464-16322692", "duration": 5.339}, {"path": "range/16322693-16400185", "duration": 5.338}, {"path": "range/16400186-16478610", "duration": 5.339}, {"path": "range/16478611-16556651", "duration": 5.339}, {"path": "range/16556652-16634071", "duration": 5.338}, {"path": "range/16634072-16711602", "duration": 5.339}, {"path": "range/16711603-16789396", "duration": 5.339}, {"path": "range/16789397-16866816", "duration": 5.338}, {"path": "range/16866817-16944404", "duration": 5.339}, {"path": "range/16944405-17023345", "duration": 5.339}, {"path": "range/17023346-17100953", "duration": 5.338}, {"path": "range/17100954-17180011", "duration": 5.339}, {"path": "range/17180012-17257548", "duration": 5.339}, {"path": "range/17257549-17334938", "duration": 5.338}, {"path": "range/17334939-17412366", "duration": 5.339}, {"path": "range/17412367-17489777", "duration": 5.339}, {"path": "range/17489778-17567695", "duration": 5.338}, {"path": "range/17567696-17666422", "duration": 1.268}], "protocol": "http_dash_segments", "format": "134 - 640x360 (DASH video)", "http_headers": {"User-Agent": "Mozilla/5.0 (X11; Linux x86_64; rv:59.0) Gecko/20100101 Firefox/59.0", "Accept-Charset": "ISO-8859-1,utf-8;q=0.7,*;q=0.7", "Accept": "text/html,application/xhtml+xml,application/xml;q=0.9,*/*;q=0.8", "Accept-Encoding": "gzip, deflate", "Accept-Language": "en-us,en;q=0.5"}}, {"ext": "mp4", "height": 480, "format_note": "DASH video", "vcodec": "avc1.4d400a", "format_id": "135", "url": "https://r3---sn-n4v7sn7y.googlevideo.com/videoplayback/id/5c390dd417e2341e/itag/135/source/yt_otf/requiressl/yes/ei/Cm3wW53mG5OskwaatK24Bw/ms/au,onr/mn/sn-n4v7sn7y,sn-a5meknlz/mv/m/initcwndbps/1797500/mm/31,26/pl/22/ratebypass/yes/mime/video%2Fmp4/otfp/1/otf/1/lmt/1459059322559620/mt/1542483125/fvip/3/disable_polymer/true/ip/69.181.125.22/ipbits/0/expire/1542504810/sparams/ip,ipbits,expire,id,itag,source,requiressl,ei,ms,mn,mv,initcwndbps,mm,pl,ratebypass,mime,otfp,otf,lmt/signature/969D04705E3A0025D38A4E00EF8952AE1CEEBD88.3F5FFC417AF130404F1929C57B63FB0FF860D9C8/key/dg_yt0/", "manifest_url": "https://manifest.googlevideo.com/api/manifest/dash/playback_host/r3---sn-n4v7sn7y.googlevideo.com/ei/Cm3wW53mG5OskwaatK24Bw/signature/49BF4C655AC7013B7A4B823DB5ACA2D7C6FF0AF9.7E29713397E05CF1C11D56741C9E6D2DC04A8C1B/requiressl/yes/ms/au%2Conr/itag/0/as/fmp4_audio_clear%2Cfmp4_sd_hd_clear/ipbits/0/expire/1542504810/mt/1542483125/hfr/all/ip/69.181.125.22/key/yt6/mn/sn-n4v7sn7y%2Csn-a5meknlz/source/youtube/sparams/as%2Cei%2Chfr%2Cid%2Cinitcwndbps%2Cip%2Cipbits%2Citag%2Cmm%2Cmn%2Cms%2Cmv%2Cpl%2Cplayback_host%2Crequiressl%2Csource%2Cexpire/mv/m/initcwndbps/1797500/fvip/3/mm/31%2C26/id/5c390dd417e2341e/pl/22", "width": 854, "tbr": 1155.0, "asr": null, "fps": 30, "language": null, "filesize": null, "container": "mp4_dash", "acodec": "none", "fragment_base_url": "https://r3---sn-n4v7sn7y.googlevideo.com/videoplayback/id/5c390dd417e2341e/itag/135/source/yt_otf/requiressl/yes/ei/Cm3wW53mG5OskwaatK24Bw/ms/au,onr/mn/sn-n4v7sn7y,sn-a5meknlz/mv/m/initcwndbps/1797500/mm/31,26/pl/22/ratebypass/yes/mime/video%2Fmp4/otfp/1/otf/1/lmt/1459059322559620/mt/1542483125/fvip/3/disable_polymer/true/ip/69.181.125.22/ipbits/0/expire/1542504810/sparams/ip,ipbits,expire,id,itag,source,requiressl,ei,ms,mn,mv,initcwndbps,mm,pl,ratebypass,mime,otfp,otf,lmt/signature/969D04705E3A0025D38A4E00EF8952AE1CEEBD88.3F5FFC417AF130404F1929C57B63FB0FF860D9C8/key/dg_yt0/", "fragments": [{"path": "sq/0"}, {"path": "sq/1/dur/5.339", "duration": 5.339}, {"path": "sq/2/dur/5.338", "duration": 5.338}, {"path": "sq/3/dur/5.339", "duration": 5.339}, {"path": "sq/4/dur/5.339", "duration": 5.339}, {"path": "sq/5/dur/5.338", "duration": 5.338}, {"path": "sq/6/dur/5.339", "duration": 5.339}, {"path": "sq/7/dur/5.339", "duration": 5.339}, {"path": "sq/8/dur/5.338", "duration": 5.338}, {"path": "sq/9/dur/5.339", "duration": 5.339}, {"path": "sq/10/dur/5.339", "duration": 5.339}, {"path": "sq/11/dur/5.338", "duration": 5.338}, {"path": "sq/12/dur/5.339", "duration": 5.339}, {"path": "sq/13/dur/5.339", "duration": 5.339}, {"path": "sq/14/dur/5.338", "duration": 5.338}, {"path": "sq/15/dur/5.339", "duration": 5.339}, {"path": "sq/16/dur/5.339", "duration": 5.339}, {"path": "sq/17/dur/5.338", "duration": 5.338}, {"path": "sq/18/dur/5.339", "duration": 5.339}, {"path": "sq/19/dur/5.339", "duration": 5.339}, {"path": "sq/20/dur/5.338", "duration": 5.338}, {"path": "sq/21/dur/5.339", "duration": 5.339}, {"path": "sq/22/dur/5.339", "duration": 5.339}, {"path": "sq/23/dur/5.338", "duration": 5.338}, {"path": "sq/24/dur/5.339", "duration": 5.339}, {"path": "sq/25/dur/5.339", "duration": 5.339}, {"path": "sq/26/dur/5.338", "duration": 5.338}, {"path": "sq/27/dur/5.339", "duration": 5.339}, {"path": "sq/28/dur/5.339", "duration": 5.339}, {"path": "sq/29/dur/5.338", "duration": 5.338}, {"path": "sq/30/dur/5.339", "duration": 5.339}, {"path": "sq/31/dur/5.339", "duration": 5.339}, {"path": "sq/32/dur/5.338", "duration": 5.338}, {"path": "sq/33/dur/5.339", "duration": 5.339}, {"path": "sq/34/dur/5.339", "duration": 5.339}, {"path": "sq/35/dur/5.338", "duration": 5.338}, {"path": "sq/36/dur/5.339", "duration": 5.339}, {"path": "sq/37/dur/5.339", "duration": 5.339}, {"path": "sq/38/dur/5.338", "duration": 5.338}, {"path": "sq/39/dur/5.339", "duration": 5.339}, {"path": "sq/40/dur/5.339", "duration": 5.339}, {"path": "sq/41/dur/5.338", "duration": 5.338}, {"path": "sq/42/dur/5.339", "duration": 5.339}, {"path": "sq/43/dur/5.339", "duration": 5.339}, {"path": "sq/44/dur/5.338", "duration": 5.338}, {"path": "sq/45/dur/5.339", "duration": 5.339}, {"path": "sq/46/dur/5.339", "duration": 5.339}, {"path": "sq/47/dur/5.338", "duration": 5.338}, {"path": "sq/48/dur/5.339", "duration": 5.339}, {"path": "sq/49/dur/5.339", "duration": 5.339}, {"path": "sq/50/dur/5.338", "duration": 5.338}, {"path": "sq/51/dur/5.339", "duration": 5.339}, {"path": "sq/52/dur/5.339", "duration": 5.339}, {"path": "sq/53/dur/5.338", "duration": 5.338}, {"path": "sq/54/dur/5.339", "duration": 5.339}, {"path": "sq/55/dur/5.339", "duration": 5.339}, {"path": "sq/56/dur/5.338", "duration": 5.338}, {"path": "sq/57/dur/5.339", "duration": 5.339}, {"path": "sq/58/dur/5.339", "duration": 5.339}, {"path": "sq/59/dur/5.338", "duration": 5.338}, {"path": "sq/60/dur/5.339", "duration": 5.339}, {"path": "sq/61/dur/5.339", "duration": 5.339}, {"path": "sq/62/dur/5.338", "duration": 5.338}, {"path": "sq/63/dur/5.339", "duration": 5.339}, {"path": "sq/64/dur/5.339", "duration": 5.339}, {"path": "sq/65/dur/5.338", "duration": 5.338}, {"path": "sq/66/dur/5.339", "duration": 5.339}, {"path": "sq/67/dur/5.339", "duration": 5.339}, {"path": "sq/68/dur/5.338", "duration": 5.338}, {"path": "sq/69/dur/5.339", "duration": 5.339}, {"path": "sq/70/dur/5.339", "duration": 5.339}, {"path": "sq/71/dur/5.338", "duration": 5.338}, {"path": "sq/72/dur/5.339", "duration": 5.339}, {"path": "sq/73/dur/5.339", "duration": 5.339}, {"path": "sq/74/dur/5.338", "duration": 5.338}, {"path": "sq/75/dur/5.339", "duration": 5.339}, {"path": "sq/76/dur/5.339", "duration": 5.339}, {"path": "sq/77/dur/5.338", "duration": 5.338}, {"path": "sq/78/dur/5.339", "duration": 5.339}, {"path": "sq/79/dur/5.339", "duration": 5.339}, {"path": "sq/80/dur/5.338", "duration": 5.338}, {"path": "sq/81/dur/5.339", "duration": 5.339}, {"path": "sq/82/dur/5.339", "duration": 5.339}, {"path": "sq/83/dur/5.338", "duration": 5.338}, {"path": "sq/84/dur/5.339", "duration": 5.339}, {"path": "sq/85/dur/5.339", "duration": 5.339}, {"path": "sq/86/dur/5.338", "duration": 5.338}, {"path": "sq/87/dur/5.339", "duration": 5.339}, {"path": "sq/88/dur/5.339", "duration": 5.339}, {"path": "sq/89/dur/5.338", "duration": 5.338}, {"path": "sq/90/dur/5.339", "duration": 5.339}, {"path": "sq/91/dur/5.339", "duration": 5.339}, {"path": "sq/92/dur/5.338", "duration": 5.338}, {"path": "sq/93/dur/5.339", "duration": 5.339}, {"path": "sq/94/dur/5.339", "duration": 5.339}, {"path": "sq/95/dur/5.338", "duration": 5.338}, {"path": "sq/96/dur/5.339", "duration": 5.339}, {"path": "sq/97/dur/5.339", "duration": 5.339}, {"path": "sq/98/dur/5.338", "duration": 5.338}, {"path": "sq/99/dur/5.339", "duration": 5.339}, {"path": "sq/100/dur/5.339", "duration": 5.339}, {"path": "sq/101/dur/5.338", "duration": 5.338}, {"path": "sq/102/dur/5.339", "duration": 5.339}, {"path": "sq/103/dur/5.339", "duration": 5.339}, {"path": "sq/104/dur/5.338", "duration": 5.338}, {"path": "sq/105/dur/5.339", "duration": 5.339}, {"path": "sq/106/dur/5.339", "duration": 5.339}, {"path": "sq/107/dur/5.338", "duration": 5.338}, {"path": "sq/108/dur/5.339", "duration": 5.339}, {"path": "sq/109/dur/5.339", "duration": 5.339}, {"path": "sq/110/dur/5.338", "duration": 5.338}, {"path": "sq/111/dur/5.339", "duration": 5.339}, {"path": "sq/112/dur/5.339", "duration": 5.339}, {"path": "sq/113/dur/5.338", "duration": 5.338}, {"path": "sq/114/dur/5.339", "duration": 5.339}, {"path": "sq/115/dur/5.339", "duration": 5.339}, {"path": "sq/116/dur/5.338", "duration": 5.338}, {"path": "sq/117/dur/5.339", "duration": 5.339}, {"path": "sq/118/dur/5.339", "duration": 5.339}, {"path": "sq/119/dur/5.338", "duration": 5.338}, {"path": "sq/120/dur/5.339", "duration": 5.339}, {"path": "sq/121/dur/5.339", "duration": 5.339}, {"path": "sq/122/dur/5.338", "duration": 5.338}, {"path": "sq/123/dur/5.339", "duration": 5.339}, {"path": "sq/124/dur/5.339", "duration": 5.339}, {"path": "sq/125/dur/5.338", "duration": 5.338}, {"path": "sq/126/dur/5.339", "duration": 5.339}, {"path": "sq/127/dur/5.339", "duration": 5.339}, {"path": "sq/128/dur/5.338", "duration": 5.338}, {"path": "sq/129/dur/5.339", "duration": 5.339}, {"path": "sq/130/dur/5.339", "duration": 5.339}, {"path": "sq/131/dur/5.338", "duration": 5.338}, {"path": "sq/132/dur/5.339", "duration": 5.339}, {"path": "sq/133/dur/5.339", "duration": 5.339}, {"path": "sq/134/dur/5.338", "duration": 5.338}, {"path": "sq/135/dur/5.339", "duration": 5.339}, {"path": "sq/136/dur/5.339", "duration": 5.339}, {"path": "sq/137/dur/5.338", "duration": 5.338}, {"path": "sq/138/dur/5.339", "duration": 5.339}, {"path": "sq/139/dur/5.339", "duration": 5.339}, {"path": "sq/140/dur/5.338", "duration": 5.338}, {"path": "sq/141/dur/5.339", "duration": 5.339}, {"path": "sq/142/dur/5.339", "duration": 5.339}, {"path": "sq/143/dur/5.338", "duration": 5.338}, {"path": "sq/144/dur/5.339", "duration": 5.339}, {"path": "sq/145/dur/5.339", "duration": 5.339}, {"path": "sq/146/dur/5.338", "duration": 5.338}, {"path": "sq/147/dur/5.339", "duration": 5.339}, {"path": "sq/148/dur/5.339", "duration": 5.339}, {"path": "sq/149/dur/5.338", "duration": 5.338}, {"path": "sq/150/dur/5.339", "duration": 5.339}, {"path": "sq/151/dur/5.339", "duration": 5.339}, {"path": "sq/152/dur/5.338", "duration": 5.338}, {"path": "sq/153/dur/5.339", "duration": 5.339}, {"path": "sq/154/dur/5.339", "duration": 5.339}, {"path": "sq/155/dur/5.338", "duration": 5.338}, {"path": "sq/156/dur/5.339", "duration": 5.339}, {"path": "sq/157/dur/5.339", "duration": 5.339}, {"path": "sq/158/dur/5.338", "duration": 5.338}, {"path": "sq/159/dur/5.339", "duration": 5.339}, {"path": "sq/160/dur/5.339", "duration": 5.339}, {"path": "sq/161/dur/5.338", "duration": 5.338}, {"path": "sq/162/dur/5.339", "duration": 5.339}, {"path": "sq/163/dur/5.339", "duration": 5.339}, {"path": "sq/164/dur/5.338", "duration": 5.338}, {"path": "sq/165/dur/5.339", "duration": 5.339}, {"path": "sq/166/dur/5.339", "duration": 5.339}, {"path": "sq/167/dur/5.338", "duration": 5.338}, {"path": "sq/168/dur/5.339", "duration": 5.339}, {"path": "sq/169/dur/5.339", "duration": 5.339}, {"path": "sq/170/dur/5.338", "duration": 5.338}, {"path": "sq/171/dur/5.339", "duration": 5.339}, {"path": "sq/172/dur/5.339", "duration": 5.339}, {"path": "sq/173/dur/5.338", "duration": 5.338}, {"path": "sq/174/dur/5.339", "duration": 5.339}, {"path": "sq/175/dur/5.339", "duration": 5.339}, {"path": "sq/176/dur/5.338", "duration": 5.338}, {"path": "sq/177/dur/5.339", "duration": 5.339}, {"path": "sq/178/dur/5.339", "duration": 5.339}, {"path": "sq/179/dur/5.338", "duration": 5.338}, {"path": "sq/180/dur/5.339", "duration": 5.339}, {"path": "sq/181/dur/5.339", "duration": 5.339}, {"path": "sq/182/dur/5.338", "duration": 5.338}, {"path": "sq/183/dur/5.339", "duration": 5.339}, {"path": "sq/184/dur/5.339", "duration": 5.339}, {"path": "sq/185/dur/5.338", "duration": 5.338}, {"path": "sq/186/dur/5.339", "duration": 5.339}, {"path": "sq/187/dur/5.339", "duration": 5.339}, {"path": "sq/188/dur/5.338", "duration": 5.338}, {"path": "sq/189/dur/1.268", "duration": 1.268}], "protocol": "http_dash_segments", "format": "135 - 854x480 (DASH video)", "http_headers": {"User-Agent": "Mozilla/5.0 (X11; Linux x86_64; rv:59.0) Gecko/20100101 Firefox/59.0", "Accept-Charset": "ISO-8859-1,utf-8;q=0.7,*;q=0.7", "Accept": "text/html,application/xhtml+xml,application/xml;q=0.9,*/*;q=0.8", "Accept-Encoding": "gzip, deflate", "Accept-Language": "en-us,en;q=0.5"}}, {"format_id": "17", "url": "https://r2---sn-o097znlk.googlevideo.com/videoplayback?key=yt6&mime=video%2F3gpp&gir=yes&itag=17&signature=7925B77B21FAD19FF208B5E7D0E270AA61D2F48C.5C2C9A760A7F6301471BF2C5CDCD22F0FAC5CC57&clen=5812897&expire=1542504808&dur=1005.052&fvip=3&ipbits=0&ms=au%2Conr&sparams=clen%2Cdur%2Cei%2Cgir%2Cid%2Cinitcwndbps%2Cip%2Cipbits%2Citag%2Clmt%2Cmime%2Cmm%2Cmn%2Cms%2Cmv%2Cpl%2Crequiressl%2Csource%2Cexpire&mv=m&mt=1542483125&requiressl=yes&ip=69.181.125.22&pl=22&id=o-AE-8ECEP4cpnyWCie4Nze2Z2OLibp-EiyxlfncbylsTi&mn=sn-o097znlk%2Csn-a5mlrn7y&mm=31%2C26&source=youtube&lmt=1459059187557790&ei=B23wW9rbO46MkwaC7ZuABw&c=WEB&initcwndbps=1797500&ratebypass=yes", "player_url": "/yts/jsbin/player_ias-vflof8Kxx/en_US/base.js", "ext": "3gp", "width": 176, "height": 144, "acodec": "mp4a.40.2", "abr": 24, "vcodec": "mp4v.20.3", "resolution": "176x144", "filesize": 5812897, "format_note": "small", "format": "17 - 176x144 (small)", "protocol": "https", "http_headers": {"User-Agent": "Mozilla/5.0 (X11; Linux x86_64; rv:59.0) Gecko/20100101 Firefox/59.0", "Accept-Charset": "ISO-8859-1,utf-8;q=0.7,*;q=0.7", "Accept": "text/html,application/xhtml+xml,application/xml;q=0.9,*/*;q=0.8", "Accept-Encoding": "gzip, deflate", "Accept-Language": "en-us,en;q=0.5"}}, {"format_id": "36", "url": "https://r2---sn-o097znlk.googlevideo.com/videoplayback?key=yt6&mime=video%2F3gpp&gir=yes&itag=36&signature=8164F8C6E73354A4E2AF3E178A4CD08CCCE76E.CC5CA48C2D914E32FAAC0A3CFADCDEACC8AC5DE3&clen=19471890&expire=1542504808&dur=1005.052&fvip=3&ipbits=0&ms=au%2Conr&sparams=clen%2Cdur%2Cei%2Cgir%2Cid%2Cinitcwndbps%2Cip%2Cipbits%2Citag%2Clmt%2Cmime%2Cmm%2Cmn%2Cms%2Cmv%2Cpl%2Crequiressl%2Csource%2Cexpire&mv=m&mt=1542483125&requiressl=yes&ip=69.181.125.22&pl=22&id=o-AE-8ECEP4cpnyWCie4Nze2Z2OLibp-EiyxlfncbylsTi&mn=sn-o097znlk%2Csn-a5mlrn7y&mm=31%2C26&source=youtube&lmt=1459059191346977&ei=B23wW9rbO46MkwaC7ZuABw&c=WEB&initcwndbps=1797500&ratebypass=yes", "player_url": "/yts/jsbin/player_ias-vflof8Kxx/en_US/base.js", "ext": "3gp", "width": 320, "acodec": "mp4a.40.2", "vcodec": "mp4v.20.3", "resolution": "320x180", "height": 180, "filesize": 19471890, "format_note": "small", "format": "36 - 320x180 (small)", "protocol": "https", "http_headers": {"User-Agent": "Mozilla/5.0 (X11; Linux x86_64; rv:59.0) Gecko/20100101 Firefox/59.0", "Accept-Charset": "ISO-8859-1,utf-8;q=0.7,*;q=0.7", "Accept": "text/html,application/xhtml+xml,application/xml;q=0.9,*/*;q=0.8", "Accept-Encoding": "gzip, deflate", "Accept-Language": "en-us,en;q=0.5"}}, {"format_id": "18", "url": "https://r2---sn-o097znlk.googlevideo.com/videoplayback?key=yt6&mime=video%2Fmp4&gir=yes&itag=18&signature=BDF76B4DE443BEA70E60D70912A190466F8DEDF9.8A60BEA8E34498DD251A3CD7CEF1547F45BE90C3&clen=37616119&expire=1542504808&ratebypass=yes&dur=1005.006&fvip=3&ipbits=0&ms=au%2Conr&sparams=clen%2Cdur%2Cei%2Cgir%2Cid%2Cinitcwndbps%2Cip%2Cipbits%2Citag%2Clmt%2Cmime%2Cmm%2Cmn%2Cms%2Cmv%2Cpl%2Cratebypass%2Crequiressl%2Csource%2Cexpire&mv=m&mt=1542483125&requiressl=yes&ip=69.181.125.22&pl=22&id=o-AE-8ECEP4cpnyWCie4Nze2Z2OLibp-EiyxlfncbylsTi&mn=sn-o097znlk%2Csn-a5mlrn7y&mm=31%2C26&source=youtube&lmt=1459059252142543&ei=B23wW9rbO46MkwaC7ZuABw&c=WEB&initcwndbps=1797500", "player_url": "/yts/jsbin/player_ias-vflof8Kxx/en_US/base.js", "ext": "mp4", "width": 640, "height": 360, "acodec": "mp4a.40.2", "abr": 96, "vcodec": "avc1.42001E", "resolution": "640x360", "filesize": 37616119, "format_note": "medium", "quality": 1, "format": "18 - 640x360 (medium)", "protocol": "https", "http_headers": {"User-Agent": "Mozilla/5.0 (X11; Linux x86_64; rv:59.0) Gecko/20100101 Firefox/59.0", "Accept-Charset": "ISO-8859-1,utf-8;q=0.7,*;q=0.7", "Accept": "text/html,application/xhtml+xml,application/xml;q=0.9,*/*;q=0.8", "Accept-Encoding": "gzip, deflate", "Accept-Language": "en-us,en;q=0.5"}}, {"format_id": "43", "url": "https://r2---sn-o097znlk.googlevideo.com/videoplayback?key=yt6&mime=video%2Fwebm&gir=yes&itag=43&signature=C358E561803ED1437E2DA8C5BAD5C93A77D2EFB1.478AA4BAC89873C8482C50521E785EC316E4DB4C&clen=38236658&expire=1542504808&ratebypass=yes&dur=0.000&fvip=3&ipbits=0&ms=au%2Conr&sparams=clen%2Cdur%2Cei%2Cgir%2Cid%2Cinitcwndbps%2Cip%2Cipbits%2Citag%2Clmt%2Cmime%2Cmm%2Cmn%2Cms%2Cmv%2Cpl%2Cratebypass%2Crequiressl%2Csource%2Cexpire&mv=m&mt=1542483125&requiressl=yes&ip=69.181.125.22&pl=22&id=o-AE-8ECEP4cpnyWCie4Nze2Z2OLibp-EiyxlfncbylsTi&mn=sn-o097znlk%2Csn-a5mlrn7y&mm=31%2C26&source=youtube&lmt=1459497454957970&ei=B23wW9rbO46MkwaC7ZuABw&c=WEB&initcwndbps=1797500", "player_url": "/yts/jsbin/player_ias-vflof8Kxx/en_US/base.js", "ext": "webm", "width": 640, "height": 360, "acodec": "vorbis", "abr": 128, "vcodec": "vp8.0", "resolution": "640x360", "filesize": 38236658, "format_note": "medium", "quality": 1, "format": "43 - 640x360 (medium)", "protocol": "https", "http_headers": {"User-Agent": "Mozilla/5.0 (X11; Linux x86_64; rv:59.0) Gecko/20100101 Firefox/59.0", "Accept-Charset": "ISO-8859-1,utf-8;q=0.7,*;q=0.7", "Accept": "text/html,application/xhtml+xml,application/xml;q=0.9,*/*;q=0.8", "Accept-Encoding": "gzip, deflate", "Accept-Language": "en-us,en;q=0.5"}}], "is_live": null, "start_time": null, "end_time": null, "series": null, "season_number": null, "episode_number": null, "track": null, "artist": null, "extractor": "youtube", "webpage_url_basename": "XDkN1BfiNB4", "extractor_key": "Youtube", "n_entries": 81, "playlist": "Natural Language Processing - Coursera [FULL COURSE] | University of Michigan", "playlist_id": "PLLssT5z_DsK8BdawOVCCaTCO99Ya58ryR", "playlist_title": "Natural Language Processing - Coursera [FULL COURSE] | University of Michigan", "playlist_uploader": "Artificial Intelligence - All in One", "playlist_uploader_id": "UC5zx8Owijmv-bbhAK6Z9apg", "playlist_index": 29, "thumbnails": [{"url": "https://i.ytimg.com/vi/XDkN1BfiNB4/hqdefault.jpg", "id": "0"}], "display_id": "XDkN1BfiNB4", "format_id": "43", "url": "https://r2---sn-o097znlk.googlevideo.com/videoplayback?key=yt6&mime=video%2Fwebm&gir=yes&itag=43&signature=C358E561803ED1437E2DA8C5BAD5C93A77D2EFB1.478AA4BAC89873C8482C50521E785EC316E4DB4C&clen=38236658&expire=1542504808&ratebypass=yes&dur=0.000&fvip=3&ipbits=0&ms=au%2Conr&sparams=clen%2Cdur%2Cei%2Cgir%2Cid%2Cinitcwndbps%2Cip%2Cipbits%2Citag%2Clmt%2Cmime%2Cmm%2Cmn%2Cms%2Cmv%2Cpl%2Cratebypass%2Crequiressl%2Csource%2Cexpire&mv=m&mt=1542483125&requiressl=yes&ip=69.181.125.22&pl=22&id=o-AE-8ECEP4cpnyWCie4Nze2Z2OLibp-EiyxlfncbylsTi&mn=sn-o097znlk%2Csn-a5mlrn7y&mm=31%2C26&source=youtube&lmt=1459497454957970&ei=B23wW9rbO46MkwaC7ZuABw&c=WEB&initcwndbps=1797500", "player_url": "/yts/jsbin/player_ias-vflof8Kxx/en_US/base.js", "ext": "webm", "width": 640, "height": 360, "acodec": "vorbis", "abr": 128, "vcodec": "vp8.0", "resolution": "640x360", "filesize": 38236658, "format_note": "medium", "quality": 1, "format": "43 - 640x360 (medium)", "protocol": "https", "http_headers": {"User-Agent": "Mozilla/5.0 (X11; Linux x86_64; rv:59.0) Gecko/20100101 Firefox/59.0", "Accept-Charset": "ISO-8859-1,utf-8;q=0.7,*;q=0.7", "Accept": "text/html,application/xhtml+xml,application/xml;q=0.9,*/*;q=0.8", "Accept-Encoding": "gzip, deflate", "Accept-Language": "en-us,en;q=0.5"}, "fulltitle": "Lecture 29 \u2014 Prepositional phrase attachment (2/3) - Natural Language Processing | Michigan", "_filename": "Lecture 29 \u2014 Prepositional phrase attachment (2_3) - Natural Language Processing _ Michigan-XDkN1BfiNB4.webm"}