{"id": "_Vcu034k2Zk", "uploader": "Artificial Intelligence - All in One", "uploader_id": "UC5zx8Owijmv-bbhAK6Z9apg", "uploader_url": "http://www.youtube.com/channel/UC5zx8Owijmv-bbhAK6Z9apg", "channel_id": "UC5zx8Owijmv-bbhAK6Z9apg", "channel_url": "http://www.youtube.com/channel/UC5zx8Owijmv-bbhAK6Z9apg", "upload_date": "20160324", "license": null, "creator": null, "title": "Lecture 21 \u2014 NLP Tasks 3-3 - Natural Language Processing | University of Michigan", "alt_title": null, "thumbnail": "https://i.ytimg.com/vi/_Vcu034k2Zk/hqdefault.jpg", "description": ".\nCopyright Disclaimer Under Section 107 of the Copyright Act 1976, allowance is made for \"FAIR USE\" for purposes such as criticism, comment, news reporting, teaching, scholarship, and research. Fair use is a use permitted by copyright statute that might otherwise be infringing. Non-profit, educational or personal use tips the balance in favor of fair use.\n.", "categories": ["Science & Technology"], "tags": ["Natural Language Processing", "Language Processing", "University of Michigan", "Michigan", "NLP", "Coursera", "Dragomir R. Radev", "Computational Linguistics", "Linguistics", "Information Retrieval", "Computer Science", "Video Lecture", "Video Tutorial", "Video Course", "Course", "Data Science", "NLP Tasks"], "subtitles": {}, "automatic_captions": {"af": [{"url": "https://www.youtube.com/api/timedtext?v=_Vcu034k2Zk&signature=11F4DD379AC71F6355E93A25A43AA798FD0798FA.4C358D1B93812A135E0018FCC83BE987B1D891B1&hl=en&caps=asr&sparams=asr_langs%2Ccaps%2Cv%2Cexpire&expire=1542508351&key=yttt1&asr_langs=fr%2Cen%2Cja%2Cde%2Cit%2Cko%2Cnl%2Ces%2Cru%2Cpt&kind=asr&lang=en&tlang=af&fmt=ttml", "ext": "ttml"}, {"url": "https://www.youtube.com/api/timedtext?v=_Vcu034k2Zk&signature=11F4DD379AC71F6355E93A25A43AA798FD0798FA.4C358D1B93812A135E0018FCC83BE987B1D891B1&hl=en&caps=asr&sparams=asr_langs%2Ccaps%2Cv%2Cexpire&expire=1542508351&key=yttt1&asr_langs=fr%2Cen%2Cja%2Cde%2Cit%2Cko%2Cnl%2Ces%2Cru%2Cpt&kind=asr&lang=en&tlang=af&fmt=vtt", "ext": "vtt"}], "sq": [{"url": "https://www.youtube.com/api/timedtext?v=_Vcu034k2Zk&signature=11F4DD379AC71F6355E93A25A43AA798FD0798FA.4C358D1B93812A135E0018FCC83BE987B1D891B1&hl=en&caps=asr&sparams=asr_langs%2Ccaps%2Cv%2Cexpire&expire=1542508351&key=yttt1&asr_langs=fr%2Cen%2Cja%2Cde%2Cit%2Cko%2Cnl%2Ces%2Cru%2Cpt&kind=asr&lang=en&tlang=sq&fmt=ttml", "ext": "ttml"}, {"url": "https://www.youtube.com/api/timedtext?v=_Vcu034k2Zk&signature=11F4DD379AC71F6355E93A25A43AA798FD0798FA.4C358D1B93812A135E0018FCC83BE987B1D891B1&hl=en&caps=asr&sparams=asr_langs%2Ccaps%2Cv%2Cexpire&expire=1542508351&key=yttt1&asr_langs=fr%2Cen%2Cja%2Cde%2Cit%2Cko%2Cnl%2Ces%2Cru%2Cpt&kind=asr&lang=en&tlang=sq&fmt=vtt", "ext": "vtt"}], "am": [{"url": "https://www.youtube.com/api/timedtext?v=_Vcu034k2Zk&signature=11F4DD379AC71F6355E93A25A43AA798FD0798FA.4C358D1B93812A135E0018FCC83BE987B1D891B1&hl=en&caps=asr&sparams=asr_langs%2Ccaps%2Cv%2Cexpire&expire=1542508351&key=yttt1&asr_langs=fr%2Cen%2Cja%2Cde%2Cit%2Cko%2Cnl%2Ces%2Cru%2Cpt&kind=asr&lang=en&tlang=am&fmt=ttml", "ext": "ttml"}, {"url": "https://www.youtube.com/api/timedtext?v=_Vcu034k2Zk&signature=11F4DD379AC71F6355E93A25A43AA798FD0798FA.4C358D1B93812A135E0018FCC83BE987B1D891B1&hl=en&caps=asr&sparams=asr_langs%2Ccaps%2Cv%2Cexpire&expire=1542508351&key=yttt1&asr_langs=fr%2Cen%2Cja%2Cde%2Cit%2Cko%2Cnl%2Ces%2Cru%2Cpt&kind=asr&lang=en&tlang=am&fmt=vtt", "ext": "vtt"}], "ar": [{"url": "https://www.youtube.com/api/timedtext?v=_Vcu034k2Zk&signature=11F4DD379AC71F6355E93A25A43AA798FD0798FA.4C358D1B93812A135E0018FCC83BE987B1D891B1&hl=en&caps=asr&sparams=asr_langs%2Ccaps%2Cv%2Cexpire&expire=1542508351&key=yttt1&asr_langs=fr%2Cen%2Cja%2Cde%2Cit%2Cko%2Cnl%2Ces%2Cru%2Cpt&kind=asr&lang=en&tlang=ar&fmt=ttml", "ext": "ttml"}, {"url": "https://www.youtube.com/api/timedtext?v=_Vcu034k2Zk&signature=11F4DD379AC71F6355E93A25A43AA798FD0798FA.4C358D1B93812A135E0018FCC83BE987B1D891B1&hl=en&caps=asr&sparams=asr_langs%2Ccaps%2Cv%2Cexpire&expire=1542508351&key=yttt1&asr_langs=fr%2Cen%2Cja%2Cde%2Cit%2Cko%2Cnl%2Ces%2Cru%2Cpt&kind=asr&lang=en&tlang=ar&fmt=vtt", "ext": "vtt"}], "hy": [{"url": "https://www.youtube.com/api/timedtext?v=_Vcu034k2Zk&signature=11F4DD379AC71F6355E93A25A43AA798FD0798FA.4C358D1B93812A135E0018FCC83BE987B1D891B1&hl=en&caps=asr&sparams=asr_langs%2Ccaps%2Cv%2Cexpire&expire=1542508351&key=yttt1&asr_langs=fr%2Cen%2Cja%2Cde%2Cit%2Cko%2Cnl%2Ces%2Cru%2Cpt&kind=asr&lang=en&tlang=hy&fmt=ttml", "ext": "ttml"}, {"url": "https://www.youtube.com/api/timedtext?v=_Vcu034k2Zk&signature=11F4DD379AC71F6355E93A25A43AA798FD0798FA.4C358D1B93812A135E0018FCC83BE987B1D891B1&hl=en&caps=asr&sparams=asr_langs%2Ccaps%2Cv%2Cexpire&expire=1542508351&key=yttt1&asr_langs=fr%2Cen%2Cja%2Cde%2Cit%2Cko%2Cnl%2Ces%2Cru%2Cpt&kind=asr&lang=en&tlang=hy&fmt=vtt", "ext": "vtt"}], "az": [{"url": "https://www.youtube.com/api/timedtext?v=_Vcu034k2Zk&signature=11F4DD379AC71F6355E93A25A43AA798FD0798FA.4C358D1B93812A135E0018FCC83BE987B1D891B1&hl=en&caps=asr&sparams=asr_langs%2Ccaps%2Cv%2Cexpire&expire=1542508351&key=yttt1&asr_langs=fr%2Cen%2Cja%2Cde%2Cit%2Cko%2Cnl%2Ces%2Cru%2Cpt&kind=asr&lang=en&tlang=az&fmt=ttml", "ext": "ttml"}, {"url": "https://www.youtube.com/api/timedtext?v=_Vcu034k2Zk&signature=11F4DD379AC71F6355E93A25A43AA798FD0798FA.4C358D1B93812A135E0018FCC83BE987B1D891B1&hl=en&caps=asr&sparams=asr_langs%2Ccaps%2Cv%2Cexpire&expire=1542508351&key=yttt1&asr_langs=fr%2Cen%2Cja%2Cde%2Cit%2Cko%2Cnl%2Ces%2Cru%2Cpt&kind=asr&lang=en&tlang=az&fmt=vtt", "ext": "vtt"}], "bn": [{"url": "https://www.youtube.com/api/timedtext?v=_Vcu034k2Zk&signature=11F4DD379AC71F6355E93A25A43AA798FD0798FA.4C358D1B93812A135E0018FCC83BE987B1D891B1&hl=en&caps=asr&sparams=asr_langs%2Ccaps%2Cv%2Cexpire&expire=1542508351&key=yttt1&asr_langs=fr%2Cen%2Cja%2Cde%2Cit%2Cko%2Cnl%2Ces%2Cru%2Cpt&kind=asr&lang=en&tlang=bn&fmt=ttml", "ext": "ttml"}, {"url": "https://www.youtube.com/api/timedtext?v=_Vcu034k2Zk&signature=11F4DD379AC71F6355E93A25A43AA798FD0798FA.4C358D1B93812A135E0018FCC83BE987B1D891B1&hl=en&caps=asr&sparams=asr_langs%2Ccaps%2Cv%2Cexpire&expire=1542508351&key=yttt1&asr_langs=fr%2Cen%2Cja%2Cde%2Cit%2Cko%2Cnl%2Ces%2Cru%2Cpt&kind=asr&lang=en&tlang=bn&fmt=vtt", "ext": "vtt"}], "eu": [{"url": "https://www.youtube.com/api/timedtext?v=_Vcu034k2Zk&signature=11F4DD379AC71F6355E93A25A43AA798FD0798FA.4C358D1B93812A135E0018FCC83BE987B1D891B1&hl=en&caps=asr&sparams=asr_langs%2Ccaps%2Cv%2Cexpire&expire=1542508351&key=yttt1&asr_langs=fr%2Cen%2Cja%2Cde%2Cit%2Cko%2Cnl%2Ces%2Cru%2Cpt&kind=asr&lang=en&tlang=eu&fmt=ttml", "ext": "ttml"}, {"url": "https://www.youtube.com/api/timedtext?v=_Vcu034k2Zk&signature=11F4DD379AC71F6355E93A25A43AA798FD0798FA.4C358D1B93812A135E0018FCC83BE987B1D891B1&hl=en&caps=asr&sparams=asr_langs%2Ccaps%2Cv%2Cexpire&expire=1542508351&key=yttt1&asr_langs=fr%2Cen%2Cja%2Cde%2Cit%2Cko%2Cnl%2Ces%2Cru%2Cpt&kind=asr&lang=en&tlang=eu&fmt=vtt", "ext": "vtt"}], "be": [{"url": "https://www.youtube.com/api/timedtext?v=_Vcu034k2Zk&signature=11F4DD379AC71F6355E93A25A43AA798FD0798FA.4C358D1B93812A135E0018FCC83BE987B1D891B1&hl=en&caps=asr&sparams=asr_langs%2Ccaps%2Cv%2Cexpire&expire=1542508351&key=yttt1&asr_langs=fr%2Cen%2Cja%2Cde%2Cit%2Cko%2Cnl%2Ces%2Cru%2Cpt&kind=asr&lang=en&tlang=be&fmt=ttml", "ext": "ttml"}, {"url": "https://www.youtube.com/api/timedtext?v=_Vcu034k2Zk&signature=11F4DD379AC71F6355E93A25A43AA798FD0798FA.4C358D1B93812A135E0018FCC83BE987B1D891B1&hl=en&caps=asr&sparams=asr_langs%2Ccaps%2Cv%2Cexpire&expire=1542508351&key=yttt1&asr_langs=fr%2Cen%2Cja%2Cde%2Cit%2Cko%2Cnl%2Ces%2Cru%2Cpt&kind=asr&lang=en&tlang=be&fmt=vtt", "ext": "vtt"}], "bs": [{"url": "https://www.youtube.com/api/timedtext?v=_Vcu034k2Zk&signature=11F4DD379AC71F6355E93A25A43AA798FD0798FA.4C358D1B93812A135E0018FCC83BE987B1D891B1&hl=en&caps=asr&sparams=asr_langs%2Ccaps%2Cv%2Cexpire&expire=1542508351&key=yttt1&asr_langs=fr%2Cen%2Cja%2Cde%2Cit%2Cko%2Cnl%2Ces%2Cru%2Cpt&kind=asr&lang=en&tlang=bs&fmt=ttml", "ext": "ttml"}, {"url": "https://www.youtube.com/api/timedtext?v=_Vcu034k2Zk&signature=11F4DD379AC71F6355E93A25A43AA798FD0798FA.4C358D1B93812A135E0018FCC83BE987B1D891B1&hl=en&caps=asr&sparams=asr_langs%2Ccaps%2Cv%2Cexpire&expire=1542508351&key=yttt1&asr_langs=fr%2Cen%2Cja%2Cde%2Cit%2Cko%2Cnl%2Ces%2Cru%2Cpt&kind=asr&lang=en&tlang=bs&fmt=vtt", "ext": "vtt"}], "bg": [{"url": "https://www.youtube.com/api/timedtext?v=_Vcu034k2Zk&signature=11F4DD379AC71F6355E93A25A43AA798FD0798FA.4C358D1B93812A135E0018FCC83BE987B1D891B1&hl=en&caps=asr&sparams=asr_langs%2Ccaps%2Cv%2Cexpire&expire=1542508351&key=yttt1&asr_langs=fr%2Cen%2Cja%2Cde%2Cit%2Cko%2Cnl%2Ces%2Cru%2Cpt&kind=asr&lang=en&tlang=bg&fmt=ttml", "ext": "ttml"}, {"url": "https://www.youtube.com/api/timedtext?v=_Vcu034k2Zk&signature=11F4DD379AC71F6355E93A25A43AA798FD0798FA.4C358D1B93812A135E0018FCC83BE987B1D891B1&hl=en&caps=asr&sparams=asr_langs%2Ccaps%2Cv%2Cexpire&expire=1542508351&key=yttt1&asr_langs=fr%2Cen%2Cja%2Cde%2Cit%2Cko%2Cnl%2Ces%2Cru%2Cpt&kind=asr&lang=en&tlang=bg&fmt=vtt", "ext": "vtt"}], "my": [{"url": "https://www.youtube.com/api/timedtext?v=_Vcu034k2Zk&signature=11F4DD379AC71F6355E93A25A43AA798FD0798FA.4C358D1B93812A135E0018FCC83BE987B1D891B1&hl=en&caps=asr&sparams=asr_langs%2Ccaps%2Cv%2Cexpire&expire=1542508351&key=yttt1&asr_langs=fr%2Cen%2Cja%2Cde%2Cit%2Cko%2Cnl%2Ces%2Cru%2Cpt&kind=asr&lang=en&tlang=my&fmt=ttml", "ext": "ttml"}, {"url": "https://www.youtube.com/api/timedtext?v=_Vcu034k2Zk&signature=11F4DD379AC71F6355E93A25A43AA798FD0798FA.4C358D1B93812A135E0018FCC83BE987B1D891B1&hl=en&caps=asr&sparams=asr_langs%2Ccaps%2Cv%2Cexpire&expire=1542508351&key=yttt1&asr_langs=fr%2Cen%2Cja%2Cde%2Cit%2Cko%2Cnl%2Ces%2Cru%2Cpt&kind=asr&lang=en&tlang=my&fmt=vtt", "ext": "vtt"}], "ca": [{"url": "https://www.youtube.com/api/timedtext?v=_Vcu034k2Zk&signature=11F4DD379AC71F6355E93A25A43AA798FD0798FA.4C358D1B93812A135E0018FCC83BE987B1D891B1&hl=en&caps=asr&sparams=asr_langs%2Ccaps%2Cv%2Cexpire&expire=1542508351&key=yttt1&asr_langs=fr%2Cen%2Cja%2Cde%2Cit%2Cko%2Cnl%2Ces%2Cru%2Cpt&kind=asr&lang=en&tlang=ca&fmt=ttml", "ext": "ttml"}, {"url": "https://www.youtube.com/api/timedtext?v=_Vcu034k2Zk&signature=11F4DD379AC71F6355E93A25A43AA798FD0798FA.4C358D1B93812A135E0018FCC83BE987B1D891B1&hl=en&caps=asr&sparams=asr_langs%2Ccaps%2Cv%2Cexpire&expire=1542508351&key=yttt1&asr_langs=fr%2Cen%2Cja%2Cde%2Cit%2Cko%2Cnl%2Ces%2Cru%2Cpt&kind=asr&lang=en&tlang=ca&fmt=vtt", "ext": "vtt"}], "ceb": [{"url": "https://www.youtube.com/api/timedtext?v=_Vcu034k2Zk&signature=11F4DD379AC71F6355E93A25A43AA798FD0798FA.4C358D1B93812A135E0018FCC83BE987B1D891B1&hl=en&caps=asr&sparams=asr_langs%2Ccaps%2Cv%2Cexpire&expire=1542508351&key=yttt1&asr_langs=fr%2Cen%2Cja%2Cde%2Cit%2Cko%2Cnl%2Ces%2Cru%2Cpt&kind=asr&lang=en&tlang=ceb&fmt=ttml", "ext": "ttml"}, {"url": "https://www.youtube.com/api/timedtext?v=_Vcu034k2Zk&signature=11F4DD379AC71F6355E93A25A43AA798FD0798FA.4C358D1B93812A135E0018FCC83BE987B1D891B1&hl=en&caps=asr&sparams=asr_langs%2Ccaps%2Cv%2Cexpire&expire=1542508351&key=yttt1&asr_langs=fr%2Cen%2Cja%2Cde%2Cit%2Cko%2Cnl%2Ces%2Cru%2Cpt&kind=asr&lang=en&tlang=ceb&fmt=vtt", "ext": "vtt"}], "zh-Hans": [{"url": "https://www.youtube.com/api/timedtext?v=_Vcu034k2Zk&signature=11F4DD379AC71F6355E93A25A43AA798FD0798FA.4C358D1B93812A135E0018FCC83BE987B1D891B1&hl=en&caps=asr&sparams=asr_langs%2Ccaps%2Cv%2Cexpire&expire=1542508351&key=yttt1&asr_langs=fr%2Cen%2Cja%2Cde%2Cit%2Cko%2Cnl%2Ces%2Cru%2Cpt&kind=asr&lang=en&tlang=zh-Hans&fmt=ttml", "ext": "ttml"}, {"url": "https://www.youtube.com/api/timedtext?v=_Vcu034k2Zk&signature=11F4DD379AC71F6355E93A25A43AA798FD0798FA.4C358D1B93812A135E0018FCC83BE987B1D891B1&hl=en&caps=asr&sparams=asr_langs%2Ccaps%2Cv%2Cexpire&expire=1542508351&key=yttt1&asr_langs=fr%2Cen%2Cja%2Cde%2Cit%2Cko%2Cnl%2Ces%2Cru%2Cpt&kind=asr&lang=en&tlang=zh-Hans&fmt=vtt", "ext": "vtt"}], "zh-Hant": [{"url": "https://www.youtube.com/api/timedtext?v=_Vcu034k2Zk&signature=11F4DD379AC71F6355E93A25A43AA798FD0798FA.4C358D1B93812A135E0018FCC83BE987B1D891B1&hl=en&caps=asr&sparams=asr_langs%2Ccaps%2Cv%2Cexpire&expire=1542508351&key=yttt1&asr_langs=fr%2Cen%2Cja%2Cde%2Cit%2Cko%2Cnl%2Ces%2Cru%2Cpt&kind=asr&lang=en&tlang=zh-Hant&fmt=ttml", "ext": "ttml"}, {"url": "https://www.youtube.com/api/timedtext?v=_Vcu034k2Zk&signature=11F4DD379AC71F6355E93A25A43AA798FD0798FA.4C358D1B93812A135E0018FCC83BE987B1D891B1&hl=en&caps=asr&sparams=asr_langs%2Ccaps%2Cv%2Cexpire&expire=1542508351&key=yttt1&asr_langs=fr%2Cen%2Cja%2Cde%2Cit%2Cko%2Cnl%2Ces%2Cru%2Cpt&kind=asr&lang=en&tlang=zh-Hant&fmt=vtt", "ext": "vtt"}], "co": [{"url": "https://www.youtube.com/api/timedtext?v=_Vcu034k2Zk&signature=11F4DD379AC71F6355E93A25A43AA798FD0798FA.4C358D1B93812A135E0018FCC83BE987B1D891B1&hl=en&caps=asr&sparams=asr_langs%2Ccaps%2Cv%2Cexpire&expire=1542508351&key=yttt1&asr_langs=fr%2Cen%2Cja%2Cde%2Cit%2Cko%2Cnl%2Ces%2Cru%2Cpt&kind=asr&lang=en&tlang=co&fmt=ttml", "ext": "ttml"}, {"url": "https://www.youtube.com/api/timedtext?v=_Vcu034k2Zk&signature=11F4DD379AC71F6355E93A25A43AA798FD0798FA.4C358D1B93812A135E0018FCC83BE987B1D891B1&hl=en&caps=asr&sparams=asr_langs%2Ccaps%2Cv%2Cexpire&expire=1542508351&key=yttt1&asr_langs=fr%2Cen%2Cja%2Cde%2Cit%2Cko%2Cnl%2Ces%2Cru%2Cpt&kind=asr&lang=en&tlang=co&fmt=vtt", "ext": "vtt"}], "hr": [{"url": "https://www.youtube.com/api/timedtext?v=_Vcu034k2Zk&signature=11F4DD379AC71F6355E93A25A43AA798FD0798FA.4C358D1B93812A135E0018FCC83BE987B1D891B1&hl=en&caps=asr&sparams=asr_langs%2Ccaps%2Cv%2Cexpire&expire=1542508351&key=yttt1&asr_langs=fr%2Cen%2Cja%2Cde%2Cit%2Cko%2Cnl%2Ces%2Cru%2Cpt&kind=asr&lang=en&tlang=hr&fmt=ttml", "ext": "ttml"}, {"url": "https://www.youtube.com/api/timedtext?v=_Vcu034k2Zk&signature=11F4DD379AC71F6355E93A25A43AA798FD0798FA.4C358D1B93812A135E0018FCC83BE987B1D891B1&hl=en&caps=asr&sparams=asr_langs%2Ccaps%2Cv%2Cexpire&expire=1542508351&key=yttt1&asr_langs=fr%2Cen%2Cja%2Cde%2Cit%2Cko%2Cnl%2Ces%2Cru%2Cpt&kind=asr&lang=en&tlang=hr&fmt=vtt", "ext": "vtt"}], "cs": [{"url": "https://www.youtube.com/api/timedtext?v=_Vcu034k2Zk&signature=11F4DD379AC71F6355E93A25A43AA798FD0798FA.4C358D1B93812A135E0018FCC83BE987B1D891B1&hl=en&caps=asr&sparams=asr_langs%2Ccaps%2Cv%2Cexpire&expire=1542508351&key=yttt1&asr_langs=fr%2Cen%2Cja%2Cde%2Cit%2Cko%2Cnl%2Ces%2Cru%2Cpt&kind=asr&lang=en&tlang=cs&fmt=ttml", "ext": "ttml"}, {"url": "https://www.youtube.com/api/timedtext?v=_Vcu034k2Zk&signature=11F4DD379AC71F6355E93A25A43AA798FD0798FA.4C358D1B93812A135E0018FCC83BE987B1D891B1&hl=en&caps=asr&sparams=asr_langs%2Ccaps%2Cv%2Cexpire&expire=1542508351&key=yttt1&asr_langs=fr%2Cen%2Cja%2Cde%2Cit%2Cko%2Cnl%2Ces%2Cru%2Cpt&kind=asr&lang=en&tlang=cs&fmt=vtt", "ext": "vtt"}], "da": [{"url": "https://www.youtube.com/api/timedtext?v=_Vcu034k2Zk&signature=11F4DD379AC71F6355E93A25A43AA798FD0798FA.4C358D1B93812A135E0018FCC83BE987B1D891B1&hl=en&caps=asr&sparams=asr_langs%2Ccaps%2Cv%2Cexpire&expire=1542508351&key=yttt1&asr_langs=fr%2Cen%2Cja%2Cde%2Cit%2Cko%2Cnl%2Ces%2Cru%2Cpt&kind=asr&lang=en&tlang=da&fmt=ttml", "ext": "ttml"}, {"url": "https://www.youtube.com/api/timedtext?v=_Vcu034k2Zk&signature=11F4DD379AC71F6355E93A25A43AA798FD0798FA.4C358D1B93812A135E0018FCC83BE987B1D891B1&hl=en&caps=asr&sparams=asr_langs%2Ccaps%2Cv%2Cexpire&expire=1542508351&key=yttt1&asr_langs=fr%2Cen%2Cja%2Cde%2Cit%2Cko%2Cnl%2Ces%2Cru%2Cpt&kind=asr&lang=en&tlang=da&fmt=vtt", "ext": "vtt"}], "nl": [{"url": "https://www.youtube.com/api/timedtext?v=_Vcu034k2Zk&signature=11F4DD379AC71F6355E93A25A43AA798FD0798FA.4C358D1B93812A135E0018FCC83BE987B1D891B1&hl=en&caps=asr&sparams=asr_langs%2Ccaps%2Cv%2Cexpire&expire=1542508351&key=yttt1&asr_langs=fr%2Cen%2Cja%2Cde%2Cit%2Cko%2Cnl%2Ces%2Cru%2Cpt&kind=asr&lang=en&tlang=nl&fmt=ttml", "ext": "ttml"}, {"url": "https://www.youtube.com/api/timedtext?v=_Vcu034k2Zk&signature=11F4DD379AC71F6355E93A25A43AA798FD0798FA.4C358D1B93812A135E0018FCC83BE987B1D891B1&hl=en&caps=asr&sparams=asr_langs%2Ccaps%2Cv%2Cexpire&expire=1542508351&key=yttt1&asr_langs=fr%2Cen%2Cja%2Cde%2Cit%2Cko%2Cnl%2Ces%2Cru%2Cpt&kind=asr&lang=en&tlang=nl&fmt=vtt", "ext": "vtt"}], "en": [{"url": "https://www.youtube.com/api/timedtext?v=_Vcu034k2Zk&signature=11F4DD379AC71F6355E93A25A43AA798FD0798FA.4C358D1B93812A135E0018FCC83BE987B1D891B1&hl=en&caps=asr&sparams=asr_langs%2Ccaps%2Cv%2Cexpire&expire=1542508351&key=yttt1&asr_langs=fr%2Cen%2Cja%2Cde%2Cit%2Cko%2Cnl%2Ces%2Cru%2Cpt&kind=asr&lang=en&tlang=en&fmt=ttml", "ext": "ttml"}, {"url": "https://www.youtube.com/api/timedtext?v=_Vcu034k2Zk&signature=11F4DD379AC71F6355E93A25A43AA798FD0798FA.4C358D1B93812A135E0018FCC83BE987B1D891B1&hl=en&caps=asr&sparams=asr_langs%2Ccaps%2Cv%2Cexpire&expire=1542508351&key=yttt1&asr_langs=fr%2Cen%2Cja%2Cde%2Cit%2Cko%2Cnl%2Ces%2Cru%2Cpt&kind=asr&lang=en&tlang=en&fmt=vtt", "ext": "vtt"}], "eo": [{"url": "https://www.youtube.com/api/timedtext?v=_Vcu034k2Zk&signature=11F4DD379AC71F6355E93A25A43AA798FD0798FA.4C358D1B93812A135E0018FCC83BE987B1D891B1&hl=en&caps=asr&sparams=asr_langs%2Ccaps%2Cv%2Cexpire&expire=1542508351&key=yttt1&asr_langs=fr%2Cen%2Cja%2Cde%2Cit%2Cko%2Cnl%2Ces%2Cru%2Cpt&kind=asr&lang=en&tlang=eo&fmt=ttml", "ext": "ttml"}, {"url": "https://www.youtube.com/api/timedtext?v=_Vcu034k2Zk&signature=11F4DD379AC71F6355E93A25A43AA798FD0798FA.4C358D1B93812A135E0018FCC83BE987B1D891B1&hl=en&caps=asr&sparams=asr_langs%2Ccaps%2Cv%2Cexpire&expire=1542508351&key=yttt1&asr_langs=fr%2Cen%2Cja%2Cde%2Cit%2Cko%2Cnl%2Ces%2Cru%2Cpt&kind=asr&lang=en&tlang=eo&fmt=vtt", "ext": "vtt"}], "et": [{"url": "https://www.youtube.com/api/timedtext?v=_Vcu034k2Zk&signature=11F4DD379AC71F6355E93A25A43AA798FD0798FA.4C358D1B93812A135E0018FCC83BE987B1D891B1&hl=en&caps=asr&sparams=asr_langs%2Ccaps%2Cv%2Cexpire&expire=1542508351&key=yttt1&asr_langs=fr%2Cen%2Cja%2Cde%2Cit%2Cko%2Cnl%2Ces%2Cru%2Cpt&kind=asr&lang=en&tlang=et&fmt=ttml", "ext": "ttml"}, {"url": "https://www.youtube.com/api/timedtext?v=_Vcu034k2Zk&signature=11F4DD379AC71F6355E93A25A43AA798FD0798FA.4C358D1B93812A135E0018FCC83BE987B1D891B1&hl=en&caps=asr&sparams=asr_langs%2Ccaps%2Cv%2Cexpire&expire=1542508351&key=yttt1&asr_langs=fr%2Cen%2Cja%2Cde%2Cit%2Cko%2Cnl%2Ces%2Cru%2Cpt&kind=asr&lang=en&tlang=et&fmt=vtt", "ext": "vtt"}], "fil": [{"url": "https://www.youtube.com/api/timedtext?v=_Vcu034k2Zk&signature=11F4DD379AC71F6355E93A25A43AA798FD0798FA.4C358D1B93812A135E0018FCC83BE987B1D891B1&hl=en&caps=asr&sparams=asr_langs%2Ccaps%2Cv%2Cexpire&expire=1542508351&key=yttt1&asr_langs=fr%2Cen%2Cja%2Cde%2Cit%2Cko%2Cnl%2Ces%2Cru%2Cpt&kind=asr&lang=en&tlang=fil&fmt=ttml", "ext": "ttml"}, {"url": "https://www.youtube.com/api/timedtext?v=_Vcu034k2Zk&signature=11F4DD379AC71F6355E93A25A43AA798FD0798FA.4C358D1B93812A135E0018FCC83BE987B1D891B1&hl=en&caps=asr&sparams=asr_langs%2Ccaps%2Cv%2Cexpire&expire=1542508351&key=yttt1&asr_langs=fr%2Cen%2Cja%2Cde%2Cit%2Cko%2Cnl%2Ces%2Cru%2Cpt&kind=asr&lang=en&tlang=fil&fmt=vtt", "ext": "vtt"}], "fi": [{"url": "https://www.youtube.com/api/timedtext?v=_Vcu034k2Zk&signature=11F4DD379AC71F6355E93A25A43AA798FD0798FA.4C358D1B93812A135E0018FCC83BE987B1D891B1&hl=en&caps=asr&sparams=asr_langs%2Ccaps%2Cv%2Cexpire&expire=1542508351&key=yttt1&asr_langs=fr%2Cen%2Cja%2Cde%2Cit%2Cko%2Cnl%2Ces%2Cru%2Cpt&kind=asr&lang=en&tlang=fi&fmt=ttml", "ext": "ttml"}, {"url": "https://www.youtube.com/api/timedtext?v=_Vcu034k2Zk&signature=11F4DD379AC71F6355E93A25A43AA798FD0798FA.4C358D1B93812A135E0018FCC83BE987B1D891B1&hl=en&caps=asr&sparams=asr_langs%2Ccaps%2Cv%2Cexpire&expire=1542508351&key=yttt1&asr_langs=fr%2Cen%2Cja%2Cde%2Cit%2Cko%2Cnl%2Ces%2Cru%2Cpt&kind=asr&lang=en&tlang=fi&fmt=vtt", "ext": "vtt"}], "fr": [{"url": "https://www.youtube.com/api/timedtext?v=_Vcu034k2Zk&signature=11F4DD379AC71F6355E93A25A43AA798FD0798FA.4C358D1B93812A135E0018FCC83BE987B1D891B1&hl=en&caps=asr&sparams=asr_langs%2Ccaps%2Cv%2Cexpire&expire=1542508351&key=yttt1&asr_langs=fr%2Cen%2Cja%2Cde%2Cit%2Cko%2Cnl%2Ces%2Cru%2Cpt&kind=asr&lang=en&tlang=fr&fmt=ttml", "ext": "ttml"}, {"url": "https://www.youtube.com/api/timedtext?v=_Vcu034k2Zk&signature=11F4DD379AC71F6355E93A25A43AA798FD0798FA.4C358D1B93812A135E0018FCC83BE987B1D891B1&hl=en&caps=asr&sparams=asr_langs%2Ccaps%2Cv%2Cexpire&expire=1542508351&key=yttt1&asr_langs=fr%2Cen%2Cja%2Cde%2Cit%2Cko%2Cnl%2Ces%2Cru%2Cpt&kind=asr&lang=en&tlang=fr&fmt=vtt", "ext": "vtt"}], "gl": [{"url": "https://www.youtube.com/api/timedtext?v=_Vcu034k2Zk&signature=11F4DD379AC71F6355E93A25A43AA798FD0798FA.4C358D1B93812A135E0018FCC83BE987B1D891B1&hl=en&caps=asr&sparams=asr_langs%2Ccaps%2Cv%2Cexpire&expire=1542508351&key=yttt1&asr_langs=fr%2Cen%2Cja%2Cde%2Cit%2Cko%2Cnl%2Ces%2Cru%2Cpt&kind=asr&lang=en&tlang=gl&fmt=ttml", "ext": "ttml"}, {"url": "https://www.youtube.com/api/timedtext?v=_Vcu034k2Zk&signature=11F4DD379AC71F6355E93A25A43AA798FD0798FA.4C358D1B93812A135E0018FCC83BE987B1D891B1&hl=en&caps=asr&sparams=asr_langs%2Ccaps%2Cv%2Cexpire&expire=1542508351&key=yttt1&asr_langs=fr%2Cen%2Cja%2Cde%2Cit%2Cko%2Cnl%2Ces%2Cru%2Cpt&kind=asr&lang=en&tlang=gl&fmt=vtt", "ext": "vtt"}], "ka": [{"url": "https://www.youtube.com/api/timedtext?v=_Vcu034k2Zk&signature=11F4DD379AC71F6355E93A25A43AA798FD0798FA.4C358D1B93812A135E0018FCC83BE987B1D891B1&hl=en&caps=asr&sparams=asr_langs%2Ccaps%2Cv%2Cexpire&expire=1542508351&key=yttt1&asr_langs=fr%2Cen%2Cja%2Cde%2Cit%2Cko%2Cnl%2Ces%2Cru%2Cpt&kind=asr&lang=en&tlang=ka&fmt=ttml", "ext": "ttml"}, {"url": "https://www.youtube.com/api/timedtext?v=_Vcu034k2Zk&signature=11F4DD379AC71F6355E93A25A43AA798FD0798FA.4C358D1B93812A135E0018FCC83BE987B1D891B1&hl=en&caps=asr&sparams=asr_langs%2Ccaps%2Cv%2Cexpire&expire=1542508351&key=yttt1&asr_langs=fr%2Cen%2Cja%2Cde%2Cit%2Cko%2Cnl%2Ces%2Cru%2Cpt&kind=asr&lang=en&tlang=ka&fmt=vtt", "ext": "vtt"}], "de": [{"url": "https://www.youtube.com/api/timedtext?v=_Vcu034k2Zk&signature=11F4DD379AC71F6355E93A25A43AA798FD0798FA.4C358D1B93812A135E0018FCC83BE987B1D891B1&hl=en&caps=asr&sparams=asr_langs%2Ccaps%2Cv%2Cexpire&expire=1542508351&key=yttt1&asr_langs=fr%2Cen%2Cja%2Cde%2Cit%2Cko%2Cnl%2Ces%2Cru%2Cpt&kind=asr&lang=en&tlang=de&fmt=ttml", "ext": "ttml"}, {"url": "https://www.youtube.com/api/timedtext?v=_Vcu034k2Zk&signature=11F4DD379AC71F6355E93A25A43AA798FD0798FA.4C358D1B93812A135E0018FCC83BE987B1D891B1&hl=en&caps=asr&sparams=asr_langs%2Ccaps%2Cv%2Cexpire&expire=1542508351&key=yttt1&asr_langs=fr%2Cen%2Cja%2Cde%2Cit%2Cko%2Cnl%2Ces%2Cru%2Cpt&kind=asr&lang=en&tlang=de&fmt=vtt", "ext": "vtt"}], "el": [{"url": "https://www.youtube.com/api/timedtext?v=_Vcu034k2Zk&signature=11F4DD379AC71F6355E93A25A43AA798FD0798FA.4C358D1B93812A135E0018FCC83BE987B1D891B1&hl=en&caps=asr&sparams=asr_langs%2Ccaps%2Cv%2Cexpire&expire=1542508351&key=yttt1&asr_langs=fr%2Cen%2Cja%2Cde%2Cit%2Cko%2Cnl%2Ces%2Cru%2Cpt&kind=asr&lang=en&tlang=el&fmt=ttml", "ext": "ttml"}, {"url": "https://www.youtube.com/api/timedtext?v=_Vcu034k2Zk&signature=11F4DD379AC71F6355E93A25A43AA798FD0798FA.4C358D1B93812A135E0018FCC83BE987B1D891B1&hl=en&caps=asr&sparams=asr_langs%2Ccaps%2Cv%2Cexpire&expire=1542508351&key=yttt1&asr_langs=fr%2Cen%2Cja%2Cde%2Cit%2Cko%2Cnl%2Ces%2Cru%2Cpt&kind=asr&lang=en&tlang=el&fmt=vtt", "ext": "vtt"}], "gu": [{"url": "https://www.youtube.com/api/timedtext?v=_Vcu034k2Zk&signature=11F4DD379AC71F6355E93A25A43AA798FD0798FA.4C358D1B93812A135E0018FCC83BE987B1D891B1&hl=en&caps=asr&sparams=asr_langs%2Ccaps%2Cv%2Cexpire&expire=1542508351&key=yttt1&asr_langs=fr%2Cen%2Cja%2Cde%2Cit%2Cko%2Cnl%2Ces%2Cru%2Cpt&kind=asr&lang=en&tlang=gu&fmt=ttml", "ext": "ttml"}, {"url": "https://www.youtube.com/api/timedtext?v=_Vcu034k2Zk&signature=11F4DD379AC71F6355E93A25A43AA798FD0798FA.4C358D1B93812A135E0018FCC83BE987B1D891B1&hl=en&caps=asr&sparams=asr_langs%2Ccaps%2Cv%2Cexpire&expire=1542508351&key=yttt1&asr_langs=fr%2Cen%2Cja%2Cde%2Cit%2Cko%2Cnl%2Ces%2Cru%2Cpt&kind=asr&lang=en&tlang=gu&fmt=vtt", "ext": "vtt"}], "ht": [{"url": "https://www.youtube.com/api/timedtext?v=_Vcu034k2Zk&signature=11F4DD379AC71F6355E93A25A43AA798FD0798FA.4C358D1B93812A135E0018FCC83BE987B1D891B1&hl=en&caps=asr&sparams=asr_langs%2Ccaps%2Cv%2Cexpire&expire=1542508351&key=yttt1&asr_langs=fr%2Cen%2Cja%2Cde%2Cit%2Cko%2Cnl%2Ces%2Cru%2Cpt&kind=asr&lang=en&tlang=ht&fmt=ttml", "ext": "ttml"}, {"url": "https://www.youtube.com/api/timedtext?v=_Vcu034k2Zk&signature=11F4DD379AC71F6355E93A25A43AA798FD0798FA.4C358D1B93812A135E0018FCC83BE987B1D891B1&hl=en&caps=asr&sparams=asr_langs%2Ccaps%2Cv%2Cexpire&expire=1542508351&key=yttt1&asr_langs=fr%2Cen%2Cja%2Cde%2Cit%2Cko%2Cnl%2Ces%2Cru%2Cpt&kind=asr&lang=en&tlang=ht&fmt=vtt", "ext": "vtt"}], "ha": [{"url": "https://www.youtube.com/api/timedtext?v=_Vcu034k2Zk&signature=11F4DD379AC71F6355E93A25A43AA798FD0798FA.4C358D1B93812A135E0018FCC83BE987B1D891B1&hl=en&caps=asr&sparams=asr_langs%2Ccaps%2Cv%2Cexpire&expire=1542508351&key=yttt1&asr_langs=fr%2Cen%2Cja%2Cde%2Cit%2Cko%2Cnl%2Ces%2Cru%2Cpt&kind=asr&lang=en&tlang=ha&fmt=ttml", "ext": "ttml"}, {"url": "https://www.youtube.com/api/timedtext?v=_Vcu034k2Zk&signature=11F4DD379AC71F6355E93A25A43AA798FD0798FA.4C358D1B93812A135E0018FCC83BE987B1D891B1&hl=en&caps=asr&sparams=asr_langs%2Ccaps%2Cv%2Cexpire&expire=1542508351&key=yttt1&asr_langs=fr%2Cen%2Cja%2Cde%2Cit%2Cko%2Cnl%2Ces%2Cru%2Cpt&kind=asr&lang=en&tlang=ha&fmt=vtt", "ext": "vtt"}], "haw": [{"url": "https://www.youtube.com/api/timedtext?v=_Vcu034k2Zk&signature=11F4DD379AC71F6355E93A25A43AA798FD0798FA.4C358D1B93812A135E0018FCC83BE987B1D891B1&hl=en&caps=asr&sparams=asr_langs%2Ccaps%2Cv%2Cexpire&expire=1542508351&key=yttt1&asr_langs=fr%2Cen%2Cja%2Cde%2Cit%2Cko%2Cnl%2Ces%2Cru%2Cpt&kind=asr&lang=en&tlang=haw&fmt=ttml", "ext": "ttml"}, {"url": "https://www.youtube.com/api/timedtext?v=_Vcu034k2Zk&signature=11F4DD379AC71F6355E93A25A43AA798FD0798FA.4C358D1B93812A135E0018FCC83BE987B1D891B1&hl=en&caps=asr&sparams=asr_langs%2Ccaps%2Cv%2Cexpire&expire=1542508351&key=yttt1&asr_langs=fr%2Cen%2Cja%2Cde%2Cit%2Cko%2Cnl%2Ces%2Cru%2Cpt&kind=asr&lang=en&tlang=haw&fmt=vtt", "ext": "vtt"}], "iw": [{"url": "https://www.youtube.com/api/timedtext?v=_Vcu034k2Zk&signature=11F4DD379AC71F6355E93A25A43AA798FD0798FA.4C358D1B93812A135E0018FCC83BE987B1D891B1&hl=en&caps=asr&sparams=asr_langs%2Ccaps%2Cv%2Cexpire&expire=1542508351&key=yttt1&asr_langs=fr%2Cen%2Cja%2Cde%2Cit%2Cko%2Cnl%2Ces%2Cru%2Cpt&kind=asr&lang=en&tlang=iw&fmt=ttml", "ext": "ttml"}, {"url": "https://www.youtube.com/api/timedtext?v=_Vcu034k2Zk&signature=11F4DD379AC71F6355E93A25A43AA798FD0798FA.4C358D1B93812A135E0018FCC83BE987B1D891B1&hl=en&caps=asr&sparams=asr_langs%2Ccaps%2Cv%2Cexpire&expire=1542508351&key=yttt1&asr_langs=fr%2Cen%2Cja%2Cde%2Cit%2Cko%2Cnl%2Ces%2Cru%2Cpt&kind=asr&lang=en&tlang=iw&fmt=vtt", "ext": "vtt"}], "hi": [{"url": "https://www.youtube.com/api/timedtext?v=_Vcu034k2Zk&signature=11F4DD379AC71F6355E93A25A43AA798FD0798FA.4C358D1B93812A135E0018FCC83BE987B1D891B1&hl=en&caps=asr&sparams=asr_langs%2Ccaps%2Cv%2Cexpire&expire=1542508351&key=yttt1&asr_langs=fr%2Cen%2Cja%2Cde%2Cit%2Cko%2Cnl%2Ces%2Cru%2Cpt&kind=asr&lang=en&tlang=hi&fmt=ttml", "ext": "ttml"}, {"url": "https://www.youtube.com/api/timedtext?v=_Vcu034k2Zk&signature=11F4DD379AC71F6355E93A25A43AA798FD0798FA.4C358D1B93812A135E0018FCC83BE987B1D891B1&hl=en&caps=asr&sparams=asr_langs%2Ccaps%2Cv%2Cexpire&expire=1542508351&key=yttt1&asr_langs=fr%2Cen%2Cja%2Cde%2Cit%2Cko%2Cnl%2Ces%2Cru%2Cpt&kind=asr&lang=en&tlang=hi&fmt=vtt", "ext": "vtt"}], "hmn": [{"url": "https://www.youtube.com/api/timedtext?v=_Vcu034k2Zk&signature=11F4DD379AC71F6355E93A25A43AA798FD0798FA.4C358D1B93812A135E0018FCC83BE987B1D891B1&hl=en&caps=asr&sparams=asr_langs%2Ccaps%2Cv%2Cexpire&expire=1542508351&key=yttt1&asr_langs=fr%2Cen%2Cja%2Cde%2Cit%2Cko%2Cnl%2Ces%2Cru%2Cpt&kind=asr&lang=en&tlang=hmn&fmt=ttml", "ext": "ttml"}, {"url": "https://www.youtube.com/api/timedtext?v=_Vcu034k2Zk&signature=11F4DD379AC71F6355E93A25A43AA798FD0798FA.4C358D1B93812A135E0018FCC83BE987B1D891B1&hl=en&caps=asr&sparams=asr_langs%2Ccaps%2Cv%2Cexpire&expire=1542508351&key=yttt1&asr_langs=fr%2Cen%2Cja%2Cde%2Cit%2Cko%2Cnl%2Ces%2Cru%2Cpt&kind=asr&lang=en&tlang=hmn&fmt=vtt", "ext": "vtt"}], "hu": [{"url": "https://www.youtube.com/api/timedtext?v=_Vcu034k2Zk&signature=11F4DD379AC71F6355E93A25A43AA798FD0798FA.4C358D1B93812A135E0018FCC83BE987B1D891B1&hl=en&caps=asr&sparams=asr_langs%2Ccaps%2Cv%2Cexpire&expire=1542508351&key=yttt1&asr_langs=fr%2Cen%2Cja%2Cde%2Cit%2Cko%2Cnl%2Ces%2Cru%2Cpt&kind=asr&lang=en&tlang=hu&fmt=ttml", "ext": "ttml"}, {"url": "https://www.youtube.com/api/timedtext?v=_Vcu034k2Zk&signature=11F4DD379AC71F6355E93A25A43AA798FD0798FA.4C358D1B93812A135E0018FCC83BE987B1D891B1&hl=en&caps=asr&sparams=asr_langs%2Ccaps%2Cv%2Cexpire&expire=1542508351&key=yttt1&asr_langs=fr%2Cen%2Cja%2Cde%2Cit%2Cko%2Cnl%2Ces%2Cru%2Cpt&kind=asr&lang=en&tlang=hu&fmt=vtt", "ext": "vtt"}], "is": [{"url": "https://www.youtube.com/api/timedtext?v=_Vcu034k2Zk&signature=11F4DD379AC71F6355E93A25A43AA798FD0798FA.4C358D1B93812A135E0018FCC83BE987B1D891B1&hl=en&caps=asr&sparams=asr_langs%2Ccaps%2Cv%2Cexpire&expire=1542508351&key=yttt1&asr_langs=fr%2Cen%2Cja%2Cde%2Cit%2Cko%2Cnl%2Ces%2Cru%2Cpt&kind=asr&lang=en&tlang=is&fmt=ttml", "ext": "ttml"}, {"url": "https://www.youtube.com/api/timedtext?v=_Vcu034k2Zk&signature=11F4DD379AC71F6355E93A25A43AA798FD0798FA.4C358D1B93812A135E0018FCC83BE987B1D891B1&hl=en&caps=asr&sparams=asr_langs%2Ccaps%2Cv%2Cexpire&expire=1542508351&key=yttt1&asr_langs=fr%2Cen%2Cja%2Cde%2Cit%2Cko%2Cnl%2Ces%2Cru%2Cpt&kind=asr&lang=en&tlang=is&fmt=vtt", "ext": "vtt"}], "ig": [{"url": "https://www.youtube.com/api/timedtext?v=_Vcu034k2Zk&signature=11F4DD379AC71F6355E93A25A43AA798FD0798FA.4C358D1B93812A135E0018FCC83BE987B1D891B1&hl=en&caps=asr&sparams=asr_langs%2Ccaps%2Cv%2Cexpire&expire=1542508351&key=yttt1&asr_langs=fr%2Cen%2Cja%2Cde%2Cit%2Cko%2Cnl%2Ces%2Cru%2Cpt&kind=asr&lang=en&tlang=ig&fmt=ttml", "ext": "ttml"}, {"url": "https://www.youtube.com/api/timedtext?v=_Vcu034k2Zk&signature=11F4DD379AC71F6355E93A25A43AA798FD0798FA.4C358D1B93812A135E0018FCC83BE987B1D891B1&hl=en&caps=asr&sparams=asr_langs%2Ccaps%2Cv%2Cexpire&expire=1542508351&key=yttt1&asr_langs=fr%2Cen%2Cja%2Cde%2Cit%2Cko%2Cnl%2Ces%2Cru%2Cpt&kind=asr&lang=en&tlang=ig&fmt=vtt", "ext": "vtt"}], "id": [{"url": "https://www.youtube.com/api/timedtext?v=_Vcu034k2Zk&signature=11F4DD379AC71F6355E93A25A43AA798FD0798FA.4C358D1B93812A135E0018FCC83BE987B1D891B1&hl=en&caps=asr&sparams=asr_langs%2Ccaps%2Cv%2Cexpire&expire=1542508351&key=yttt1&asr_langs=fr%2Cen%2Cja%2Cde%2Cit%2Cko%2Cnl%2Ces%2Cru%2Cpt&kind=asr&lang=en&tlang=id&fmt=ttml", "ext": "ttml"}, {"url": "https://www.youtube.com/api/timedtext?v=_Vcu034k2Zk&signature=11F4DD379AC71F6355E93A25A43AA798FD0798FA.4C358D1B93812A135E0018FCC83BE987B1D891B1&hl=en&caps=asr&sparams=asr_langs%2Ccaps%2Cv%2Cexpire&expire=1542508351&key=yttt1&asr_langs=fr%2Cen%2Cja%2Cde%2Cit%2Cko%2Cnl%2Ces%2Cru%2Cpt&kind=asr&lang=en&tlang=id&fmt=vtt", "ext": "vtt"}], "ga": [{"url": "https://www.youtube.com/api/timedtext?v=_Vcu034k2Zk&signature=11F4DD379AC71F6355E93A25A43AA798FD0798FA.4C358D1B93812A135E0018FCC83BE987B1D891B1&hl=en&caps=asr&sparams=asr_langs%2Ccaps%2Cv%2Cexpire&expire=1542508351&key=yttt1&asr_langs=fr%2Cen%2Cja%2Cde%2Cit%2Cko%2Cnl%2Ces%2Cru%2Cpt&kind=asr&lang=en&tlang=ga&fmt=ttml", "ext": "ttml"}, {"url": "https://www.youtube.com/api/timedtext?v=_Vcu034k2Zk&signature=11F4DD379AC71F6355E93A25A43AA798FD0798FA.4C358D1B93812A135E0018FCC83BE987B1D891B1&hl=en&caps=asr&sparams=asr_langs%2Ccaps%2Cv%2Cexpire&expire=1542508351&key=yttt1&asr_langs=fr%2Cen%2Cja%2Cde%2Cit%2Cko%2Cnl%2Ces%2Cru%2Cpt&kind=asr&lang=en&tlang=ga&fmt=vtt", "ext": "vtt"}], "it": [{"url": "https://www.youtube.com/api/timedtext?v=_Vcu034k2Zk&signature=11F4DD379AC71F6355E93A25A43AA798FD0798FA.4C358D1B93812A135E0018FCC83BE987B1D891B1&hl=en&caps=asr&sparams=asr_langs%2Ccaps%2Cv%2Cexpire&expire=1542508351&key=yttt1&asr_langs=fr%2Cen%2Cja%2Cde%2Cit%2Cko%2Cnl%2Ces%2Cru%2Cpt&kind=asr&lang=en&tlang=it&fmt=ttml", "ext": "ttml"}, {"url": "https://www.youtube.com/api/timedtext?v=_Vcu034k2Zk&signature=11F4DD379AC71F6355E93A25A43AA798FD0798FA.4C358D1B93812A135E0018FCC83BE987B1D891B1&hl=en&caps=asr&sparams=asr_langs%2Ccaps%2Cv%2Cexpire&expire=1542508351&key=yttt1&asr_langs=fr%2Cen%2Cja%2Cde%2Cit%2Cko%2Cnl%2Ces%2Cru%2Cpt&kind=asr&lang=en&tlang=it&fmt=vtt", "ext": "vtt"}], "ja": [{"url": "https://www.youtube.com/api/timedtext?v=_Vcu034k2Zk&signature=11F4DD379AC71F6355E93A25A43AA798FD0798FA.4C358D1B93812A135E0018FCC83BE987B1D891B1&hl=en&caps=asr&sparams=asr_langs%2Ccaps%2Cv%2Cexpire&expire=1542508351&key=yttt1&asr_langs=fr%2Cen%2Cja%2Cde%2Cit%2Cko%2Cnl%2Ces%2Cru%2Cpt&kind=asr&lang=en&tlang=ja&fmt=ttml", "ext": "ttml"}, {"url": "https://www.youtube.com/api/timedtext?v=_Vcu034k2Zk&signature=11F4DD379AC71F6355E93A25A43AA798FD0798FA.4C358D1B93812A135E0018FCC83BE987B1D891B1&hl=en&caps=asr&sparams=asr_langs%2Ccaps%2Cv%2Cexpire&expire=1542508351&key=yttt1&asr_langs=fr%2Cen%2Cja%2Cde%2Cit%2Cko%2Cnl%2Ces%2Cru%2Cpt&kind=asr&lang=en&tlang=ja&fmt=vtt", "ext": "vtt"}], "jv": [{"url": "https://www.youtube.com/api/timedtext?v=_Vcu034k2Zk&signature=11F4DD379AC71F6355E93A25A43AA798FD0798FA.4C358D1B93812A135E0018FCC83BE987B1D891B1&hl=en&caps=asr&sparams=asr_langs%2Ccaps%2Cv%2Cexpire&expire=1542508351&key=yttt1&asr_langs=fr%2Cen%2Cja%2Cde%2Cit%2Cko%2Cnl%2Ces%2Cru%2Cpt&kind=asr&lang=en&tlang=jv&fmt=ttml", "ext": "ttml"}, {"url": "https://www.youtube.com/api/timedtext?v=_Vcu034k2Zk&signature=11F4DD379AC71F6355E93A25A43AA798FD0798FA.4C358D1B93812A135E0018FCC83BE987B1D891B1&hl=en&caps=asr&sparams=asr_langs%2Ccaps%2Cv%2Cexpire&expire=1542508351&key=yttt1&asr_langs=fr%2Cen%2Cja%2Cde%2Cit%2Cko%2Cnl%2Ces%2Cru%2Cpt&kind=asr&lang=en&tlang=jv&fmt=vtt", "ext": "vtt"}], "kn": [{"url": "https://www.youtube.com/api/timedtext?v=_Vcu034k2Zk&signature=11F4DD379AC71F6355E93A25A43AA798FD0798FA.4C358D1B93812A135E0018FCC83BE987B1D891B1&hl=en&caps=asr&sparams=asr_langs%2Ccaps%2Cv%2Cexpire&expire=1542508351&key=yttt1&asr_langs=fr%2Cen%2Cja%2Cde%2Cit%2Cko%2Cnl%2Ces%2Cru%2Cpt&kind=asr&lang=en&tlang=kn&fmt=ttml", "ext": "ttml"}, {"url": "https://www.youtube.com/api/timedtext?v=_Vcu034k2Zk&signature=11F4DD379AC71F6355E93A25A43AA798FD0798FA.4C358D1B93812A135E0018FCC83BE987B1D891B1&hl=en&caps=asr&sparams=asr_langs%2Ccaps%2Cv%2Cexpire&expire=1542508351&key=yttt1&asr_langs=fr%2Cen%2Cja%2Cde%2Cit%2Cko%2Cnl%2Ces%2Cru%2Cpt&kind=asr&lang=en&tlang=kn&fmt=vtt", "ext": "vtt"}], "kk": [{"url": "https://www.youtube.com/api/timedtext?v=_Vcu034k2Zk&signature=11F4DD379AC71F6355E93A25A43AA798FD0798FA.4C358D1B93812A135E0018FCC83BE987B1D891B1&hl=en&caps=asr&sparams=asr_langs%2Ccaps%2Cv%2Cexpire&expire=1542508351&key=yttt1&asr_langs=fr%2Cen%2Cja%2Cde%2Cit%2Cko%2Cnl%2Ces%2Cru%2Cpt&kind=asr&lang=en&tlang=kk&fmt=ttml", "ext": "ttml"}, {"url": "https://www.youtube.com/api/timedtext?v=_Vcu034k2Zk&signature=11F4DD379AC71F6355E93A25A43AA798FD0798FA.4C358D1B93812A135E0018FCC83BE987B1D891B1&hl=en&caps=asr&sparams=asr_langs%2Ccaps%2Cv%2Cexpire&expire=1542508351&key=yttt1&asr_langs=fr%2Cen%2Cja%2Cde%2Cit%2Cko%2Cnl%2Ces%2Cru%2Cpt&kind=asr&lang=en&tlang=kk&fmt=vtt", "ext": "vtt"}], "km": [{"url": "https://www.youtube.com/api/timedtext?v=_Vcu034k2Zk&signature=11F4DD379AC71F6355E93A25A43AA798FD0798FA.4C358D1B93812A135E0018FCC83BE987B1D891B1&hl=en&caps=asr&sparams=asr_langs%2Ccaps%2Cv%2Cexpire&expire=1542508351&key=yttt1&asr_langs=fr%2Cen%2Cja%2Cde%2Cit%2Cko%2Cnl%2Ces%2Cru%2Cpt&kind=asr&lang=en&tlang=km&fmt=ttml", "ext": "ttml"}, {"url": "https://www.youtube.com/api/timedtext?v=_Vcu034k2Zk&signature=11F4DD379AC71F6355E93A25A43AA798FD0798FA.4C358D1B93812A135E0018FCC83BE987B1D891B1&hl=en&caps=asr&sparams=asr_langs%2Ccaps%2Cv%2Cexpire&expire=1542508351&key=yttt1&asr_langs=fr%2Cen%2Cja%2Cde%2Cit%2Cko%2Cnl%2Ces%2Cru%2Cpt&kind=asr&lang=en&tlang=km&fmt=vtt", "ext": "vtt"}], "ko": [{"url": "https://www.youtube.com/api/timedtext?v=_Vcu034k2Zk&signature=11F4DD379AC71F6355E93A25A43AA798FD0798FA.4C358D1B93812A135E0018FCC83BE987B1D891B1&hl=en&caps=asr&sparams=asr_langs%2Ccaps%2Cv%2Cexpire&expire=1542508351&key=yttt1&asr_langs=fr%2Cen%2Cja%2Cde%2Cit%2Cko%2Cnl%2Ces%2Cru%2Cpt&kind=asr&lang=en&tlang=ko&fmt=ttml", "ext": "ttml"}, {"url": "https://www.youtube.com/api/timedtext?v=_Vcu034k2Zk&signature=11F4DD379AC71F6355E93A25A43AA798FD0798FA.4C358D1B93812A135E0018FCC83BE987B1D891B1&hl=en&caps=asr&sparams=asr_langs%2Ccaps%2Cv%2Cexpire&expire=1542508351&key=yttt1&asr_langs=fr%2Cen%2Cja%2Cde%2Cit%2Cko%2Cnl%2Ces%2Cru%2Cpt&kind=asr&lang=en&tlang=ko&fmt=vtt", "ext": "vtt"}], "ku": [{"url": "https://www.youtube.com/api/timedtext?v=_Vcu034k2Zk&signature=11F4DD379AC71F6355E93A25A43AA798FD0798FA.4C358D1B93812A135E0018FCC83BE987B1D891B1&hl=en&caps=asr&sparams=asr_langs%2Ccaps%2Cv%2Cexpire&expire=1542508351&key=yttt1&asr_langs=fr%2Cen%2Cja%2Cde%2Cit%2Cko%2Cnl%2Ces%2Cru%2Cpt&kind=asr&lang=en&tlang=ku&fmt=ttml", "ext": "ttml"}, {"url": "https://www.youtube.com/api/timedtext?v=_Vcu034k2Zk&signature=11F4DD379AC71F6355E93A25A43AA798FD0798FA.4C358D1B93812A135E0018FCC83BE987B1D891B1&hl=en&caps=asr&sparams=asr_langs%2Ccaps%2Cv%2Cexpire&expire=1542508351&key=yttt1&asr_langs=fr%2Cen%2Cja%2Cde%2Cit%2Cko%2Cnl%2Ces%2Cru%2Cpt&kind=asr&lang=en&tlang=ku&fmt=vtt", "ext": "vtt"}], "ky": [{"url": "https://www.youtube.com/api/timedtext?v=_Vcu034k2Zk&signature=11F4DD379AC71F6355E93A25A43AA798FD0798FA.4C358D1B93812A135E0018FCC83BE987B1D891B1&hl=en&caps=asr&sparams=asr_langs%2Ccaps%2Cv%2Cexpire&expire=1542508351&key=yttt1&asr_langs=fr%2Cen%2Cja%2Cde%2Cit%2Cko%2Cnl%2Ces%2Cru%2Cpt&kind=asr&lang=en&tlang=ky&fmt=ttml", "ext": "ttml"}, {"url": "https://www.youtube.com/api/timedtext?v=_Vcu034k2Zk&signature=11F4DD379AC71F6355E93A25A43AA798FD0798FA.4C358D1B93812A135E0018FCC83BE987B1D891B1&hl=en&caps=asr&sparams=asr_langs%2Ccaps%2Cv%2Cexpire&expire=1542508351&key=yttt1&asr_langs=fr%2Cen%2Cja%2Cde%2Cit%2Cko%2Cnl%2Ces%2Cru%2Cpt&kind=asr&lang=en&tlang=ky&fmt=vtt", "ext": "vtt"}], "lo": [{"url": "https://www.youtube.com/api/timedtext?v=_Vcu034k2Zk&signature=11F4DD379AC71F6355E93A25A43AA798FD0798FA.4C358D1B93812A135E0018FCC83BE987B1D891B1&hl=en&caps=asr&sparams=asr_langs%2Ccaps%2Cv%2Cexpire&expire=1542508351&key=yttt1&asr_langs=fr%2Cen%2Cja%2Cde%2Cit%2Cko%2Cnl%2Ces%2Cru%2Cpt&kind=asr&lang=en&tlang=lo&fmt=ttml", "ext": "ttml"}, {"url": "https://www.youtube.com/api/timedtext?v=_Vcu034k2Zk&signature=11F4DD379AC71F6355E93A25A43AA798FD0798FA.4C358D1B93812A135E0018FCC83BE987B1D891B1&hl=en&caps=asr&sparams=asr_langs%2Ccaps%2Cv%2Cexpire&expire=1542508351&key=yttt1&asr_langs=fr%2Cen%2Cja%2Cde%2Cit%2Cko%2Cnl%2Ces%2Cru%2Cpt&kind=asr&lang=en&tlang=lo&fmt=vtt", "ext": "vtt"}], "la": [{"url": "https://www.youtube.com/api/timedtext?v=_Vcu034k2Zk&signature=11F4DD379AC71F6355E93A25A43AA798FD0798FA.4C358D1B93812A135E0018FCC83BE987B1D891B1&hl=en&caps=asr&sparams=asr_langs%2Ccaps%2Cv%2Cexpire&expire=1542508351&key=yttt1&asr_langs=fr%2Cen%2Cja%2Cde%2Cit%2Cko%2Cnl%2Ces%2Cru%2Cpt&kind=asr&lang=en&tlang=la&fmt=ttml", "ext": "ttml"}, {"url": "https://www.youtube.com/api/timedtext?v=_Vcu034k2Zk&signature=11F4DD379AC71F6355E93A25A43AA798FD0798FA.4C358D1B93812A135E0018FCC83BE987B1D891B1&hl=en&caps=asr&sparams=asr_langs%2Ccaps%2Cv%2Cexpire&expire=1542508351&key=yttt1&asr_langs=fr%2Cen%2Cja%2Cde%2Cit%2Cko%2Cnl%2Ces%2Cru%2Cpt&kind=asr&lang=en&tlang=la&fmt=vtt", "ext": "vtt"}], "lv": [{"url": "https://www.youtube.com/api/timedtext?v=_Vcu034k2Zk&signature=11F4DD379AC71F6355E93A25A43AA798FD0798FA.4C358D1B93812A135E0018FCC83BE987B1D891B1&hl=en&caps=asr&sparams=asr_langs%2Ccaps%2Cv%2Cexpire&expire=1542508351&key=yttt1&asr_langs=fr%2Cen%2Cja%2Cde%2Cit%2Cko%2Cnl%2Ces%2Cru%2Cpt&kind=asr&lang=en&tlang=lv&fmt=ttml", "ext": "ttml"}, {"url": "https://www.youtube.com/api/timedtext?v=_Vcu034k2Zk&signature=11F4DD379AC71F6355E93A25A43AA798FD0798FA.4C358D1B93812A135E0018FCC83BE987B1D891B1&hl=en&caps=asr&sparams=asr_langs%2Ccaps%2Cv%2Cexpire&expire=1542508351&key=yttt1&asr_langs=fr%2Cen%2Cja%2Cde%2Cit%2Cko%2Cnl%2Ces%2Cru%2Cpt&kind=asr&lang=en&tlang=lv&fmt=vtt", "ext": "vtt"}], "lt": [{"url": "https://www.youtube.com/api/timedtext?v=_Vcu034k2Zk&signature=11F4DD379AC71F6355E93A25A43AA798FD0798FA.4C358D1B93812A135E0018FCC83BE987B1D891B1&hl=en&caps=asr&sparams=asr_langs%2Ccaps%2Cv%2Cexpire&expire=1542508351&key=yttt1&asr_langs=fr%2Cen%2Cja%2Cde%2Cit%2Cko%2Cnl%2Ces%2Cru%2Cpt&kind=asr&lang=en&tlang=lt&fmt=ttml", "ext": "ttml"}, {"url": "https://www.youtube.com/api/timedtext?v=_Vcu034k2Zk&signature=11F4DD379AC71F6355E93A25A43AA798FD0798FA.4C358D1B93812A135E0018FCC83BE987B1D891B1&hl=en&caps=asr&sparams=asr_langs%2Ccaps%2Cv%2Cexpire&expire=1542508351&key=yttt1&asr_langs=fr%2Cen%2Cja%2Cde%2Cit%2Cko%2Cnl%2Ces%2Cru%2Cpt&kind=asr&lang=en&tlang=lt&fmt=vtt", "ext": "vtt"}], "lb": [{"url": "https://www.youtube.com/api/timedtext?v=_Vcu034k2Zk&signature=11F4DD379AC71F6355E93A25A43AA798FD0798FA.4C358D1B93812A135E0018FCC83BE987B1D891B1&hl=en&caps=asr&sparams=asr_langs%2Ccaps%2Cv%2Cexpire&expire=1542508351&key=yttt1&asr_langs=fr%2Cen%2Cja%2Cde%2Cit%2Cko%2Cnl%2Ces%2Cru%2Cpt&kind=asr&lang=en&tlang=lb&fmt=ttml", "ext": "ttml"}, {"url": "https://www.youtube.com/api/timedtext?v=_Vcu034k2Zk&signature=11F4DD379AC71F6355E93A25A43AA798FD0798FA.4C358D1B93812A135E0018FCC83BE987B1D891B1&hl=en&caps=asr&sparams=asr_langs%2Ccaps%2Cv%2Cexpire&expire=1542508351&key=yttt1&asr_langs=fr%2Cen%2Cja%2Cde%2Cit%2Cko%2Cnl%2Ces%2Cru%2Cpt&kind=asr&lang=en&tlang=lb&fmt=vtt", "ext": "vtt"}], "mk": [{"url": "https://www.youtube.com/api/timedtext?v=_Vcu034k2Zk&signature=11F4DD379AC71F6355E93A25A43AA798FD0798FA.4C358D1B93812A135E0018FCC83BE987B1D891B1&hl=en&caps=asr&sparams=asr_langs%2Ccaps%2Cv%2Cexpire&expire=1542508351&key=yttt1&asr_langs=fr%2Cen%2Cja%2Cde%2Cit%2Cko%2Cnl%2Ces%2Cru%2Cpt&kind=asr&lang=en&tlang=mk&fmt=ttml", "ext": "ttml"}, {"url": "https://www.youtube.com/api/timedtext?v=_Vcu034k2Zk&signature=11F4DD379AC71F6355E93A25A43AA798FD0798FA.4C358D1B93812A135E0018FCC83BE987B1D891B1&hl=en&caps=asr&sparams=asr_langs%2Ccaps%2Cv%2Cexpire&expire=1542508351&key=yttt1&asr_langs=fr%2Cen%2Cja%2Cde%2Cit%2Cko%2Cnl%2Ces%2Cru%2Cpt&kind=asr&lang=en&tlang=mk&fmt=vtt", "ext": "vtt"}], "mg": [{"url": "https://www.youtube.com/api/timedtext?v=_Vcu034k2Zk&signature=11F4DD379AC71F6355E93A25A43AA798FD0798FA.4C358D1B93812A135E0018FCC83BE987B1D891B1&hl=en&caps=asr&sparams=asr_langs%2Ccaps%2Cv%2Cexpire&expire=1542508351&key=yttt1&asr_langs=fr%2Cen%2Cja%2Cde%2Cit%2Cko%2Cnl%2Ces%2Cru%2Cpt&kind=asr&lang=en&tlang=mg&fmt=ttml", "ext": "ttml"}, {"url": "https://www.youtube.com/api/timedtext?v=_Vcu034k2Zk&signature=11F4DD379AC71F6355E93A25A43AA798FD0798FA.4C358D1B93812A135E0018FCC83BE987B1D891B1&hl=en&caps=asr&sparams=asr_langs%2Ccaps%2Cv%2Cexpire&expire=1542508351&key=yttt1&asr_langs=fr%2Cen%2Cja%2Cde%2Cit%2Cko%2Cnl%2Ces%2Cru%2Cpt&kind=asr&lang=en&tlang=mg&fmt=vtt", "ext": "vtt"}], "ms": [{"url": "https://www.youtube.com/api/timedtext?v=_Vcu034k2Zk&signature=11F4DD379AC71F6355E93A25A43AA798FD0798FA.4C358D1B93812A135E0018FCC83BE987B1D891B1&hl=en&caps=asr&sparams=asr_langs%2Ccaps%2Cv%2Cexpire&expire=1542508351&key=yttt1&asr_langs=fr%2Cen%2Cja%2Cde%2Cit%2Cko%2Cnl%2Ces%2Cru%2Cpt&kind=asr&lang=en&tlang=ms&fmt=ttml", "ext": "ttml"}, {"url": "https://www.youtube.com/api/timedtext?v=_Vcu034k2Zk&signature=11F4DD379AC71F6355E93A25A43AA798FD0798FA.4C358D1B93812A135E0018FCC83BE987B1D891B1&hl=en&caps=asr&sparams=asr_langs%2Ccaps%2Cv%2Cexpire&expire=1542508351&key=yttt1&asr_langs=fr%2Cen%2Cja%2Cde%2Cit%2Cko%2Cnl%2Ces%2Cru%2Cpt&kind=asr&lang=en&tlang=ms&fmt=vtt", "ext": "vtt"}], "ml": [{"url": "https://www.youtube.com/api/timedtext?v=_Vcu034k2Zk&signature=11F4DD379AC71F6355E93A25A43AA798FD0798FA.4C358D1B93812A135E0018FCC83BE987B1D891B1&hl=en&caps=asr&sparams=asr_langs%2Ccaps%2Cv%2Cexpire&expire=1542508351&key=yttt1&asr_langs=fr%2Cen%2Cja%2Cde%2Cit%2Cko%2Cnl%2Ces%2Cru%2Cpt&kind=asr&lang=en&tlang=ml&fmt=ttml", "ext": "ttml"}, {"url": "https://www.youtube.com/api/timedtext?v=_Vcu034k2Zk&signature=11F4DD379AC71F6355E93A25A43AA798FD0798FA.4C358D1B93812A135E0018FCC83BE987B1D891B1&hl=en&caps=asr&sparams=asr_langs%2Ccaps%2Cv%2Cexpire&expire=1542508351&key=yttt1&asr_langs=fr%2Cen%2Cja%2Cde%2Cit%2Cko%2Cnl%2Ces%2Cru%2Cpt&kind=asr&lang=en&tlang=ml&fmt=vtt", "ext": "vtt"}], "mt": [{"url": "https://www.youtube.com/api/timedtext?v=_Vcu034k2Zk&signature=11F4DD379AC71F6355E93A25A43AA798FD0798FA.4C358D1B93812A135E0018FCC83BE987B1D891B1&hl=en&caps=asr&sparams=asr_langs%2Ccaps%2Cv%2Cexpire&expire=1542508351&key=yttt1&asr_langs=fr%2Cen%2Cja%2Cde%2Cit%2Cko%2Cnl%2Ces%2Cru%2Cpt&kind=asr&lang=en&tlang=mt&fmt=ttml", "ext": "ttml"}, {"url": "https://www.youtube.com/api/timedtext?v=_Vcu034k2Zk&signature=11F4DD379AC71F6355E93A25A43AA798FD0798FA.4C358D1B93812A135E0018FCC83BE987B1D891B1&hl=en&caps=asr&sparams=asr_langs%2Ccaps%2Cv%2Cexpire&expire=1542508351&key=yttt1&asr_langs=fr%2Cen%2Cja%2Cde%2Cit%2Cko%2Cnl%2Ces%2Cru%2Cpt&kind=asr&lang=en&tlang=mt&fmt=vtt", "ext": "vtt"}], "mi": [{"url": "https://www.youtube.com/api/timedtext?v=_Vcu034k2Zk&signature=11F4DD379AC71F6355E93A25A43AA798FD0798FA.4C358D1B93812A135E0018FCC83BE987B1D891B1&hl=en&caps=asr&sparams=asr_langs%2Ccaps%2Cv%2Cexpire&expire=1542508351&key=yttt1&asr_langs=fr%2Cen%2Cja%2Cde%2Cit%2Cko%2Cnl%2Ces%2Cru%2Cpt&kind=asr&lang=en&tlang=mi&fmt=ttml", "ext": "ttml"}, {"url": "https://www.youtube.com/api/timedtext?v=_Vcu034k2Zk&signature=11F4DD379AC71F6355E93A25A43AA798FD0798FA.4C358D1B93812A135E0018FCC83BE987B1D891B1&hl=en&caps=asr&sparams=asr_langs%2Ccaps%2Cv%2Cexpire&expire=1542508351&key=yttt1&asr_langs=fr%2Cen%2Cja%2Cde%2Cit%2Cko%2Cnl%2Ces%2Cru%2Cpt&kind=asr&lang=en&tlang=mi&fmt=vtt", "ext": "vtt"}], "mr": [{"url": "https://www.youtube.com/api/timedtext?v=_Vcu034k2Zk&signature=11F4DD379AC71F6355E93A25A43AA798FD0798FA.4C358D1B93812A135E0018FCC83BE987B1D891B1&hl=en&caps=asr&sparams=asr_langs%2Ccaps%2Cv%2Cexpire&expire=1542508351&key=yttt1&asr_langs=fr%2Cen%2Cja%2Cde%2Cit%2Cko%2Cnl%2Ces%2Cru%2Cpt&kind=asr&lang=en&tlang=mr&fmt=ttml", "ext": "ttml"}, {"url": "https://www.youtube.com/api/timedtext?v=_Vcu034k2Zk&signature=11F4DD379AC71F6355E93A25A43AA798FD0798FA.4C358D1B93812A135E0018FCC83BE987B1D891B1&hl=en&caps=asr&sparams=asr_langs%2Ccaps%2Cv%2Cexpire&expire=1542508351&key=yttt1&asr_langs=fr%2Cen%2Cja%2Cde%2Cit%2Cko%2Cnl%2Ces%2Cru%2Cpt&kind=asr&lang=en&tlang=mr&fmt=vtt", "ext": "vtt"}], "mn": [{"url": "https://www.youtube.com/api/timedtext?v=_Vcu034k2Zk&signature=11F4DD379AC71F6355E93A25A43AA798FD0798FA.4C358D1B93812A135E0018FCC83BE987B1D891B1&hl=en&caps=asr&sparams=asr_langs%2Ccaps%2Cv%2Cexpire&expire=1542508351&key=yttt1&asr_langs=fr%2Cen%2Cja%2Cde%2Cit%2Cko%2Cnl%2Ces%2Cru%2Cpt&kind=asr&lang=en&tlang=mn&fmt=ttml", "ext": "ttml"}, {"url": "https://www.youtube.com/api/timedtext?v=_Vcu034k2Zk&signature=11F4DD379AC71F6355E93A25A43AA798FD0798FA.4C358D1B93812A135E0018FCC83BE987B1D891B1&hl=en&caps=asr&sparams=asr_langs%2Ccaps%2Cv%2Cexpire&expire=1542508351&key=yttt1&asr_langs=fr%2Cen%2Cja%2Cde%2Cit%2Cko%2Cnl%2Ces%2Cru%2Cpt&kind=asr&lang=en&tlang=mn&fmt=vtt", "ext": "vtt"}], "ne": [{"url": "https://www.youtube.com/api/timedtext?v=_Vcu034k2Zk&signature=11F4DD379AC71F6355E93A25A43AA798FD0798FA.4C358D1B93812A135E0018FCC83BE987B1D891B1&hl=en&caps=asr&sparams=asr_langs%2Ccaps%2Cv%2Cexpire&expire=1542508351&key=yttt1&asr_langs=fr%2Cen%2Cja%2Cde%2Cit%2Cko%2Cnl%2Ces%2Cru%2Cpt&kind=asr&lang=en&tlang=ne&fmt=ttml", "ext": "ttml"}, {"url": "https://www.youtube.com/api/timedtext?v=_Vcu034k2Zk&signature=11F4DD379AC71F6355E93A25A43AA798FD0798FA.4C358D1B93812A135E0018FCC83BE987B1D891B1&hl=en&caps=asr&sparams=asr_langs%2Ccaps%2Cv%2Cexpire&expire=1542508351&key=yttt1&asr_langs=fr%2Cen%2Cja%2Cde%2Cit%2Cko%2Cnl%2Ces%2Cru%2Cpt&kind=asr&lang=en&tlang=ne&fmt=vtt", "ext": "vtt"}], "no": [{"url": "https://www.youtube.com/api/timedtext?v=_Vcu034k2Zk&signature=11F4DD379AC71F6355E93A25A43AA798FD0798FA.4C358D1B93812A135E0018FCC83BE987B1D891B1&hl=en&caps=asr&sparams=asr_langs%2Ccaps%2Cv%2Cexpire&expire=1542508351&key=yttt1&asr_langs=fr%2Cen%2Cja%2Cde%2Cit%2Cko%2Cnl%2Ces%2Cru%2Cpt&kind=asr&lang=en&tlang=no&fmt=ttml", "ext": "ttml"}, {"url": "https://www.youtube.com/api/timedtext?v=_Vcu034k2Zk&signature=11F4DD379AC71F6355E93A25A43AA798FD0798FA.4C358D1B93812A135E0018FCC83BE987B1D891B1&hl=en&caps=asr&sparams=asr_langs%2Ccaps%2Cv%2Cexpire&expire=1542508351&key=yttt1&asr_langs=fr%2Cen%2Cja%2Cde%2Cit%2Cko%2Cnl%2Ces%2Cru%2Cpt&kind=asr&lang=en&tlang=no&fmt=vtt", "ext": "vtt"}], "ny": [{"url": "https://www.youtube.com/api/timedtext?v=_Vcu034k2Zk&signature=11F4DD379AC71F6355E93A25A43AA798FD0798FA.4C358D1B93812A135E0018FCC83BE987B1D891B1&hl=en&caps=asr&sparams=asr_langs%2Ccaps%2Cv%2Cexpire&expire=1542508351&key=yttt1&asr_langs=fr%2Cen%2Cja%2Cde%2Cit%2Cko%2Cnl%2Ces%2Cru%2Cpt&kind=asr&lang=en&tlang=ny&fmt=ttml", "ext": "ttml"}, {"url": "https://www.youtube.com/api/timedtext?v=_Vcu034k2Zk&signature=11F4DD379AC71F6355E93A25A43AA798FD0798FA.4C358D1B93812A135E0018FCC83BE987B1D891B1&hl=en&caps=asr&sparams=asr_langs%2Ccaps%2Cv%2Cexpire&expire=1542508351&key=yttt1&asr_langs=fr%2Cen%2Cja%2Cde%2Cit%2Cko%2Cnl%2Ces%2Cru%2Cpt&kind=asr&lang=en&tlang=ny&fmt=vtt", "ext": "vtt"}], "ps": [{"url": "https://www.youtube.com/api/timedtext?v=_Vcu034k2Zk&signature=11F4DD379AC71F6355E93A25A43AA798FD0798FA.4C358D1B93812A135E0018FCC83BE987B1D891B1&hl=en&caps=asr&sparams=asr_langs%2Ccaps%2Cv%2Cexpire&expire=1542508351&key=yttt1&asr_langs=fr%2Cen%2Cja%2Cde%2Cit%2Cko%2Cnl%2Ces%2Cru%2Cpt&kind=asr&lang=en&tlang=ps&fmt=ttml", "ext": "ttml"}, {"url": "https://www.youtube.com/api/timedtext?v=_Vcu034k2Zk&signature=11F4DD379AC71F6355E93A25A43AA798FD0798FA.4C358D1B93812A135E0018FCC83BE987B1D891B1&hl=en&caps=asr&sparams=asr_langs%2Ccaps%2Cv%2Cexpire&expire=1542508351&key=yttt1&asr_langs=fr%2Cen%2Cja%2Cde%2Cit%2Cko%2Cnl%2Ces%2Cru%2Cpt&kind=asr&lang=en&tlang=ps&fmt=vtt", "ext": "vtt"}], "fa": [{"url": "https://www.youtube.com/api/timedtext?v=_Vcu034k2Zk&signature=11F4DD379AC71F6355E93A25A43AA798FD0798FA.4C358D1B93812A135E0018FCC83BE987B1D891B1&hl=en&caps=asr&sparams=asr_langs%2Ccaps%2Cv%2Cexpire&expire=1542508351&key=yttt1&asr_langs=fr%2Cen%2Cja%2Cde%2Cit%2Cko%2Cnl%2Ces%2Cru%2Cpt&kind=asr&lang=en&tlang=fa&fmt=ttml", "ext": "ttml"}, {"url": "https://www.youtube.com/api/timedtext?v=_Vcu034k2Zk&signature=11F4DD379AC71F6355E93A25A43AA798FD0798FA.4C358D1B93812A135E0018FCC83BE987B1D891B1&hl=en&caps=asr&sparams=asr_langs%2Ccaps%2Cv%2Cexpire&expire=1542508351&key=yttt1&asr_langs=fr%2Cen%2Cja%2Cde%2Cit%2Cko%2Cnl%2Ces%2Cru%2Cpt&kind=asr&lang=en&tlang=fa&fmt=vtt", "ext": "vtt"}], "pl": [{"url": "https://www.youtube.com/api/timedtext?v=_Vcu034k2Zk&signature=11F4DD379AC71F6355E93A25A43AA798FD0798FA.4C358D1B93812A135E0018FCC83BE987B1D891B1&hl=en&caps=asr&sparams=asr_langs%2Ccaps%2Cv%2Cexpire&expire=1542508351&key=yttt1&asr_langs=fr%2Cen%2Cja%2Cde%2Cit%2Cko%2Cnl%2Ces%2Cru%2Cpt&kind=asr&lang=en&tlang=pl&fmt=ttml", "ext": "ttml"}, {"url": "https://www.youtube.com/api/timedtext?v=_Vcu034k2Zk&signature=11F4DD379AC71F6355E93A25A43AA798FD0798FA.4C358D1B93812A135E0018FCC83BE987B1D891B1&hl=en&caps=asr&sparams=asr_langs%2Ccaps%2Cv%2Cexpire&expire=1542508351&key=yttt1&asr_langs=fr%2Cen%2Cja%2Cde%2Cit%2Cko%2Cnl%2Ces%2Cru%2Cpt&kind=asr&lang=en&tlang=pl&fmt=vtt", "ext": "vtt"}], "pt": [{"url": "https://www.youtube.com/api/timedtext?v=_Vcu034k2Zk&signature=11F4DD379AC71F6355E93A25A43AA798FD0798FA.4C358D1B93812A135E0018FCC83BE987B1D891B1&hl=en&caps=asr&sparams=asr_langs%2Ccaps%2Cv%2Cexpire&expire=1542508351&key=yttt1&asr_langs=fr%2Cen%2Cja%2Cde%2Cit%2Cko%2Cnl%2Ces%2Cru%2Cpt&kind=asr&lang=en&tlang=pt&fmt=ttml", "ext": "ttml"}, {"url": "https://www.youtube.com/api/timedtext?v=_Vcu034k2Zk&signature=11F4DD379AC71F6355E93A25A43AA798FD0798FA.4C358D1B93812A135E0018FCC83BE987B1D891B1&hl=en&caps=asr&sparams=asr_langs%2Ccaps%2Cv%2Cexpire&expire=1542508351&key=yttt1&asr_langs=fr%2Cen%2Cja%2Cde%2Cit%2Cko%2Cnl%2Ces%2Cru%2Cpt&kind=asr&lang=en&tlang=pt&fmt=vtt", "ext": "vtt"}], "pa": [{"url": "https://www.youtube.com/api/timedtext?v=_Vcu034k2Zk&signature=11F4DD379AC71F6355E93A25A43AA798FD0798FA.4C358D1B93812A135E0018FCC83BE987B1D891B1&hl=en&caps=asr&sparams=asr_langs%2Ccaps%2Cv%2Cexpire&expire=1542508351&key=yttt1&asr_langs=fr%2Cen%2Cja%2Cde%2Cit%2Cko%2Cnl%2Ces%2Cru%2Cpt&kind=asr&lang=en&tlang=pa&fmt=ttml", "ext": "ttml"}, {"url": "https://www.youtube.com/api/timedtext?v=_Vcu034k2Zk&signature=11F4DD379AC71F6355E93A25A43AA798FD0798FA.4C358D1B93812A135E0018FCC83BE987B1D891B1&hl=en&caps=asr&sparams=asr_langs%2Ccaps%2Cv%2Cexpire&expire=1542508351&key=yttt1&asr_langs=fr%2Cen%2Cja%2Cde%2Cit%2Cko%2Cnl%2Ces%2Cru%2Cpt&kind=asr&lang=en&tlang=pa&fmt=vtt", "ext": "vtt"}], "ro": [{"url": "https://www.youtube.com/api/timedtext?v=_Vcu034k2Zk&signature=11F4DD379AC71F6355E93A25A43AA798FD0798FA.4C358D1B93812A135E0018FCC83BE987B1D891B1&hl=en&caps=asr&sparams=asr_langs%2Ccaps%2Cv%2Cexpire&expire=1542508351&key=yttt1&asr_langs=fr%2Cen%2Cja%2Cde%2Cit%2Cko%2Cnl%2Ces%2Cru%2Cpt&kind=asr&lang=en&tlang=ro&fmt=ttml", "ext": "ttml"}, {"url": "https://www.youtube.com/api/timedtext?v=_Vcu034k2Zk&signature=11F4DD379AC71F6355E93A25A43AA798FD0798FA.4C358D1B93812A135E0018FCC83BE987B1D891B1&hl=en&caps=asr&sparams=asr_langs%2Ccaps%2Cv%2Cexpire&expire=1542508351&key=yttt1&asr_langs=fr%2Cen%2Cja%2Cde%2Cit%2Cko%2Cnl%2Ces%2Cru%2Cpt&kind=asr&lang=en&tlang=ro&fmt=vtt", "ext": "vtt"}], "ru": [{"url": "https://www.youtube.com/api/timedtext?v=_Vcu034k2Zk&signature=11F4DD379AC71F6355E93A25A43AA798FD0798FA.4C358D1B93812A135E0018FCC83BE987B1D891B1&hl=en&caps=asr&sparams=asr_langs%2Ccaps%2Cv%2Cexpire&expire=1542508351&key=yttt1&asr_langs=fr%2Cen%2Cja%2Cde%2Cit%2Cko%2Cnl%2Ces%2Cru%2Cpt&kind=asr&lang=en&tlang=ru&fmt=ttml", "ext": "ttml"}, {"url": "https://www.youtube.com/api/timedtext?v=_Vcu034k2Zk&signature=11F4DD379AC71F6355E93A25A43AA798FD0798FA.4C358D1B93812A135E0018FCC83BE987B1D891B1&hl=en&caps=asr&sparams=asr_langs%2Ccaps%2Cv%2Cexpire&expire=1542508351&key=yttt1&asr_langs=fr%2Cen%2Cja%2Cde%2Cit%2Cko%2Cnl%2Ces%2Cru%2Cpt&kind=asr&lang=en&tlang=ru&fmt=vtt", "ext": "vtt"}], "sm": [{"url": "https://www.youtube.com/api/timedtext?v=_Vcu034k2Zk&signature=11F4DD379AC71F6355E93A25A43AA798FD0798FA.4C358D1B93812A135E0018FCC83BE987B1D891B1&hl=en&caps=asr&sparams=asr_langs%2Ccaps%2Cv%2Cexpire&expire=1542508351&key=yttt1&asr_langs=fr%2Cen%2Cja%2Cde%2Cit%2Cko%2Cnl%2Ces%2Cru%2Cpt&kind=asr&lang=en&tlang=sm&fmt=ttml", "ext": "ttml"}, {"url": "https://www.youtube.com/api/timedtext?v=_Vcu034k2Zk&signature=11F4DD379AC71F6355E93A25A43AA798FD0798FA.4C358D1B93812A135E0018FCC83BE987B1D891B1&hl=en&caps=asr&sparams=asr_langs%2Ccaps%2Cv%2Cexpire&expire=1542508351&key=yttt1&asr_langs=fr%2Cen%2Cja%2Cde%2Cit%2Cko%2Cnl%2Ces%2Cru%2Cpt&kind=asr&lang=en&tlang=sm&fmt=vtt", "ext": "vtt"}], "gd": [{"url": "https://www.youtube.com/api/timedtext?v=_Vcu034k2Zk&signature=11F4DD379AC71F6355E93A25A43AA798FD0798FA.4C358D1B93812A135E0018FCC83BE987B1D891B1&hl=en&caps=asr&sparams=asr_langs%2Ccaps%2Cv%2Cexpire&expire=1542508351&key=yttt1&asr_langs=fr%2Cen%2Cja%2Cde%2Cit%2Cko%2Cnl%2Ces%2Cru%2Cpt&kind=asr&lang=en&tlang=gd&fmt=ttml", "ext": "ttml"}, {"url": "https://www.youtube.com/api/timedtext?v=_Vcu034k2Zk&signature=11F4DD379AC71F6355E93A25A43AA798FD0798FA.4C358D1B93812A135E0018FCC83BE987B1D891B1&hl=en&caps=asr&sparams=asr_langs%2Ccaps%2Cv%2Cexpire&expire=1542508351&key=yttt1&asr_langs=fr%2Cen%2Cja%2Cde%2Cit%2Cko%2Cnl%2Ces%2Cru%2Cpt&kind=asr&lang=en&tlang=gd&fmt=vtt", "ext": "vtt"}], "sr": [{"url": "https://www.youtube.com/api/timedtext?v=_Vcu034k2Zk&signature=11F4DD379AC71F6355E93A25A43AA798FD0798FA.4C358D1B93812A135E0018FCC83BE987B1D891B1&hl=en&caps=asr&sparams=asr_langs%2Ccaps%2Cv%2Cexpire&expire=1542508351&key=yttt1&asr_langs=fr%2Cen%2Cja%2Cde%2Cit%2Cko%2Cnl%2Ces%2Cru%2Cpt&kind=asr&lang=en&tlang=sr&fmt=ttml", "ext": "ttml"}, {"url": "https://www.youtube.com/api/timedtext?v=_Vcu034k2Zk&signature=11F4DD379AC71F6355E93A25A43AA798FD0798FA.4C358D1B93812A135E0018FCC83BE987B1D891B1&hl=en&caps=asr&sparams=asr_langs%2Ccaps%2Cv%2Cexpire&expire=1542508351&key=yttt1&asr_langs=fr%2Cen%2Cja%2Cde%2Cit%2Cko%2Cnl%2Ces%2Cru%2Cpt&kind=asr&lang=en&tlang=sr&fmt=vtt", "ext": "vtt"}], "sn": [{"url": "https://www.youtube.com/api/timedtext?v=_Vcu034k2Zk&signature=11F4DD379AC71F6355E93A25A43AA798FD0798FA.4C358D1B93812A135E0018FCC83BE987B1D891B1&hl=en&caps=asr&sparams=asr_langs%2Ccaps%2Cv%2Cexpire&expire=1542508351&key=yttt1&asr_langs=fr%2Cen%2Cja%2Cde%2Cit%2Cko%2Cnl%2Ces%2Cru%2Cpt&kind=asr&lang=en&tlang=sn&fmt=ttml", "ext": "ttml"}, {"url": "https://www.youtube.com/api/timedtext?v=_Vcu034k2Zk&signature=11F4DD379AC71F6355E93A25A43AA798FD0798FA.4C358D1B93812A135E0018FCC83BE987B1D891B1&hl=en&caps=asr&sparams=asr_langs%2Ccaps%2Cv%2Cexpire&expire=1542508351&key=yttt1&asr_langs=fr%2Cen%2Cja%2Cde%2Cit%2Cko%2Cnl%2Ces%2Cru%2Cpt&kind=asr&lang=en&tlang=sn&fmt=vtt", "ext": "vtt"}], "sd": [{"url": "https://www.youtube.com/api/timedtext?v=_Vcu034k2Zk&signature=11F4DD379AC71F6355E93A25A43AA798FD0798FA.4C358D1B93812A135E0018FCC83BE987B1D891B1&hl=en&caps=asr&sparams=asr_langs%2Ccaps%2Cv%2Cexpire&expire=1542508351&key=yttt1&asr_langs=fr%2Cen%2Cja%2Cde%2Cit%2Cko%2Cnl%2Ces%2Cru%2Cpt&kind=asr&lang=en&tlang=sd&fmt=ttml", "ext": "ttml"}, {"url": "https://www.youtube.com/api/timedtext?v=_Vcu034k2Zk&signature=11F4DD379AC71F6355E93A25A43AA798FD0798FA.4C358D1B93812A135E0018FCC83BE987B1D891B1&hl=en&caps=asr&sparams=asr_langs%2Ccaps%2Cv%2Cexpire&expire=1542508351&key=yttt1&asr_langs=fr%2Cen%2Cja%2Cde%2Cit%2Cko%2Cnl%2Ces%2Cru%2Cpt&kind=asr&lang=en&tlang=sd&fmt=vtt", "ext": "vtt"}], "si": [{"url": "https://www.youtube.com/api/timedtext?v=_Vcu034k2Zk&signature=11F4DD379AC71F6355E93A25A43AA798FD0798FA.4C358D1B93812A135E0018FCC83BE987B1D891B1&hl=en&caps=asr&sparams=asr_langs%2Ccaps%2Cv%2Cexpire&expire=1542508351&key=yttt1&asr_langs=fr%2Cen%2Cja%2Cde%2Cit%2Cko%2Cnl%2Ces%2Cru%2Cpt&kind=asr&lang=en&tlang=si&fmt=ttml", "ext": "ttml"}, {"url": "https://www.youtube.com/api/timedtext?v=_Vcu034k2Zk&signature=11F4DD379AC71F6355E93A25A43AA798FD0798FA.4C358D1B93812A135E0018FCC83BE987B1D891B1&hl=en&caps=asr&sparams=asr_langs%2Ccaps%2Cv%2Cexpire&expire=1542508351&key=yttt1&asr_langs=fr%2Cen%2Cja%2Cde%2Cit%2Cko%2Cnl%2Ces%2Cru%2Cpt&kind=asr&lang=en&tlang=si&fmt=vtt", "ext": "vtt"}], "sk": [{"url": "https://www.youtube.com/api/timedtext?v=_Vcu034k2Zk&signature=11F4DD379AC71F6355E93A25A43AA798FD0798FA.4C358D1B93812A135E0018FCC83BE987B1D891B1&hl=en&caps=asr&sparams=asr_langs%2Ccaps%2Cv%2Cexpire&expire=1542508351&key=yttt1&asr_langs=fr%2Cen%2Cja%2Cde%2Cit%2Cko%2Cnl%2Ces%2Cru%2Cpt&kind=asr&lang=en&tlang=sk&fmt=ttml", "ext": "ttml"}, {"url": "https://www.youtube.com/api/timedtext?v=_Vcu034k2Zk&signature=11F4DD379AC71F6355E93A25A43AA798FD0798FA.4C358D1B93812A135E0018FCC83BE987B1D891B1&hl=en&caps=asr&sparams=asr_langs%2Ccaps%2Cv%2Cexpire&expire=1542508351&key=yttt1&asr_langs=fr%2Cen%2Cja%2Cde%2Cit%2Cko%2Cnl%2Ces%2Cru%2Cpt&kind=asr&lang=en&tlang=sk&fmt=vtt", "ext": "vtt"}], "sl": [{"url": "https://www.youtube.com/api/timedtext?v=_Vcu034k2Zk&signature=11F4DD379AC71F6355E93A25A43AA798FD0798FA.4C358D1B93812A135E0018FCC83BE987B1D891B1&hl=en&caps=asr&sparams=asr_langs%2Ccaps%2Cv%2Cexpire&expire=1542508351&key=yttt1&asr_langs=fr%2Cen%2Cja%2Cde%2Cit%2Cko%2Cnl%2Ces%2Cru%2Cpt&kind=asr&lang=en&tlang=sl&fmt=ttml", "ext": "ttml"}, {"url": "https://www.youtube.com/api/timedtext?v=_Vcu034k2Zk&signature=11F4DD379AC71F6355E93A25A43AA798FD0798FA.4C358D1B93812A135E0018FCC83BE987B1D891B1&hl=en&caps=asr&sparams=asr_langs%2Ccaps%2Cv%2Cexpire&expire=1542508351&key=yttt1&asr_langs=fr%2Cen%2Cja%2Cde%2Cit%2Cko%2Cnl%2Ces%2Cru%2Cpt&kind=asr&lang=en&tlang=sl&fmt=vtt", "ext": "vtt"}], "so": [{"url": "https://www.youtube.com/api/timedtext?v=_Vcu034k2Zk&signature=11F4DD379AC71F6355E93A25A43AA798FD0798FA.4C358D1B93812A135E0018FCC83BE987B1D891B1&hl=en&caps=asr&sparams=asr_langs%2Ccaps%2Cv%2Cexpire&expire=1542508351&key=yttt1&asr_langs=fr%2Cen%2Cja%2Cde%2Cit%2Cko%2Cnl%2Ces%2Cru%2Cpt&kind=asr&lang=en&tlang=so&fmt=ttml", "ext": "ttml"}, {"url": "https://www.youtube.com/api/timedtext?v=_Vcu034k2Zk&signature=11F4DD379AC71F6355E93A25A43AA798FD0798FA.4C358D1B93812A135E0018FCC83BE987B1D891B1&hl=en&caps=asr&sparams=asr_langs%2Ccaps%2Cv%2Cexpire&expire=1542508351&key=yttt1&asr_langs=fr%2Cen%2Cja%2Cde%2Cit%2Cko%2Cnl%2Ces%2Cru%2Cpt&kind=asr&lang=en&tlang=so&fmt=vtt", "ext": "vtt"}], "st": [{"url": "https://www.youtube.com/api/timedtext?v=_Vcu034k2Zk&signature=11F4DD379AC71F6355E93A25A43AA798FD0798FA.4C358D1B93812A135E0018FCC83BE987B1D891B1&hl=en&caps=asr&sparams=asr_langs%2Ccaps%2Cv%2Cexpire&expire=1542508351&key=yttt1&asr_langs=fr%2Cen%2Cja%2Cde%2Cit%2Cko%2Cnl%2Ces%2Cru%2Cpt&kind=asr&lang=en&tlang=st&fmt=ttml", "ext": "ttml"}, {"url": "https://www.youtube.com/api/timedtext?v=_Vcu034k2Zk&signature=11F4DD379AC71F6355E93A25A43AA798FD0798FA.4C358D1B93812A135E0018FCC83BE987B1D891B1&hl=en&caps=asr&sparams=asr_langs%2Ccaps%2Cv%2Cexpire&expire=1542508351&key=yttt1&asr_langs=fr%2Cen%2Cja%2Cde%2Cit%2Cko%2Cnl%2Ces%2Cru%2Cpt&kind=asr&lang=en&tlang=st&fmt=vtt", "ext": "vtt"}], "es": [{"url": "https://www.youtube.com/api/timedtext?v=_Vcu034k2Zk&signature=11F4DD379AC71F6355E93A25A43AA798FD0798FA.4C358D1B93812A135E0018FCC83BE987B1D891B1&hl=en&caps=asr&sparams=asr_langs%2Ccaps%2Cv%2Cexpire&expire=1542508351&key=yttt1&asr_langs=fr%2Cen%2Cja%2Cde%2Cit%2Cko%2Cnl%2Ces%2Cru%2Cpt&kind=asr&lang=en&tlang=es&fmt=ttml", "ext": "ttml"}, {"url": "https://www.youtube.com/api/timedtext?v=_Vcu034k2Zk&signature=11F4DD379AC71F6355E93A25A43AA798FD0798FA.4C358D1B93812A135E0018FCC83BE987B1D891B1&hl=en&caps=asr&sparams=asr_langs%2Ccaps%2Cv%2Cexpire&expire=1542508351&key=yttt1&asr_langs=fr%2Cen%2Cja%2Cde%2Cit%2Cko%2Cnl%2Ces%2Cru%2Cpt&kind=asr&lang=en&tlang=es&fmt=vtt", "ext": "vtt"}], "su": [{"url": "https://www.youtube.com/api/timedtext?v=_Vcu034k2Zk&signature=11F4DD379AC71F6355E93A25A43AA798FD0798FA.4C358D1B93812A135E0018FCC83BE987B1D891B1&hl=en&caps=asr&sparams=asr_langs%2Ccaps%2Cv%2Cexpire&expire=1542508351&key=yttt1&asr_langs=fr%2Cen%2Cja%2Cde%2Cit%2Cko%2Cnl%2Ces%2Cru%2Cpt&kind=asr&lang=en&tlang=su&fmt=ttml", "ext": "ttml"}, {"url": "https://www.youtube.com/api/timedtext?v=_Vcu034k2Zk&signature=11F4DD379AC71F6355E93A25A43AA798FD0798FA.4C358D1B93812A135E0018FCC83BE987B1D891B1&hl=en&caps=asr&sparams=asr_langs%2Ccaps%2Cv%2Cexpire&expire=1542508351&key=yttt1&asr_langs=fr%2Cen%2Cja%2Cde%2Cit%2Cko%2Cnl%2Ces%2Cru%2Cpt&kind=asr&lang=en&tlang=su&fmt=vtt", "ext": "vtt"}], "sw": [{"url": "https://www.youtube.com/api/timedtext?v=_Vcu034k2Zk&signature=11F4DD379AC71F6355E93A25A43AA798FD0798FA.4C358D1B93812A135E0018FCC83BE987B1D891B1&hl=en&caps=asr&sparams=asr_langs%2Ccaps%2Cv%2Cexpire&expire=1542508351&key=yttt1&asr_langs=fr%2Cen%2Cja%2Cde%2Cit%2Cko%2Cnl%2Ces%2Cru%2Cpt&kind=asr&lang=en&tlang=sw&fmt=ttml", "ext": "ttml"}, {"url": "https://www.youtube.com/api/timedtext?v=_Vcu034k2Zk&signature=11F4DD379AC71F6355E93A25A43AA798FD0798FA.4C358D1B93812A135E0018FCC83BE987B1D891B1&hl=en&caps=asr&sparams=asr_langs%2Ccaps%2Cv%2Cexpire&expire=1542508351&key=yttt1&asr_langs=fr%2Cen%2Cja%2Cde%2Cit%2Cko%2Cnl%2Ces%2Cru%2Cpt&kind=asr&lang=en&tlang=sw&fmt=vtt", "ext": "vtt"}], "sv": [{"url": "https://www.youtube.com/api/timedtext?v=_Vcu034k2Zk&signature=11F4DD379AC71F6355E93A25A43AA798FD0798FA.4C358D1B93812A135E0018FCC83BE987B1D891B1&hl=en&caps=asr&sparams=asr_langs%2Ccaps%2Cv%2Cexpire&expire=1542508351&key=yttt1&asr_langs=fr%2Cen%2Cja%2Cde%2Cit%2Cko%2Cnl%2Ces%2Cru%2Cpt&kind=asr&lang=en&tlang=sv&fmt=ttml", "ext": "ttml"}, {"url": "https://www.youtube.com/api/timedtext?v=_Vcu034k2Zk&signature=11F4DD379AC71F6355E93A25A43AA798FD0798FA.4C358D1B93812A135E0018FCC83BE987B1D891B1&hl=en&caps=asr&sparams=asr_langs%2Ccaps%2Cv%2Cexpire&expire=1542508351&key=yttt1&asr_langs=fr%2Cen%2Cja%2Cde%2Cit%2Cko%2Cnl%2Ces%2Cru%2Cpt&kind=asr&lang=en&tlang=sv&fmt=vtt", "ext": "vtt"}], "tg": [{"url": "https://www.youtube.com/api/timedtext?v=_Vcu034k2Zk&signature=11F4DD379AC71F6355E93A25A43AA798FD0798FA.4C358D1B93812A135E0018FCC83BE987B1D891B1&hl=en&caps=asr&sparams=asr_langs%2Ccaps%2Cv%2Cexpire&expire=1542508351&key=yttt1&asr_langs=fr%2Cen%2Cja%2Cde%2Cit%2Cko%2Cnl%2Ces%2Cru%2Cpt&kind=asr&lang=en&tlang=tg&fmt=ttml", "ext": "ttml"}, {"url": "https://www.youtube.com/api/timedtext?v=_Vcu034k2Zk&signature=11F4DD379AC71F6355E93A25A43AA798FD0798FA.4C358D1B93812A135E0018FCC83BE987B1D891B1&hl=en&caps=asr&sparams=asr_langs%2Ccaps%2Cv%2Cexpire&expire=1542508351&key=yttt1&asr_langs=fr%2Cen%2Cja%2Cde%2Cit%2Cko%2Cnl%2Ces%2Cru%2Cpt&kind=asr&lang=en&tlang=tg&fmt=vtt", "ext": "vtt"}], "ta": [{"url": "https://www.youtube.com/api/timedtext?v=_Vcu034k2Zk&signature=11F4DD379AC71F6355E93A25A43AA798FD0798FA.4C358D1B93812A135E0018FCC83BE987B1D891B1&hl=en&caps=asr&sparams=asr_langs%2Ccaps%2Cv%2Cexpire&expire=1542508351&key=yttt1&asr_langs=fr%2Cen%2Cja%2Cde%2Cit%2Cko%2Cnl%2Ces%2Cru%2Cpt&kind=asr&lang=en&tlang=ta&fmt=ttml", "ext": "ttml"}, {"url": "https://www.youtube.com/api/timedtext?v=_Vcu034k2Zk&signature=11F4DD379AC71F6355E93A25A43AA798FD0798FA.4C358D1B93812A135E0018FCC83BE987B1D891B1&hl=en&caps=asr&sparams=asr_langs%2Ccaps%2Cv%2Cexpire&expire=1542508351&key=yttt1&asr_langs=fr%2Cen%2Cja%2Cde%2Cit%2Cko%2Cnl%2Ces%2Cru%2Cpt&kind=asr&lang=en&tlang=ta&fmt=vtt", "ext": "vtt"}], "te": [{"url": "https://www.youtube.com/api/timedtext?v=_Vcu034k2Zk&signature=11F4DD379AC71F6355E93A25A43AA798FD0798FA.4C358D1B93812A135E0018FCC83BE987B1D891B1&hl=en&caps=asr&sparams=asr_langs%2Ccaps%2Cv%2Cexpire&expire=1542508351&key=yttt1&asr_langs=fr%2Cen%2Cja%2Cde%2Cit%2Cko%2Cnl%2Ces%2Cru%2Cpt&kind=asr&lang=en&tlang=te&fmt=ttml", "ext": "ttml"}, {"url": "https://www.youtube.com/api/timedtext?v=_Vcu034k2Zk&signature=11F4DD379AC71F6355E93A25A43AA798FD0798FA.4C358D1B93812A135E0018FCC83BE987B1D891B1&hl=en&caps=asr&sparams=asr_langs%2Ccaps%2Cv%2Cexpire&expire=1542508351&key=yttt1&asr_langs=fr%2Cen%2Cja%2Cde%2Cit%2Cko%2Cnl%2Ces%2Cru%2Cpt&kind=asr&lang=en&tlang=te&fmt=vtt", "ext": "vtt"}], "th": [{"url": "https://www.youtube.com/api/timedtext?v=_Vcu034k2Zk&signature=11F4DD379AC71F6355E93A25A43AA798FD0798FA.4C358D1B93812A135E0018FCC83BE987B1D891B1&hl=en&caps=asr&sparams=asr_langs%2Ccaps%2Cv%2Cexpire&expire=1542508351&key=yttt1&asr_langs=fr%2Cen%2Cja%2Cde%2Cit%2Cko%2Cnl%2Ces%2Cru%2Cpt&kind=asr&lang=en&tlang=th&fmt=ttml", "ext": "ttml"}, {"url": "https://www.youtube.com/api/timedtext?v=_Vcu034k2Zk&signature=11F4DD379AC71F6355E93A25A43AA798FD0798FA.4C358D1B93812A135E0018FCC83BE987B1D891B1&hl=en&caps=asr&sparams=asr_langs%2Ccaps%2Cv%2Cexpire&expire=1542508351&key=yttt1&asr_langs=fr%2Cen%2Cja%2Cde%2Cit%2Cko%2Cnl%2Ces%2Cru%2Cpt&kind=asr&lang=en&tlang=th&fmt=vtt", "ext": "vtt"}], "tr": [{"url": "https://www.youtube.com/api/timedtext?v=_Vcu034k2Zk&signature=11F4DD379AC71F6355E93A25A43AA798FD0798FA.4C358D1B93812A135E0018FCC83BE987B1D891B1&hl=en&caps=asr&sparams=asr_langs%2Ccaps%2Cv%2Cexpire&expire=1542508351&key=yttt1&asr_langs=fr%2Cen%2Cja%2Cde%2Cit%2Cko%2Cnl%2Ces%2Cru%2Cpt&kind=asr&lang=en&tlang=tr&fmt=ttml", "ext": "ttml"}, {"url": "https://www.youtube.com/api/timedtext?v=_Vcu034k2Zk&signature=11F4DD379AC71F6355E93A25A43AA798FD0798FA.4C358D1B93812A135E0018FCC83BE987B1D891B1&hl=en&caps=asr&sparams=asr_langs%2Ccaps%2Cv%2Cexpire&expire=1542508351&key=yttt1&asr_langs=fr%2Cen%2Cja%2Cde%2Cit%2Cko%2Cnl%2Ces%2Cru%2Cpt&kind=asr&lang=en&tlang=tr&fmt=vtt", "ext": "vtt"}], "uk": [{"url": "https://www.youtube.com/api/timedtext?v=_Vcu034k2Zk&signature=11F4DD379AC71F6355E93A25A43AA798FD0798FA.4C358D1B93812A135E0018FCC83BE987B1D891B1&hl=en&caps=asr&sparams=asr_langs%2Ccaps%2Cv%2Cexpire&expire=1542508351&key=yttt1&asr_langs=fr%2Cen%2Cja%2Cde%2Cit%2Cko%2Cnl%2Ces%2Cru%2Cpt&kind=asr&lang=en&tlang=uk&fmt=ttml", "ext": "ttml"}, {"url": "https://www.youtube.com/api/timedtext?v=_Vcu034k2Zk&signature=11F4DD379AC71F6355E93A25A43AA798FD0798FA.4C358D1B93812A135E0018FCC83BE987B1D891B1&hl=en&caps=asr&sparams=asr_langs%2Ccaps%2Cv%2Cexpire&expire=1542508351&key=yttt1&asr_langs=fr%2Cen%2Cja%2Cde%2Cit%2Cko%2Cnl%2Ces%2Cru%2Cpt&kind=asr&lang=en&tlang=uk&fmt=vtt", "ext": "vtt"}], "ur": [{"url": "https://www.youtube.com/api/timedtext?v=_Vcu034k2Zk&signature=11F4DD379AC71F6355E93A25A43AA798FD0798FA.4C358D1B93812A135E0018FCC83BE987B1D891B1&hl=en&caps=asr&sparams=asr_langs%2Ccaps%2Cv%2Cexpire&expire=1542508351&key=yttt1&asr_langs=fr%2Cen%2Cja%2Cde%2Cit%2Cko%2Cnl%2Ces%2Cru%2Cpt&kind=asr&lang=en&tlang=ur&fmt=ttml", "ext": "ttml"}, {"url": "https://www.youtube.com/api/timedtext?v=_Vcu034k2Zk&signature=11F4DD379AC71F6355E93A25A43AA798FD0798FA.4C358D1B93812A135E0018FCC83BE987B1D891B1&hl=en&caps=asr&sparams=asr_langs%2Ccaps%2Cv%2Cexpire&expire=1542508351&key=yttt1&asr_langs=fr%2Cen%2Cja%2Cde%2Cit%2Cko%2Cnl%2Ces%2Cru%2Cpt&kind=asr&lang=en&tlang=ur&fmt=vtt", "ext": "vtt"}], "uz": [{"url": "https://www.youtube.com/api/timedtext?v=_Vcu034k2Zk&signature=11F4DD379AC71F6355E93A25A43AA798FD0798FA.4C358D1B93812A135E0018FCC83BE987B1D891B1&hl=en&caps=asr&sparams=asr_langs%2Ccaps%2Cv%2Cexpire&expire=1542508351&key=yttt1&asr_langs=fr%2Cen%2Cja%2Cde%2Cit%2Cko%2Cnl%2Ces%2Cru%2Cpt&kind=asr&lang=en&tlang=uz&fmt=ttml", "ext": "ttml"}, {"url": "https://www.youtube.com/api/timedtext?v=_Vcu034k2Zk&signature=11F4DD379AC71F6355E93A25A43AA798FD0798FA.4C358D1B93812A135E0018FCC83BE987B1D891B1&hl=en&caps=asr&sparams=asr_langs%2Ccaps%2Cv%2Cexpire&expire=1542508351&key=yttt1&asr_langs=fr%2Cen%2Cja%2Cde%2Cit%2Cko%2Cnl%2Ces%2Cru%2Cpt&kind=asr&lang=en&tlang=uz&fmt=vtt", "ext": "vtt"}], "vi": [{"url": "https://www.youtube.com/api/timedtext?v=_Vcu034k2Zk&signature=11F4DD379AC71F6355E93A25A43AA798FD0798FA.4C358D1B93812A135E0018FCC83BE987B1D891B1&hl=en&caps=asr&sparams=asr_langs%2Ccaps%2Cv%2Cexpire&expire=1542508351&key=yttt1&asr_langs=fr%2Cen%2Cja%2Cde%2Cit%2Cko%2Cnl%2Ces%2Cru%2Cpt&kind=asr&lang=en&tlang=vi&fmt=ttml", "ext": "ttml"}, {"url": "https://www.youtube.com/api/timedtext?v=_Vcu034k2Zk&signature=11F4DD379AC71F6355E93A25A43AA798FD0798FA.4C358D1B93812A135E0018FCC83BE987B1D891B1&hl=en&caps=asr&sparams=asr_langs%2Ccaps%2Cv%2Cexpire&expire=1542508351&key=yttt1&asr_langs=fr%2Cen%2Cja%2Cde%2Cit%2Cko%2Cnl%2Ces%2Cru%2Cpt&kind=asr&lang=en&tlang=vi&fmt=vtt", "ext": "vtt"}], "cy": [{"url": "https://www.youtube.com/api/timedtext?v=_Vcu034k2Zk&signature=11F4DD379AC71F6355E93A25A43AA798FD0798FA.4C358D1B93812A135E0018FCC83BE987B1D891B1&hl=en&caps=asr&sparams=asr_langs%2Ccaps%2Cv%2Cexpire&expire=1542508351&key=yttt1&asr_langs=fr%2Cen%2Cja%2Cde%2Cit%2Cko%2Cnl%2Ces%2Cru%2Cpt&kind=asr&lang=en&tlang=cy&fmt=ttml", "ext": "ttml"}, {"url": "https://www.youtube.com/api/timedtext?v=_Vcu034k2Zk&signature=11F4DD379AC71F6355E93A25A43AA798FD0798FA.4C358D1B93812A135E0018FCC83BE987B1D891B1&hl=en&caps=asr&sparams=asr_langs%2Ccaps%2Cv%2Cexpire&expire=1542508351&key=yttt1&asr_langs=fr%2Cen%2Cja%2Cde%2Cit%2Cko%2Cnl%2Ces%2Cru%2Cpt&kind=asr&lang=en&tlang=cy&fmt=vtt", "ext": "vtt"}], "fy": [{"url": "https://www.youtube.com/api/timedtext?v=_Vcu034k2Zk&signature=11F4DD379AC71F6355E93A25A43AA798FD0798FA.4C358D1B93812A135E0018FCC83BE987B1D891B1&hl=en&caps=asr&sparams=asr_langs%2Ccaps%2Cv%2Cexpire&expire=1542508351&key=yttt1&asr_langs=fr%2Cen%2Cja%2Cde%2Cit%2Cko%2Cnl%2Ces%2Cru%2Cpt&kind=asr&lang=en&tlang=fy&fmt=ttml", "ext": "ttml"}, {"url": "https://www.youtube.com/api/timedtext?v=_Vcu034k2Zk&signature=11F4DD379AC71F6355E93A25A43AA798FD0798FA.4C358D1B93812A135E0018FCC83BE987B1D891B1&hl=en&caps=asr&sparams=asr_langs%2Ccaps%2Cv%2Cexpire&expire=1542508351&key=yttt1&asr_langs=fr%2Cen%2Cja%2Cde%2Cit%2Cko%2Cnl%2Ces%2Cru%2Cpt&kind=asr&lang=en&tlang=fy&fmt=vtt", "ext": "vtt"}], "xh": [{"url": "https://www.youtube.com/api/timedtext?v=_Vcu034k2Zk&signature=11F4DD379AC71F6355E93A25A43AA798FD0798FA.4C358D1B93812A135E0018FCC83BE987B1D891B1&hl=en&caps=asr&sparams=asr_langs%2Ccaps%2Cv%2Cexpire&expire=1542508351&key=yttt1&asr_langs=fr%2Cen%2Cja%2Cde%2Cit%2Cko%2Cnl%2Ces%2Cru%2Cpt&kind=asr&lang=en&tlang=xh&fmt=ttml", "ext": "ttml"}, {"url": "https://www.youtube.com/api/timedtext?v=_Vcu034k2Zk&signature=11F4DD379AC71F6355E93A25A43AA798FD0798FA.4C358D1B93812A135E0018FCC83BE987B1D891B1&hl=en&caps=asr&sparams=asr_langs%2Ccaps%2Cv%2Cexpire&expire=1542508351&key=yttt1&asr_langs=fr%2Cen%2Cja%2Cde%2Cit%2Cko%2Cnl%2Ces%2Cru%2Cpt&kind=asr&lang=en&tlang=xh&fmt=vtt", "ext": "vtt"}], "yi": [{"url": "https://www.youtube.com/api/timedtext?v=_Vcu034k2Zk&signature=11F4DD379AC71F6355E93A25A43AA798FD0798FA.4C358D1B93812A135E0018FCC83BE987B1D891B1&hl=en&caps=asr&sparams=asr_langs%2Ccaps%2Cv%2Cexpire&expire=1542508351&key=yttt1&asr_langs=fr%2Cen%2Cja%2Cde%2Cit%2Cko%2Cnl%2Ces%2Cru%2Cpt&kind=asr&lang=en&tlang=yi&fmt=ttml", "ext": "ttml"}, {"url": "https://www.youtube.com/api/timedtext?v=_Vcu034k2Zk&signature=11F4DD379AC71F6355E93A25A43AA798FD0798FA.4C358D1B93812A135E0018FCC83BE987B1D891B1&hl=en&caps=asr&sparams=asr_langs%2Ccaps%2Cv%2Cexpire&expire=1542508351&key=yttt1&asr_langs=fr%2Cen%2Cja%2Cde%2Cit%2Cko%2Cnl%2Ces%2Cru%2Cpt&kind=asr&lang=en&tlang=yi&fmt=vtt", "ext": "vtt"}], "yo": [{"url": "https://www.youtube.com/api/timedtext?v=_Vcu034k2Zk&signature=11F4DD379AC71F6355E93A25A43AA798FD0798FA.4C358D1B93812A135E0018FCC83BE987B1D891B1&hl=en&caps=asr&sparams=asr_langs%2Ccaps%2Cv%2Cexpire&expire=1542508351&key=yttt1&asr_langs=fr%2Cen%2Cja%2Cde%2Cit%2Cko%2Cnl%2Ces%2Cru%2Cpt&kind=asr&lang=en&tlang=yo&fmt=ttml", "ext": "ttml"}, {"url": "https://www.youtube.com/api/timedtext?v=_Vcu034k2Zk&signature=11F4DD379AC71F6355E93A25A43AA798FD0798FA.4C358D1B93812A135E0018FCC83BE987B1D891B1&hl=en&caps=asr&sparams=asr_langs%2Ccaps%2Cv%2Cexpire&expire=1542508351&key=yttt1&asr_langs=fr%2Cen%2Cja%2Cde%2Cit%2Cko%2Cnl%2Ces%2Cru%2Cpt&kind=asr&lang=en&tlang=yo&fmt=vtt", "ext": "vtt"}], "zu": [{"url": "https://www.youtube.com/api/timedtext?v=_Vcu034k2Zk&signature=11F4DD379AC71F6355E93A25A43AA798FD0798FA.4C358D1B93812A135E0018FCC83BE987B1D891B1&hl=en&caps=asr&sparams=asr_langs%2Ccaps%2Cv%2Cexpire&expire=1542508351&key=yttt1&asr_langs=fr%2Cen%2Cja%2Cde%2Cit%2Cko%2Cnl%2Ces%2Cru%2Cpt&kind=asr&lang=en&tlang=zu&fmt=ttml", "ext": "ttml"}, {"url": "https://www.youtube.com/api/timedtext?v=_Vcu034k2Zk&signature=11F4DD379AC71F6355E93A25A43AA798FD0798FA.4C358D1B93812A135E0018FCC83BE987B1D891B1&hl=en&caps=asr&sparams=asr_langs%2Ccaps%2Cv%2Cexpire&expire=1542508351&key=yttt1&asr_langs=fr%2Cen%2Cja%2Cde%2Cit%2Cko%2Cnl%2Ces%2Cru%2Cpt&kind=asr&lang=en&tlang=zu&fmt=vtt", "ext": "vtt"}]}, "duration": 982, "age_limit": 0, "annotations": null, "chapters": null, "webpage_url": "https://www.youtube.com/watch?v=_Vcu034k2Zk", "view_count": 1154, "like_count": 5, "dislike_count": 0, "average_rating": 5.0, "formats": [{"format_id": "249", "url": "https://r2---sn-o097znl6.googlevideo.com/videoplayback?ms=au%2Conr&ei=z2zwW9WnIpamkgbx9KLQBQ&mv=m&pl=22&ipbits=0&source=youtube&id=o-AAiSuk7T0xKTrWNmdezROMU9YLZIMaMxh85bfZSxvMH4&expire=1542504751&mm=31%2C26&itag=249&mt=1542483046&mn=sn-o097znl6%2Csn-a5mlrn7s&keepalive=yes&sparams=clen%2Cdur%2Cei%2Cgir%2Cid%2Cinitcwndbps%2Cip%2Cipbits%2Citag%2Ckeepalive%2Clmt%2Cmime%2Cmm%2Cmn%2Cms%2Cmv%2Cpl%2Crequiressl%2Csource%2Cexpire&signature=D39901F27C22FBA06DB0F013FAC8C2000BABD9ED.5061E2272F3E30B52FCCB2B9B2398CECFD546281&requiressl=yes&initcwndbps=1776250&ip=69.181.125.22&key=yt6&gir=yes&mime=audio%2Fwebm&clen=6156315&dur=981.581&fvip=5&c=WEB&lmt=1458974794726915&ratebypass=yes", "player_url": "/yts/jsbin/player_ias-vflof8Kxx/en_US/base.js", "ext": "webm", "format_note": "DASH audio", "acodec": "opus", "abr": 50, "filesize": 6156315, "tbr": 50.86, "quality": -1, "vcodec": "none", "downloader_options": {"http_chunk_size": 10485760}, "format": "249 - audio only (DASH audio)", "protocol": "https", "http_headers": {"User-Agent": "Mozilla/5.0 (X11; Linux x86_64; rv:59.0) Gecko/20100101 Firefox/59.0", "Accept-Charset": "ISO-8859-1,utf-8;q=0.7,*;q=0.7", "Accept": "text/html,application/xhtml+xml,application/xml;q=0.9,*/*;q=0.8", "Accept-Encoding": "gzip, deflate", "Accept-Language": "en-us,en;q=0.5"}}, {"format_id": "250", "url": "https://r2---sn-o097znl6.googlevideo.com/videoplayback?ms=au%2Conr&ei=z2zwW9WnIpamkgbx9KLQBQ&mv=m&pl=22&ipbits=0&source=youtube&id=o-AAiSuk7T0xKTrWNmdezROMU9YLZIMaMxh85bfZSxvMH4&expire=1542504751&mm=31%2C26&itag=250&mt=1542483046&mn=sn-o097znl6%2Csn-a5mlrn7s&keepalive=yes&sparams=clen%2Cdur%2Cei%2Cgir%2Cid%2Cinitcwndbps%2Cip%2Cipbits%2Citag%2Ckeepalive%2Clmt%2Cmime%2Cmm%2Cmn%2Cms%2Cmv%2Cpl%2Crequiressl%2Csource%2Cexpire&signature=20F92185CF3D178D871D92DE4A2ECE4347858017.7A3A749505CE939806DC4E9002CA05148EE0721F&requiressl=yes&initcwndbps=1776250&ip=69.181.125.22&key=yt6&gir=yes&mime=audio%2Fwebm&clen=8421919&dur=981.581&fvip=5&c=WEB&lmt=1458974805724599&ratebypass=yes", "player_url": "/yts/jsbin/player_ias-vflof8Kxx/en_US/base.js", "ext": "webm", "format_note": "DASH audio", "acodec": "opus", "abr": 70, "filesize": 8421919, "tbr": 74.628, "quality": -1, "vcodec": "none", "downloader_options": {"http_chunk_size": 10485760}, "format": "250 - audio only (DASH audio)", "protocol": "https", "http_headers": {"User-Agent": "Mozilla/5.0 (X11; Linux x86_64; rv:59.0) Gecko/20100101 Firefox/59.0", "Accept-Charset": "ISO-8859-1,utf-8;q=0.7,*;q=0.7", "Accept": "text/html,application/xhtml+xml,application/xml;q=0.9,*/*;q=0.8", "Accept-Encoding": "gzip, deflate", "Accept-Language": "en-us,en;q=0.5"}}, {"format_id": "171", "url": "https://r2---sn-o097znl6.googlevideo.com/videoplayback?ms=au%2Conr&ei=z2zwW9WnIpamkgbx9KLQBQ&mv=m&pl=22&ipbits=0&source=youtube&id=o-AAiSuk7T0xKTrWNmdezROMU9YLZIMaMxh85bfZSxvMH4&expire=1542504751&mm=31%2C26&itag=171&mt=1542483046&mn=sn-o097znl6%2Csn-a5mlrn7s&keepalive=yes&sparams=clen%2Cdur%2Cei%2Cgir%2Cid%2Cinitcwndbps%2Cip%2Cipbits%2Citag%2Ckeepalive%2Clmt%2Cmime%2Cmm%2Cmn%2Cms%2Cmv%2Cpl%2Crequiressl%2Csource%2Cexpire&signature=97586728B6B4D8DB1D9EA9A96D38CFD29DE49AD9.3E659BD759A3D0699C03C7871A4CF2ECB9EAB3A0&requiressl=yes&initcwndbps=1776250&ip=69.181.125.22&key=yt6&gir=yes&mime=audio%2Fwebm&clen=9424248&dur=981.570&fvip=5&c=WEB&lmt=1458974773774484&ratebypass=yes", "player_url": "/yts/jsbin/player_ias-vflof8Kxx/en_US/base.js", "ext": "webm", "acodec": "vorbis", "format_note": "DASH audio", "abr": 128, "filesize": 9424248, "tbr": 79.276, "quality": -1, "vcodec": "none", "downloader_options": {"http_chunk_size": 10485760}, "format": "171 - audio only (DASH audio)", "protocol": "https", "http_headers": {"User-Agent": "Mozilla/5.0 (X11; Linux x86_64; rv:59.0) Gecko/20100101 Firefox/59.0", "Accept-Charset": "ISO-8859-1,utf-8;q=0.7,*;q=0.7", "Accept": "text/html,application/xhtml+xml,application/xml;q=0.9,*/*;q=0.8", "Accept-Encoding": "gzip, deflate", "Accept-Language": "en-us,en;q=0.5"}}, {"format_id": "140", "url": "https://r2---sn-o097znl6.googlevideo.com/videoplayback?ms=au%2Conr&ei=z2zwW9WnIpamkgbx9KLQBQ&mv=m&pl=22&ipbits=0&source=youtube&id=o-AAiSuk7T0xKTrWNmdezROMU9YLZIMaMxh85bfZSxvMH4&expire=1542504751&mm=31%2C26&itag=140&mt=1542483046&mn=sn-o097znl6%2Csn-a5mlrn7s&keepalive=yes&sparams=clen%2Cdur%2Cei%2Cgir%2Cid%2Cinitcwndbps%2Cip%2Cipbits%2Citag%2Ckeepalive%2Clmt%2Cmime%2Cmm%2Cmn%2Cms%2Cmv%2Cpl%2Crequiressl%2Csource%2Cexpire&signature=01BEF0AC60D579C68209E87FCF626E0A9219627C.6ADAF2DFE2B1B8A565ED7499C856DDA4B1E18721&requiressl=yes&initcwndbps=1776250&ip=69.181.125.22&key=yt6&gir=yes&mime=audio%2Fmp4&clen=11664765&dur=981.623&fvip=5&c=WEB&lmt=1458880781286100&ratebypass=yes", "player_url": "/yts/jsbin/player_ias-vflof8Kxx/en_US/base.js", "ext": "m4a", "format_note": "DASH audio", "acodec": "mp4a.40.2", "abr": 128, "container": "m4a_dash", "filesize": 11664765, "tbr": 96.573, "quality": -1, "vcodec": "none", "downloader_options": {"http_chunk_size": 10485760}, "format": "140 - audio only (DASH audio)", "protocol": "https", "http_headers": {"User-Agent": "Mozilla/5.0 (X11; Linux x86_64; rv:59.0) Gecko/20100101 Firefox/59.0", "Accept-Charset": "ISO-8859-1,utf-8;q=0.7,*;q=0.7", "Accept": "text/html,application/xhtml+xml,application/xml;q=0.9,*/*;q=0.8", "Accept-Encoding": "gzip, deflate", "Accept-Language": "en-us,en;q=0.5"}}, {"format_id": "251", "url": "https://r2---sn-o097znl6.googlevideo.com/videoplayback?ms=au%2Conr&ei=z2zwW9WnIpamkgbx9KLQBQ&mv=m&pl=22&ipbits=0&source=youtube&id=o-AAiSuk7T0xKTrWNmdezROMU9YLZIMaMxh85bfZSxvMH4&expire=1542504751&mm=31%2C26&itag=251&mt=1542483046&mn=sn-o097znl6%2Csn-a5mlrn7s&keepalive=yes&sparams=clen%2Cdur%2Cei%2Cgir%2Cid%2Cinitcwndbps%2Cip%2Cipbits%2Citag%2Ckeepalive%2Clmt%2Cmime%2Cmm%2Cmn%2Cms%2Cmv%2Cpl%2Crequiressl%2Csource%2Cexpire&signature=056CE5AE3D8EF0ABE96FEA28E3174252BA815906.44D2EA777637C14D85C8C949524CD65EEBCD6837&requiressl=yes&initcwndbps=1776250&ip=69.181.125.22&key=yt6&gir=yes&mime=audio%2Fwebm&clen=12406680&dur=981.581&fvip=5&c=WEB&lmt=1458974781536851&ratebypass=yes", "player_url": "/yts/jsbin/player_ias-vflof8Kxx/en_US/base.js", "ext": "webm", "format_note": "DASH audio", "acodec": "opus", "abr": 160, "filesize": 12406680, "tbr": 107.064, "quality": -1, "vcodec": "none", "downloader_options": {"http_chunk_size": 10485760}, "format": "251 - audio only (DASH audio)", "protocol": "https", "http_headers": {"User-Agent": "Mozilla/5.0 (X11; Linux x86_64; rv:59.0) Gecko/20100101 Firefox/59.0", "Accept-Charset": "ISO-8859-1,utf-8;q=0.7,*;q=0.7", "Accept": "text/html,application/xhtml+xml,application/xml;q=0.9,*/*;q=0.8", "Accept-Encoding": "gzip, deflate", "Accept-Language": "en-us,en;q=0.5"}}, {"format_id": "278", "url": "https://r2---sn-o097znl6.googlevideo.com/videoplayback?ms=au%2Conr&ei=z2zwW9WnIpamkgbx9KLQBQ&mv=m&pl=22&ipbits=0&source=youtube&id=o-AAiSuk7T0xKTrWNmdezROMU9YLZIMaMxh85bfZSxvMH4&expire=1542504751&mm=31%2C26&itag=278&mt=1542483046&mn=sn-o097znl6%2Csn-a5mlrn7s&keepalive=yes&sparams=aitags%2Cclen%2Cdur%2Cei%2Cgir%2Cid%2Cinitcwndbps%2Cip%2Cipbits%2Citag%2Ckeepalive%2Clmt%2Cmime%2Cmm%2Cmn%2Cms%2Cmv%2Cpl%2Crequiressl%2Csource%2Cexpire&signature=959C862FC1E3EB6709386B97E7A5720270938B2F.91EC57942733AC157F0C5C2D9AD890B1EE38CD56&requiressl=yes&initcwndbps=1776250&ip=69.181.125.22&key=yt6&gir=yes&mime=video%2Fwebm&clen=4246553&aitags=133%2C134%2C135%2C160%2C242%2C243%2C244%2C278&dur=981.481&fvip=5&c=WEB&lmt=1458976893076701&ratebypass=yes", "player_url": "/yts/jsbin/player_ias-vflof8Kxx/en_US/base.js", "ext": "webm", "height": 144, "format_note": "144p", "container": "webm", "vcodec": "vp9", "filesize": 4246553, "tbr": 82.057, "width": 256, "fps": 30, "quality": -1, "acodec": "none", "downloader_options": {"http_chunk_size": 10485760}, "format": "278 - 256x144 (144p)", "protocol": "https", "http_headers": {"User-Agent": "Mozilla/5.0 (X11; Linux x86_64; rv:59.0) Gecko/20100101 Firefox/59.0", "Accept-Charset": "ISO-8859-1,utf-8;q=0.7,*;q=0.7", "Accept": "text/html,application/xhtml+xml,application/xml;q=0.9,*/*;q=0.8", "Accept-Encoding": "gzip, deflate", "Accept-Language": "en-us,en;q=0.5"}}, {"format_id": "160", "url": "https://r2---sn-o097znl6.googlevideo.com/videoplayback?ms=au%2Conr&ei=z2zwW9WnIpamkgbx9KLQBQ&mv=m&pl=22&ipbits=0&source=youtube&id=o-AAiSuk7T0xKTrWNmdezROMU9YLZIMaMxh85bfZSxvMH4&expire=1542504751&mm=31%2C26&itag=160&mt=1542483046&mn=sn-o097znl6%2Csn-a5mlrn7s&keepalive=yes&sparams=aitags%2Cclen%2Cdur%2Cei%2Cgir%2Cid%2Cinitcwndbps%2Cip%2Cipbits%2Citag%2Ckeepalive%2Clmt%2Cmime%2Cmm%2Cmn%2Cms%2Cmv%2Cpl%2Crequiressl%2Csource%2Cexpire&signature=3367BF45A45C89BDBA53FA062E4168000D1D5F54.ABA7FB890744FDA24751D6CD9CBC4D097E3D6D6C&requiressl=yes&initcwndbps=1776250&ip=69.181.125.22&key=yt6&gir=yes&mime=video%2Fmp4&clen=6328043&aitags=133%2C134%2C135%2C160%2C242%2C243%2C244%2C278&dur=981.513&fvip=5&c=WEB&lmt=1458880957271337&ratebypass=yes", "player_url": "/yts/jsbin/player_ias-vflof8Kxx/en_US/base.js", "ext": "mp4", "height": 144, "format_note": "144p", "vcodec": "avc1.4d400c", "filesize": 6328043, "tbr": 120.014, "width": 256, "fps": 30, "quality": -1, "acodec": "none", "downloader_options": {"http_chunk_size": 10485760}, "format": "160 - 256x144 (144p)", "protocol": "https", "http_headers": {"User-Agent": "Mozilla/5.0 (X11; Linux x86_64; rv:59.0) Gecko/20100101 Firefox/59.0", "Accept-Charset": "ISO-8859-1,utf-8;q=0.7,*;q=0.7", "Accept": "text/html,application/xhtml+xml,application/xml;q=0.9,*/*;q=0.8", "Accept-Encoding": "gzip, deflate", "Accept-Language": "en-us,en;q=0.5"}}, {"format_id": "242", "url": "https://r2---sn-o097znl6.googlevideo.com/videoplayback?ms=au%2Conr&ei=z2zwW9WnIpamkgbx9KLQBQ&mv=m&pl=22&ipbits=0&source=youtube&id=o-AAiSuk7T0xKTrWNmdezROMU9YLZIMaMxh85bfZSxvMH4&expire=1542504751&mm=31%2C26&itag=242&mt=1542483046&mn=sn-o097znl6%2Csn-a5mlrn7s&keepalive=yes&sparams=aitags%2Cclen%2Cdur%2Cei%2Cgir%2Cid%2Cinitcwndbps%2Cip%2Cipbits%2Citag%2Ckeepalive%2Clmt%2Cmime%2Cmm%2Cmn%2Cms%2Cmv%2Cpl%2Crequiressl%2Csource%2Cexpire&signature=28C5E7F95C9F2649EF7D3D6F1C83A33A093E4A60.6161323D93AC48BDE36A38485F7F0387ABBECE85&requiressl=yes&initcwndbps=1776250&ip=69.181.125.22&key=yt6&gir=yes&mime=video%2Fwebm&clen=6503510&aitags=133%2C134%2C135%2C160%2C242%2C243%2C244%2C278&dur=981.481&fvip=5&c=WEB&lmt=1458976893210954&ratebypass=yes", "player_url": "/yts/jsbin/player_ias-vflof8Kxx/en_US/base.js", "ext": "webm", "height": 240, "format_note": "240p", "vcodec": "vp9", "filesize": 6503510, "tbr": 141.541, "width": 426, "fps": 30, "quality": -1, "acodec": "none", "downloader_options": {"http_chunk_size": 10485760}, "format": "242 - 426x240 (240p)", "protocol": "https", "http_headers": {"User-Agent": "Mozilla/5.0 (X11; Linux x86_64; rv:59.0) Gecko/20100101 Firefox/59.0", "Accept-Charset": "ISO-8859-1,utf-8;q=0.7,*;q=0.7", "Accept": "text/html,application/xhtml+xml,application/xml;q=0.9,*/*;q=0.8", "Accept-Encoding": "gzip, deflate", "Accept-Language": "en-us,en;q=0.5"}}, {"format_id": "133", "url": "https://r2---sn-o097znl6.googlevideo.com/videoplayback?ms=au%2Conr&ei=z2zwW9WnIpamkgbx9KLQBQ&mv=m&pl=22&ipbits=0&source=youtube&id=o-AAiSuk7T0xKTrWNmdezROMU9YLZIMaMxh85bfZSxvMH4&expire=1542504751&mm=31%2C26&itag=133&mt=1542483046&mn=sn-o097znl6%2Csn-a5mlrn7s&keepalive=yes&sparams=aitags%2Cclen%2Cdur%2Cei%2Cgir%2Cid%2Cinitcwndbps%2Cip%2Cipbits%2Citag%2Ckeepalive%2Clmt%2Cmime%2Cmm%2Cmn%2Cms%2Cmv%2Cpl%2Crequiressl%2Csource%2Cexpire&signature=8A8589F94EB386FA7BCD0AFC3693CF374434BD7E.CD241F81839DC5D302971FB42E257ECE5EA1D304&requiressl=yes&initcwndbps=1776250&ip=69.181.125.22&key=yt6&gir=yes&mime=video%2Fmp4&clen=14280353&aitags=133%2C134%2C135%2C160%2C242%2C243%2C244%2C278&dur=981.513&fvip=5&c=WEB&lmt=1458880957965137&ratebypass=yes", "player_url": "/yts/jsbin/player_ias-vflof8Kxx/en_US/base.js", "ext": "mp4", "height": 240, "format_note": "240p", "vcodec": "avc1.4d4015", "filesize": 14280353, "tbr": 255.354, "width": 426, "fps": 30, "quality": -1, "acodec": "none", "downloader_options": {"http_chunk_size": 10485760}, "format": "133 - 426x240 (240p)", "protocol": "https", "http_headers": {"User-Agent": "Mozilla/5.0 (X11; Linux x86_64; rv:59.0) Gecko/20100101 Firefox/59.0", "Accept-Charset": "ISO-8859-1,utf-8;q=0.7,*;q=0.7", "Accept": "text/html,application/xhtml+xml,application/xml;q=0.9,*/*;q=0.8", "Accept-Encoding": "gzip, deflate", "Accept-Language": "en-us,en;q=0.5"}}, {"format_id": "243", "url": "https://r2---sn-o097znl6.googlevideo.com/videoplayback?ms=au%2Conr&ei=z2zwW9WnIpamkgbx9KLQBQ&mv=m&pl=22&ipbits=0&source=youtube&id=o-AAiSuk7T0xKTrWNmdezROMU9YLZIMaMxh85bfZSxvMH4&expire=1542504751&mm=31%2C26&itag=243&mt=1542483046&mn=sn-o097znl6%2Csn-a5mlrn7s&keepalive=yes&sparams=aitags%2Cclen%2Cdur%2Cei%2Cgir%2Cid%2Cinitcwndbps%2Cip%2Cipbits%2Citag%2Ckeepalive%2Clmt%2Cmime%2Cmm%2Cmn%2Cms%2Cmv%2Cpl%2Crequiressl%2Csource%2Cexpire&signature=6E552B0701546D114C138570BEC2F0B0761184B1.A88FF61D6A6A85ACC802EA1C5FA77A2987F3BC80&requiressl=yes&initcwndbps=1776250&ip=69.181.125.22&key=yt6&gir=yes&mime=video%2Fwebm&clen=12784506&aitags=133%2C134%2C135%2C160%2C242%2C243%2C244%2C278&dur=981.481&fvip=5&c=WEB&lmt=1458976893188239&ratebypass=yes", "player_url": "/yts/jsbin/player_ias-vflof8Kxx/en_US/base.js", "ext": "webm", "height": 360, "format_note": "360p", "vcodec": "vp9", "filesize": 12784506, "tbr": 317.031, "width": 640, "fps": 30, "quality": -1, "acodec": "none", "downloader_options": {"http_chunk_size": 10485760}, "format": "243 - 640x360 (360p)", "protocol": "https", "http_headers": {"User-Agent": "Mozilla/5.0 (X11; Linux x86_64; rv:59.0) Gecko/20100101 Firefox/59.0", "Accept-Charset": "ISO-8859-1,utf-8;q=0.7,*;q=0.7", "Accept": "text/html,application/xhtml+xml,application/xml;q=0.9,*/*;q=0.8", "Accept-Encoding": "gzip, deflate", "Accept-Language": "en-us,en;q=0.5"}}, {"format_id": "134", "url": "https://r2---sn-o097znl6.googlevideo.com/videoplayback?ms=au%2Conr&ei=z2zwW9WnIpamkgbx9KLQBQ&mv=m&pl=22&ipbits=0&source=youtube&id=o-AAiSuk7T0xKTrWNmdezROMU9YLZIMaMxh85bfZSxvMH4&expire=1542504751&mm=31%2C26&itag=134&mt=1542483046&mn=sn-o097znl6%2Csn-a5mlrn7s&keepalive=yes&sparams=aitags%2Cclen%2Cdur%2Cei%2Cgir%2Cid%2Cinitcwndbps%2Cip%2Cipbits%2Citag%2Ckeepalive%2Clmt%2Cmime%2Cmm%2Cmn%2Cms%2Cmv%2Cpl%2Crequiressl%2Csource%2Cexpire&signature=C531767109BBE8535E97B6FDEE6064E5CB8EAE74.1C381919361952867423F42EEEE5A036B4413C8A&requiressl=yes&initcwndbps=1776250&ip=69.181.125.22&key=yt6&gir=yes&mime=video%2Fmp4&clen=15023113&aitags=133%2C134%2C135%2C160%2C242%2C243%2C244%2C278&dur=981.513&fvip=5&c=WEB&lmt=1458880957906386&ratebypass=yes", "player_url": "/yts/jsbin/player_ias-vflof8Kxx/en_US/base.js", "ext": "mp4", "height": 360, "format_note": "360p", "vcodec": "avc1.4d401e", "filesize": 15023113, "tbr": 502.762, "width": 640, "fps": 30, "quality": -1, "acodec": "none", "downloader_options": {"http_chunk_size": 10485760}, "format": "134 - 640x360 (360p)", "protocol": "https", "http_headers": {"User-Agent": "Mozilla/5.0 (X11; Linux x86_64; rv:59.0) Gecko/20100101 Firefox/59.0", "Accept-Charset": "ISO-8859-1,utf-8;q=0.7,*;q=0.7", "Accept": "text/html,application/xhtml+xml,application/xml;q=0.9,*/*;q=0.8", "Accept-Encoding": "gzip, deflate", "Accept-Language": "en-us,en;q=0.5"}}, {"format_id": "244", "url": "https://r2---sn-o097znl6.googlevideo.com/videoplayback?ms=au%2Conr&ei=z2zwW9WnIpamkgbx9KLQBQ&mv=m&pl=22&ipbits=0&source=youtube&id=o-AAiSuk7T0xKTrWNmdezROMU9YLZIMaMxh85bfZSxvMH4&expire=1542504751&mm=31%2C26&itag=244&mt=1542483046&mn=sn-o097znl6%2Csn-a5mlrn7s&keepalive=yes&sparams=aitags%2Cclen%2Cdur%2Cei%2Cgir%2Cid%2Cinitcwndbps%2Cip%2Cipbits%2Citag%2Ckeepalive%2Clmt%2Cmime%2Cmm%2Cmn%2Cms%2Cmv%2Cpl%2Crequiressl%2Csource%2Cexpire&signature=73765AA340F9EE77E8F364D0FA4EB2CA59DEE760.E3A9EE767FE70F0516A8991296BF845FC93F8A63&requiressl=yes&initcwndbps=1776250&ip=69.181.125.22&key=yt6&gir=yes&mime=video%2Fwebm&clen=21414354&aitags=133%2C134%2C135%2C160%2C242%2C243%2C244%2C278&dur=981.481&fvip=5&c=WEB&lmt=1458976894195575&ratebypass=yes", "player_url": "/yts/jsbin/player_ias-vflof8Kxx/en_US/base.js", "ext": "webm", "height": 480, "format_note": "480p", "vcodec": "vp9", "filesize": 21414354, "tbr": 575.213, "width": 854, "fps": 30, "quality": -1, "acodec": "none", "downloader_options": {"http_chunk_size": 10485760}, "format": "244 - 854x480 (480p)", "protocol": "https", "http_headers": {"User-Agent": "Mozilla/5.0 (X11; Linux x86_64; rv:59.0) Gecko/20100101 Firefox/59.0", "Accept-Charset": "ISO-8859-1,utf-8;q=0.7,*;q=0.7", "Accept": "text/html,application/xhtml+xml,application/xml;q=0.9,*/*;q=0.8", "Accept-Encoding": "gzip, deflate", "Accept-Language": "en-us,en;q=0.5"}}, {"format_id": "135", "url": "https://r2---sn-o097znl6.googlevideo.com/videoplayback?ms=au%2Conr&ei=z2zwW9WnIpamkgbx9KLQBQ&mv=m&pl=22&ipbits=0&source=youtube&id=o-AAiSuk7T0xKTrWNmdezROMU9YLZIMaMxh85bfZSxvMH4&expire=1542504751&mm=31%2C26&itag=135&mt=1542483046&mn=sn-o097znl6%2Csn-a5mlrn7s&keepalive=yes&sparams=aitags%2Cclen%2Cdur%2Cei%2Cgir%2Cid%2Cinitcwndbps%2Cip%2Cipbits%2Citag%2Ckeepalive%2Clmt%2Cmime%2Cmm%2Cmn%2Cms%2Cmv%2Cpl%2Crequiressl%2Csource%2Cexpire&signature=35EF49B905A063C148596894B3AA6BC2308BC522.D201A56FC94B16F39EA8E49F1F3DDBA77002DD3F&requiressl=yes&initcwndbps=1776250&ip=69.181.125.22&key=yt6&gir=yes&mime=video%2Fmp4&clen=27531945&aitags=133%2C134%2C135%2C160%2C242%2C243%2C244%2C278&dur=981.513&fvip=5&c=WEB&lmt=1458880957921905&ratebypass=yes", "player_url": "/yts/jsbin/player_ias-vflof8Kxx/en_US/base.js", "ext": "mp4", "height": 480, "format_note": "480p", "vcodec": "avc1.4d401f", "filesize": 27531945, "tbr": 997.602, "width": 854, "fps": 30, "quality": -1, "acodec": "none", "downloader_options": {"http_chunk_size": 10485760}, "format": "135 - 854x480 (480p)", "protocol": "https", "http_headers": {"User-Agent": "Mozilla/5.0 (X11; Linux x86_64; rv:59.0) Gecko/20100101 Firefox/59.0", "Accept-Charset": "ISO-8859-1,utf-8;q=0.7,*;q=0.7", "Accept": "text/html,application/xhtml+xml,application/xml;q=0.9,*/*;q=0.8", "Accept-Encoding": "gzip, deflate", "Accept-Language": "en-us,en;q=0.5"}}, {"format_id": "17", "url": "https://r2---sn-o097znl6.googlevideo.com/videoplayback?ms=au%2Conr&ei=z2zwW9WnIpamkgbx9KLQBQ&mv=m&pl=22&ipbits=0&source=youtube&id=o-AAiSuk7T0xKTrWNmdezROMU9YLZIMaMxh85bfZSxvMH4&expire=1542504751&mm=31%2C26&itag=17&mt=1542483046&mn=sn-o097znl6%2Csn-a5mlrn7s&sparams=clen%2Cdur%2Cei%2Cgir%2Cid%2Cinitcwndbps%2Cip%2Cipbits%2Citag%2Clmt%2Cmime%2Cmm%2Cmn%2Cms%2Cmv%2Cpl%2Crequiressl%2Csource%2Cexpire&signature=23900151083C4B29F171FFC271941FDB178C2778.99EF42B2F4B849EFD4A9189851284FB518318BBD&requiressl=yes&initcwndbps=1776250&ip=69.181.125.22&key=yt6&gir=yes&mime=video%2F3gpp&clen=5238619&dur=981.693&fvip=5&c=WEB&lmt=1458880825457881&ratebypass=yes", "player_url": "/yts/jsbin/player_ias-vflof8Kxx/en_US/base.js", "ext": "3gp", "width": 176, "height": 144, "acodec": "mp4a.40.2", "abr": 24, "vcodec": "mp4v.20.3", "resolution": "176x144", "filesize": 5238619, "format_note": "small", "format": "17 - 176x144 (small)", "protocol": "https", "http_headers": {"User-Agent": "Mozilla/5.0 (X11; Linux x86_64; rv:59.0) Gecko/20100101 Firefox/59.0", "Accept-Charset": "ISO-8859-1,utf-8;q=0.7,*;q=0.7", "Accept": "text/html,application/xhtml+xml,application/xml;q=0.9,*/*;q=0.8", "Accept-Encoding": "gzip, deflate", "Accept-Language": "en-us,en;q=0.5"}}, {"format_id": "36", "url": "https://r2---sn-o097znl6.googlevideo.com/videoplayback?ms=au%2Conr&ei=z2zwW9WnIpamkgbx9KLQBQ&mv=m&pl=22&ipbits=0&source=youtube&id=o-AAiSuk7T0xKTrWNmdezROMU9YLZIMaMxh85bfZSxvMH4&expire=1542504751&mm=31%2C26&itag=36&mt=1542483046&mn=sn-o097znl6%2Csn-a5mlrn7s&sparams=clen%2Cdur%2Cei%2Cgir%2Cid%2Cinitcwndbps%2Cip%2Cipbits%2Citag%2Clmt%2Cmime%2Cmm%2Cmn%2Cms%2Cmv%2Cpl%2Crequiressl%2Csource%2Cexpire&signature=9C1723871F91BC423FC0783E83A3E3B0ED8BAFAB.9FCC8A6FBEEABA0B1854622153AF4BEF88FDF05F&requiressl=yes&initcwndbps=1776250&ip=69.181.125.22&key=yt6&gir=yes&mime=video%2F3gpp&clen=17306256&dur=981.693&fvip=5&c=WEB&lmt=1458880830268266&ratebypass=yes", "player_url": "/yts/jsbin/player_ias-vflof8Kxx/en_US/base.js", "ext": "3gp", "width": 320, "acodec": "mp4a.40.2", "vcodec": "mp4v.20.3", "resolution": "320x180", "height": 180, "filesize": 17306256, "format_note": "small", "format": "36 - 320x180 (small)", "protocol": "https", "http_headers": {"User-Agent": "Mozilla/5.0 (X11; Linux x86_64; rv:59.0) Gecko/20100101 Firefox/59.0", "Accept-Charset": "ISO-8859-1,utf-8;q=0.7,*;q=0.7", "Accept": "text/html,application/xhtml+xml,application/xml;q=0.9,*/*;q=0.8", "Accept-Encoding": "gzip, deflate", "Accept-Language": "en-us,en;q=0.5"}}, {"format_id": "43", "url": "https://r2---sn-o097znl6.googlevideo.com/videoplayback?ms=au%2Conr&ei=z2zwW9WnIpamkgbx9KLQBQ&mv=m&pl=22&ipbits=0&source=youtube&id=o-AAiSuk7T0xKTrWNmdezROMU9YLZIMaMxh85bfZSxvMH4&expire=1542504751&mm=31%2C26&itag=43&mt=1542483046&mn=sn-o097znl6%2Csn-a5mlrn7s&sparams=clen%2Cdur%2Cei%2Cgir%2Cid%2Cinitcwndbps%2Cip%2Cipbits%2Citag%2Clmt%2Cmime%2Cmm%2Cmn%2Cms%2Cmv%2Cpl%2Cratebypass%2Crequiressl%2Csource%2Cexpire&signature=8546BC42DCD3324199892413D2AB24C7D32866D0.30F0A11A878DEDE36E5F13FD305EC163910292E4&requiressl=yes&initcwndbps=1776250&ip=69.181.125.22&key=yt6&gir=yes&mime=video%2Fwebm&clen=30184543&ratebypass=yes&dur=0.000&fvip=5&c=WEB&lmt=1458974762742084", "player_url": "/yts/jsbin/player_ias-vflof8Kxx/en_US/base.js", "ext": "webm", "width": 640, "height": 360, "acodec": "vorbis", "abr": 128, "vcodec": "vp8.0", "resolution": "640x360", "filesize": 30184543, "format_note": "medium", "quality": 1, "format": "43 - 640x360 (medium)", "protocol": "https", "http_headers": {"User-Agent": "Mozilla/5.0 (X11; Linux x86_64; rv:59.0) Gecko/20100101 Firefox/59.0", "Accept-Charset": "ISO-8859-1,utf-8;q=0.7,*;q=0.7", "Accept": "text/html,application/xhtml+xml,application/xml;q=0.9,*/*;q=0.8", "Accept-Encoding": "gzip, deflate", "Accept-Language": "en-us,en;q=0.5"}}, {"format_id": "18", "url": "https://r2---sn-o097znl6.googlevideo.com/videoplayback?ms=au%2Conr&ei=z2zwW9WnIpamkgbx9KLQBQ&mv=m&pl=22&ipbits=0&source=youtube&id=o-AAiSuk7T0xKTrWNmdezROMU9YLZIMaMxh85bfZSxvMH4&expire=1542504751&mm=31%2C26&itag=18&mt=1542483046&mn=sn-o097znl6%2Csn-a5mlrn7s&sparams=clen%2Cdur%2Cei%2Cgir%2Cid%2Cinitcwndbps%2Cip%2Cipbits%2Citag%2Clmt%2Cmime%2Cmm%2Cmn%2Cms%2Cmv%2Cpl%2Cratebypass%2Crequiressl%2Csource%2Cexpire&signature=98FAF55F812992F53666C8A225435BA88097637E.0DC6635E51DF7B0C6EFB516AC5D4CE0CEA55D1B1&requiressl=yes&initcwndbps=1776250&ip=69.181.125.22&key=yt6&gir=yes&mime=video%2Fmp4&clen=35095803&ratebypass=yes&dur=981.623&fvip=5&c=WEB&lmt=1458880875532903", "player_url": "/yts/jsbin/player_ias-vflof8Kxx/en_US/base.js", "ext": "mp4", "width": 640, "height": 360, "acodec": "mp4a.40.2", "abr": 96, "vcodec": "avc1.42001E", "resolution": "640x360", "filesize": 35095803, "format_note": "medium", "quality": 1, "format": "18 - 640x360 (medium)", "protocol": "https", "http_headers": {"User-Agent": "Mozilla/5.0 (X11; Linux x86_64; rv:59.0) Gecko/20100101 Firefox/59.0", "Accept-Charset": "ISO-8859-1,utf-8;q=0.7,*;q=0.7", "Accept": "text/html,application/xhtml+xml,application/xml;q=0.9,*/*;q=0.8", "Accept-Encoding": "gzip, deflate", "Accept-Language": "en-us,en;q=0.5"}}], "is_live": null, "start_time": null, "end_time": null, "series": null, "season_number": null, "episode_number": null, "track": null, "artist": null, "extractor": "youtube", "webpage_url_basename": "_Vcu034k2Zk", "extractor_key": "Youtube", "n_entries": 81, "playlist": "Natural Language Processing - Coursera [FULL COURSE] | University of Michigan", "playlist_id": "PLLssT5z_DsK8BdawOVCCaTCO99Ya58ryR", "playlist_title": "Natural Language Processing - Coursera [FULL COURSE] | University of Michigan", "playlist_uploader": "Artificial Intelligence - All in One", "playlist_uploader_id": "UC5zx8Owijmv-bbhAK6Z9apg", "playlist_index": 21, "thumbnails": [{"url": "https://i.ytimg.com/vi/_Vcu034k2Zk/hqdefault.jpg", "id": "0"}], "display_id": "_Vcu034k2Zk", "format_id": "18", "url": "https://r2---sn-o097znl6.googlevideo.com/videoplayback?ms=au%2Conr&ei=z2zwW9WnIpamkgbx9KLQBQ&mv=m&pl=22&ipbits=0&source=youtube&id=o-AAiSuk7T0xKTrWNmdezROMU9YLZIMaMxh85bfZSxvMH4&expire=1542504751&mm=31%2C26&itag=18&mt=1542483046&mn=sn-o097znl6%2Csn-a5mlrn7s&sparams=clen%2Cdur%2Cei%2Cgir%2Cid%2Cinitcwndbps%2Cip%2Cipbits%2Citag%2Clmt%2Cmime%2Cmm%2Cmn%2Cms%2Cmv%2Cpl%2Cratebypass%2Crequiressl%2Csource%2Cexpire&signature=98FAF55F812992F53666C8A225435BA88097637E.0DC6635E51DF7B0C6EFB516AC5D4CE0CEA55D1B1&requiressl=yes&initcwndbps=1776250&ip=69.181.125.22&key=yt6&gir=yes&mime=video%2Fmp4&clen=35095803&ratebypass=yes&dur=981.623&fvip=5&c=WEB&lmt=1458880875532903", "player_url": "/yts/jsbin/player_ias-vflof8Kxx/en_US/base.js", "ext": "mp4", "width": 640, "height": 360, "acodec": "mp4a.40.2", "abr": 96, "vcodec": "avc1.42001E", "resolution": "640x360", "filesize": 35095803, "format_note": "medium", "quality": 1, "format": "18 - 640x360 (medium)", "protocol": "https", "http_headers": {"User-Agent": "Mozilla/5.0 (X11; Linux x86_64; rv:59.0) Gecko/20100101 Firefox/59.0", "Accept-Charset": "ISO-8859-1,utf-8;q=0.7,*;q=0.7", "Accept": "text/html,application/xhtml+xml,application/xml;q=0.9,*/*;q=0.8", "Accept-Encoding": "gzip, deflate", "Accept-Language": "en-us,en;q=0.5"}, "fulltitle": "Lecture 21 \u2014 NLP Tasks 3-3 - Natural Language Processing | University of Michigan", "_filename": "Lecture 21 \u2014 NLP Tasks 3-3 - Natural Language Processing _ University of Michigan-_Vcu034k2Zk.mp4"}