{"id": "qGYno3fqbm4", "uploader": "Artificial Intelligence - All in One", "uploader_id": "UC5zx8Owijmv-bbhAK6Z9apg", "uploader_url": "http://www.youtube.com/channel/UC5zx8Owijmv-bbhAK6Z9apg", "channel_id": "UC5zx8Owijmv-bbhAK6Z9apg", "channel_url": "http://www.youtube.com/channel/UC5zx8Owijmv-bbhAK6Z9apg", "upload_date": "20160327", "license": null, "creator": null, "title": "Lecture 27 \u2014 Parsing Introduction and recap Parsing noun sequences - NLP", "alt_title": null, "thumbnail": "https://i.ytimg.com/vi/qGYno3fqbm4/hqdefault.jpg", "description": ".\nCopyright Disclaimer Under Section 107 of the Copyright Act 1976, allowance is made for \"FAIR USE\" for purposes such as criticism, comment, news reporting, teaching, scholarship, and research. Fair use is a use permitted by copyright statute that might otherwise be infringing. Non-profit, educational or personal use tips the balance in favor of fair use.\n.", "categories": ["Science & Technology"], "tags": ["Natural Language Processing", "Language Processing", "University of Michigan", "Michigan", "NLP", "Coursera", "Dragomir R. Radev", "Computational Linguistics", "Linguistics", "Information Retrieval", "Computer Science", "Video Lecture", "Video Tutorial", "Video Course", "Course", "Data Science", "Parsing Introduction", "Parsing"], "subtitles": {}, "automatic_captions": {}, "duration": 916, "age_limit": 0, "annotations": null, "chapters": null, "webpage_url": "https://www.youtube.com/watch?v=qGYno3fqbm4", "view_count": 833, "like_count": 5, "dislike_count": 0, "average_rating": 5.0, "formats": [{"ext": "m4a", "format_note": "DASH audio", "acodec": "mp4a.40.5", "abr": 48, "container": "m4a_dash", "format_id": "139", "url": "https://r4---sn-n4v7sne7.googlevideo.com/videoplayback/id/a86627a377ea6e6e/itag/139/source/youtube/requiressl/yes/ei/_GzwW42EJdvZkgay44joBQ/pl/22/ms/au,rdu/mv/m/mn/sn-n4v7sne7,sn-n4v7knll/mm/31,29/initcwndbps/1776250/ratebypass/yes/mime/audio%2Fmp4/otfp/1/gir/yes/clen/5461714/lmt/1459058967793396/dur/916.491/mt/1542483046/fvip/4/disable_polymer/true/ip/69.181.125.22/ipbits/0/expire/1542504796/sparams/ip,ipbits,expire,id,itag,source,requiressl,ei,pl,ms,mv,mn,mm,initcwndbps,ratebypass,mime,otfp,gir,clen,lmt,dur/signature/71711C671EE2659ADACEEF23F4054170605F2D5B.82399521FA7B18604C5F9DADBDB96484335066DC/key/dg_yt0/", "manifest_url": "https://manifest.googlevideo.com/api/manifest/dash/requiressl/yes/sparams/as%2Cei%2Chfr%2Cid%2Cinitcwndbps%2Cip%2Cipbits%2Citag%2Cmm%2Cmn%2Cms%2Cmv%2Cpl%2Cplayback_host%2Crequiressl%2Csource%2Cexpire/itag/0/ei/_GzwW42EJdvZkgay44joBQ/as/fmp4_audio_clear%2Cfmp4_sd_hd_clear/signature/37159BB2C3E6E9BDF6B06A05FDAC5E0E67BC8099.4370544A6F058467962D9D01DEDAA7451F544613/hfr/all/mt/1542483046/expire/1542504796/fvip/4/playback_host/r4---sn-n4v7sne7.googlevideo.com/pl/22/ip/69.181.125.22/ms/au%2Crdu/mv/m/source/youtube/key/yt6/id/a86627a377ea6e6e/mn/sn-n4v7sne7%2Csn-n4v7knll/ipbits/0/mm/31%2C29/initcwndbps/1776250", "width": null, "height": null, "tbr": 52.164, "asr": 22050, "fps": null, "language": null, "filesize": 5461714, "vcodec": "none", "fragment_base_url": "https://r4---sn-n4v7sne7.googlevideo.com/videoplayback/id/a86627a377ea6e6e/itag/139/source/youtube/requiressl/yes/ei/_GzwW42EJdvZkgay44joBQ/pl/22/ms/au,rdu/mv/m/mn/sn-n4v7sne7,sn-n4v7knll/mm/31,29/initcwndbps/1776250/ratebypass/yes/mime/audio%2Fmp4/otfp/1/gir/yes/clen/5461714/lmt/1459058967793396/dur/916.491/mt/1542483046/fvip/4/disable_polymer/true/ip/69.181.125.22/ipbits/0/expire/1542504796/sparams/ip,ipbits,expire,id,itag,source,requiressl,ei,pl,ms,mv,mn,mm,initcwndbps,ratebypass,mime,otfp,gir,clen,lmt,dur/signature/71711C671EE2659ADACEEF23F4054170605F2D5B.82399521FA7B18604C5F9DADBDB96484335066DC/key/dg_yt0/", "fragments": [{"path": "range/0-593"}, {"path": "range/2834-32706", "duration": 5.016}, {"path": "range/32707-62751", "duration": 5.015}, {"path": "range/62752-92354", "duration": 4.969}, {"path": "range/92355-122199", "duration": 5.016}, {"path": "range/122200-152057", "duration": 5.015}, {"path": "range/152058-181688", "duration": 4.969}, {"path": "range/181689-211571", "duration": 5.016}, {"path": "range/211572-241481", "duration": 5.015}, {"path": "range/241482-271129", "duration": 4.969}, {"path": "range/271130-300863", "duration": 5.016}, {"path": "range/300864-330741", "duration": 5.015}, {"path": "range/330742-360438", "duration": 4.969}, {"path": "range/360439-390243", "duration": 5.016}, {"path": "range/390244-420078", "duration": 5.015}, {"path": "range/420079-449671", "duration": 4.969}, {"path": "range/449672-479561", "duration": 5.016}, {"path": "range/479562-509386", "duration": 5.015}, {"path": "range/509387-539025", "duration": 4.97}, {"path": "range/539026-568879", "duration": 5.015}, {"path": "range/568880-598778", "duration": 5.016}, {"path": "range/598779-628367", "duration": 4.969}, {"path": "range/628368-658194", "duration": 5.015}, {"path": "range/658195-688099", "duration": 5.016}, {"path": "range/688100-717844", "duration": 4.969}, {"path": "range/717845-747561", "duration": 5.015}, {"path": "range/747562-777512", "duration": 5.016}, {"path": "range/777513-807026", "duration": 4.969}, {"path": "range/807027-836960", "duration": 5.015}, {"path": "range/836961-866871", "duration": 5.016}, {"path": "range/866872-896417", "duration": 4.969}, {"path": "range/896418-926264", "duration": 5.015}, {"path": "range/926265-956192", "duration": 5.016}, {"path": "range/956193-985723", "duration": 4.969}, {"path": "range/985724-1015711", "duration": 5.015}, {"path": "range/1015712-1045478", "duration": 5.016}, {"path": "range/1045479-1075123", "duration": 4.969}, {"path": "range/1075124-1105010", "duration": 5.016}, {"path": "range/1105011-1134800", "duration": 5.015}, {"path": "range/1134801-1164385", "duration": 4.969}, {"path": "range/1164386-1194300", "duration": 5.016}, {"path": "range/1194301-1224243", "duration": 5.015}, {"path": "range/1224244-1253733", "duration": 4.969}, {"path": "range/1253734-1283738", "duration": 5.016}, {"path": "range/1283739-1313587", "duration": 5.015}, {"path": "range/1313588-1343097", "duration": 4.969}, {"path": "range/1343098-1372978", "duration": 5.016}, {"path": "range/1372979-1402874", "duration": 5.015}, {"path": "range/1402875-1432461", "duration": 4.969}, {"path": "range/1432462-1462363", "duration": 5.016}, {"path": "range/1462364-1492176", "duration": 5.015}, {"path": "range/1492177-1521786", "duration": 4.97}, {"path": "range/1521787-1551653", "duration": 5.015}, {"path": "range/1551654-1581506", "duration": 5.016}, {"path": "range/1581507-1611136", "duration": 4.969}, {"path": "range/1611137-1641052", "duration": 5.015}, {"path": "range/1641053-1670862", "duration": 5.016}, {"path": "range/1670863-1700458", "duration": 4.969}, {"path": "range/1700459-1730413", "duration": 5.015}, {"path": "range/1730414-1760230", "duration": 5.016}, {"path": "range/1760231-1789884", "duration": 4.969}, {"path": "range/1789885-1819819", "duration": 5.015}, {"path": "range/1819820-1849540", "duration": 5.016}, {"path": "range/1849541-1879259", "duration": 4.969}, {"path": "range/1879260-1909030", "duration": 5.015}, {"path": "range/1909031-1938887", "duration": 5.016}, {"path": "range/1938888-1968542", "duration": 4.969}, {"path": "range/1968543-1998388", "duration": 5.015}, {"path": "range/1998389-2028339", "duration": 5.016}, {"path": "range/2028340-2057923", "duration": 4.969}, {"path": "range/2057924-2087772", "duration": 5.016}, {"path": "range/2087773-2117609", "duration": 5.015}, {"path": "range/2117610-2147221", "duration": 4.969}, {"path": "range/2147222-2177029", "duration": 5.016}, {"path": "range/2177030-2207042", "duration": 5.015}, {"path": "range/2207043-2236519", "duration": 4.969}, {"path": "range/2236520-2266427", "duration": 5.016}, {"path": "range/2266428-2296260", "duration": 5.015}, {"path": "range/2296261-2325850", "duration": 4.969}, {"path": "range/2325851-2355834", "duration": 5.016}, {"path": "range/2355835-2385626", "duration": 5.015}, {"path": "range/2385627-2415291", "duration": 4.969}, {"path": "range/2415292-2445041", "duration": 5.016}, {"path": "range/2445042-2474975", "duration": 5.015}, {"path": "range/2474976-2504578", "duration": 4.97}, {"path": "range/2504579-2534417", "duration": 5.015}, {"path": "range/2534418-2564353", "duration": 5.016}, {"path": "range/2564354-2593901", "duration": 4.969}, {"path": "range/2593902-2623825", "duration": 5.015}, {"path": "range/2623826-2653659", "duration": 5.016}, {"path": "range/2653660-2683230", "duration": 4.969}, {"path": "range/2683231-2713129", "duration": 5.015}, {"path": "range/2713130-2742983", "duration": 5.016}, {"path": "range/2742984-2772622", "duration": 4.969}, {"path": "range/2772623-2802544", "duration": 5.015}, {"path": "range/2802545-2832411", "duration": 5.016}, {"path": "range/2832412-2862008", "duration": 4.969}, {"path": "range/2862009-2891838", "duration": 5.015}, {"path": "range/2891839-2921720", "duration": 5.016}, {"path": "range/2921721-2951355", "duration": 4.969}, {"path": "range/2951356-2981161", "duration": 5.015}, {"path": "range/2981162-3011004", "duration": 5.016}, {"path": "range/3011005-3040602", "duration": 4.969}, {"path": "range/3040603-3070492", "duration": 5.016}, {"path": "range/3070493-3100421", "duration": 5.015}, {"path": "range/3100422-3130018", "duration": 4.969}, {"path": "range/3130019-3159812", "duration": 5.016}, {"path": "range/3159813-3189716", "duration": 5.015}, {"path": "range/3189717-3219348", "duration": 4.969}, {"path": "range/3219349-3249198", "duration": 5.016}, {"path": "range/3249199-3279117", "duration": 5.015}, {"path": "range/3279118-3308741", "duration": 4.969}, {"path": "range/3308742-3338511", "duration": 5.016}, {"path": "range/3338512-3368460", "duration": 5.015}, {"path": "range/3368461-3397976", "duration": 4.969}, {"path": "range/3397977-3427900", "duration": 5.016}, {"path": "range/3427901-3457749", "duration": 5.015}, {"path": "range/3457750-3487376", "duration": 4.97}, {"path": "range/3487377-3517218", "duration": 5.015}, {"path": "range/3517219-3547163", "duration": 5.016}, {"path": "range/3547164-3576686", "duration": 4.969}, {"path": "range/3576687-3606567", "duration": 5.015}, {"path": "range/3606568-3636461", "duration": 5.016}, {"path": "range/3636462-3666037", "duration": 4.969}, {"path": "range/3666038-3695932", "duration": 5.015}, {"path": "range/3695933-3725825", "duration": 5.016}, {"path": "range/3725826-3755340", "duration": 4.969}, {"path": "range/3755341-3785319", "duration": 5.015}, {"path": "range/3785320-3815103", "duration": 5.016}, {"path": "range/3815104-3844684", "duration": 4.969}, {"path": "range/3844685-3874576", "duration": 5.015}, {"path": "range/3874577-3904507", "duration": 5.016}, {"path": "range/3904508-3934049", "duration": 4.969}, {"path": "range/3934050-3963979", "duration": 5.015}, {"path": "range/3963980-3993799", "duration": 5.016}, {"path": "range/3993800-4023468", "duration": 4.969}, {"path": "range/4023469-4053300", "duration": 5.016}, {"path": "range/4053301-4083169", "duration": 5.015}, {"path": "range/4083170-4112787", "duration": 4.969}, {"path": "range/4112788-4142626", "duration": 5.016}, {"path": "range/4142627-4172480", "duration": 5.015}, {"path": "range/4172481-4202062", "duration": 4.969}, {"path": "range/4202063-4232021", "duration": 5.016}, {"path": "range/4232022-4261867", "duration": 5.015}, {"path": "range/4261868-4291522", "duration": 4.969}, {"path": "range/4291523-4321341", "duration": 5.016}, {"path": "range/4321342-4351161", "duration": 5.015}, {"path": "range/4351162-4380805", "duration": 4.969}, {"path": "range/4380806-4410647", "duration": 5.016}, {"path": "range/4410648-4440578", "duration": 5.015}, {"path": "range/4440579-4470175", "duration": 4.969}, {"path": "range/4470176-4500040", "duration": 5.016}, {"path": "range/4500041-4529951", "duration": 5.016}, {"path": "range/4529952-4559520", "duration": 4.969}, {"path": "range/4559521-4589452", "duration": 5.015}, {"path": "range/4589453-4619176", "duration": 5.016}, {"path": "range/4619177-4648799", "duration": 4.969}, {"path": "range/4648800-4678676", "duration": 5.015}, {"path": "range/4678677-4708559", "duration": 5.016}, {"path": "range/4708560-4738161", "duration": 4.969}, {"path": "range/4738162-4768111", "duration": 5.015}, {"path": "range/4768112-4797914", "duration": 5.016}, {"path": "range/4797915-4827529", "duration": 4.969}, {"path": "range/4827530-4857399", "duration": 5.015}, {"path": "range/4857400-4887274", "duration": 5.016}, {"path": "range/4887275-4916919", "duration": 4.969}, {"path": "range/4916920-4946695", "duration": 5.015}, {"path": "range/4946696-4976590", "duration": 5.016}, {"path": "range/4976591-5006171", "duration": 4.969}, {"path": "range/5006172-5036046", "duration": 5.016}, {"path": "range/5036047-5065948", "duration": 5.015}, {"path": "range/5065949-5095511", "duration": 4.969}, {"path": "range/5095512-5125382", "duration": 5.016}, {"path": "range/5125383-5155258", "duration": 5.015}, {"path": "range/5155259-5184955", "duration": 4.969}, {"path": "range/5184956-5214803", "duration": 5.016}, {"path": "range/5214804-5244693", "duration": 5.015}, {"path": "range/5244694-5274209", "duration": 4.969}, {"path": "range/5274210-5304150", "duration": 5.016}, {"path": "range/5304151-5334043", "duration": 5.015}, {"path": "range/5334044-5363557", "duration": 4.969}, {"path": "range/5363558-5393446", "duration": 5.016}, {"path": "range/5393447-5423397", "duration": 5.015}, {"path": "range/5423398-5452932", "duration": 4.969}, {"path": "range/5452933-5461713", "duration": 1.486}], "protocol": "http_dash_segments", "format": "139 - audio only (DASH audio)", "http_headers": {"User-Agent": "Mozilla/5.0 (X11; Linux x86_64; rv:59.0) Gecko/20100101 Firefox/59.0", "Accept-Charset": "ISO-8859-1,utf-8;q=0.7,*;q=0.7", "Accept": "text/html,application/xhtml+xml,application/xml;q=0.9,*/*;q=0.8", "Accept-Encoding": "gzip, deflate", "Accept-Language": "en-us,en;q=0.5"}}, {"ext": "m4a", "format_note": "DASH audio", "acodec": "mp4a.40.2", "abr": 128, "container": "m4a_dash", "format_id": "140", "url": "https://r4---sn-n4v7sne7.googlevideo.com/videoplayback/id/a86627a377ea6e6e/itag/140/source/youtube/requiressl/yes/ei/_GzwW42EJdvZkgay44joBQ/pl/22/ms/au,rdu/mv/m/mn/sn-n4v7sne7,sn-n4v7knll/mm/31,29/initcwndbps/1776250/ratebypass/yes/mime/audio%2Fmp4/otfp/1/gir/yes/clen/10900354/lmt/1459058968313046/dur/916.398/mt/1542483046/fvip/4/disable_polymer/true/ip/69.181.125.22/ipbits/0/expire/1542504796/sparams/ip,ipbits,expire,id,itag,source,requiressl,ei,pl,ms,mv,mn,mm,initcwndbps,ratebypass,mime,otfp,gir,clen,lmt,dur/signature/13E516FF09029D592CBDE2CC9212A58D7FB014F6.4A3A1ABD1F4CD478507BB9E5F56D6FE03E4A0915/key/dg_yt0/", "manifest_url": "https://manifest.googlevideo.com/api/manifest/dash/requiressl/yes/sparams/as%2Cei%2Chfr%2Cid%2Cinitcwndbps%2Cip%2Cipbits%2Citag%2Cmm%2Cmn%2Cms%2Cmv%2Cpl%2Cplayback_host%2Crequiressl%2Csource%2Cexpire/itag/0/ei/_GzwW42EJdvZkgay44joBQ/as/fmp4_audio_clear%2Cfmp4_sd_hd_clear/signature/37159BB2C3E6E9BDF6B06A05FDAC5E0E67BC8099.4370544A6F058467962D9D01DEDAA7451F544613/hfr/all/mt/1542483046/expire/1542504796/fvip/4/playback_host/r4---sn-n4v7sne7.googlevideo.com/pl/22/ip/69.181.125.22/ms/au%2Crdu/mv/m/source/youtube/key/yt6/id/a86627a377ea6e6e/mn/sn-n4v7sne7%2Csn-n4v7knll/ipbits/0/mm/31%2C29/initcwndbps/1776250", "width": null, "height": null, "tbr": 99.639, "asr": 44100, "fps": null, "language": null, "filesize": 10900354, "vcodec": "none", "fragment_base_url": "https://r4---sn-n4v7sne7.googlevideo.com/videoplayback/id/a86627a377ea6e6e/itag/140/source/youtube/requiressl/yes/ei/_GzwW42EJdvZkgay44joBQ/pl/22/ms/au,rdu/mv/m/mn/sn-n4v7sne7,sn-n4v7knll/mm/31,29/initcwndbps/1776250/ratebypass/yes/mime/audio%2Fmp4/otfp/1/gir/yes/clen/10900354/lmt/1459058968313046/dur/916.398/mt/1542483046/fvip/4/disable_polymer/true/ip/69.181.125.22/ipbits/0/expire/1542504796/sparams/ip,ipbits,expire,id,itag,source,requiressl,ei,pl,ms,mv,mn,mm,initcwndbps,ratebypass,mime,otfp,gir,clen,lmt,dur/signature/13E516FF09029D592CBDE2CC9212A58D7FB014F6.4A3A1ABD1F4CD478507BB9E5F56D6FE03E4A0915/key/dg_yt0/", "fragments": [{"path": "range/0-591"}, {"path": "range/2832-62473", "duration": 5.016}, {"path": "range/62474-121988", "duration": 5.015}, {"path": "range/121989-181314", "duration": 4.969}, {"path": "range/181315-240981", "duration": 5.016}, {"path": "range/240982-300309", "duration": 5.015}, {"path": "range/300310-359678", "duration": 4.969}, {"path": "range/359679-419302", "duration": 5.016}, {"path": "range/419303-478749", "duration": 5.015}, {"path": "range/478750-538129", "duration": 4.969}, {"path": "range/538130-597703", "duration": 5.016}, {"path": "range/597704-657067", "duration": 5.015}, {"path": "range/657068-716470", "duration": 4.969}, {"path": "range/716471-776085", "duration": 5.016}, {"path": "range/776086-835520", "duration": 5.015}, {"path": "range/835521-894820", "duration": 4.969}, {"path": "range/894821-954428", "duration": 5.016}, {"path": "range/954429-1013826", "duration": 5.015}, {"path": "range/1013827-1073178", "duration": 4.97}, {"path": "range/1073179-1132833", "duration": 5.015}, {"path": "range/1132834-1192261", "duration": 5.016}, {"path": "range/1192262-1251557", "duration": 4.969}, {"path": "range/1251558-1311187", "duration": 5.015}, {"path": "range/1311188-1370562", "duration": 5.016}, {"path": "range/1370563-1429992", "duration": 4.969}, {"path": "range/1429993-1489584", "duration": 5.015}, {"path": "range/1489585-1548940", "duration": 5.016}, {"path": "range/1548941-1608301", "duration": 4.969}, {"path": "range/1608302-1667943", "duration": 5.015}, {"path": "range/1667944-1727357", "duration": 5.016}, {"path": "range/1727358-1786695", "duration": 4.969}, {"path": "range/1786696-1846396", "duration": 5.015}, {"path": "range/1846397-1905694", "duration": 5.016}, {"path": "range/1905695-1965069", "duration": 4.969}, {"path": "range/1965070-2024742", "duration": 5.015}, {"path": "range/2024743-2084130", "duration": 5.016}, {"path": "range/2084131-2143462", "duration": 4.969}, {"path": "range/2143463-2203160", "duration": 5.016}, {"path": "range/2203161-2262472", "duration": 5.015}, {"path": "range/2262473-2321794", "duration": 4.969}, {"path": "range/2321795-2381456", "duration": 5.016}, {"path": "range/2381457-2440821", "duration": 5.015}, {"path": "range/2440822-2500171", "duration": 4.969}, {"path": "range/2500172-2559845", "duration": 5.016}, {"path": "range/2559846-2619210", "duration": 5.015}, {"path": "range/2619211-2678515", "duration": 4.969}, {"path": "range/2678516-2738209", "duration": 5.016}, {"path": "range/2738210-2797671", "duration": 5.015}, {"path": "range/2797672-2856945", "duration": 4.969}, {"path": "range/2856946-2916602", "duration": 5.016}, {"path": "range/2916603-2975908", "duration": 5.015}, {"path": "range/2975909-3035303", "duration": 4.97}, {"path": "range/3035304-3094964", "duration": 5.015}, {"path": "range/3094965-3154358", "duration": 5.016}, {"path": "range/3154359-3213683", "duration": 4.969}, {"path": "range/3213684-3273337", "duration": 5.015}, {"path": "range/3273338-3332708", "duration": 5.016}, {"path": "range/3332709-3392031", "duration": 4.969}, {"path": "range/3392032-3451710", "duration": 5.015}, {"path": "range/3451711-3511146", "duration": 5.016}, {"path": "range/3511147-3570449", "duration": 4.969}, {"path": "range/3570450-3630094", "duration": 5.015}, {"path": "range/3630095-3689430", "duration": 5.016}, {"path": "range/3689431-3748843", "duration": 4.969}, {"path": "range/3748844-3808467", "duration": 5.015}, {"path": "range/3808468-3867815", "duration": 5.016}, {"path": "range/3867816-3927160", "duration": 4.969}, {"path": "range/3927161-3986847", "duration": 5.015}, {"path": "range/3986848-4046187", "duration": 5.016}, {"path": "range/4046188-4105641", "duration": 4.969}, {"path": "range/4105642-4165266", "duration": 5.016}, {"path": "range/4165267-4224561", "duration": 5.015}, {"path": "range/4224562-4283973", "duration": 4.969}, {"path": "range/4283974-4343564", "duration": 5.016}, {"path": "range/4343565-4402988", "duration": 5.015}, {"path": "range/4402989-4462306", "duration": 4.969}, {"path": "range/4462307-4521964", "duration": 5.016}, {"path": "range/4521965-4581326", "duration": 5.015}, {"path": "range/4581327-4640761", "duration": 4.969}, {"path": "range/4640762-4700399", "duration": 5.016}, {"path": "range/4700400-4759700", "duration": 5.015}, {"path": "range/4759701-4819070", "duration": 4.969}, {"path": "range/4819071-4878707", "duration": 5.016}, {"path": "range/4878708-4938038", "duration": 5.015}, {"path": "range/4938039-4997424", "duration": 4.97}, {"path": "range/4997425-5057065", "duration": 5.015}, {"path": "range/5057066-5116434", "duration": 5.016}, {"path": "range/5116435-5175823", "duration": 4.969}, {"path": "range/5175824-5235516", "duration": 5.015}, {"path": "range/5235517-5294814", "duration": 5.016}, {"path": "range/5294815-5354175", "duration": 4.969}, {"path": "range/5354176-5413875", "duration": 5.015}, {"path": "range/5413876-5473178", "duration": 5.016}, {"path": "range/5473179-5532549", "duration": 4.969}, {"path": "range/5532550-5592223", "duration": 5.015}, {"path": "range/5592224-5651605", "duration": 5.016}, {"path": "range/5651606-5710928", "duration": 4.969}, {"path": "range/5710929-5770577", "duration": 5.015}, {"path": "range/5770578-5829931", "duration": 5.016}, {"path": "range/5829932-5889326", "duration": 4.969}, {"path": "range/5889327-5948968", "duration": 5.015}, {"path": "range/5948969-6008301", "duration": 5.016}, {"path": "range/6008302-6067669", "duration": 4.969}, {"path": "range/6067670-6127405", "duration": 5.016}, {"path": "range/6127406-6186780", "duration": 5.015}, {"path": "range/6186781-6246040", "duration": 4.969}, {"path": "range/6246041-6305719", "duration": 5.016}, {"path": "range/6305720-6365058", "duration": 5.015}, {"path": "range/6365059-6424439", "duration": 4.969}, {"path": "range/6424440-6484094", "duration": 5.016}, {"path": "range/6484095-6543498", "duration": 5.015}, {"path": "range/6543499-6602903", "duration": 4.969}, {"path": "range/6602904-6662449", "duration": 5.016}, {"path": "range/6662450-6721906", "duration": 5.015}, {"path": "range/6721907-6781170", "duration": 4.969}, {"path": "range/6781171-6840836", "duration": 5.016}, {"path": "range/6840837-6900164", "duration": 5.015}, {"path": "range/6900165-6959581", "duration": 4.97}, {"path": "range/6959582-7019269", "duration": 5.015}, {"path": "range/7019270-7078594", "duration": 5.016}, {"path": "range/7078595-7137907", "duration": 4.969}, {"path": "range/7137908-7197622", "duration": 5.015}, {"path": "range/7197623-7256948", "duration": 5.016}, {"path": "range/7256949-7316400", "duration": 4.969}, {"path": "range/7316401-7375969", "duration": 5.015}, {"path": "range/7375970-7435373", "duration": 5.016}, {"path": "range/7435374-7494653", "duration": 4.969}, {"path": "range/7494654-7554439", "duration": 5.015}, {"path": "range/7554440-7613696", "duration": 5.016}, {"path": "range/7613697-7673048", "duration": 4.969}, {"path": "range/7673049-7732674", "duration": 5.015}, {"path": "range/7732675-7792087", "duration": 5.016}, {"path": "range/7792088-7851475", "duration": 4.969}, {"path": "range/7851476-7911106", "duration": 5.015}, {"path": "range/7911107-7970449", "duration": 5.016}, {"path": "range/7970450-8029824", "duration": 4.969}, {"path": "range/8029825-8089442", "duration": 5.016}, {"path": "range/8089443-8148883", "duration": 5.015}, {"path": "range/8148884-8208179", "duration": 4.969}, {"path": "range/8208180-8267866", "duration": 5.016}, {"path": "range/8267867-8327215", "duration": 5.015}, {"path": "range/8327216-8386569", "duration": 4.969}, {"path": "range/8386570-8446284", "duration": 5.016}, {"path": "range/8446285-8505577", "duration": 5.015}, {"path": "range/8505578-8565004", "duration": 4.969}, {"path": "range/8565005-8624645", "duration": 5.016}, {"path": "range/8624646-8683930", "duration": 5.015}, {"path": "range/8683931-8743289", "duration": 4.969}, {"path": "range/8743290-8802935", "duration": 5.016}, {"path": "range/8802936-8862428", "duration": 5.015}, {"path": "range/8862429-8921742", "duration": 4.969}, {"path": "range/8921743-8981330", "duration": 5.016}, {"path": "range/8981331-9040769", "duration": 5.016}, {"path": "range/9040770-9100083", "duration": 4.969}, {"path": "range/9100084-9159726", "duration": 5.015}, {"path": "range/9159727-9219060", "duration": 5.016}, {"path": "range/9219061-9278433", "duration": 4.969}, {"path": "range/9278434-9338107", "duration": 5.015}, {"path": "range/9338108-9397512", "duration": 5.016}, {"path": "range/9397513-9456808", "duration": 4.969}, {"path": "range/9456809-9516481", "duration": 5.015}, {"path": "range/9516482-9575842", "duration": 5.016}, {"path": "range/9575843-9635179", "duration": 4.969}, {"path": "range/9635180-9694833", "duration": 5.015}, {"path": "range/9694834-9754218", "duration": 5.016}, {"path": "range/9754219-9813676", "duration": 4.969}, {"path": "range/9813677-9873169", "duration": 5.015}, {"path": "range/9873170-9932573", "duration": 5.016}, {"path": "range/9932574-9992056", "duration": 4.969}, {"path": "range/9992057-10051641", "duration": 5.016}, {"path": "range/10051642-10110957", "duration": 5.015}, {"path": "range/10110958-10170366", "duration": 4.969}, {"path": "range/10170367-10229986", "duration": 5.016}, {"path": "range/10229987-10289291", "duration": 5.015}, {"path": "range/10289292-10348706", "duration": 4.969}, {"path": "range/10348707-10408431", "duration": 5.016}, {"path": "range/10408432-10467713", "duration": 5.015}, {"path": "range/10467714-10527067", "duration": 4.969}, {"path": "range/10527068-10586738", "duration": 5.016}, {"path": "range/10586739-10646075", "duration": 5.015}, {"path": "range/10646076-10705434", "duration": 4.969}, {"path": "range/10705435-10765071", "duration": 5.016}, {"path": "range/10765072-10824474", "duration": 5.015}, {"path": "range/10824475-10883853", "duration": 4.969}, {"path": "range/10883854-10900353", "duration": 1.486}], "protocol": "http_dash_segments", "format": "140 - audio only (DASH audio)", "http_headers": {"User-Agent": "Mozilla/5.0 (X11; Linux x86_64; rv:59.0) Gecko/20100101 Firefox/59.0", "Accept-Charset": "ISO-8859-1,utf-8;q=0.7,*;q=0.7", "Accept": "text/html,application/xhtml+xml,application/xml;q=0.9,*/*;q=0.8", "Accept-Encoding": "gzip, deflate", "Accept-Language": "en-us,en;q=0.5"}}, {"ext": "mp4", "height": 144, "format_note": "DASH video", "vcodec": "avc1.4d400b", "format_id": "160", "url": "https://r4---sn-n4v7sne7.googlevideo.com/videoplayback/id/a86627a377ea6e6e/itag/160/source/yt_otf/requiressl/yes/ei/_GzwW42EJdvZkgay44joBQ/pl/22/ms/au,rdu/mv/m/mn/sn-n4v7sne7,sn-n4v7knll/mm/31,29/initcwndbps/1776250/ratebypass/yes/mime/video%2Fmp4/otfp/1/otf/1/lmt/1459059066735692/mt/1542483046/fvip/4/disable_polymer/true/ip/69.181.125.22/ipbits/0/expire/1542504796/sparams/ip,ipbits,expire,id,itag,source,requiressl,ei,pl,ms,mv,mn,mm,initcwndbps,ratebypass,mime,otfp,otf,lmt/signature/4E095F434B289E4809A6D8C07CF1E6815406A22D.92586EEBC4708E424B0271A276131DFFC1E5DEC5/key/dg_yt0/", "manifest_url": "https://manifest.googlevideo.com/api/manifest/dash/requiressl/yes/sparams/as%2Cei%2Chfr%2Cid%2Cinitcwndbps%2Cip%2Cipbits%2Citag%2Cmm%2Cmn%2Cms%2Cmv%2Cpl%2Cplayback_host%2Crequiressl%2Csource%2Cexpire/itag/0/ei/_GzwW42EJdvZkgay44joBQ/as/fmp4_audio_clear%2Cfmp4_sd_hd_clear/signature/37159BB2C3E6E9BDF6B06A05FDAC5E0E67BC8099.4370544A6F058467962D9D01DEDAA7451F544613/hfr/all/mt/1542483046/expire/1542504796/fvip/4/playback_host/r4---sn-n4v7sne7.googlevideo.com/pl/22/ip/69.181.125.22/ms/au%2Crdu/mv/m/source/youtube/key/yt6/id/a86627a377ea6e6e/mn/sn-n4v7sne7%2Csn-n4v7knll/ipbits/0/mm/31%2C29/initcwndbps/1776250", "width": 256, "tbr": 108.0, "asr": null, "fps": 30, "language": null, "filesize": null, "container": "mp4_dash", "acodec": "none", "fragment_base_url": "https://r4---sn-n4v7sne7.googlevideo.com/videoplayback/id/a86627a377ea6e6e/itag/160/source/yt_otf/requiressl/yes/ei/_GzwW42EJdvZkgay44joBQ/pl/22/ms/au,rdu/mv/m/mn/sn-n4v7sne7,sn-n4v7knll/mm/31,29/initcwndbps/1776250/ratebypass/yes/mime/video%2Fmp4/otfp/1/otf/1/lmt/1459059066735692/mt/1542483046/fvip/4/disable_polymer/true/ip/69.181.125.22/ipbits/0/expire/1542504796/sparams/ip,ipbits,expire,id,itag,source,requiressl,ei,pl,ms,mv,mn,mm,initcwndbps,ratebypass,mime,otfp,otf,lmt/signature/4E095F434B289E4809A6D8C07CF1E6815406A22D.92586EEBC4708E424B0271A276131DFFC1E5DEC5/key/dg_yt0/", "fragments": [{"path": "sq/0"}, {"path": "sq/1/dur/5.339", "duration": 5.339}, {"path": "sq/2/dur/5.338", "duration": 5.338}, {"path": "sq/3/dur/5.339", "duration": 5.339}, {"path": "sq/4/dur/5.339", "duration": 5.339}, {"path": "sq/5/dur/5.338", "duration": 5.338}, {"path": "sq/6/dur/5.339", "duration": 5.339}, {"path": "sq/7/dur/5.339", "duration": 5.339}, {"path": "sq/8/dur/5.338", "duration": 5.338}, {"path": "sq/9/dur/5.339", "duration": 5.339}, {"path": "sq/10/dur/5.339", "duration": 5.339}, {"path": "sq/11/dur/5.338", "duration": 5.338}, {"path": "sq/12/dur/5.339", "duration": 5.339}, {"path": "sq/13/dur/5.339", "duration": 5.339}, {"path": "sq/14/dur/5.338", "duration": 5.338}, {"path": "sq/15/dur/5.339", "duration": 5.339}, {"path": "sq/16/dur/5.339", "duration": 5.339}, {"path": "sq/17/dur/5.338", "duration": 5.338}, {"path": "sq/18/dur/5.339", "duration": 5.339}, {"path": "sq/19/dur/5.339", "duration": 5.339}, {"path": "sq/20/dur/5.338", "duration": 5.338}, {"path": "sq/21/dur/5.339", "duration": 5.339}, {"path": "sq/22/dur/5.339", "duration": 5.339}, {"path": "sq/23/dur/5.338", "duration": 5.338}, {"path": "sq/24/dur/5.339", "duration": 5.339}, {"path": "sq/25/dur/5.339", "duration": 5.339}, {"path": "sq/26/dur/5.338", "duration": 5.338}, {"path": "sq/27/dur/5.339", "duration": 5.339}, {"path": "sq/28/dur/5.339", "duration": 5.339}, {"path": "sq/29/dur/5.338", "duration": 5.338}, {"path": "sq/30/dur/5.339", "duration": 5.339}, {"path": "sq/31/dur/5.339", "duration": 5.339}, {"path": "sq/32/dur/5.338", "duration": 5.338}, {"path": "sq/33/dur/5.339", "duration": 5.339}, {"path": "sq/34/dur/5.339", "duration": 5.339}, {"path": "sq/35/dur/5.338", "duration": 5.338}, {"path": "sq/36/dur/5.339", "duration": 5.339}, {"path": "sq/37/dur/5.339", "duration": 5.339}, {"path": "sq/38/dur/5.338", "duration": 5.338}, {"path": "sq/39/dur/5.339", "duration": 5.339}, {"path": "sq/40/dur/5.339", "duration": 5.339}, {"path": "sq/41/dur/5.338", "duration": 5.338}, {"path": "sq/42/dur/5.339", "duration": 5.339}, {"path": "sq/43/dur/5.339", "duration": 5.339}, {"path": "sq/44/dur/5.338", "duration": 5.338}, {"path": "sq/45/dur/5.339", "duration": 5.339}, {"path": "sq/46/dur/5.339", "duration": 5.339}, {"path": "sq/47/dur/5.338", "duration": 5.338}, {"path": "sq/48/dur/5.339", "duration": 5.339}, {"path": "sq/49/dur/5.339", "duration": 5.339}, {"path": "sq/50/dur/5.338", "duration": 5.338}, {"path": "sq/51/dur/5.339", "duration": 5.339}, {"path": "sq/52/dur/5.339", "duration": 5.339}, {"path": "sq/53/dur/5.338", "duration": 5.338}, {"path": "sq/54/dur/5.339", "duration": 5.339}, {"path": "sq/55/dur/5.339", "duration": 5.339}, {"path": "sq/56/dur/5.338", "duration": 5.338}, {"path": "sq/57/dur/5.339", "duration": 5.339}, {"path": "sq/58/dur/5.339", "duration": 5.339}, {"path": "sq/59/dur/5.338", "duration": 5.338}, {"path": "sq/60/dur/5.339", "duration": 5.339}, {"path": "sq/61/dur/5.339", "duration": 5.339}, {"path": "sq/62/dur/5.338", "duration": 5.338}, {"path": "sq/63/dur/5.339", "duration": 5.339}, {"path": "sq/64/dur/5.339", "duration": 5.339}, {"path": "sq/65/dur/5.338", "duration": 5.338}, {"path": "sq/66/dur/5.339", "duration": 5.339}, {"path": "sq/67/dur/5.339", "duration": 5.339}, {"path": "sq/68/dur/5.338", "duration": 5.338}, {"path": "sq/69/dur/5.339", "duration": 5.339}, {"path": "sq/70/dur/5.339", "duration": 5.339}, {"path": "sq/71/dur/5.338", "duration": 5.338}, {"path": "sq/72/dur/5.339", "duration": 5.339}, {"path": "sq/73/dur/5.339", "duration": 5.339}, {"path": "sq/74/dur/5.338", "duration": 5.338}, {"path": "sq/75/dur/5.339", "duration": 5.339}, {"path": "sq/76/dur/5.339", "duration": 5.339}, {"path": "sq/77/dur/5.338", "duration": 5.338}, {"path": "sq/78/dur/5.339", "duration": 5.339}, {"path": "sq/79/dur/5.339", "duration": 5.339}, {"path": "sq/80/dur/5.338", "duration": 5.338}, {"path": "sq/81/dur/5.339", "duration": 5.339}, {"path": "sq/82/dur/5.339", "duration": 5.339}, {"path": "sq/83/dur/5.338", "duration": 5.338}, {"path": "sq/84/dur/5.339", "duration": 5.339}, {"path": "sq/85/dur/5.339", "duration": 5.339}, {"path": "sq/86/dur/5.338", "duration": 5.338}, {"path": "sq/87/dur/5.339", "duration": 5.339}, {"path": "sq/88/dur/5.339", "duration": 5.339}, {"path": "sq/89/dur/5.338", "duration": 5.338}, {"path": "sq/90/dur/5.339", "duration": 5.339}, {"path": "sq/91/dur/5.339", "duration": 5.339}, {"path": "sq/92/dur/5.338", "duration": 5.338}, {"path": "sq/93/dur/5.339", "duration": 5.339}, {"path": "sq/94/dur/5.339", "duration": 5.339}, {"path": "sq/95/dur/5.338", "duration": 5.338}, {"path": "sq/96/dur/5.339", "duration": 5.339}, {"path": "sq/97/dur/5.339", "duration": 5.339}, {"path": "sq/98/dur/5.338", "duration": 5.338}, {"path": "sq/99/dur/5.339", "duration": 5.339}, {"path": "sq/100/dur/5.339", "duration": 5.339}, {"path": "sq/101/dur/5.338", "duration": 5.338}, {"path": "sq/102/dur/5.339", "duration": 5.339}, {"path": "sq/103/dur/5.339", "duration": 5.339}, {"path": "sq/104/dur/5.338", "duration": 5.338}, {"path": "sq/105/dur/5.339", "duration": 5.339}, {"path": "sq/106/dur/5.339", "duration": 5.339}, {"path": "sq/107/dur/5.338", "duration": 5.338}, {"path": "sq/108/dur/5.339", "duration": 5.339}, {"path": "sq/109/dur/5.339", "duration": 5.339}, {"path": "sq/110/dur/5.338", "duration": 5.338}, {"path": "sq/111/dur/5.339", "duration": 5.339}, {"path": "sq/112/dur/5.339", "duration": 5.339}, {"path": "sq/113/dur/5.338", "duration": 5.338}, {"path": "sq/114/dur/5.339", "duration": 5.339}, {"path": "sq/115/dur/5.339", "duration": 5.339}, {"path": "sq/116/dur/5.338", "duration": 5.338}, {"path": "sq/117/dur/5.339", "duration": 5.339}, {"path": "sq/118/dur/5.339", "duration": 5.339}, {"path": "sq/119/dur/5.338", "duration": 5.338}, {"path": "sq/120/dur/5.339", "duration": 5.339}, {"path": "sq/121/dur/5.339", "duration": 5.339}, {"path": "sq/122/dur/5.338", "duration": 5.338}, {"path": "sq/123/dur/5.339", "duration": 5.339}, {"path": "sq/124/dur/5.339", "duration": 5.339}, {"path": "sq/125/dur/5.338", "duration": 5.338}, {"path": "sq/126/dur/5.339", "duration": 5.339}, {"path": "sq/127/dur/5.339", "duration": 5.339}, {"path": "sq/128/dur/5.338", "duration": 5.338}, {"path": "sq/129/dur/5.339", "duration": 5.339}, {"path": "sq/130/dur/5.339", "duration": 5.339}, {"path": "sq/131/dur/5.338", "duration": 5.338}, {"path": "sq/132/dur/5.339", "duration": 5.339}, {"path": "sq/133/dur/5.339", "duration": 5.339}, {"path": "sq/134/dur/5.338", "duration": 5.338}, {"path": "sq/135/dur/5.339", "duration": 5.339}, {"path": "sq/136/dur/5.339", "duration": 5.339}, {"path": "sq/137/dur/5.338", "duration": 5.338}, {"path": "sq/138/dur/5.339", "duration": 5.339}, {"path": "sq/139/dur/5.339", "duration": 5.339}, {"path": "sq/140/dur/5.338", "duration": 5.338}, {"path": "sq/141/dur/5.339", "duration": 5.339}, {"path": "sq/142/dur/5.339", "duration": 5.339}, {"path": "sq/143/dur/5.338", "duration": 5.338}, {"path": "sq/144/dur/5.339", "duration": 5.339}, {"path": "sq/145/dur/5.339", "duration": 5.339}, {"path": "sq/146/dur/5.338", "duration": 5.338}, {"path": "sq/147/dur/5.339", "duration": 5.339}, {"path": "sq/148/dur/5.339", "duration": 5.339}, {"path": "sq/149/dur/5.338", "duration": 5.338}, {"path": "sq/150/dur/5.339", "duration": 5.339}, {"path": "sq/151/dur/5.339", "duration": 5.339}, {"path": "sq/152/dur/5.338", "duration": 5.338}, {"path": "sq/153/dur/5.339", "duration": 5.339}, {"path": "sq/154/dur/5.339", "duration": 5.339}, {"path": "sq/155/dur/5.338", "duration": 5.338}, {"path": "sq/156/dur/5.339", "duration": 5.339}, {"path": "sq/157/dur/5.339", "duration": 5.339}, {"path": "sq/158/dur/5.338", "duration": 5.338}, {"path": "sq/159/dur/5.339", "duration": 5.339}, {"path": "sq/160/dur/5.339", "duration": 5.339}, {"path": "sq/161/dur/5.338", "duration": 5.338}, {"path": "sq/162/dur/5.339", "duration": 5.339}, {"path": "sq/163/dur/5.339", "duration": 5.339}, {"path": "sq/164/dur/5.338", "duration": 5.338}, {"path": "sq/165/dur/5.339", "duration": 5.339}, {"path": "sq/166/dur/5.339", "duration": 5.339}, {"path": "sq/167/dur/5.338", "duration": 5.338}, {"path": "sq/168/dur/5.339", "duration": 5.339}, {"path": "sq/169/dur/5.339", "duration": 5.339}, {"path": "sq/170/dur/5.338", "duration": 5.338}, {"path": "sq/171/dur/5.339", "duration": 5.339}, {"path": "sq/172/dur/3.403", "duration": 3.403}], "protocol": "http_dash_segments", "format": "160 - 256x144 (DASH video)", "http_headers": {"User-Agent": "Mozilla/5.0 (X11; Linux x86_64; rv:59.0) Gecko/20100101 Firefox/59.0", "Accept-Charset": "ISO-8859-1,utf-8;q=0.7,*;q=0.7", "Accept": "text/html,application/xhtml+xml,application/xml;q=0.9,*/*;q=0.8", "Accept-Encoding": "gzip, deflate", "Accept-Language": "en-us,en;q=0.5"}}, {"ext": "mp4", "height": 240, "format_note": "DASH video", "vcodec": "avc1.4d400c", "format_id": "133", "url": "https://r4---sn-n4v7sne7.googlevideo.com/videoplayback/id/a86627a377ea6e6e/itag/133/source/yt_otf/requiressl/yes/ei/_GzwW42EJdvZkgay44joBQ/pl/22/ms/au,rdu/mv/m/mn/sn-n4v7sne7,sn-n4v7knll/mm/31,29/initcwndbps/1776250/ratebypass/yes/mime/video%2Fmp4/otfp/1/otf/1/lmt/1459059066735692/mt/1542483046/fvip/4/disable_polymer/true/ip/69.181.125.22/ipbits/0/expire/1542504796/sparams/ip,ipbits,expire,id,itag,source,requiressl,ei,pl,ms,mv,mn,mm,initcwndbps,ratebypass,mime,otfp,otf,lmt/signature/3BF1BA8973787757D6C00FB1C3BCBA4EA34DF572.1EC791168F0D5461AD9F58CC4091324FF3A83DCA/key/dg_yt0/", "manifest_url": "https://manifest.googlevideo.com/api/manifest/dash/requiressl/yes/sparams/as%2Cei%2Chfr%2Cid%2Cinitcwndbps%2Cip%2Cipbits%2Citag%2Cmm%2Cmn%2Cms%2Cmv%2Cpl%2Cplayback_host%2Crequiressl%2Csource%2Cexpire/itag/0/ei/_GzwW42EJdvZkgay44joBQ/as/fmp4_audio_clear%2Cfmp4_sd_hd_clear/signature/37159BB2C3E6E9BDF6B06A05FDAC5E0E67BC8099.4370544A6F058467962D9D01DEDAA7451F544613/hfr/all/mt/1542483046/expire/1542504796/fvip/4/playback_host/r4---sn-n4v7sne7.googlevideo.com/pl/22/ip/69.181.125.22/ms/au%2Crdu/mv/m/source/youtube/key/yt6/id/a86627a377ea6e6e/mn/sn-n4v7sne7%2Csn-n4v7knll/ipbits/0/mm/31%2C29/initcwndbps/1776250", "width": 426, "tbr": 242.0, "asr": null, "fps": 30, "language": null, "filesize": null, "container": "mp4_dash", "acodec": "none", "fragment_base_url": "https://r4---sn-n4v7sne7.googlevideo.com/videoplayback/id/a86627a377ea6e6e/itag/133/source/yt_otf/requiressl/yes/ei/_GzwW42EJdvZkgay44joBQ/pl/22/ms/au,rdu/mv/m/mn/sn-n4v7sne7,sn-n4v7knll/mm/31,29/initcwndbps/1776250/ratebypass/yes/mime/video%2Fmp4/otfp/1/otf/1/lmt/1459059066735692/mt/1542483046/fvip/4/disable_polymer/true/ip/69.181.125.22/ipbits/0/expire/1542504796/sparams/ip,ipbits,expire,id,itag,source,requiressl,ei,pl,ms,mv,mn,mm,initcwndbps,ratebypass,mime,otfp,otf,lmt/signature/3BF1BA8973787757D6C00FB1C3BCBA4EA34DF572.1EC791168F0D5461AD9F58CC4091324FF3A83DCA/key/dg_yt0/", "fragments": [{"path": "sq/0"}, {"path": "sq/1/dur/5.339", "duration": 5.339}, {"path": "sq/2/dur/5.338", "duration": 5.338}, {"path": "sq/3/dur/5.339", "duration": 5.339}, {"path": "sq/4/dur/5.339", "duration": 5.339}, {"path": "sq/5/dur/5.338", "duration": 5.338}, {"path": "sq/6/dur/5.339", "duration": 5.339}, {"path": "sq/7/dur/5.339", "duration": 5.339}, {"path": "sq/8/dur/5.338", "duration": 5.338}, {"path": "sq/9/dur/5.339", "duration": 5.339}, {"path": "sq/10/dur/5.339", "duration": 5.339}, {"path": "sq/11/dur/5.338", "duration": 5.338}, {"path": "sq/12/dur/5.339", "duration": 5.339}, {"path": "sq/13/dur/5.339", "duration": 5.339}, {"path": "sq/14/dur/5.338", "duration": 5.338}, {"path": "sq/15/dur/5.339", "duration": 5.339}, {"path": "sq/16/dur/5.339", "duration": 5.339}, {"path": "sq/17/dur/5.338", "duration": 5.338}, {"path": "sq/18/dur/5.339", "duration": 5.339}, {"path": "sq/19/dur/5.339", "duration": 5.339}, {"path": "sq/20/dur/5.338", "duration": 5.338}, {"path": "sq/21/dur/5.339", "duration": 5.339}, {"path": "sq/22/dur/5.339", "duration": 5.339}, {"path": "sq/23/dur/5.338", "duration": 5.338}, {"path": "sq/24/dur/5.339", "duration": 5.339}, {"path": "sq/25/dur/5.339", "duration": 5.339}, {"path": "sq/26/dur/5.338", "duration": 5.338}, {"path": "sq/27/dur/5.339", "duration": 5.339}, {"path": "sq/28/dur/5.339", "duration": 5.339}, {"path": "sq/29/dur/5.338", "duration": 5.338}, {"path": "sq/30/dur/5.339", "duration": 5.339}, {"path": "sq/31/dur/5.339", "duration": 5.339}, {"path": "sq/32/dur/5.338", "duration": 5.338}, {"path": "sq/33/dur/5.339", "duration": 5.339}, {"path": "sq/34/dur/5.339", "duration": 5.339}, {"path": "sq/35/dur/5.338", "duration": 5.338}, {"path": "sq/36/dur/5.339", "duration": 5.339}, {"path": "sq/37/dur/5.339", "duration": 5.339}, {"path": "sq/38/dur/5.338", "duration": 5.338}, {"path": "sq/39/dur/5.339", "duration": 5.339}, {"path": "sq/40/dur/5.339", "duration": 5.339}, {"path": "sq/41/dur/5.338", "duration": 5.338}, {"path": "sq/42/dur/5.339", "duration": 5.339}, {"path": "sq/43/dur/5.339", "duration": 5.339}, {"path": "sq/44/dur/5.338", "duration": 5.338}, {"path": "sq/45/dur/5.339", "duration": 5.339}, {"path": "sq/46/dur/5.339", "duration": 5.339}, {"path": "sq/47/dur/5.338", "duration": 5.338}, {"path": "sq/48/dur/5.339", "duration": 5.339}, {"path": "sq/49/dur/5.339", "duration": 5.339}, {"path": "sq/50/dur/5.338", "duration": 5.338}, {"path": "sq/51/dur/5.339", "duration": 5.339}, {"path": "sq/52/dur/5.339", "duration": 5.339}, {"path": "sq/53/dur/5.338", "duration": 5.338}, {"path": "sq/54/dur/5.339", "duration": 5.339}, {"path": "sq/55/dur/5.339", "duration": 5.339}, {"path": "sq/56/dur/5.338", "duration": 5.338}, {"path": "sq/57/dur/5.339", "duration": 5.339}, {"path": "sq/58/dur/5.339", "duration": 5.339}, {"path": "sq/59/dur/5.338", "duration": 5.338}, {"path": "sq/60/dur/5.339", "duration": 5.339}, {"path": "sq/61/dur/5.339", "duration": 5.339}, {"path": "sq/62/dur/5.338", "duration": 5.338}, {"path": "sq/63/dur/5.339", "duration": 5.339}, {"path": "sq/64/dur/5.339", "duration": 5.339}, {"path": "sq/65/dur/5.338", "duration": 5.338}, {"path": "sq/66/dur/5.339", "duration": 5.339}, {"path": "sq/67/dur/5.339", "duration": 5.339}, {"path": "sq/68/dur/5.338", "duration": 5.338}, {"path": "sq/69/dur/5.339", "duration": 5.339}, {"path": "sq/70/dur/5.339", "duration": 5.339}, {"path": "sq/71/dur/5.338", "duration": 5.338}, {"path": "sq/72/dur/5.339", "duration": 5.339}, {"path": "sq/73/dur/5.339", "duration": 5.339}, {"path": "sq/74/dur/5.338", "duration": 5.338}, {"path": "sq/75/dur/5.339", "duration": 5.339}, {"path": "sq/76/dur/5.339", "duration": 5.339}, {"path": "sq/77/dur/5.338", "duration": 5.338}, {"path": "sq/78/dur/5.339", "duration": 5.339}, {"path": "sq/79/dur/5.339", "duration": 5.339}, {"path": "sq/80/dur/5.338", "duration": 5.338}, {"path": "sq/81/dur/5.339", "duration": 5.339}, {"path": "sq/82/dur/5.339", "duration": 5.339}, {"path": "sq/83/dur/5.338", "duration": 5.338}, {"path": "sq/84/dur/5.339", "duration": 5.339}, {"path": "sq/85/dur/5.339", "duration": 5.339}, {"path": "sq/86/dur/5.338", "duration": 5.338}, {"path": "sq/87/dur/5.339", "duration": 5.339}, {"path": "sq/88/dur/5.339", "duration": 5.339}, {"path": "sq/89/dur/5.338", "duration": 5.338}, {"path": "sq/90/dur/5.339", "duration": 5.339}, {"path": "sq/91/dur/5.339", "duration": 5.339}, {"path": "sq/92/dur/5.338", "duration": 5.338}, {"path": "sq/93/dur/5.339", "duration": 5.339}, {"path": "sq/94/dur/5.339", "duration": 5.339}, {"path": "sq/95/dur/5.338", "duration": 5.338}, {"path": "sq/96/dur/5.339", "duration": 5.339}, {"path": "sq/97/dur/5.339", "duration": 5.339}, {"path": "sq/98/dur/5.338", "duration": 5.338}, {"path": "sq/99/dur/5.339", "duration": 5.339}, {"path": "sq/100/dur/5.339", "duration": 5.339}, {"path": "sq/101/dur/5.338", "duration": 5.338}, {"path": "sq/102/dur/5.339", "duration": 5.339}, {"path": "sq/103/dur/5.339", "duration": 5.339}, {"path": "sq/104/dur/5.338", "duration": 5.338}, {"path": "sq/105/dur/5.339", "duration": 5.339}, {"path": "sq/106/dur/5.339", "duration": 5.339}, {"path": "sq/107/dur/5.338", "duration": 5.338}, {"path": "sq/108/dur/5.339", "duration": 5.339}, {"path": "sq/109/dur/5.339", "duration": 5.339}, {"path": "sq/110/dur/5.338", "duration": 5.338}, {"path": "sq/111/dur/5.339", "duration": 5.339}, {"path": "sq/112/dur/5.339", "duration": 5.339}, {"path": "sq/113/dur/5.338", "duration": 5.338}, {"path": "sq/114/dur/5.339", "duration": 5.339}, {"path": "sq/115/dur/5.339", "duration": 5.339}, {"path": "sq/116/dur/5.338", "duration": 5.338}, {"path": "sq/117/dur/5.339", "duration": 5.339}, {"path": "sq/118/dur/5.339", "duration": 5.339}, {"path": "sq/119/dur/5.338", "duration": 5.338}, {"path": "sq/120/dur/5.339", "duration": 5.339}, {"path": "sq/121/dur/5.339", "duration": 5.339}, {"path": "sq/122/dur/5.338", "duration": 5.338}, {"path": "sq/123/dur/5.339", "duration": 5.339}, {"path": "sq/124/dur/5.339", "duration": 5.339}, {"path": "sq/125/dur/5.338", "duration": 5.338}, {"path": "sq/126/dur/5.339", "duration": 5.339}, {"path": "sq/127/dur/5.339", "duration": 5.339}, {"path": "sq/128/dur/5.338", "duration": 5.338}, {"path": "sq/129/dur/5.339", "duration": 5.339}, {"path": "sq/130/dur/5.339", "duration": 5.339}, {"path": "sq/131/dur/5.338", "duration": 5.338}, {"path": "sq/132/dur/5.339", "duration": 5.339}, {"path": "sq/133/dur/5.339", "duration": 5.339}, {"path": "sq/134/dur/5.338", "duration": 5.338}, {"path": "sq/135/dur/5.339", "duration": 5.339}, {"path": "sq/136/dur/5.339", "duration": 5.339}, {"path": "sq/137/dur/5.338", "duration": 5.338}, {"path": "sq/138/dur/5.339", "duration": 5.339}, {"path": "sq/139/dur/5.339", "duration": 5.339}, {"path": "sq/140/dur/5.338", "duration": 5.338}, {"path": "sq/141/dur/5.339", "duration": 5.339}, {"path": "sq/142/dur/5.339", "duration": 5.339}, {"path": "sq/143/dur/5.338", "duration": 5.338}, {"path": "sq/144/dur/5.339", "duration": 5.339}, {"path": "sq/145/dur/5.339", "duration": 5.339}, {"path": "sq/146/dur/5.338", "duration": 5.338}, {"path": "sq/147/dur/5.339", "duration": 5.339}, {"path": "sq/148/dur/5.339", "duration": 5.339}, {"path": "sq/149/dur/5.338", "duration": 5.338}, {"path": "sq/150/dur/5.339", "duration": 5.339}, {"path": "sq/151/dur/5.339", "duration": 5.339}, {"path": "sq/152/dur/5.338", "duration": 5.338}, {"path": "sq/153/dur/5.339", "duration": 5.339}, {"path": "sq/154/dur/5.339", "duration": 5.339}, {"path": "sq/155/dur/5.338", "duration": 5.338}, {"path": "sq/156/dur/5.339", "duration": 5.339}, {"path": "sq/157/dur/5.339", "duration": 5.339}, {"path": "sq/158/dur/5.338", "duration": 5.338}, {"path": "sq/159/dur/5.339", "duration": 5.339}, {"path": "sq/160/dur/5.339", "duration": 5.339}, {"path": "sq/161/dur/5.338", "duration": 5.338}, {"path": "sq/162/dur/5.339", "duration": 5.339}, {"path": "sq/163/dur/5.339", "duration": 5.339}, {"path": "sq/164/dur/5.338", "duration": 5.338}, {"path": "sq/165/dur/5.339", "duration": 5.339}, {"path": "sq/166/dur/5.339", "duration": 5.339}, {"path": "sq/167/dur/5.338", "duration": 5.338}, {"path": "sq/168/dur/5.339", "duration": 5.339}, {"path": "sq/169/dur/5.339", "duration": 5.339}, {"path": "sq/170/dur/5.338", "duration": 5.338}, {"path": "sq/171/dur/5.339", "duration": 5.339}, {"path": "sq/172/dur/3.403", "duration": 3.403}], "protocol": "http_dash_segments", "format": "133 - 426x240 (DASH video)", "http_headers": {"User-Agent": "Mozilla/5.0 (X11; Linux x86_64; rv:59.0) Gecko/20100101 Firefox/59.0", "Accept-Charset": "ISO-8859-1,utf-8;q=0.7,*;q=0.7", "Accept": "text/html,application/xhtml+xml,application/xml;q=0.9,*/*;q=0.8", "Accept-Encoding": "gzip, deflate", "Accept-Language": "en-us,en;q=0.5"}}, {"ext": "mp4", "height": 360, "format_note": "DASH video", "vcodec": "avc1.4d401e", "format_id": "134", "url": "https://r4---sn-n4v7sne7.googlevideo.com/videoplayback/id/a86627a377ea6e6e/itag/134/source/youtube/requiressl/yes/ei/_GzwW42EJdvZkgay44joBQ/pl/22/ms/au,rdu/mv/m/mn/sn-n4v7sne7,sn-n4v7knll/mm/31,29/initcwndbps/1776250/ratebypass/yes/mime/video%2Fmp4/otfp/1/gir/yes/clen/10909861/lmt/1459059004512658/dur/916.315/mt/1542483046/fvip/4/disable_polymer/true/ip/69.181.125.22/ipbits/0/expire/1542504796/sparams/ip,ipbits,expire,id,itag,source,requiressl,ei,pl,ms,mv,mn,mm,initcwndbps,ratebypass,mime,otfp,gir,clen,lmt,dur/signature/69A3E77E5136E3CA05FBAD952AA0FC7632A3D383.41188435C6AA3542E0CEFE3FD24C9EC2C5707D48/key/dg_yt0/", "manifest_url": "https://manifest.googlevideo.com/api/manifest/dash/requiressl/yes/sparams/as%2Cei%2Chfr%2Cid%2Cinitcwndbps%2Cip%2Cipbits%2Citag%2Cmm%2Cmn%2Cms%2Cmv%2Cpl%2Cplayback_host%2Crequiressl%2Csource%2Cexpire/itag/0/ei/_GzwW42EJdvZkgay44joBQ/as/fmp4_audio_clear%2Cfmp4_sd_hd_clear/signature/37159BB2C3E6E9BDF6B06A05FDAC5E0E67BC8099.4370544A6F058467962D9D01DEDAA7451F544613/hfr/all/mt/1542483046/expire/1542504796/fvip/4/playback_host/r4---sn-n4v7sne7.googlevideo.com/pl/22/ip/69.181.125.22/ms/au%2Crdu/mv/m/source/youtube/key/yt6/id/a86627a377ea6e6e/mn/sn-n4v7sne7%2Csn-n4v7knll/ipbits/0/mm/31%2C29/initcwndbps/1776250", "width": 640, "tbr": 445.722, "asr": null, "fps": 30, "language": null, "filesize": 10909861, "container": "mp4_dash", "acodec": "none", "fragment_base_url": "https://r4---sn-n4v7sne7.googlevideo.com/videoplayback/id/a86627a377ea6e6e/itag/134/source/youtube/requiressl/yes/ei/_GzwW42EJdvZkgay44joBQ/pl/22/ms/au,rdu/mv/m/mn/sn-n4v7sne7,sn-n4v7knll/mm/31,29/initcwndbps/1776250/ratebypass/yes/mime/video%2Fmp4/otfp/1/gir/yes/clen/10909861/lmt/1459059004512658/dur/916.315/mt/1542483046/fvip/4/disable_polymer/true/ip/69.181.125.22/ipbits/0/expire/1542504796/sparams/ip,ipbits,expire,id,itag,source,requiressl,ei,pl,ms,mv,mn,mm,initcwndbps,ratebypass,mime,otfp,gir,clen,lmt,dur/signature/69A3E77E5136E3CA05FBAD952AA0FC7632A3D383.41188435C6AA3542E0CEFE3FD24C9EC2C5707D48/key/dg_yt0/", "fragments": [{"path": "range/0-708"}, {"path": "range/2805-182468", "duration": 5.339}, {"path": "range/182469-413630", "duration": 5.338}, {"path": "range/413631-611423", "duration": 5.339}, {"path": "range/611424-808657", "duration": 5.339}, {"path": "range/808658-1024551", "duration": 5.338}, {"path": "range/1024552-1220667", "duration": 5.339}, {"path": "range/1220668-1412188", "duration": 5.339}, {"path": "range/1412189-1626908", "duration": 5.338}, {"path": "range/1626909-1643022", "duration": 5.339}, {"path": "range/1643023-1659121", "duration": 5.339}, {"path": "range/1659122-1732275", "duration": 5.338}, {"path": "range/1732276-1760766", "duration": 5.339}, {"path": "range/1760767-1813267", "duration": 5.339}, {"path": "range/1813268-1841175", "duration": 5.338}, {"path": "range/1841176-1869428", "duration": 5.339}, {"path": "range/1869429-1897577", "duration": 5.339}, {"path": "range/1897578-1925811", "duration": 5.338}, {"path": "range/1925812-1954070", "duration": 5.339}, {"path": "range/1954071-1982625", "duration": 5.339}, {"path": "range/1982626-2010782", "duration": 5.338}, {"path": "range/2010783-2038890", "duration": 5.339}, {"path": "range/2038891-2067015", "duration": 5.339}, {"path": "range/2067016-2094923", "duration": 5.338}, {"path": "range/2094924-2392387", "duration": 5.339}, {"path": "range/2392388-2582736", "duration": 5.339}, {"path": "range/2582737-2773020", "duration": 5.338}, {"path": "range/2773021-2972896", "duration": 5.339}, {"path": "range/2972897-3201392", "duration": 5.339}, {"path": "range/3201393-3263264", "duration": 5.338}, {"path": "range/3263265-3291415", "duration": 5.339}, {"path": "range/3291416-3319473", "duration": 5.339}, {"path": "range/3319474-3347697", "duration": 5.338}, {"path": "range/3347698-3376332", "duration": 5.339}, {"path": "range/3376333-3404350", "duration": 5.339}, {"path": "range/3404351-3432369", "duration": 5.338}, {"path": "range/3432370-3460600", "duration": 5.339}, {"path": "range/3460601-3489155", "duration": 5.339}, {"path": "range/3489156-3518183", "duration": 5.338}, {"path": "range/3518184-3546340", "duration": 5.339}, {"path": "range/3546341-3574413", "duration": 5.339}, {"path": "range/3574414-3602505", "duration": 5.338}, {"path": "range/3602506-3630413", "duration": 5.339}, {"path": "range/3630414-3680751", "duration": 5.339}, {"path": "range/3680752-3709338", "duration": 5.338}, {"path": "range/3709339-3737567", "duration": 5.339}, {"path": "range/3737568-3765742", "duration": 5.339}, {"path": "range/3765743-3794403", "duration": 5.338}, {"path": "range/3794404-3850221", "duration": 5.339}, {"path": "range/3850222-3861990", "duration": 5.339}, {"path": "range/3861991-3874105", "duration": 5.338}, {"path": "range/3874106-3886110", "duration": 5.339}, {"path": "range/3886111-3898099", "duration": 5.339}, {"path": "range/3898100-3910262", "duration": 5.338}, {"path": "range/3910263-3922425", "duration": 5.339}, {"path": "range/3922426-3934740", "duration": 5.339}, {"path": "range/3934741-3946903", "duration": 5.338}, {"path": "range/3946904-3959066", "duration": 5.339}, {"path": "range/3959067-4208806", "duration": 5.339}, {"path": "range/4208807-4398644", "duration": 5.338}, {"path": "range/4398645-4612902", "duration": 5.339}, {"path": "range/4612903-4633200", "duration": 5.339}, {"path": "range/4633201-4653339", "duration": 5.338}, {"path": "range/4653340-4673452", "duration": 5.339}, {"path": "range/4673453-4693591", "duration": 5.339}, {"path": "range/4693592-4713730", "duration": 5.338}, {"path": "range/4713731-4733864", "duration": 5.339}, {"path": "range/4733865-4753990", "duration": 5.339}, {"path": "range/4753991-4774114", "duration": 5.338}, {"path": "range/4774115-4834195", "duration": 5.339}, {"path": "range/4834196-4852006", "duration": 5.339}, {"path": "range/4852007-4870197", "duration": 5.338}, {"path": "range/4870198-4888688", "duration": 5.339}, {"path": "range/4888689-4906571", "duration": 5.339}, {"path": "range/4906572-4924454", "duration": 5.338}, {"path": "range/4924455-4942286", "duration": 5.339}, {"path": "range/4942287-4960075", "duration": 5.339}, {"path": "range/4960076-4977864", "duration": 5.338}, {"path": "range/4977865-5179553", "duration": 5.339}, {"path": "range/5179554-5376425", "duration": 5.339}, {"path": "range/5376426-5574057", "duration": 5.338}, {"path": "range/5574058-5795470", "duration": 5.339}, {"path": "range/5795471-5813353", "duration": 5.339}, {"path": "range/5813354-5831236", "duration": 5.338}, {"path": "range/5831237-5849118", "duration": 5.339}, {"path": "range/5849119-5867006", "duration": 5.339}, {"path": "range/5867007-5884795", "duration": 5.338}, {"path": "range/5884796-5902677", "duration": 5.339}, {"path": "range/5902678-5920559", "duration": 5.339}, {"path": "range/5920560-6184411", "duration": 5.338}, {"path": "range/6184412-6392722", "duration": 5.339}, {"path": "range/6392723-6567156", "duration": 5.339}, {"path": "range/6567157-6585165", "duration": 5.338}, {"path": "range/6585166-6600633", "duration": 5.339}, {"path": "range/6600634-6615914", "duration": 5.339}, {"path": "range/6615915-6660466", "duration": 5.338}, {"path": "range/6660467-6675619", "duration": 5.339}, {"path": "range/6675620-6690323", "duration": 5.339}, {"path": "range/6690324-6705021", "duration": 5.338}, {"path": "range/6705022-6719725", "duration": 5.339}, {"path": "range/6719726-6734399", "duration": 5.339}, {"path": "range/6734400-6749097", "duration": 5.338}, {"path": "range/6749098-6763769", "duration": 5.339}, {"path": "range/6763770-6780727", "duration": 5.339}, {"path": "range/6780728-6791011", "duration": 5.338}, {"path": "range/6791012-6801141", "duration": 5.339}, {"path": "range/6801142-6811271", "duration": 5.339}, {"path": "range/6811272-7016919", "duration": 5.338}, {"path": "range/7016920-7207444", "duration": 5.339}, {"path": "range/7207445-7397701", "duration": 5.339}, {"path": "range/7397702-7652712", "duration": 5.338}, {"path": "range/7652713-7669441", "duration": 5.339}, {"path": "range/7669442-7686253", "duration": 5.339}, {"path": "range/7686254-7703329", "duration": 5.338}, {"path": "range/7703330-7937226", "duration": 5.339}, {"path": "range/7937227-8134832", "duration": 5.339}, {"path": "range/8134833-8322990", "duration": 5.338}, {"path": "range/8322991-8516906", "duration": 5.339}, {"path": "range/8516907-8708668", "duration": 5.339}, {"path": "range/8708669-8845884", "duration": 5.338}, {"path": "range/8845885-8857033", "duration": 5.339}, {"path": "range/8857034-8868143", "duration": 5.339}, {"path": "range/8868144-8882987", "duration": 5.338}, {"path": "range/8882988-8895834", "duration": 5.339}, {"path": "range/8895835-8908459", "duration": 5.339}, {"path": "range/8908460-8921084", "duration": 5.338}, {"path": "range/8921085-8933707", "duration": 5.339}, {"path": "range/8933708-8946331", "duration": 5.339}, {"path": "range/8946332-8958960", "duration": 5.338}, {"path": "range/8958961-8971589", "duration": 5.339}, {"path": "range/8971590-8984213", "duration": 5.339}, {"path": "range/8984214-8996838", "duration": 5.338}, {"path": "range/8996839-9011966", "duration": 5.339}, {"path": "range/9011967-9023427", "duration": 5.339}, {"path": "range/9023428-9036971", "duration": 5.338}, {"path": "range/9036972-9048279", "duration": 5.339}, {"path": "range/9048280-9059539", "duration": 5.339}, {"path": "range/9059540-9070788", "duration": 5.338}, {"path": "range/9070789-9084542", "duration": 5.339}, {"path": "range/9084543-9095135", "duration": 5.339}, {"path": "range/9095136-9105728", "duration": 5.338}, {"path": "range/9105729-9116328", "duration": 5.339}, {"path": "range/9116329-9364000", "duration": 5.339}, {"path": "range/9364001-9610864", "duration": 5.338}, {"path": "range/9610865-9632749", "duration": 5.339}, {"path": "range/9632750-9654863", "duration": 5.339}, {"path": "range/9654864-9676513", "duration": 5.338}, {"path": "range/9676514-9698185", "duration": 5.339}, {"path": "range/9698186-9719857", "duration": 5.339}, {"path": "range/9719858-9741512", "duration": 5.338}, {"path": "range/9741513-9763158", "duration": 5.339}, {"path": "range/9763159-9784852", "duration": 5.339}, {"path": "range/9784853-9806510", "duration": 5.338}, {"path": "range/9806511-9828129", "duration": 5.339}, {"path": "range/9828130-9849794", "duration": 5.339}, {"path": "range/9849795-9871442", "duration": 5.338}, {"path": "range/9871443-9929094", "duration": 5.339}, {"path": "range/9929095-9961619", "duration": 5.339}, {"path": "range/9961620-10020988", "duration": 5.338}, {"path": "range/10020989-10053649", "duration": 5.339}, {"path": "range/10053650-10086283", "duration": 5.339}, {"path": "range/10086284-10118929", "duration": 5.338}, {"path": "range/10118930-10151575", "duration": 5.339}, {"path": "range/10151576-10184222", "duration": 5.339}, {"path": "range/10184223-10216638", "duration": 5.338}, {"path": "range/10216639-10249276", "duration": 5.339}, {"path": "range/10249277-10281629", "duration": 5.339}, {"path": "range/10281630-10314276", "duration": 5.338}, {"path": "range/10314277-10346922", "duration": 5.339}, {"path": "range/10346923-10379649", "duration": 5.339}, {"path": "range/10379650-10567962", "duration": 5.338}, {"path": "range/10567963-10763988", "duration": 5.339}, {"path": "range/10763989-10909860", "duration": 3.403}], "protocol": "http_dash_segments", "format": "134 - 640x360 (DASH video)", "http_headers": {"User-Agent": "Mozilla/5.0 (X11; Linux x86_64; rv:59.0) Gecko/20100101 Firefox/59.0", "Accept-Charset": "ISO-8859-1,utf-8;q=0.7,*;q=0.7", "Accept": "text/html,application/xhtml+xml,application/xml;q=0.9,*/*;q=0.8", "Accept-Encoding": "gzip, deflate", "Accept-Language": "en-us,en;q=0.5"}}, {"ext": "mp4", "height": 480, "format_note": "DASH video", "vcodec": "avc1.4d400a", "format_id": "135", "url": "https://r4---sn-n4v7sne7.googlevideo.com/videoplayback/id/a86627a377ea6e6e/itag/135/source/yt_otf/requiressl/yes/ei/_GzwW42EJdvZkgay44joBQ/pl/22/ms/au,rdu/mv/m/mn/sn-n4v7sne7,sn-n4v7knll/mm/31,29/initcwndbps/1776250/ratebypass/yes/mime/video%2Fmp4/otfp/1/otf/1/lmt/1459059066735692/mt/1542483046/fvip/4/disable_polymer/true/ip/69.181.125.22/ipbits/0/expire/1542504796/sparams/ip,ipbits,expire,id,itag,source,requiressl,ei,pl,ms,mv,mn,mm,initcwndbps,ratebypass,mime,otfp,otf,lmt/signature/73CEF6D6BFF296522A0021584711970F3FF9186C.04B989FD2231F4F2D510156B00CBACF323D8528A/key/dg_yt0/", "manifest_url": "https://manifest.googlevideo.com/api/manifest/dash/requiressl/yes/sparams/as%2Cei%2Chfr%2Cid%2Cinitcwndbps%2Cip%2Cipbits%2Citag%2Cmm%2Cmn%2Cms%2Cmv%2Cpl%2Cplayback_host%2Crequiressl%2Csource%2Cexpire/itag/0/ei/_GzwW42EJdvZkgay44joBQ/as/fmp4_audio_clear%2Cfmp4_sd_hd_clear/signature/37159BB2C3E6E9BDF6B06A05FDAC5E0E67BC8099.4370544A6F058467962D9D01DEDAA7451F544613/hfr/all/mt/1542483046/expire/1542504796/fvip/4/playback_host/r4---sn-n4v7sne7.googlevideo.com/pl/22/ip/69.181.125.22/ms/au%2Crdu/mv/m/source/youtube/key/yt6/id/a86627a377ea6e6e/mn/sn-n4v7sne7%2Csn-n4v7knll/ipbits/0/mm/31%2C29/initcwndbps/1776250", "width": 854, "tbr": 1155.0, "asr": null, "fps": 30, "language": null, "filesize": null, "container": "mp4_dash", "acodec": "none", "fragment_base_url": "https://r4---sn-n4v7sne7.googlevideo.com/videoplayback/id/a86627a377ea6e6e/itag/135/source/yt_otf/requiressl/yes/ei/_GzwW42EJdvZkgay44joBQ/pl/22/ms/au,rdu/mv/m/mn/sn-n4v7sne7,sn-n4v7knll/mm/31,29/initcwndbps/1776250/ratebypass/yes/mime/video%2Fmp4/otfp/1/otf/1/lmt/1459059066735692/mt/1542483046/fvip/4/disable_polymer/true/ip/69.181.125.22/ipbits/0/expire/1542504796/sparams/ip,ipbits,expire,id,itag,source,requiressl,ei,pl,ms,mv,mn,mm,initcwndbps,ratebypass,mime,otfp,otf,lmt/signature/73CEF6D6BFF296522A0021584711970F3FF9186C.04B989FD2231F4F2D510156B00CBACF323D8528A/key/dg_yt0/", "fragments": [{"path": "sq/0"}, {"path": "sq/1/dur/5.339", "duration": 5.339}, {"path": "sq/2/dur/5.338", "duration": 5.338}, {"path": "sq/3/dur/5.339", "duration": 5.339}, {"path": "sq/4/dur/5.339", "duration": 5.339}, {"path": "sq/5/dur/5.338", "duration": 5.338}, {"path": "sq/6/dur/5.339", "duration": 5.339}, {"path": "sq/7/dur/5.339", "duration": 5.339}, {"path": "sq/8/dur/5.338", "duration": 5.338}, {"path": "sq/9/dur/5.339", "duration": 5.339}, {"path": "sq/10/dur/5.339", "duration": 5.339}, {"path": "sq/11/dur/5.338", "duration": 5.338}, {"path": "sq/12/dur/5.339", "duration": 5.339}, {"path": "sq/13/dur/5.339", "duration": 5.339}, {"path": "sq/14/dur/5.338", "duration": 5.338}, {"path": "sq/15/dur/5.339", "duration": 5.339}, {"path": "sq/16/dur/5.339", "duration": 5.339}, {"path": "sq/17/dur/5.338", "duration": 5.338}, {"path": "sq/18/dur/5.339", "duration": 5.339}, {"path": "sq/19/dur/5.339", "duration": 5.339}, {"path": "sq/20/dur/5.338", "duration": 5.338}, {"path": "sq/21/dur/5.339", "duration": 5.339}, {"path": "sq/22/dur/5.339", "duration": 5.339}, {"path": "sq/23/dur/5.338", "duration": 5.338}, {"path": "sq/24/dur/5.339", "duration": 5.339}, {"path": "sq/25/dur/5.339", "duration": 5.339}, {"path": "sq/26/dur/5.338", "duration": 5.338}, {"path": "sq/27/dur/5.339", "duration": 5.339}, {"path": "sq/28/dur/5.339", "duration": 5.339}, {"path": "sq/29/dur/5.338", "duration": 5.338}, {"path": "sq/30/dur/5.339", "duration": 5.339}, {"path": "sq/31/dur/5.339", "duration": 5.339}, {"path": "sq/32/dur/5.338", "duration": 5.338}, {"path": "sq/33/dur/5.339", "duration": 5.339}, {"path": "sq/34/dur/5.339", "duration": 5.339}, {"path": "sq/35/dur/5.338", "duration": 5.338}, {"path": "sq/36/dur/5.339", "duration": 5.339}, {"path": "sq/37/dur/5.339", "duration": 5.339}, {"path": "sq/38/dur/5.338", "duration": 5.338}, {"path": "sq/39/dur/5.339", "duration": 5.339}, {"path": "sq/40/dur/5.339", "duration": 5.339}, {"path": "sq/41/dur/5.338", "duration": 5.338}, {"path": "sq/42/dur/5.339", "duration": 5.339}, {"path": "sq/43/dur/5.339", "duration": 5.339}, {"path": "sq/44/dur/5.338", "duration": 5.338}, {"path": "sq/45/dur/5.339", "duration": 5.339}, {"path": "sq/46/dur/5.339", "duration": 5.339}, {"path": "sq/47/dur/5.338", "duration": 5.338}, {"path": "sq/48/dur/5.339", "duration": 5.339}, {"path": "sq/49/dur/5.339", "duration": 5.339}, {"path": "sq/50/dur/5.338", "duration": 5.338}, {"path": "sq/51/dur/5.339", "duration": 5.339}, {"path": "sq/52/dur/5.339", "duration": 5.339}, {"path": "sq/53/dur/5.338", "duration": 5.338}, {"path": "sq/54/dur/5.339", "duration": 5.339}, {"path": "sq/55/dur/5.339", "duration": 5.339}, {"path": "sq/56/dur/5.338", "duration": 5.338}, {"path": "sq/57/dur/5.339", "duration": 5.339}, {"path": "sq/58/dur/5.339", "duration": 5.339}, {"path": "sq/59/dur/5.338", "duration": 5.338}, {"path": "sq/60/dur/5.339", "duration": 5.339}, {"path": "sq/61/dur/5.339", "duration": 5.339}, {"path": "sq/62/dur/5.338", "duration": 5.338}, {"path": "sq/63/dur/5.339", "duration": 5.339}, {"path": "sq/64/dur/5.339", "duration": 5.339}, {"path": "sq/65/dur/5.338", "duration": 5.338}, {"path": "sq/66/dur/5.339", "duration": 5.339}, {"path": "sq/67/dur/5.339", "duration": 5.339}, {"path": "sq/68/dur/5.338", "duration": 5.338}, {"path": "sq/69/dur/5.339", "duration": 5.339}, {"path": "sq/70/dur/5.339", "duration": 5.339}, {"path": "sq/71/dur/5.338", "duration": 5.338}, {"path": "sq/72/dur/5.339", "duration": 5.339}, {"path": "sq/73/dur/5.339", "duration": 5.339}, {"path": "sq/74/dur/5.338", "duration": 5.338}, {"path": "sq/75/dur/5.339", "duration": 5.339}, {"path": "sq/76/dur/5.339", "duration": 5.339}, {"path": "sq/77/dur/5.338", "duration": 5.338}, {"path": "sq/78/dur/5.339", "duration": 5.339}, {"path": "sq/79/dur/5.339", "duration": 5.339}, {"path": "sq/80/dur/5.338", "duration": 5.338}, {"path": "sq/81/dur/5.339", "duration": 5.339}, {"path": "sq/82/dur/5.339", "duration": 5.339}, {"path": "sq/83/dur/5.338", "duration": 5.338}, {"path": "sq/84/dur/5.339", "duration": 5.339}, {"path": "sq/85/dur/5.339", "duration": 5.339}, {"path": "sq/86/dur/5.338", "duration": 5.338}, {"path": "sq/87/dur/5.339", "duration": 5.339}, {"path": "sq/88/dur/5.339", "duration": 5.339}, {"path": "sq/89/dur/5.338", "duration": 5.338}, {"path": "sq/90/dur/5.339", "duration": 5.339}, {"path": "sq/91/dur/5.339", "duration": 5.339}, {"path": "sq/92/dur/5.338", "duration": 5.338}, {"path": "sq/93/dur/5.339", "duration": 5.339}, {"path": "sq/94/dur/5.339", "duration": 5.339}, {"path": "sq/95/dur/5.338", "duration": 5.338}, {"path": "sq/96/dur/5.339", "duration": 5.339}, {"path": "sq/97/dur/5.339", "duration": 5.339}, {"path": "sq/98/dur/5.338", "duration": 5.338}, {"path": "sq/99/dur/5.339", "duration": 5.339}, {"path": "sq/100/dur/5.339", "duration": 5.339}, {"path": "sq/101/dur/5.338", "duration": 5.338}, {"path": "sq/102/dur/5.339", "duration": 5.339}, {"path": "sq/103/dur/5.339", "duration": 5.339}, {"path": "sq/104/dur/5.338", "duration": 5.338}, {"path": "sq/105/dur/5.339", "duration": 5.339}, {"path": "sq/106/dur/5.339", "duration": 5.339}, {"path": "sq/107/dur/5.338", "duration": 5.338}, {"path": "sq/108/dur/5.339", "duration": 5.339}, {"path": "sq/109/dur/5.339", "duration": 5.339}, {"path": "sq/110/dur/5.338", "duration": 5.338}, {"path": "sq/111/dur/5.339", "duration": 5.339}, {"path": "sq/112/dur/5.339", "duration": 5.339}, {"path": "sq/113/dur/5.338", "duration": 5.338}, {"path": "sq/114/dur/5.339", "duration": 5.339}, {"path": "sq/115/dur/5.339", "duration": 5.339}, {"path": "sq/116/dur/5.338", "duration": 5.338}, {"path": "sq/117/dur/5.339", "duration": 5.339}, {"path": "sq/118/dur/5.339", "duration": 5.339}, {"path": "sq/119/dur/5.338", "duration": 5.338}, {"path": "sq/120/dur/5.339", "duration": 5.339}, {"path": "sq/121/dur/5.339", "duration": 5.339}, {"path": "sq/122/dur/5.338", "duration": 5.338}, {"path": "sq/123/dur/5.339", "duration": 5.339}, {"path": "sq/124/dur/5.339", "duration": 5.339}, {"path": "sq/125/dur/5.338", "duration": 5.338}, {"path": "sq/126/dur/5.339", "duration": 5.339}, {"path": "sq/127/dur/5.339", "duration": 5.339}, {"path": "sq/128/dur/5.338", "duration": 5.338}, {"path": "sq/129/dur/5.339", "duration": 5.339}, {"path": "sq/130/dur/5.339", "duration": 5.339}, {"path": "sq/131/dur/5.338", "duration": 5.338}, {"path": "sq/132/dur/5.339", "duration": 5.339}, {"path": "sq/133/dur/5.339", "duration": 5.339}, {"path": "sq/134/dur/5.338", "duration": 5.338}, {"path": "sq/135/dur/5.339", "duration": 5.339}, {"path": "sq/136/dur/5.339", "duration": 5.339}, {"path": "sq/137/dur/5.338", "duration": 5.338}, {"path": "sq/138/dur/5.339", "duration": 5.339}, {"path": "sq/139/dur/5.339", "duration": 5.339}, {"path": "sq/140/dur/5.338", "duration": 5.338}, {"path": "sq/141/dur/5.339", "duration": 5.339}, {"path": "sq/142/dur/5.339", "duration": 5.339}, {"path": "sq/143/dur/5.338", "duration": 5.338}, {"path": "sq/144/dur/5.339", "duration": 5.339}, {"path": "sq/145/dur/5.339", "duration": 5.339}, {"path": "sq/146/dur/5.338", "duration": 5.338}, {"path": "sq/147/dur/5.339", "duration": 5.339}, {"path": "sq/148/dur/5.339", "duration": 5.339}, {"path": "sq/149/dur/5.338", "duration": 5.338}, {"path": "sq/150/dur/5.339", "duration": 5.339}, {"path": "sq/151/dur/5.339", "duration": 5.339}, {"path": "sq/152/dur/5.338", "duration": 5.338}, {"path": "sq/153/dur/5.339", "duration": 5.339}, {"path": "sq/154/dur/5.339", "duration": 5.339}, {"path": "sq/155/dur/5.338", "duration": 5.338}, {"path": "sq/156/dur/5.339", "duration": 5.339}, {"path": "sq/157/dur/5.339", "duration": 5.339}, {"path": "sq/158/dur/5.338", "duration": 5.338}, {"path": "sq/159/dur/5.339", "duration": 5.339}, {"path": "sq/160/dur/5.339", "duration": 5.339}, {"path": "sq/161/dur/5.338", "duration": 5.338}, {"path": "sq/162/dur/5.339", "duration": 5.339}, {"path": "sq/163/dur/5.339", "duration": 5.339}, {"path": "sq/164/dur/5.338", "duration": 5.338}, {"path": "sq/165/dur/5.339", "duration": 5.339}, {"path": "sq/166/dur/5.339", "duration": 5.339}, {"path": "sq/167/dur/5.338", "duration": 5.338}, {"path": "sq/168/dur/5.339", "duration": 5.339}, {"path": "sq/169/dur/5.339", "duration": 5.339}, {"path": "sq/170/dur/5.338", "duration": 5.338}, {"path": "sq/171/dur/5.339", "duration": 5.339}, {"path": "sq/172/dur/3.403", "duration": 3.403}], "protocol": "http_dash_segments", "format": "135 - 854x480 (DASH video)", "http_headers": {"User-Agent": "Mozilla/5.0 (X11; Linux x86_64; rv:59.0) Gecko/20100101 Firefox/59.0", "Accept-Charset": "ISO-8859-1,utf-8;q=0.7,*;q=0.7", "Accept": "text/html,application/xhtml+xml,application/xml;q=0.9,*/*;q=0.8", "Accept-Encoding": "gzip, deflate", "Accept-Language": "en-us,en;q=0.5"}}, {"format_id": "17", "url": "https://r4---sn-n4v7sne7.googlevideo.com/videoplayback?c=WEB&fvip=4&lmt=1459058988041547&dur=916.445&clen=5137605&mn=sn-n4v7sne7%2Csn-a5mlrn76&mm=31%2C26&source=youtube&id=o-APVgd2Mk9zat4ot1Xs9sOB-TAGY8Hor-I8sv7tuLDNHl&mt=1542483125&ip=69.181.125.22&pl=22&mv=m&ipbits=0&ms=au%2Conr&ei=-2zwW5qWBpX6kgaw-oLQDQ&signature=ADAE448F4B964FE10C64E139F3479DB0F04C14E5.0534E94634E2A1F96AB5D9FD267744580D7F1550&sparams=clen%2Cdur%2Cei%2Cgir%2Cid%2Cinitcwndbps%2Cip%2Cipbits%2Citag%2Clmt%2Cmime%2Cmm%2Cmn%2Cms%2Cmv%2Cpl%2Crequiressl%2Csource%2Cexpire&expire=1542504795&itag=17&key=yt6&mime=video%2F3gpp&gir=yes&initcwndbps=1797500&requiressl=yes&ratebypass=yes", "player_url": "/yts/jsbin/player_ias-vflof8Kxx/en_US/base.js", "ext": "3gp", "width": 176, "height": 144, "acodec": "mp4a.40.2", "abr": 24, "vcodec": "mp4v.20.3", "resolution": "176x144", "filesize": 5137605, "format_note": "small", "format": "17 - 176x144 (small)", "protocol": "https", "http_headers": {"User-Agent": "Mozilla/5.0 (X11; Linux x86_64; rv:59.0) Gecko/20100101 Firefox/59.0", "Accept-Charset": "ISO-8859-1,utf-8;q=0.7,*;q=0.7", "Accept": "text/html,application/xhtml+xml,application/xml;q=0.9,*/*;q=0.8", "Accept-Encoding": "gzip, deflate", "Accept-Language": "en-us,en;q=0.5"}}, {"format_id": "36", "url": "https://r4---sn-n4v7sne7.googlevideo.com/videoplayback?c=WEB&fvip=4&lmt=1459058991766792&dur=916.445&clen=15431820&mn=sn-n4v7sne7%2Csn-a5mlrn76&mm=31%2C26&source=youtube&id=o-APVgd2Mk9zat4ot1Xs9sOB-TAGY8Hor-I8sv7tuLDNHl&mt=1542483125&ip=69.181.125.22&pl=22&mv=m&ipbits=0&ms=au%2Conr&ei=-2zwW5qWBpX6kgaw-oLQDQ&signature=D9032EA383754B3418F727FB5FD0312B7626CB09.622B8B8762EFE72C850846E70FCA34D1601344E4&sparams=clen%2Cdur%2Cei%2Cgir%2Cid%2Cinitcwndbps%2Cip%2Cipbits%2Citag%2Clmt%2Cmime%2Cmm%2Cmn%2Cms%2Cmv%2Cpl%2Crequiressl%2Csource%2Cexpire&expire=1542504795&itag=36&key=yt6&mime=video%2F3gpp&gir=yes&initcwndbps=1797500&requiressl=yes&ratebypass=yes", "player_url": "/yts/jsbin/player_ias-vflof8Kxx/en_US/base.js", "ext": "3gp", "width": 320, "acodec": "mp4a.40.2", "vcodec": "mp4v.20.3", "resolution": "320x180", "height": 180, "filesize": 15431820, "format_note": "small", "format": "36 - 320x180 (small)", "protocol": "https", "http_headers": {"User-Agent": "Mozilla/5.0 (X11; Linux x86_64; rv:59.0) Gecko/20100101 Firefox/59.0", "Accept-Charset": "ISO-8859-1,utf-8;q=0.7,*;q=0.7", "Accept": "text/html,application/xhtml+xml,application/xml;q=0.9,*/*;q=0.8", "Accept-Encoding": "gzip, deflate", "Accept-Language": "en-us,en;q=0.5"}}, {"format_id": "18", "url": "https://r4---sn-n4v7sne7.googlevideo.com/videoplayback?c=WEB&fvip=4&lmt=1459059027303665&dur=916.398&ratebypass=yes&clen=25683482&mn=sn-n4v7sne7%2Csn-a5mlrn76&mm=31%2C26&source=youtube&id=o-APVgd2Mk9zat4ot1Xs9sOB-TAGY8Hor-I8sv7tuLDNHl&mt=1542483125&ip=69.181.125.22&pl=22&mv=m&ipbits=0&ms=au%2Conr&ei=-2zwW5qWBpX6kgaw-oLQDQ&signature=256B2CA03CB382B9BF239DCF5A5A873710FC666B.A9CB580C4B5F9B51205B4A139523EBB840931AAA&sparams=clen%2Cdur%2Cei%2Cgir%2Cid%2Cinitcwndbps%2Cip%2Cipbits%2Citag%2Clmt%2Cmime%2Cmm%2Cmn%2Cms%2Cmv%2Cpl%2Cratebypass%2Crequiressl%2Csource%2Cexpire&expire=1542504795&itag=18&key=yt6&mime=video%2Fmp4&gir=yes&initcwndbps=1797500&requiressl=yes", "player_url": "/yts/jsbin/player_ias-vflof8Kxx/en_US/base.js", "ext": "mp4", "width": 640, "height": 360, "acodec": "mp4a.40.2", "abr": 96, "vcodec": "avc1.42001E", "resolution": "640x360", "filesize": 25683482, "format_note": "medium", "quality": 1, "format": "18 - 640x360 (medium)", "protocol": "https", "http_headers": {"User-Agent": "Mozilla/5.0 (X11; Linux x86_64; rv:59.0) Gecko/20100101 Firefox/59.0", "Accept-Charset": "ISO-8859-1,utf-8;q=0.7,*;q=0.7", "Accept": "text/html,application/xhtml+xml,application/xml;q=0.9,*/*;q=0.8", "Accept-Encoding": "gzip, deflate", "Accept-Language": "en-us,en;q=0.5"}}, {"format_id": "43", "url": "https://r4---sn-n4v7sne7.googlevideo.com/videoplayback?c=WEB&fvip=4&lmt=1459512145928088&dur=0.000&ratebypass=yes&clen=28413791&mn=sn-n4v7sne7%2Csn-a5mlrn76&mm=31%2C26&source=youtube&id=o-APVgd2Mk9zat4ot1Xs9sOB-TAGY8Hor-I8sv7tuLDNHl&mt=1542483125&ip=69.181.125.22&pl=22&mv=m&ipbits=0&ms=au%2Conr&ei=-2zwW5qWBpX6kgaw-oLQDQ&signature=08DE27FABFF76672FCAB38510ED9B86C004B0998.27D63EA86C72226E7F9855C51563C1738606FE24&sparams=clen%2Cdur%2Cei%2Cgir%2Cid%2Cinitcwndbps%2Cip%2Cipbits%2Citag%2Clmt%2Cmime%2Cmm%2Cmn%2Cms%2Cmv%2Cpl%2Cratebypass%2Crequiressl%2Csource%2Cexpire&expire=1542504795&itag=43&key=yt6&mime=video%2Fwebm&gir=yes&initcwndbps=1797500&requiressl=yes", "player_url": "/yts/jsbin/player_ias-vflof8Kxx/en_US/base.js", "ext": "webm", "width": 640, "height": 360, "acodec": "vorbis", "abr": 128, "vcodec": "vp8.0", "resolution": "640x360", "filesize": 28413791, "format_note": "medium", "quality": 1, "format": "43 - 640x360 (medium)", "protocol": "https", "http_headers": {"User-Agent": "Mozilla/5.0 (X11; Linux x86_64; rv:59.0) Gecko/20100101 Firefox/59.0", "Accept-Charset": "ISO-8859-1,utf-8;q=0.7,*;q=0.7", "Accept": "text/html,application/xhtml+xml,application/xml;q=0.9,*/*;q=0.8", "Accept-Encoding": "gzip, deflate", "Accept-Language": "en-us,en;q=0.5"}}], "is_live": null, "start_time": null, "end_time": null, "series": null, "season_number": null, "episode_number": null, "track": null, "artist": null, "extractor": "youtube", "webpage_url_basename": "qGYno3fqbm4", "extractor_key": "Youtube", "n_entries": 81, "playlist": "Natural Language Processing - Coursera [FULL COURSE] | University of Michigan", "playlist_id": "PLLssT5z_DsK8BdawOVCCaTCO99Ya58ryR", "playlist_title": "Natural Language Processing - Coursera [FULL COURSE] | University of Michigan", "playlist_uploader": "Artificial Intelligence - All in One", "playlist_uploader_id": "UC5zx8Owijmv-bbhAK6Z9apg", "playlist_index": 27, "thumbnails": [{"url": "https://i.ytimg.com/vi/qGYno3fqbm4/hqdefault.jpg", "id": "0"}], "display_id": "qGYno3fqbm4", "format_id": "43", "url": "https://r4---sn-n4v7sne7.googlevideo.com/videoplayback?c=WEB&fvip=4&lmt=1459512145928088&dur=0.000&ratebypass=yes&clen=28413791&mn=sn-n4v7sne7%2Csn-a5mlrn76&mm=31%2C26&source=youtube&id=o-APVgd2Mk9zat4ot1Xs9sOB-TAGY8Hor-I8sv7tuLDNHl&mt=1542483125&ip=69.181.125.22&pl=22&mv=m&ipbits=0&ms=au%2Conr&ei=-2zwW5qWBpX6kgaw-oLQDQ&signature=08DE27FABFF76672FCAB38510ED9B86C004B0998.27D63EA86C72226E7F9855C51563C1738606FE24&sparams=clen%2Cdur%2Cei%2Cgir%2Cid%2Cinitcwndbps%2Cip%2Cipbits%2Citag%2Clmt%2Cmime%2Cmm%2Cmn%2Cms%2Cmv%2Cpl%2Cratebypass%2Crequiressl%2Csource%2Cexpire&expire=1542504795&itag=43&key=yt6&mime=video%2Fwebm&gir=yes&initcwndbps=1797500&requiressl=yes", "player_url": "/yts/jsbin/player_ias-vflof8Kxx/en_US/base.js", "ext": "webm", "width": 640, "height": 360, "acodec": "vorbis", "abr": 128, "vcodec": "vp8.0", "resolution": "640x360", "filesize": 28413791, "format_note": "medium", "quality": 1, "format": "43 - 640x360 (medium)", "protocol": "https", "http_headers": {"User-Agent": "Mozilla/5.0 (X11; Linux x86_64; rv:59.0) Gecko/20100101 Firefox/59.0", "Accept-Charset": "ISO-8859-1,utf-8;q=0.7,*;q=0.7", "Accept": "text/html,application/xhtml+xml,application/xml;q=0.9,*/*;q=0.8", "Accept-Encoding": "gzip, deflate", "Accept-Language": "en-us,en;q=0.5"}, "fulltitle": "Lecture 27 \u2014 Parsing Introduction and recap Parsing noun sequences - NLP", "_filename": "Lecture 27 \u2014 Parsing Introduction and recap Parsing noun sequences - NLP-qGYno3fqbm4.webm"}