{"id": "0NJLn9DKT3U", "uploader": "Artificial Intelligence - All in One", "uploader_id": "UC5zx8Owijmv-bbhAK6Z9apg", "uploader_url": "http://www.youtube.com/channel/UC5zx8Owijmv-bbhAK6Z9apg", "channel_id": "UC5zx8Owijmv-bbhAK6Z9apg", "channel_url": "http://www.youtube.com/channel/UC5zx8Owijmv-bbhAK6Z9apg", "upload_date": "20160327", "license": null, "creator": null, "title": "Lecture 37 \u2014 Language Modeling (1/3) - Natural Language Processing | Michigan", "alt_title": null, "thumbnail": "https://i.ytimg.com/vi/0NJLn9DKT3U/hqdefault.jpg", "description": ".\nCopyright Disclaimer Under Section 107 of the Copyright Act 1976, allowance is made for \"FAIR USE\" for purposes such as criticism, comment, news reporting, teaching, scholarship, and research. Fair use is a use permitted by copyright statute that might otherwise be infringing. Non-profit, educational or personal use tips the balance in favor of fair use.\n.", "categories": ["Science & Technology"], "tags": ["Natural Language Processing", "Language Processing", "University of Michigan", "Michigan", "NLP", "Coursera", "Dragomir R. Radev", "Computational Linguistics", "Linguistics", "Information Retrieval", "Computer Science", "Video Lecture", "Video Tutorial", "Video Course", "Course", "Data Science", "Language Modeling", "LM"], "subtitles": {}, "automatic_captions": {}, "duration": 1162, "age_limit": 0, "annotations": null, "chapters": null, "webpage_url": "https://www.youtube.com/watch?v=0NJLn9DKT3U", "view_count": 1757, "like_count": 20, "dislike_count": 0, "average_rating": 5.0, "formats": [{"ext": "m4a", "format_note": "DASH audio", "acodec": "mp4a.40.5", "abr": 48, "container": "m4a_dash", "format_id": "139", "url": "https://r2---sn-n4v7knl6.googlevideo.com/videoplayback/id/d0d24b9fd0ca4f75/itag/139/source/youtube/requiressl/yes/mv/m/pl/22/ms/au,onr/ei/OG3wW91eyYqSBoLAjbgH/mn/sn-n4v7knl6,sn-a5ms7n7e/mm/31,26/initcwndbps/1797500/ratebypass/yes/mime/audio%2Fmp4/otfp/1/gir/yes/clen/6922774/lmt/1459059402457931/dur/1161.694/mt/1542483125/fvip/2/disable_polymer/true/ip/69.181.125.22/ipbits/0/expire/1542504856/sparams/ip,ipbits,expire,id,itag,source,requiressl,mv,pl,ms,ei,mn,mm,initcwndbps,ratebypass,mime,otfp,gir,clen,lmt,dur/signature/911C721B8DC4BF5AA3A44DE16947473E0E9FDE36.759866BA296FFA7E6EDE861DD34614963E75F922/key/dg_yt0/", "manifest_url": "https://manifest.googlevideo.com/api/manifest/dash/as/fmp4_audio_clear%2Cfmp4_sd_hd_clear/signature/855A92DF78DE232AF6AB1481FE9A9258C4590F50.67E5FF029F0D1F235C4B988848B07A7CE3A13D39/expire/1542504856/mv/m/pl/22/mt/1542483125/ms/au%2Conr/ipbits/0/ei/OG3wW91eyYqSBoLAjbgH/mn/sn-n4v7knl6%2Csn-a5ms7n7e/mm/31%2C26/playback_host/r2---sn-n4v7knl6.googlevideo.com/sparams/as%2Cei%2Chfr%2Cid%2Cinitcwndbps%2Cip%2Cipbits%2Citag%2Cmm%2Cmn%2Cms%2Cmv%2Cpl%2Cplayback_host%2Crequiressl%2Csource%2Cexpire/source/youtube/key/yt6/id/d0d24b9fd0ca4f75/itag/0/hfr/all/requiressl/yes/initcwndbps/1797500/fvip/2/ip/69.181.125.22", "width": null, "height": null, "tbr": 53.102, "asr": 22050, "fps": null, "language": null, "filesize": 6922774, "vcodec": "none", "fragment_base_url": "https://r2---sn-n4v7knl6.googlevideo.com/videoplayback/id/d0d24b9fd0ca4f75/itag/139/source/youtube/requiressl/yes/mv/m/pl/22/ms/au,onr/ei/OG3wW91eyYqSBoLAjbgH/mn/sn-n4v7knl6,sn-a5ms7n7e/mm/31,26/initcwndbps/1797500/ratebypass/yes/mime/audio%2Fmp4/otfp/1/gir/yes/clen/6922774/lmt/1459059402457931/dur/1161.694/mt/1542483125/fvip/2/disable_polymer/true/ip/69.181.125.22/ipbits/0/expire/1542504856/sparams/ip,ipbits,expire,id,itag,source,requiressl,mv,pl,ms,ei,mn,mm,initcwndbps,ratebypass,mime,otfp,gir,clen,lmt,dur/signature/911C721B8DC4BF5AA3A44DE16947473E0E9FDE36.759866BA296FFA7E6EDE861DD34614963E75F922/key/dg_yt0/", "fragments": [{"path": "range/0-593"}, {"path": "range/3422-33294", "duration": 5.016}, {"path": "range/33295-63325", "duration": 5.015}, {"path": "range/63326-92872", "duration": 4.969}, {"path": "range/92873-122756", "duration": 5.016}, {"path": "range/122757-152669", "duration": 5.015}, {"path": "range/152670-182251", "duration": 4.969}, {"path": "range/182252-212108", "duration": 5.016}, {"path": "range/212109-242001", "duration": 5.015}, {"path": "range/242002-271578", "duration": 4.969}, {"path": "range/271579-301484", "duration": 5.016}, {"path": "range/301485-331298", "duration": 5.015}, {"path": "range/331299-360873", "duration": 4.969}, {"path": "range/360874-390799", "duration": 5.016}, {"path": "range/390800-420694", "duration": 5.015}, {"path": "range/420695-450250", "duration": 4.969}, {"path": "range/450251-480180", "duration": 5.016}, {"path": "range/480181-510054", "duration": 5.015}, {"path": "range/510055-539537", "duration": 4.97}, {"path": "range/539538-569536", "duration": 5.015}, {"path": "range/569537-599423", "duration": 5.016}, {"path": "range/599424-628933", "duration": 4.969}, {"path": "range/628934-658823", "duration": 5.015}, {"path": "range/658824-688703", "duration": 5.016}, {"path": "range/688704-718350", "duration": 4.969}, {"path": "range/718351-748153", "duration": 5.015}, {"path": "range/748154-778089", "duration": 5.016}, {"path": "range/778090-807595", "duration": 4.969}, {"path": "range/807596-837471", "duration": 5.015}, {"path": "range/837472-867378", "duration": 5.016}, {"path": "range/867379-896957", "duration": 4.969}, {"path": "range/896958-926870", "duration": 5.015}, {"path": "range/926871-956749", "duration": 5.016}, {"path": "range/956750-986348", "duration": 4.969}, {"path": "range/986349-1016275", "duration": 5.015}, {"path": "range/1016276-1046107", "duration": 5.016}, {"path": "range/1046108-1075662", "duration": 4.969}, {"path": "range/1075663-1105543", "duration": 5.016}, {"path": "range/1105544-1135408", "duration": 5.015}, {"path": "range/1135409-1164962", "duration": 4.969}, {"path": "range/1164963-1194862", "duration": 5.016}, {"path": "range/1194863-1224731", "duration": 5.015}, {"path": "range/1224732-1254332", "duration": 4.969}, {"path": "range/1254333-1284194", "duration": 5.016}, {"path": "range/1284195-1314116", "duration": 5.015}, {"path": "range/1314117-1343732", "duration": 4.969}, {"path": "range/1343733-1373611", "duration": 5.016}, {"path": "range/1373612-1403439", "duration": 5.015}, {"path": "range/1403440-1433076", "duration": 4.969}, {"path": "range/1433077-1462928", "duration": 5.016}, {"path": "range/1462929-1492767", "duration": 5.015}, {"path": "range/1492768-1522407", "duration": 4.97}, {"path": "range/1522408-1552295", "duration": 5.015}, {"path": "range/1552296-1582118", "duration": 5.016}, {"path": "range/1582119-1611862", "duration": 4.969}, {"path": "range/1611863-1641562", "duration": 5.015}, {"path": "range/1641563-1671440", "duration": 5.016}, {"path": "range/1671441-1701126", "duration": 4.969}, {"path": "range/1701127-1730961", "duration": 5.015}, {"path": "range/1730962-1760825", "duration": 5.016}, {"path": "range/1760826-1790404", "duration": 4.969}, {"path": "range/1790405-1820247", "duration": 5.015}, {"path": "range/1820248-1850134", "duration": 5.016}, {"path": "range/1850135-1879746", "duration": 4.969}, {"path": "range/1879747-1909614", "duration": 5.015}, {"path": "range/1909615-1939534", "duration": 5.016}, {"path": "range/1939535-1969164", "duration": 4.969}, {"path": "range/1969165-1998980", "duration": 5.015}, {"path": "range/1998981-2028808", "duration": 5.016}, {"path": "range/2028809-2058529", "duration": 4.969}, {"path": "range/2058530-2088336", "duration": 5.016}, {"path": "range/2088337-2118169", "duration": 5.015}, {"path": "range/2118170-2147789", "duration": 4.969}, {"path": "range/2147790-2177751", "duration": 5.016}, {"path": "range/2177752-2207511", "duration": 5.015}, {"path": "range/2207512-2237143", "duration": 4.969}, {"path": "range/2237144-2267011", "duration": 5.016}, {"path": "range/2267012-2296982", "duration": 5.015}, {"path": "range/2296983-2326452", "duration": 4.969}, {"path": "range/2326453-2356313", "duration": 5.016}, {"path": "range/2356314-2386193", "duration": 5.015}, {"path": "range/2386194-2415764", "duration": 4.969}, {"path": "range/2415765-2445689", "duration": 5.016}, {"path": "range/2445690-2475607", "duration": 5.015}, {"path": "range/2475608-2505188", "duration": 4.97}, {"path": "range/2505189-2535062", "duration": 5.015}, {"path": "range/2535063-2564870", "duration": 5.016}, {"path": "range/2564871-2594601", "duration": 4.969}, {"path": "range/2594602-2624347", "duration": 5.015}, {"path": "range/2624348-2654311", "duration": 5.016}, {"path": "range/2654312-2683867", "duration": 4.969}, {"path": "range/2683868-2713746", "duration": 5.015}, {"path": "range/2713747-2743560", "duration": 5.016}, {"path": "range/2743561-2773258", "duration": 4.969}, {"path": "range/2773259-2803083", "duration": 5.015}, {"path": "range/2803084-2832989", "duration": 5.016}, {"path": "range/2832990-2862542", "duration": 4.969}, {"path": "range/2862543-2892409", "duration": 5.015}, {"path": "range/2892410-2922384", "duration": 5.016}, {"path": "range/2922385-2951910", "duration": 4.969}, {"path": "range/2951911-2981737", "duration": 5.015}, {"path": "range/2981738-3011654", "duration": 5.016}, {"path": "range/3011655-3041195", "duration": 4.969}, {"path": "range/3041196-3071148", "duration": 5.016}, {"path": "range/3071149-3101018", "duration": 5.015}, {"path": "range/3101019-3130535", "duration": 4.969}, {"path": "range/3130536-3160467", "duration": 5.016}, {"path": "range/3160468-3190399", "duration": 5.015}, {"path": "range/3190400-3219966", "duration": 4.969}, {"path": "range/3219967-3249812", "duration": 5.016}, {"path": "range/3249813-3279647", "duration": 5.015}, {"path": "range/3279648-3309298", "duration": 4.969}, {"path": "range/3309299-3339150", "duration": 5.016}, {"path": "range/3339151-3368983", "duration": 5.015}, {"path": "range/3368984-3398616", "duration": 4.969}, {"path": "range/3398617-3428563", "duration": 5.016}, {"path": "range/3428564-3458307", "duration": 5.015}, {"path": "range/3458308-3487949", "duration": 4.97}, {"path": "range/3487950-3517825", "duration": 5.015}, {"path": "range/3517826-3547697", "duration": 5.016}, {"path": "range/3547698-3577265", "duration": 4.969}, {"path": "range/3577266-3607199", "duration": 5.015}, {"path": "range/3607200-3637100", "duration": 5.016}, {"path": "range/3637101-3666675", "duration": 4.969}, {"path": "range/3666676-3696499", "duration": 5.015}, {"path": "range/3696500-3726380", "duration": 5.016}, {"path": "range/3726381-3755984", "duration": 4.969}, {"path": "range/3755985-3785885", "duration": 5.015}, {"path": "range/3785886-3815726", "duration": 5.016}, {"path": "range/3815727-3845297", "duration": 4.969}, {"path": "range/3845298-3875248", "duration": 5.015}, {"path": "range/3875249-3905020", "duration": 5.016}, {"path": "range/3905021-3934708", "duration": 4.969}, {"path": "range/3934709-3964556", "duration": 5.015}, {"path": "range/3964557-3994417", "duration": 5.016}, {"path": "range/3994418-4024053", "duration": 4.969}, {"path": "range/4024054-4053928", "duration": 5.016}, {"path": "range/4053929-4083827", "duration": 5.015}, {"path": "range/4083828-4113332", "duration": 4.969}, {"path": "range/4113333-4143284", "duration": 5.016}, {"path": "range/4143285-4173094", "duration": 5.015}, {"path": "range/4173095-4202736", "duration": 4.969}, {"path": "range/4202737-4232587", "duration": 5.016}, {"path": "range/4232588-4262403", "duration": 5.015}, {"path": "range/4262404-4291997", "duration": 4.969}, {"path": "range/4291998-4321974", "duration": 5.016}, {"path": "range/4321975-4351811", "duration": 5.015}, {"path": "range/4351812-4381342", "duration": 4.969}, {"path": "range/4381343-4411258", "duration": 5.016}, {"path": "range/4411259-4441180", "duration": 5.015}, {"path": "range/4441181-4470721", "duration": 4.969}, {"path": "range/4470722-4500634", "duration": 5.016}, {"path": "range/4500635-4530441", "duration": 5.016}, {"path": "range/4530442-4560040", "duration": 4.969}, {"path": "range/4560041-4589945", "duration": 5.015}, {"path": "range/4589946-4619821", "duration": 5.016}, {"path": "range/4619822-4649511", "duration": 4.969}, {"path": "range/4649512-4679332", "duration": 5.015}, {"path": "range/4679333-4709113", "duration": 5.016}, {"path": "range/4709114-4738756", "duration": 4.969}, {"path": "range/4738757-4768586", "duration": 5.015}, {"path": "range/4768587-4798540", "duration": 5.016}, {"path": "range/4798541-4828123", "duration": 4.969}, {"path": "range/4828124-4857976", "duration": 5.015}, {"path": "range/4857977-4887829", "duration": 5.016}, {"path": "range/4887830-4917456", "duration": 4.969}, {"path": "range/4917457-4947331", "duration": 5.015}, {"path": "range/4947332-4977134", "duration": 5.016}, {"path": "range/4977135-5006821", "duration": 4.969}, {"path": "range/5006822-5036739", "duration": 5.016}, {"path": "range/5036740-5066619", "duration": 5.015}, {"path": "range/5066620-5096112", "duration": 4.969}, {"path": "range/5096113-5125984", "duration": 5.016}, {"path": "range/5125985-5155866", "duration": 5.015}, {"path": "range/5155867-5185517", "duration": 4.969}, {"path": "range/5185518-5215322", "duration": 5.016}, {"path": "range/5215323-5245261", "duration": 5.015}, {"path": "range/5245262-5274812", "duration": 4.969}, {"path": "range/5274813-5304697", "duration": 5.016}, {"path": "range/5304698-5334678", "duration": 5.015}, {"path": "range/5334679-5364211", "duration": 4.969}, {"path": "range/5364212-5394023", "duration": 5.016}, {"path": "range/5394024-5423979", "duration": 5.015}, {"path": "range/5423980-5453506", "duration": 4.969}, {"path": "range/5453507-5483352", "duration": 5.016}, {"path": "range/5483353-5513235", "duration": 5.016}, {"path": "range/5513236-5542815", "duration": 4.969}, {"path": "range/5542816-5572689", "duration": 5.015}, {"path": "range/5572690-5602568", "duration": 5.016}, {"path": "range/5602569-5632202", "duration": 4.969}, {"path": "range/5632203-5662068", "duration": 5.015}, {"path": "range/5662069-5691921", "duration": 5.016}, {"path": "range/5691922-5721545", "duration": 4.969}, {"path": "range/5721546-5751465", "duration": 5.015}, {"path": "range/5751466-5781289", "duration": 5.016}, {"path": "range/5781290-5810867", "duration": 4.969}, {"path": "range/5810868-5840824", "duration": 5.015}, {"path": "range/5840825-5870607", "duration": 5.016}, {"path": "range/5870608-5900229", "duration": 4.969}, {"path": "range/5900230-5930080", "duration": 5.015}, {"path": "range/5930081-5959935", "duration": 5.016}, {"path": "range/5959936-5989550", "duration": 4.969}, {"path": "range/5989551-6019487", "duration": 5.016}, {"path": "range/6019488-6049287", "duration": 5.015}, {"path": "range/6049288-6078893", "duration": 4.969}, {"path": "range/6078894-6108756", "duration": 5.016}, {"path": "range/6108757-6138651", "duration": 5.015}, {"path": "range/6138652-6168237", "duration": 4.969}, {"path": "range/6168238-6198126", "duration": 5.016}, {"path": "range/6198127-6227987", "duration": 5.015}, {"path": "range/6227988-6257629", "duration": 4.969}, {"path": "range/6257630-6287489", "duration": 5.016}, {"path": "range/6287490-6317391", "duration": 5.015}, {"path": "range/6317392-6346938", "duration": 4.969}, {"path": "range/6346939-6376799", "duration": 5.016}, {"path": "range/6376800-6406638", "duration": 5.015}, {"path": "range/6406639-6436308", "duration": 4.969}, {"path": "range/6436309-6466234", "duration": 5.016}, {"path": "range/6466235-6496039", "duration": 5.016}, {"path": "range/6496040-6525572", "duration": 4.969}, {"path": "range/6525573-6555512", "duration": 5.015}, {"path": "range/6555513-6585352", "duration": 5.016}, {"path": "range/6585353-6614943", "duration": 4.969}, {"path": "range/6614944-6644832", "duration": 5.015}, {"path": "range/6644833-6674687", "duration": 5.016}, {"path": "range/6674688-6704301", "duration": 4.969}, {"path": "range/6704302-6734261", "duration": 5.015}, {"path": "range/6734262-6764106", "duration": 5.016}, {"path": "range/6764107-6793641", "duration": 4.969}, {"path": "range/6793642-6823549", "duration": 5.015}, {"path": "range/6823550-6853426", "duration": 5.016}, {"path": "range/6853427-6882965", "duration": 4.969}, {"path": "range/6882966-6912830", "duration": 5.015}, {"path": "range/6912831-6922773", "duration": 1.672}], "protocol": "http_dash_segments", "format": "139 - audio only (DASH audio)", "http_headers": {"User-Agent": "Mozilla/5.0 (X11; Linux x86_64; rv:59.0) Gecko/20100101 Firefox/59.0", "Accept-Charset": "ISO-8859-1,utf-8;q=0.7,*;q=0.7", "Accept": "text/html,application/xhtml+xml,application/xml;q=0.9,*/*;q=0.8", "Accept-Encoding": "gzip, deflate", "Accept-Language": "en-us,en;q=0.5"}}, {"ext": "m4a", "format_note": "DASH audio", "acodec": "mp4a.40.2", "abr": 128, "container": "m4a_dash", "format_id": "140", "url": "https://r2---sn-n4v7knl6.googlevideo.com/videoplayback/id/d0d24b9fd0ca4f75/itag/140/source/youtube/requiressl/yes/mv/m/pl/22/ms/au,onr/ei/OG3wW91eyYqSBoLAjbgH/mn/sn-n4v7knl6,sn-a5ms7n7e/mm/31,26/initcwndbps/1797500/ratebypass/yes/mime/audio%2Fmp4/otfp/1/gir/yes/clen/13817067/lmt/1459059402638633/dur/1161.624/mt/1542483125/fvip/2/disable_polymer/true/ip/69.181.125.22/ipbits/0/expire/1542504856/sparams/ip,ipbits,expire,id,itag,source,requiressl,mv,pl,ms,ei,mn,mm,initcwndbps,ratebypass,mime,otfp,gir,clen,lmt,dur/signature/8497EAFF3F06D1A88F1F0374A9035DA223953AB6.154A0307007A44B6755E5B48BC437EC4CD086A5E/key/dg_yt0/", "manifest_url": "https://manifest.googlevideo.com/api/manifest/dash/as/fmp4_audio_clear%2Cfmp4_sd_hd_clear/signature/855A92DF78DE232AF6AB1481FE9A9258C4590F50.67E5FF029F0D1F235C4B988848B07A7CE3A13D39/expire/1542504856/mv/m/pl/22/mt/1542483125/ms/au%2Conr/ipbits/0/ei/OG3wW91eyYqSBoLAjbgH/mn/sn-n4v7knl6%2Csn-a5ms7n7e/mm/31%2C26/playback_host/r2---sn-n4v7knl6.googlevideo.com/sparams/as%2Cei%2Chfr%2Cid%2Cinitcwndbps%2Cip%2Cipbits%2Citag%2Cmm%2Cmn%2Cms%2Cmv%2Cpl%2Cplayback_host%2Crequiressl%2Csource%2Cexpire/source/youtube/key/yt6/id/d0d24b9fd0ca4f75/itag/0/hfr/all/requiressl/yes/initcwndbps/1797500/fvip/2/ip/69.181.125.22", "width": null, "height": null, "tbr": 100.577, "asr": 44100, "fps": null, "language": null, "filesize": 13817067, "vcodec": "none", "fragment_base_url": "https://r2---sn-n4v7knl6.googlevideo.com/videoplayback/id/d0d24b9fd0ca4f75/itag/140/source/youtube/requiressl/yes/mv/m/pl/22/ms/au,onr/ei/OG3wW91eyYqSBoLAjbgH/mn/sn-n4v7knl6,sn-a5ms7n7e/mm/31,26/initcwndbps/1797500/ratebypass/yes/mime/audio%2Fmp4/otfp/1/gir/yes/clen/13817067/lmt/1459059402638633/dur/1161.624/mt/1542483125/fvip/2/disable_polymer/true/ip/69.181.125.22/ipbits/0/expire/1542504856/sparams/ip,ipbits,expire,id,itag,source,requiressl,mv,pl,ms,ei,mn,mm,initcwndbps,ratebypass,mime,otfp,gir,clen,lmt,dur/signature/8497EAFF3F06D1A88F1F0374A9035DA223953AB6.154A0307007A44B6755E5B48BC437EC4CD086A5E/key/dg_yt0/", "fragments": [{"path": "range/0-591"}, {"path": "range/3420-63061", "duration": 5.016}, {"path": "range/63062-122517", "duration": 5.015}, {"path": "range/122518-181914", "duration": 4.969}, {"path": "range/181915-241573", "duration": 5.016}, {"path": "range/241574-301007", "duration": 5.015}, {"path": "range/301008-360289", "duration": 4.969}, {"path": "range/360290-419921", "duration": 5.016}, {"path": "range/419922-479369", "duration": 5.015}, {"path": "range/479370-538645", "duration": 4.969}, {"path": "range/538646-598306", "duration": 5.016}, {"path": "range/598307-657670", "duration": 5.015}, {"path": "range/657671-716994", "duration": 4.969}, {"path": "range/716995-776687", "duration": 5.016}, {"path": "range/776688-836042", "duration": 5.015}, {"path": "range/836043-895462", "duration": 4.969}, {"path": "range/895463-955056", "duration": 5.016}, {"path": "range/955057-1014421", "duration": 5.015}, {"path": "range/1014422-1073806", "duration": 4.97}, {"path": "range/1073807-1133435", "duration": 5.015}, {"path": "range/1133436-1192789", "duration": 5.016}, {"path": "range/1192790-1252127", "duration": 4.969}, {"path": "range/1252128-1311854", "duration": 5.015}, {"path": "range/1311855-1371173", "duration": 5.016}, {"path": "range/1371174-1430561", "duration": 4.969}, {"path": "range/1430562-1490270", "duration": 5.015}, {"path": "range/1490271-1549552", "duration": 5.016}, {"path": "range/1549553-1608883", "duration": 4.969}, {"path": "range/1608884-1668532", "duration": 5.015}, {"path": "range/1668533-1727956", "duration": 5.016}, {"path": "range/1727957-1787353", "duration": 4.969}, {"path": "range/1787354-1846917", "duration": 5.015}, {"path": "range/1846918-1906268", "duration": 5.016}, {"path": "range/1906269-1965657", "duration": 4.969}, {"path": "range/1965658-2025337", "duration": 5.015}, {"path": "range/2025338-2084691", "duration": 5.016}, {"path": "range/2084692-2144117", "duration": 4.969}, {"path": "range/2144118-2203728", "duration": 5.016}, {"path": "range/2203729-2263054", "duration": 5.015}, {"path": "range/2263055-2322383", "duration": 4.969}, {"path": "range/2322384-2381989", "duration": 5.016}, {"path": "range/2381990-2441387", "duration": 5.015}, {"path": "range/2441388-2500784", "duration": 4.969}, {"path": "range/2500785-2560384", "duration": 5.016}, {"path": "range/2560385-2619783", "duration": 5.015}, {"path": "range/2619784-2679156", "duration": 4.969}, {"path": "range/2679157-2738844", "duration": 5.016}, {"path": "range/2738845-2798187", "duration": 5.015}, {"path": "range/2798188-2857593", "duration": 4.969}, {"path": "range/2857594-2917139", "duration": 5.016}, {"path": "range/2917140-2976653", "duration": 5.015}, {"path": "range/2976654-3035937", "duration": 4.97}, {"path": "range/3035938-3095531", "duration": 5.015}, {"path": "range/3095532-3154954", "duration": 5.016}, {"path": "range/3154955-3214321", "duration": 4.969}, {"path": "range/3214322-3273893", "duration": 5.015}, {"path": "range/3273894-3333290", "duration": 5.016}, {"path": "range/3333291-3392616", "duration": 4.969}, {"path": "range/3392617-3452279", "duration": 5.015}, {"path": "range/3452280-3511659", "duration": 5.016}, {"path": "range/3511660-3571080", "duration": 4.969}, {"path": "range/3571081-3630631", "duration": 5.015}, {"path": "range/3630632-3690008", "duration": 5.016}, {"path": "range/3690009-3749365", "duration": 4.969}, {"path": "range/3749366-3809023", "duration": 5.015}, {"path": "range/3809024-3868406", "duration": 5.016}, {"path": "range/3868407-3927845", "duration": 4.969}, {"path": "range/3927846-3987489", "duration": 5.015}, {"path": "range/3987490-4046752", "duration": 5.016}, {"path": "range/4046753-4106227", "duration": 4.969}, {"path": "range/4106228-4165859", "duration": 5.016}, {"path": "range/4165860-4225121", "duration": 5.015}, {"path": "range/4225122-4284572", "duration": 4.969}, {"path": "range/4284573-4344183", "duration": 5.016}, {"path": "range/4344184-4403492", "duration": 5.015}, {"path": "range/4403493-4462907", "duration": 4.969}, {"path": "range/4462908-4522523", "duration": 5.016}, {"path": "range/4522524-4581930", "duration": 5.015}, {"path": "range/4581931-4641293", "duration": 4.969}, {"path": "range/4641294-4700888", "duration": 5.016}, {"path": "range/4700889-4760314", "duration": 5.015}, {"path": "range/4760315-4819621", "duration": 4.969}, {"path": "range/4819622-4879320", "duration": 5.016}, {"path": "range/4879321-4938684", "duration": 5.015}, {"path": "range/4938685-4998027", "duration": 4.97}, {"path": "range/4998028-5057642", "duration": 5.015}, {"path": "range/5057643-5117004", "duration": 5.016}, {"path": "range/5117005-5176406", "duration": 4.969}, {"path": "range/5176407-5236008", "duration": 5.015}, {"path": "range/5236009-5295441", "duration": 5.016}, {"path": "range/5295442-5354768", "duration": 4.969}, {"path": "range/5354769-5414402", "duration": 5.015}, {"path": "range/5414403-5473840", "duration": 5.016}, {"path": "range/5473841-5533187", "duration": 4.969}, {"path": "range/5533188-5592804", "duration": 5.015}, {"path": "range/5592805-5652132", "duration": 5.016}, {"path": "range/5652133-5711510", "duration": 4.969}, {"path": "range/5711511-5771220", "duration": 5.015}, {"path": "range/5771221-5830538", "duration": 5.016}, {"path": "range/5830539-5889901", "duration": 4.969}, {"path": "range/5889902-5949606", "duration": 5.015}, {"path": "range/5949607-6008921", "duration": 5.016}, {"path": "range/6008922-6068226", "duration": 4.969}, {"path": "range/6068227-6127974", "duration": 5.016}, {"path": "range/6127975-6187322", "duration": 5.015}, {"path": "range/6187323-6246635", "duration": 4.969}, {"path": "range/6246636-6306308", "duration": 5.016}, {"path": "range/6306309-6365735", "duration": 5.015}, {"path": "range/6365736-6425041", "duration": 4.969}, {"path": "range/6425042-6484682", "duration": 5.016}, {"path": "range/6484683-6544086", "duration": 5.015}, {"path": "range/6544087-6603399", "duration": 4.969}, {"path": "range/6603400-6663029", "duration": 5.016}, {"path": "range/6663030-6722436", "duration": 5.015}, {"path": "range/6722437-6781790", "duration": 4.969}, {"path": "range/6781791-6841460", "duration": 5.016}, {"path": "range/6841461-6900735", "duration": 5.015}, {"path": "range/6900736-6960181", "duration": 4.97}, {"path": "range/6960182-7019856", "duration": 5.015}, {"path": "range/7019857-7079161", "duration": 5.016}, {"path": "range/7079162-7138529", "duration": 4.969}, {"path": "range/7138530-7198183", "duration": 5.015}, {"path": "range/7198184-7257518", "duration": 5.016}, {"path": "range/7257519-7316932", "duration": 4.969}, {"path": "range/7316933-7376549", "duration": 5.015}, {"path": "range/7376550-7435953", "duration": 5.016}, {"path": "range/7435954-7495244", "duration": 4.969}, {"path": "range/7495245-7554915", "duration": 5.015}, {"path": "range/7554916-7614279", "duration": 5.016}, {"path": "range/7614280-7673672", "duration": 4.969}, {"path": "range/7673673-7733285", "duration": 5.015}, {"path": "range/7733286-7792664", "duration": 5.016}, {"path": "range/7792665-7852040", "duration": 4.969}, {"path": "range/7852041-7911676", "duration": 5.015}, {"path": "range/7911677-7971037", "duration": 5.016}, {"path": "range/7971038-8030405", "duration": 4.969}, {"path": "range/8030406-8090075", "duration": 5.016}, {"path": "range/8090076-8149445", "duration": 5.015}, {"path": "range/8149446-8208793", "duration": 4.969}, {"path": "range/8208794-8268431", "duration": 5.016}, {"path": "range/8268432-8327841", "duration": 5.015}, {"path": "range/8327842-8387133", "duration": 4.969}, {"path": "range/8387134-8446834", "duration": 5.016}, {"path": "range/8446835-8506222", "duration": 5.015}, {"path": "range/8506223-8565503", "duration": 4.969}, {"path": "range/8565504-8625172", "duration": 5.016}, {"path": "range/8625173-8684579", "duration": 5.015}, {"path": "range/8684580-8743893", "duration": 4.969}, {"path": "range/8743894-8803574", "duration": 5.016}, {"path": "range/8803575-8862950", "duration": 5.015}, {"path": "range/8862951-8922276", "duration": 4.969}, {"path": "range/8922277-8981921", "duration": 5.016}, {"path": "range/8981922-9041288", "duration": 5.016}, {"path": "range/9041289-9100696", "duration": 4.969}, {"path": "range/9100697-9160339", "duration": 5.015}, {"path": "range/9160340-9219646", "duration": 5.016}, {"path": "range/9219647-9279068", "duration": 4.969}, {"path": "range/9279069-9338660", "duration": 5.015}, {"path": "range/9338661-9398059", "duration": 5.016}, {"path": "range/9398060-9457390", "duration": 4.969}, {"path": "range/9457391-9517011", "duration": 5.015}, {"path": "range/9517012-9576425", "duration": 5.016}, {"path": "range/9576426-9635770", "duration": 4.969}, {"path": "range/9635771-9695409", "duration": 5.015}, {"path": "range/9695410-9754802", "duration": 5.016}, {"path": "range/9754803-9814156", "duration": 4.969}, {"path": "range/9814157-9873818", "duration": 5.015}, {"path": "range/9873819-9933131", "duration": 5.016}, {"path": "range/9933132-9992520", "duration": 4.969}, {"path": "range/9992521-10052304", "duration": 5.016}, {"path": "range/10052305-10111587", "duration": 5.015}, {"path": "range/10111588-10170909", "duration": 4.969}, {"path": "range/10170910-10230564", "duration": 5.016}, {"path": "range/10230565-10289907", "duration": 5.015}, {"path": "range/10289908-10349325", "duration": 4.969}, {"path": "range/10349326-10408918", "duration": 5.016}, {"path": "range/10408919-10468314", "duration": 5.015}, {"path": "range/10468315-10527623", "duration": 4.969}, {"path": "range/10527624-10587281", "duration": 5.016}, {"path": "range/10587282-10646716", "duration": 5.015}, {"path": "range/10646717-10706049", "duration": 4.969}, {"path": "range/10706050-10765658", "duration": 5.016}, {"path": "range/10765659-10825109", "duration": 5.015}, {"path": "range/10825110-10884384", "duration": 4.969}, {"path": "range/10884385-10944055", "duration": 5.016}, {"path": "range/10944056-11003427", "duration": 5.016}, {"path": "range/11003428-11062766", "duration": 4.969}, {"path": "range/11062767-11122469", "duration": 5.015}, {"path": "range/11122470-11181767", "duration": 5.016}, {"path": "range/11181768-11241161", "duration": 4.969}, {"path": "range/11241162-11300814", "duration": 5.015}, {"path": "range/11300815-11360181", "duration": 5.016}, {"path": "range/11360182-11419554", "duration": 4.969}, {"path": "range/11419555-11479168", "duration": 5.015}, {"path": "range/11479169-11538532", "duration": 5.016}, {"path": "range/11538533-11597896", "duration": 4.969}, {"path": "range/11597897-11657552", "duration": 5.015}, {"path": "range/11657553-11716888", "duration": 5.016}, {"path": "range/11716889-11776296", "duration": 4.969}, {"path": "range/11776297-11835924", "duration": 5.015}, {"path": "range/11835925-11895281", "duration": 5.016}, {"path": "range/11895282-11954708", "duration": 4.969}, {"path": "range/11954709-12014362", "duration": 5.016}, {"path": "range/12014363-12073677", "duration": 5.015}, {"path": "range/12073678-12133020", "duration": 4.969}, {"path": "range/12133021-12192755", "duration": 5.016}, {"path": "range/12192756-12252036", "duration": 5.015}, {"path": "range/12252037-12311512", "duration": 4.969}, {"path": "range/12311513-12371046", "duration": 5.016}, {"path": "range/12371047-12430419", "duration": 5.015}, {"path": "range/12430420-12489767", "duration": 4.969}, {"path": "range/12489768-12549477", "duration": 5.016}, {"path": "range/12549478-12608768", "duration": 5.015}, {"path": "range/12608769-12668149", "duration": 4.969}, {"path": "range/12668150-12727804", "duration": 5.016}, {"path": "range/12727805-12787108", "duration": 5.015}, {"path": "range/12787109-12846602", "duration": 4.969}, {"path": "range/12846603-12906162", "duration": 5.016}, {"path": "range/12906163-12965556", "duration": 5.016}, {"path": "range/12965557-13024873", "duration": 4.969}, {"path": "range/13024874-13084573", "duration": 5.015}, {"path": "range/13084574-13143904", "duration": 5.016}, {"path": "range/13143905-13203284", "duration": 4.969}, {"path": "range/13203285-13262999", "duration": 5.015}, {"path": "range/13263000-13322233", "duration": 5.016}, {"path": "range/13322234-13381699", "duration": 4.969}, {"path": "range/13381700-13441352", "duration": 5.015}, {"path": "range/13441353-13500638", "duration": 5.016}, {"path": "range/13500639-13560047", "duration": 4.969}, {"path": "range/13560048-13619671", "duration": 5.015}, {"path": "range/13619672-13679016", "duration": 5.016}, {"path": "range/13679017-13738398", "duration": 4.969}, {"path": "range/13738399-13798112", "duration": 5.015}, {"path": "range/13798113-13817066", "duration": 1.672}], "protocol": "http_dash_segments", "format": "140 - audio only (DASH audio)", "http_headers": {"User-Agent": "Mozilla/5.0 (X11; Linux x86_64; rv:59.0) Gecko/20100101 Firefox/59.0", "Accept-Charset": "ISO-8859-1,utf-8;q=0.7,*;q=0.7", "Accept": "text/html,application/xhtml+xml,application/xml;q=0.9,*/*;q=0.8", "Accept-Encoding": "gzip, deflate", "Accept-Language": "en-us,en;q=0.5"}}, {"ext": "mp4", "height": 144, "format_note": "DASH video", "vcodec": "avc1.4d400b", "format_id": "160", "url": "https://r2---sn-n4v7knl6.googlevideo.com/videoplayback/id/d0d24b9fd0ca4f75/itag/160/source/yt_otf/requiressl/yes/mv/m/pl/22/ms/au,onr/ei/OG3wW91eyYqSBoLAjbgH/mn/sn-n4v7knl6,sn-a5ms7n7e/mm/31,26/initcwndbps/1797500/ratebypass/yes/mime/video%2Fmp4/otfp/1/otf/1/lmt/1459059449428978/mt/1542483125/fvip/2/disable_polymer/true/ip/69.181.125.22/ipbits/0/expire/1542504856/sparams/ip,ipbits,expire,id,itag,source,requiressl,mv,pl,ms,ei,mn,mm,initcwndbps,ratebypass,mime,otfp,otf,lmt/signature/0F4025F048C9C791A876BAB5FB3E870D98A02734.5094CECFFCE5818FF8885E0F35B6B363A367AE67/key/dg_yt0/", "manifest_url": "https://manifest.googlevideo.com/api/manifest/dash/as/fmp4_audio_clear%2Cfmp4_sd_hd_clear/signature/855A92DF78DE232AF6AB1481FE9A9258C4590F50.67E5FF029F0D1F235C4B988848B07A7CE3A13D39/expire/1542504856/mv/m/pl/22/mt/1542483125/ms/au%2Conr/ipbits/0/ei/OG3wW91eyYqSBoLAjbgH/mn/sn-n4v7knl6%2Csn-a5ms7n7e/mm/31%2C26/playback_host/r2---sn-n4v7knl6.googlevideo.com/sparams/as%2Cei%2Chfr%2Cid%2Cinitcwndbps%2Cip%2Cipbits%2Citag%2Cmm%2Cmn%2Cms%2Cmv%2Cpl%2Cplayback_host%2Crequiressl%2Csource%2Cexpire/source/youtube/key/yt6/id/d0d24b9fd0ca4f75/itag/0/hfr/all/requiressl/yes/initcwndbps/1797500/fvip/2/ip/69.181.125.22", "width": 256, "tbr": 108.0, "asr": null, "fps": 30, "language": null, "filesize": null, "container": "mp4_dash", "acodec": "none", "fragment_base_url": "https://r2---sn-n4v7knl6.googlevideo.com/videoplayback/id/d0d24b9fd0ca4f75/itag/160/source/yt_otf/requiressl/yes/mv/m/pl/22/ms/au,onr/ei/OG3wW91eyYqSBoLAjbgH/mn/sn-n4v7knl6,sn-a5ms7n7e/mm/31,26/initcwndbps/1797500/ratebypass/yes/mime/video%2Fmp4/otfp/1/otf/1/lmt/1459059449428978/mt/1542483125/fvip/2/disable_polymer/true/ip/69.181.125.22/ipbits/0/expire/1542504856/sparams/ip,ipbits,expire,id,itag,source,requiressl,mv,pl,ms,ei,mn,mm,initcwndbps,ratebypass,mime,otfp,otf,lmt/signature/0F4025F048C9C791A876BAB5FB3E870D98A02734.5094CECFFCE5818FF8885E0F35B6B363A367AE67/key/dg_yt0/", "fragments": [{"path": "sq/0"}, {"path": "sq/1/dur/5.339", "duration": 5.339}, {"path": "sq/2/dur/5.338", "duration": 5.338}, {"path": "sq/3/dur/5.339", "duration": 5.339}, {"path": "sq/4/dur/5.339", "duration": 5.339}, {"path": "sq/5/dur/5.338", "duration": 5.338}, {"path": "sq/6/dur/5.339", "duration": 5.339}, {"path": "sq/7/dur/5.339", "duration": 5.339}, {"path": "sq/8/dur/5.338", "duration": 5.338}, {"path": "sq/9/dur/5.339", "duration": 5.339}, {"path": "sq/10/dur/5.339", "duration": 5.339}, {"path": "sq/11/dur/5.338", "duration": 5.338}, {"path": "sq/12/dur/5.339", "duration": 5.339}, {"path": "sq/13/dur/5.339", "duration": 5.339}, {"path": "sq/14/dur/5.338", "duration": 5.338}, {"path": "sq/15/dur/5.339", "duration": 5.339}, {"path": "sq/16/dur/5.339", "duration": 5.339}, {"path": "sq/17/dur/5.338", "duration": 5.338}, {"path": "sq/18/dur/5.339", "duration": 5.339}, {"path": "sq/19/dur/5.339", "duration": 5.339}, {"path": "sq/20/dur/5.338", "duration": 5.338}, {"path": "sq/21/dur/5.339", "duration": 5.339}, {"path": "sq/22/dur/5.339", "duration": 5.339}, {"path": "sq/23/dur/5.338", "duration": 5.338}, {"path": "sq/24/dur/5.339", "duration": 5.339}, {"path": "sq/25/dur/5.339", "duration": 5.339}, {"path": "sq/26/dur/5.338", "duration": 5.338}, {"path": "sq/27/dur/5.339", "duration": 5.339}, {"path": "sq/28/dur/5.339", "duration": 5.339}, {"path": "sq/29/dur/5.338", "duration": 5.338}, {"path": "sq/30/dur/5.339", "duration": 5.339}, {"path": "sq/31/dur/5.339", "duration": 5.339}, {"path": "sq/32/dur/5.338", "duration": 5.338}, {"path": "sq/33/dur/5.339", "duration": 5.339}, {"path": "sq/34/dur/5.339", "duration": 5.339}, {"path": "sq/35/dur/5.338", "duration": 5.338}, {"path": "sq/36/dur/5.339", "duration": 5.339}, {"path": "sq/37/dur/5.339", "duration": 5.339}, {"path": "sq/38/dur/5.338", "duration": 5.338}, {"path": "sq/39/dur/5.339", "duration": 5.339}, {"path": "sq/40/dur/5.339", "duration": 5.339}, {"path": "sq/41/dur/5.338", "duration": 5.338}, {"path": "sq/42/dur/5.339", "duration": 5.339}, {"path": "sq/43/dur/5.339", "duration": 5.339}, {"path": "sq/44/dur/5.338", "duration": 5.338}, {"path": "sq/45/dur/5.339", "duration": 5.339}, {"path": "sq/46/dur/5.339", "duration": 5.339}, {"path": "sq/47/dur/5.338", "duration": 5.338}, {"path": "sq/48/dur/5.339", "duration": 5.339}, {"path": "sq/49/dur/5.339", "duration": 5.339}, {"path": "sq/50/dur/5.338", "duration": 5.338}, {"path": "sq/51/dur/5.339", "duration": 5.339}, {"path": "sq/52/dur/5.339", "duration": 5.339}, {"path": "sq/53/dur/5.338", "duration": 5.338}, {"path": "sq/54/dur/5.339", "duration": 5.339}, {"path": "sq/55/dur/5.339", "duration": 5.339}, {"path": "sq/56/dur/5.338", "duration": 5.338}, {"path": "sq/57/dur/5.339", "duration": 5.339}, {"path": "sq/58/dur/5.339", "duration": 5.339}, {"path": "sq/59/dur/5.338", "duration": 5.338}, {"path": "sq/60/dur/5.339", "duration": 5.339}, {"path": "sq/61/dur/5.339", "duration": 5.339}, {"path": "sq/62/dur/5.338", "duration": 5.338}, {"path": "sq/63/dur/5.339", "duration": 5.339}, {"path": "sq/64/dur/5.339", "duration": 5.339}, {"path": "sq/65/dur/5.338", "duration": 5.338}, {"path": "sq/66/dur/5.339", "duration": 5.339}, {"path": "sq/67/dur/5.339", "duration": 5.339}, {"path": "sq/68/dur/5.338", "duration": 5.338}, {"path": "sq/69/dur/5.339", "duration": 5.339}, {"path": "sq/70/dur/5.339", "duration": 5.339}, {"path": "sq/71/dur/5.338", "duration": 5.338}, {"path": "sq/72/dur/5.339", "duration": 5.339}, {"path": "sq/73/dur/5.339", "duration": 5.339}, {"path": "sq/74/dur/5.338", "duration": 5.338}, {"path": "sq/75/dur/5.339", "duration": 5.339}, {"path": "sq/76/dur/5.339", "duration": 5.339}, {"path": "sq/77/dur/5.338", "duration": 5.338}, {"path": "sq/78/dur/5.339", "duration": 5.339}, {"path": "sq/79/dur/5.339", "duration": 5.339}, {"path": "sq/80/dur/5.338", "duration": 5.338}, {"path": "sq/81/dur/5.339", "duration": 5.339}, {"path": "sq/82/dur/5.339", "duration": 5.339}, {"path": "sq/83/dur/5.338", "duration": 5.338}, {"path": "sq/84/dur/5.339", "duration": 5.339}, {"path": "sq/85/dur/5.339", "duration": 5.339}, {"path": "sq/86/dur/5.338", "duration": 5.338}, {"path": "sq/87/dur/5.339", "duration": 5.339}, {"path": "sq/88/dur/5.339", "duration": 5.339}, {"path": "sq/89/dur/5.338", "duration": 5.338}, {"path": "sq/90/dur/5.339", "duration": 5.339}, {"path": "sq/91/dur/5.339", "duration": 5.339}, {"path": "sq/92/dur/5.338", "duration": 5.338}, {"path": "sq/93/dur/5.339", "duration": 5.339}, {"path": "sq/94/dur/5.339", "duration": 5.339}, {"path": "sq/95/dur/5.338", "duration": 5.338}, {"path": "sq/96/dur/5.339", "duration": 5.339}, {"path": "sq/97/dur/5.339", "duration": 5.339}, {"path": "sq/98/dur/5.338", "duration": 5.338}, {"path": "sq/99/dur/5.339", "duration": 5.339}, {"path": "sq/100/dur/5.339", "duration": 5.339}, {"path": "sq/101/dur/5.338", "duration": 5.338}, {"path": "sq/102/dur/5.339", "duration": 5.339}, {"path": "sq/103/dur/5.339", "duration": 5.339}, {"path": "sq/104/dur/5.338", "duration": 5.338}, {"path": "sq/105/dur/5.339", "duration": 5.339}, {"path": "sq/106/dur/5.339", "duration": 5.339}, {"path": "sq/107/dur/5.338", "duration": 5.338}, {"path": "sq/108/dur/5.339", "duration": 5.339}, {"path": "sq/109/dur/5.339", "duration": 5.339}, {"path": "sq/110/dur/5.338", "duration": 5.338}, {"path": "sq/111/dur/5.339", "duration": 5.339}, {"path": "sq/112/dur/5.339", "duration": 5.339}, {"path": "sq/113/dur/5.338", "duration": 5.338}, {"path": "sq/114/dur/5.339", "duration": 5.339}, {"path": "sq/115/dur/5.339", "duration": 5.339}, {"path": "sq/116/dur/5.338", "duration": 5.338}, {"path": "sq/117/dur/5.339", "duration": 5.339}, {"path": "sq/118/dur/5.339", "duration": 5.339}, {"path": "sq/119/dur/5.338", "duration": 5.338}, {"path": "sq/120/dur/5.339", "duration": 5.339}, {"path": "sq/121/dur/5.339", "duration": 5.339}, {"path": "sq/122/dur/5.338", "duration": 5.338}, {"path": "sq/123/dur/5.339", "duration": 5.339}, {"path": "sq/124/dur/5.339", "duration": 5.339}, {"path": "sq/125/dur/5.338", "duration": 5.338}, {"path": "sq/126/dur/5.339", "duration": 5.339}, {"path": "sq/127/dur/5.339", "duration": 5.339}, {"path": "sq/128/dur/5.338", "duration": 5.338}, {"path": "sq/129/dur/5.339", "duration": 5.339}, {"path": "sq/130/dur/5.339", "duration": 5.339}, {"path": "sq/131/dur/5.338", "duration": 5.338}, {"path": "sq/132/dur/5.339", "duration": 5.339}, {"path": "sq/133/dur/5.339", "duration": 5.339}, {"path": "sq/134/dur/5.338", "duration": 5.338}, {"path": "sq/135/dur/5.339", "duration": 5.339}, {"path": "sq/136/dur/5.339", "duration": 5.339}, {"path": "sq/137/dur/5.338", "duration": 5.338}, {"path": "sq/138/dur/5.339", "duration": 5.339}, {"path": "sq/139/dur/5.339", "duration": 5.339}, {"path": "sq/140/dur/5.338", "duration": 5.338}, {"path": "sq/141/dur/5.339", "duration": 5.339}, {"path": "sq/142/dur/5.339", "duration": 5.339}, {"path": "sq/143/dur/5.338", "duration": 5.338}, {"path": "sq/144/dur/5.339", "duration": 5.339}, {"path": "sq/145/dur/5.339", "duration": 5.339}, {"path": "sq/146/dur/5.338", "duration": 5.338}, {"path": "sq/147/dur/5.339", "duration": 5.339}, {"path": "sq/148/dur/5.339", "duration": 5.339}, {"path": "sq/149/dur/5.338", "duration": 5.338}, {"path": "sq/150/dur/5.339", "duration": 5.339}, {"path": "sq/151/dur/5.339", "duration": 5.339}, {"path": "sq/152/dur/5.338", "duration": 5.338}, {"path": "sq/153/dur/5.339", "duration": 5.339}, {"path": "sq/154/dur/5.339", "duration": 5.339}, {"path": "sq/155/dur/5.338", "duration": 5.338}, {"path": "sq/156/dur/5.339", "duration": 5.339}, {"path": "sq/157/dur/5.339", "duration": 5.339}, {"path": "sq/158/dur/5.338", "duration": 5.338}, {"path": "sq/159/dur/5.339", "duration": 5.339}, {"path": "sq/160/dur/5.339", "duration": 5.339}, {"path": "sq/161/dur/5.338", "duration": 5.338}, {"path": "sq/162/dur/5.339", "duration": 5.339}, {"path": "sq/163/dur/5.339", "duration": 5.339}, {"path": "sq/164/dur/5.338", "duration": 5.338}, {"path": "sq/165/dur/5.339", "duration": 5.339}, {"path": "sq/166/dur/5.339", "duration": 5.339}, {"path": "sq/167/dur/5.338", "duration": 5.338}, {"path": "sq/168/dur/5.339", "duration": 5.339}, {"path": "sq/169/dur/5.339", "duration": 5.339}, {"path": "sq/170/dur/5.338", "duration": 5.338}, {"path": "sq/171/dur/5.339", "duration": 5.339}, {"path": "sq/172/dur/5.339", "duration": 5.339}, {"path": "sq/173/dur/5.338", "duration": 5.338}, {"path": "sq/174/dur/5.339", "duration": 5.339}, {"path": "sq/175/dur/5.339", "duration": 5.339}, {"path": "sq/176/dur/5.338", "duration": 5.338}, {"path": "sq/177/dur/5.339", "duration": 5.339}, {"path": "sq/178/dur/5.339", "duration": 5.339}, {"path": "sq/179/dur/5.338", "duration": 5.338}, {"path": "sq/180/dur/5.339", "duration": 5.339}, {"path": "sq/181/dur/5.339", "duration": 5.339}, {"path": "sq/182/dur/5.338", "duration": 5.338}, {"path": "sq/183/dur/5.339", "duration": 5.339}, {"path": "sq/184/dur/5.339", "duration": 5.339}, {"path": "sq/185/dur/5.338", "duration": 5.338}, {"path": "sq/186/dur/5.339", "duration": 5.339}, {"path": "sq/187/dur/5.339", "duration": 5.339}, {"path": "sq/188/dur/5.338", "duration": 5.338}, {"path": "sq/189/dur/5.339", "duration": 5.339}, {"path": "sq/190/dur/5.339", "duration": 5.339}, {"path": "sq/191/dur/5.338", "duration": 5.338}, {"path": "sq/192/dur/5.339", "duration": 5.339}, {"path": "sq/193/dur/5.339", "duration": 5.339}, {"path": "sq/194/dur/5.338", "duration": 5.338}, {"path": "sq/195/dur/5.339", "duration": 5.339}, {"path": "sq/196/dur/5.339", "duration": 5.339}, {"path": "sq/197/dur/5.338", "duration": 5.338}, {"path": "sq/198/dur/5.339", "duration": 5.339}, {"path": "sq/199/dur/5.339", "duration": 5.339}, {"path": "sq/200/dur/5.338", "duration": 5.338}, {"path": "sq/201/dur/5.339", "duration": 5.339}, {"path": "sq/202/dur/5.339", "duration": 5.339}, {"path": "sq/203/dur/5.338", "duration": 5.338}, {"path": "sq/204/dur/5.339", "duration": 5.339}, {"path": "sq/205/dur/5.339", "duration": 5.339}, {"path": "sq/206/dur/5.338", "duration": 5.338}, {"path": "sq/207/dur/5.339", "duration": 5.339}, {"path": "sq/208/dur/5.339", "duration": 5.339}, {"path": "sq/209/dur/5.338", "duration": 5.338}, {"path": "sq/210/dur/5.339", "duration": 5.339}, {"path": "sq/211/dur/5.339", "duration": 5.339}, {"path": "sq/212/dur/5.338", "duration": 5.338}, {"path": "sq/213/dur/5.339", "duration": 5.339}, {"path": "sq/214/dur/5.339", "duration": 5.339}, {"path": "sq/215/dur/5.338", "duration": 5.338}, {"path": "sq/216/dur/5.339", "duration": 5.339}, {"path": "sq/217/dur/5.339", "duration": 5.339}, {"path": "sq/218/dur/3.036", "duration": 3.036}], "protocol": "http_dash_segments", "format": "160 - 256x144 (DASH video)", "http_headers": {"User-Agent": "Mozilla/5.0 (X11; Linux x86_64; rv:59.0) Gecko/20100101 Firefox/59.0", "Accept-Charset": "ISO-8859-1,utf-8;q=0.7,*;q=0.7", "Accept": "text/html,application/xhtml+xml,application/xml;q=0.9,*/*;q=0.8", "Accept-Encoding": "gzip, deflate", "Accept-Language": "en-us,en;q=0.5"}}, {"ext": "mp4", "height": 240, "format_note": "DASH video", "vcodec": "avc1.4d400c", "format_id": "133", "url": "https://r2---sn-n4v7knl6.googlevideo.com/videoplayback/id/d0d24b9fd0ca4f75/itag/133/source/yt_otf/requiressl/yes/mv/m/pl/22/ms/au,onr/ei/OG3wW91eyYqSBoLAjbgH/mn/sn-n4v7knl6,sn-a5ms7n7e/mm/31,26/initcwndbps/1797500/ratebypass/yes/mime/video%2Fmp4/otfp/1/otf/1/lmt/1459059449428978/mt/1542483125/fvip/2/disable_polymer/true/ip/69.181.125.22/ipbits/0/expire/1542504856/sparams/ip,ipbits,expire,id,itag,source,requiressl,mv,pl,ms,ei,mn,mm,initcwndbps,ratebypass,mime,otfp,otf,lmt/signature/82E31C766EEFBBC51D029CDC93BA28FE30BE68B0.82E6251CA71766C47158B82EEE0A28A2F6A06E4A/key/dg_yt0/", "manifest_url": "https://manifest.googlevideo.com/api/manifest/dash/as/fmp4_audio_clear%2Cfmp4_sd_hd_clear/signature/855A92DF78DE232AF6AB1481FE9A9258C4590F50.67E5FF029F0D1F235C4B988848B07A7CE3A13D39/expire/1542504856/mv/m/pl/22/mt/1542483125/ms/au%2Conr/ipbits/0/ei/OG3wW91eyYqSBoLAjbgH/mn/sn-n4v7knl6%2Csn-a5ms7n7e/mm/31%2C26/playback_host/r2---sn-n4v7knl6.googlevideo.com/sparams/as%2Cei%2Chfr%2Cid%2Cinitcwndbps%2Cip%2Cipbits%2Citag%2Cmm%2Cmn%2Cms%2Cmv%2Cpl%2Cplayback_host%2Crequiressl%2Csource%2Cexpire/source/youtube/key/yt6/id/d0d24b9fd0ca4f75/itag/0/hfr/all/requiressl/yes/initcwndbps/1797500/fvip/2/ip/69.181.125.22", "width": 426, "tbr": 242.0, "asr": null, "fps": 30, "language": null, "filesize": null, "container": "mp4_dash", "acodec": "none", "fragment_base_url": "https://r2---sn-n4v7knl6.googlevideo.com/videoplayback/id/d0d24b9fd0ca4f75/itag/133/source/yt_otf/requiressl/yes/mv/m/pl/22/ms/au,onr/ei/OG3wW91eyYqSBoLAjbgH/mn/sn-n4v7knl6,sn-a5ms7n7e/mm/31,26/initcwndbps/1797500/ratebypass/yes/mime/video%2Fmp4/otfp/1/otf/1/lmt/1459059449428978/mt/1542483125/fvip/2/disable_polymer/true/ip/69.181.125.22/ipbits/0/expire/1542504856/sparams/ip,ipbits,expire,id,itag,source,requiressl,mv,pl,ms,ei,mn,mm,initcwndbps,ratebypass,mime,otfp,otf,lmt/signature/82E31C766EEFBBC51D029CDC93BA28FE30BE68B0.82E6251CA71766C47158B82EEE0A28A2F6A06E4A/key/dg_yt0/", "fragments": [{"path": "sq/0"}, {"path": "sq/1/dur/5.339", "duration": 5.339}, {"path": "sq/2/dur/5.338", "duration": 5.338}, {"path": "sq/3/dur/5.339", "duration": 5.339}, {"path": "sq/4/dur/5.339", "duration": 5.339}, {"path": "sq/5/dur/5.338", "duration": 5.338}, {"path": "sq/6/dur/5.339", "duration": 5.339}, {"path": "sq/7/dur/5.339", "duration": 5.339}, {"path": "sq/8/dur/5.338", "duration": 5.338}, {"path": "sq/9/dur/5.339", "duration": 5.339}, {"path": "sq/10/dur/5.339", "duration": 5.339}, {"path": "sq/11/dur/5.338", "duration": 5.338}, {"path": "sq/12/dur/5.339", "duration": 5.339}, {"path": "sq/13/dur/5.339", "duration": 5.339}, {"path": "sq/14/dur/5.338", "duration": 5.338}, {"path": "sq/15/dur/5.339", "duration": 5.339}, {"path": "sq/16/dur/5.339", "duration": 5.339}, {"path": "sq/17/dur/5.338", "duration": 5.338}, {"path": "sq/18/dur/5.339", "duration": 5.339}, {"path": "sq/19/dur/5.339", "duration": 5.339}, {"path": "sq/20/dur/5.338", "duration": 5.338}, {"path": "sq/21/dur/5.339", "duration": 5.339}, {"path": "sq/22/dur/5.339", "duration": 5.339}, {"path": "sq/23/dur/5.338", "duration": 5.338}, {"path": "sq/24/dur/5.339", "duration": 5.339}, {"path": "sq/25/dur/5.339", "duration": 5.339}, {"path": "sq/26/dur/5.338", "duration": 5.338}, {"path": "sq/27/dur/5.339", "duration": 5.339}, {"path": "sq/28/dur/5.339", "duration": 5.339}, {"path": "sq/29/dur/5.338", "duration": 5.338}, {"path": "sq/30/dur/5.339", "duration": 5.339}, {"path": "sq/31/dur/5.339", "duration": 5.339}, {"path": "sq/32/dur/5.338", "duration": 5.338}, {"path": "sq/33/dur/5.339", "duration": 5.339}, {"path": "sq/34/dur/5.339", "duration": 5.339}, {"path": "sq/35/dur/5.338", "duration": 5.338}, {"path": "sq/36/dur/5.339", "duration": 5.339}, {"path": "sq/37/dur/5.339", "duration": 5.339}, {"path": "sq/38/dur/5.338", "duration": 5.338}, {"path": "sq/39/dur/5.339", "duration": 5.339}, {"path": "sq/40/dur/5.339", "duration": 5.339}, {"path": "sq/41/dur/5.338", "duration": 5.338}, {"path": "sq/42/dur/5.339", "duration": 5.339}, {"path": "sq/43/dur/5.339", "duration": 5.339}, {"path": "sq/44/dur/5.338", "duration": 5.338}, {"path": "sq/45/dur/5.339", "duration": 5.339}, {"path": "sq/46/dur/5.339", "duration": 5.339}, {"path": "sq/47/dur/5.338", "duration": 5.338}, {"path": "sq/48/dur/5.339", "duration": 5.339}, {"path": "sq/49/dur/5.339", "duration": 5.339}, {"path": "sq/50/dur/5.338", "duration": 5.338}, {"path": "sq/51/dur/5.339", "duration": 5.339}, {"path": "sq/52/dur/5.339", "duration": 5.339}, {"path": "sq/53/dur/5.338", "duration": 5.338}, {"path": "sq/54/dur/5.339", "duration": 5.339}, {"path": "sq/55/dur/5.339", "duration": 5.339}, {"path": "sq/56/dur/5.338", "duration": 5.338}, {"path": "sq/57/dur/5.339", "duration": 5.339}, {"path": "sq/58/dur/5.339", "duration": 5.339}, {"path": "sq/59/dur/5.338", "duration": 5.338}, {"path": "sq/60/dur/5.339", "duration": 5.339}, {"path": "sq/61/dur/5.339", "duration": 5.339}, {"path": "sq/62/dur/5.338", "duration": 5.338}, {"path": "sq/63/dur/5.339", "duration": 5.339}, {"path": "sq/64/dur/5.339", "duration": 5.339}, {"path": "sq/65/dur/5.338", "duration": 5.338}, {"path": "sq/66/dur/5.339", "duration": 5.339}, {"path": "sq/67/dur/5.339", "duration": 5.339}, {"path": "sq/68/dur/5.338", "duration": 5.338}, {"path": "sq/69/dur/5.339", "duration": 5.339}, {"path": "sq/70/dur/5.339", "duration": 5.339}, {"path": "sq/71/dur/5.338", "duration": 5.338}, {"path": "sq/72/dur/5.339", "duration": 5.339}, {"path": "sq/73/dur/5.339", "duration": 5.339}, {"path": "sq/74/dur/5.338", "duration": 5.338}, {"path": "sq/75/dur/5.339", "duration": 5.339}, {"path": "sq/76/dur/5.339", "duration": 5.339}, {"path": "sq/77/dur/5.338", "duration": 5.338}, {"path": "sq/78/dur/5.339", "duration": 5.339}, {"path": "sq/79/dur/5.339", "duration": 5.339}, {"path": "sq/80/dur/5.338", "duration": 5.338}, {"path": "sq/81/dur/5.339", "duration": 5.339}, {"path": "sq/82/dur/5.339", "duration": 5.339}, {"path": "sq/83/dur/5.338", "duration": 5.338}, {"path": "sq/84/dur/5.339", "duration": 5.339}, {"path": "sq/85/dur/5.339", "duration": 5.339}, {"path": "sq/86/dur/5.338", "duration": 5.338}, {"path": "sq/87/dur/5.339", "duration": 5.339}, {"path": "sq/88/dur/5.339", "duration": 5.339}, {"path": "sq/89/dur/5.338", "duration": 5.338}, {"path": "sq/90/dur/5.339", "duration": 5.339}, {"path": "sq/91/dur/5.339", "duration": 5.339}, {"path": "sq/92/dur/5.338", "duration": 5.338}, {"path": "sq/93/dur/5.339", "duration": 5.339}, {"path": "sq/94/dur/5.339", "duration": 5.339}, {"path": "sq/95/dur/5.338", "duration": 5.338}, {"path": "sq/96/dur/5.339", "duration": 5.339}, {"path": "sq/97/dur/5.339", "duration": 5.339}, {"path": "sq/98/dur/5.338", "duration": 5.338}, {"path": "sq/99/dur/5.339", "duration": 5.339}, {"path": "sq/100/dur/5.339", "duration": 5.339}, {"path": "sq/101/dur/5.338", "duration": 5.338}, {"path": "sq/102/dur/5.339", "duration": 5.339}, {"path": "sq/103/dur/5.339", "duration": 5.339}, {"path": "sq/104/dur/5.338", "duration": 5.338}, {"path": "sq/105/dur/5.339", "duration": 5.339}, {"path": "sq/106/dur/5.339", "duration": 5.339}, {"path": "sq/107/dur/5.338", "duration": 5.338}, {"path": "sq/108/dur/5.339", "duration": 5.339}, {"path": "sq/109/dur/5.339", "duration": 5.339}, {"path": "sq/110/dur/5.338", "duration": 5.338}, {"path": "sq/111/dur/5.339", "duration": 5.339}, {"path": "sq/112/dur/5.339", "duration": 5.339}, {"path": "sq/113/dur/5.338", "duration": 5.338}, {"path": "sq/114/dur/5.339", "duration": 5.339}, {"path": "sq/115/dur/5.339", "duration": 5.339}, {"path": "sq/116/dur/5.338", "duration": 5.338}, {"path": "sq/117/dur/5.339", "duration": 5.339}, {"path": "sq/118/dur/5.339", "duration": 5.339}, {"path": "sq/119/dur/5.338", "duration": 5.338}, {"path": "sq/120/dur/5.339", "duration": 5.339}, {"path": "sq/121/dur/5.339", "duration": 5.339}, {"path": "sq/122/dur/5.338", "duration": 5.338}, {"path": "sq/123/dur/5.339", "duration": 5.339}, {"path": "sq/124/dur/5.339", "duration": 5.339}, {"path": "sq/125/dur/5.338", "duration": 5.338}, {"path": "sq/126/dur/5.339", "duration": 5.339}, {"path": "sq/127/dur/5.339", "duration": 5.339}, {"path": "sq/128/dur/5.338", "duration": 5.338}, {"path": "sq/129/dur/5.339", "duration": 5.339}, {"path": "sq/130/dur/5.339", "duration": 5.339}, {"path": "sq/131/dur/5.338", "duration": 5.338}, {"path": "sq/132/dur/5.339", "duration": 5.339}, {"path": "sq/133/dur/5.339", "duration": 5.339}, {"path": "sq/134/dur/5.338", "duration": 5.338}, {"path": "sq/135/dur/5.339", "duration": 5.339}, {"path": "sq/136/dur/5.339", "duration": 5.339}, {"path": "sq/137/dur/5.338", "duration": 5.338}, {"path": "sq/138/dur/5.339", "duration": 5.339}, {"path": "sq/139/dur/5.339", "duration": 5.339}, {"path": "sq/140/dur/5.338", "duration": 5.338}, {"path": "sq/141/dur/5.339", "duration": 5.339}, {"path": "sq/142/dur/5.339", "duration": 5.339}, {"path": "sq/143/dur/5.338", "duration": 5.338}, {"path": "sq/144/dur/5.339", "duration": 5.339}, {"path": "sq/145/dur/5.339", "duration": 5.339}, {"path": "sq/146/dur/5.338", "duration": 5.338}, {"path": "sq/147/dur/5.339", "duration": 5.339}, {"path": "sq/148/dur/5.339", "duration": 5.339}, {"path": "sq/149/dur/5.338", "duration": 5.338}, {"path": "sq/150/dur/5.339", "duration": 5.339}, {"path": "sq/151/dur/5.339", "duration": 5.339}, {"path": "sq/152/dur/5.338", "duration": 5.338}, {"path": "sq/153/dur/5.339", "duration": 5.339}, {"path": "sq/154/dur/5.339", "duration": 5.339}, {"path": "sq/155/dur/5.338", "duration": 5.338}, {"path": "sq/156/dur/5.339", "duration": 5.339}, {"path": "sq/157/dur/5.339", "duration": 5.339}, {"path": "sq/158/dur/5.338", "duration": 5.338}, {"path": "sq/159/dur/5.339", "duration": 5.339}, {"path": "sq/160/dur/5.339", "duration": 5.339}, {"path": "sq/161/dur/5.338", "duration": 5.338}, {"path": "sq/162/dur/5.339", "duration": 5.339}, {"path": "sq/163/dur/5.339", "duration": 5.339}, {"path": "sq/164/dur/5.338", "duration": 5.338}, {"path": "sq/165/dur/5.339", "duration": 5.339}, {"path": "sq/166/dur/5.339", "duration": 5.339}, {"path": "sq/167/dur/5.338", "duration": 5.338}, {"path": "sq/168/dur/5.339", "duration": 5.339}, {"path": "sq/169/dur/5.339", "duration": 5.339}, {"path": "sq/170/dur/5.338", "duration": 5.338}, {"path": "sq/171/dur/5.339", "duration": 5.339}, {"path": "sq/172/dur/5.339", "duration": 5.339}, {"path": "sq/173/dur/5.338", "duration": 5.338}, {"path": "sq/174/dur/5.339", "duration": 5.339}, {"path": "sq/175/dur/5.339", "duration": 5.339}, {"path": "sq/176/dur/5.338", "duration": 5.338}, {"path": "sq/177/dur/5.339", "duration": 5.339}, {"path": "sq/178/dur/5.339", "duration": 5.339}, {"path": "sq/179/dur/5.338", "duration": 5.338}, {"path": "sq/180/dur/5.339", "duration": 5.339}, {"path": "sq/181/dur/5.339", "duration": 5.339}, {"path": "sq/182/dur/5.338", "duration": 5.338}, {"path": "sq/183/dur/5.339", "duration": 5.339}, {"path": "sq/184/dur/5.339", "duration": 5.339}, {"path": "sq/185/dur/5.338", "duration": 5.338}, {"path": "sq/186/dur/5.339", "duration": 5.339}, {"path": "sq/187/dur/5.339", "duration": 5.339}, {"path": "sq/188/dur/5.338", "duration": 5.338}, {"path": "sq/189/dur/5.339", "duration": 5.339}, {"path": "sq/190/dur/5.339", "duration": 5.339}, {"path": "sq/191/dur/5.338", "duration": 5.338}, {"path": "sq/192/dur/5.339", "duration": 5.339}, {"path": "sq/193/dur/5.339", "duration": 5.339}, {"path": "sq/194/dur/5.338", "duration": 5.338}, {"path": "sq/195/dur/5.339", "duration": 5.339}, {"path": "sq/196/dur/5.339", "duration": 5.339}, {"path": "sq/197/dur/5.338", "duration": 5.338}, {"path": "sq/198/dur/5.339", "duration": 5.339}, {"path": "sq/199/dur/5.339", "duration": 5.339}, {"path": "sq/200/dur/5.338", "duration": 5.338}, {"path": "sq/201/dur/5.339", "duration": 5.339}, {"path": "sq/202/dur/5.339", "duration": 5.339}, {"path": "sq/203/dur/5.338", "duration": 5.338}, {"path": "sq/204/dur/5.339", "duration": 5.339}, {"path": "sq/205/dur/5.339", "duration": 5.339}, {"path": "sq/206/dur/5.338", "duration": 5.338}, {"path": "sq/207/dur/5.339", "duration": 5.339}, {"path": "sq/208/dur/5.339", "duration": 5.339}, {"path": "sq/209/dur/5.338", "duration": 5.338}, {"path": "sq/210/dur/5.339", "duration": 5.339}, {"path": "sq/211/dur/5.339", "duration": 5.339}, {"path": "sq/212/dur/5.338", "duration": 5.338}, {"path": "sq/213/dur/5.339", "duration": 5.339}, {"path": "sq/214/dur/5.339", "duration": 5.339}, {"path": "sq/215/dur/5.338", "duration": 5.338}, {"path": "sq/216/dur/5.339", "duration": 5.339}, {"path": "sq/217/dur/5.339", "duration": 5.339}, {"path": "sq/218/dur/3.036", "duration": 3.036}], "protocol": "http_dash_segments", "format": "133 - 426x240 (DASH video)", "http_headers": {"User-Agent": "Mozilla/5.0 (X11; Linux x86_64; rv:59.0) Gecko/20100101 Firefox/59.0", "Accept-Charset": "ISO-8859-1,utf-8;q=0.7,*;q=0.7", "Accept": "text/html,application/xhtml+xml,application/xml;q=0.9,*/*;q=0.8", "Accept-Encoding": "gzip, deflate", "Accept-Language": "en-us,en;q=0.5"}}, {"ext": "mp4", "height": 360, "format_note": "DASH video", "vcodec": "avc1.4d401e", "format_id": "134", "url": "https://r2---sn-n4v7knl6.googlevideo.com/videoplayback/id/d0d24b9fd0ca4f75/itag/134/source/youtube/requiressl/yes/mv/m/pl/22/ms/au,onr/ei/OG3wW91eyYqSBoLAjbgH/mn/sn-n4v7knl6,sn-a5ms7n7e/mm/31,26/initcwndbps/1797500/ratebypass/yes/mime/video%2Fmp4/otfp/1/gir/yes/clen/15967183/lmt/1459059420168187/dur/1161.526/mt/1542483125/fvip/2/disable_polymer/true/ip/69.181.125.22/ipbits/0/expire/1542504856/sparams/ip,ipbits,expire,id,itag,source,requiressl,mv,pl,ms,ei,mn,mm,initcwndbps,ratebypass,mime,otfp,gir,clen,lmt,dur/signature/1328D4BEB9CD5320D493DEA46533EEBF6405E134.4A0B8714276414EF98E8A2716E23E783D82A57BB/key/dg_yt0/", "manifest_url": "https://manifest.googlevideo.com/api/manifest/dash/as/fmp4_audio_clear%2Cfmp4_sd_hd_clear/signature/855A92DF78DE232AF6AB1481FE9A9258C4590F50.67E5FF029F0D1F235C4B988848B07A7CE3A13D39/expire/1542504856/mv/m/pl/22/mt/1542483125/ms/au%2Conr/ipbits/0/ei/OG3wW91eyYqSBoLAjbgH/mn/sn-n4v7knl6%2Csn-a5ms7n7e/mm/31%2C26/playback_host/r2---sn-n4v7knl6.googlevideo.com/sparams/as%2Cei%2Chfr%2Cid%2Cinitcwndbps%2Cip%2Cipbits%2Citag%2Cmm%2Cmn%2Cms%2Cmv%2Cpl%2Cplayback_host%2Crequiressl%2Csource%2Cexpire/source/youtube/key/yt6/id/d0d24b9fd0ca4f75/itag/0/hfr/all/requiressl/yes/initcwndbps/1797500/fvip/2/ip/69.181.125.22", "width": 640, "tbr": 488.289, "asr": null, "fps": 30, "language": null, "filesize": 15967183, "container": "mp4_dash", "acodec": "none", "fragment_base_url": "https://r2---sn-n4v7knl6.googlevideo.com/videoplayback/id/d0d24b9fd0ca4f75/itag/134/source/youtube/requiressl/yes/mv/m/pl/22/ms/au,onr/ei/OG3wW91eyYqSBoLAjbgH/mn/sn-n4v7knl6,sn-a5ms7n7e/mm/31,26/initcwndbps/1797500/ratebypass/yes/mime/video%2Fmp4/otfp/1/gir/yes/clen/15967183/lmt/1459059420168187/dur/1161.526/mt/1542483125/fvip/2/disable_polymer/true/ip/69.181.125.22/ipbits/0/expire/1542504856/sparams/ip,ipbits,expire,id,itag,source,requiressl,mv,pl,ms,ei,mn,mm,initcwndbps,ratebypass,mime,otfp,gir,clen,lmt,dur/signature/1328D4BEB9CD5320D493DEA46533EEBF6405E134.4A0B8714276414EF98E8A2716E23E783D82A57BB/key/dg_yt0/", "fragments": [{"path": "range/0-708"}, {"path": "range/3357-185391", "duration": 5.339}, {"path": "range/185392-409114", "duration": 5.338}, {"path": "range/409115-603330", "duration": 5.339}, {"path": "range/603331-764219", "duration": 5.339}, {"path": "range/764220-778400", "duration": 5.338}, {"path": "range/778401-794396", "duration": 5.339}, {"path": "range/794397-810392", "duration": 5.339}, {"path": "range/810393-828221", "duration": 5.338}, {"path": "range/828222-850025", "duration": 5.339}, {"path": "range/850026-873680", "duration": 5.339}, {"path": "range/873681-1119787", "duration": 5.338}, {"path": "range/1119788-1319939", "duration": 5.339}, {"path": "range/1319940-1549444", "duration": 5.339}, {"path": "range/1549445-1563455", "duration": 5.338}, {"path": "range/1563456-1577312", "duration": 5.339}, {"path": "range/1577313-1592520", "duration": 5.339}, {"path": "range/1592521-1817475", "duration": 5.338}, {"path": "range/1817476-2020094", "duration": 5.339}, {"path": "range/2020095-2214527", "duration": 5.339}, {"path": "range/2214528-2397292", "duration": 5.338}, {"path": "range/2397293-2411608", "duration": 5.339}, {"path": "range/2411609-2427031", "duration": 5.339}, {"path": "range/2427032-2442470", "duration": 5.338}, {"path": "range/2442471-2458424", "duration": 5.339}, {"path": "range/2458425-2475149", "duration": 5.339}, {"path": "range/2475150-2492068", "duration": 5.338}, {"path": "range/2492069-2582232", "duration": 5.339}, {"path": "range/2582233-2618696", "duration": 5.339}, {"path": "range/2618697-2691539", "duration": 5.338}, {"path": "range/2691540-2728102", "duration": 5.339}, {"path": "range/2728103-2765038", "duration": 5.339}, {"path": "range/2765039-2803554", "duration": 5.338}, {"path": "range/2803555-2821786", "duration": 5.339}, {"path": "range/2821787-2836453", "duration": 5.339}, {"path": "range/2836454-2855076", "duration": 5.338}, {"path": "range/2855077-2871849", "duration": 5.339}, {"path": "range/2871850-2892986", "duration": 5.339}, {"path": "range/2892987-2911875", "duration": 5.338}, {"path": "range/2911876-2930630", "duration": 5.339}, {"path": "range/2930631-2950142", "duration": 5.339}, {"path": "range/2950143-2973560", "duration": 5.338}, {"path": "range/2973561-2996308", "duration": 5.339}, {"path": "range/2996309-3018746", "duration": 5.339}, {"path": "range/3018747-3039204", "duration": 5.338}, {"path": "range/3039205-3293949", "duration": 5.339}, {"path": "range/3293950-3491467", "duration": 5.339}, {"path": "range/3491468-3697267", "duration": 5.338}, {"path": "range/3697268-3892751", "duration": 5.339}, {"path": "range/3892752-4088549", "duration": 5.339}, {"path": "range/4088550-4314395", "duration": 5.338}, {"path": "range/4314396-4338604", "duration": 5.339}, {"path": "range/4338605-4364159", "duration": 5.339}, {"path": "range/4364160-4378823", "duration": 5.338}, {"path": "range/4378824-4393232", "duration": 5.339}, {"path": "range/4393233-4409158", "duration": 5.339}, {"path": "range/4409159-4598791", "duration": 5.338}, {"path": "range/4598792-4793728", "duration": 5.339}, {"path": "range/4793729-5018361", "duration": 5.339}, {"path": "range/5018362-5036411", "duration": 5.338}, {"path": "range/5036412-5056575", "duration": 5.339}, {"path": "range/5056576-5077699", "duration": 5.339}, {"path": "range/5077700-5097342", "duration": 5.338}, {"path": "range/5097343-5116989", "duration": 5.339}, {"path": "range/5116990-5136670", "duration": 5.339}, {"path": "range/5136671-5156314", "duration": 5.338}, {"path": "range/5156315-5178867", "duration": 5.339}, {"path": "range/5178868-5201093", "duration": 5.339}, {"path": "range/5201094-5223172", "duration": 5.338}, {"path": "range/5223173-5245143", "duration": 5.339}, {"path": "range/5245144-5267041", "duration": 5.339}, {"path": "range/5267042-5514925", "duration": 5.338}, {"path": "range/5514926-5701949", "duration": 5.339}, {"path": "range/5701950-5897353", "duration": 5.339}, {"path": "range/5897354-6123002", "duration": 5.338}, {"path": "range/6123003-6136453", "duration": 5.339}, {"path": "range/6136454-6151668", "duration": 5.339}, {"path": "range/6151669-6167364", "duration": 5.338}, {"path": "range/6167365-6188182", "duration": 5.339}, {"path": "range/6188183-6209209", "duration": 5.339}, {"path": "range/6209210-6230057", "duration": 5.338}, {"path": "range/6230058-6250051", "duration": 5.339}, {"path": "range/6250052-6271205", "duration": 5.339}, {"path": "range/6271206-6290456", "duration": 5.338}, {"path": "range/6290457-6309882", "duration": 5.339}, {"path": "range/6309883-6530542", "duration": 5.339}, {"path": "range/6530543-6726261", "duration": 5.338}, {"path": "range/6726262-6921936", "duration": 5.339}, {"path": "range/6921937-7120935", "duration": 5.339}, {"path": "range/7120936-7446807", "duration": 5.338}, {"path": "range/7446808-7540304", "duration": 5.339}, {"path": "range/7540305-7613740", "duration": 5.339}, {"path": "range/7613741-7684827", "duration": 5.338}, {"path": "range/7684828-7754715", "duration": 5.339}, {"path": "range/7754716-7824857", "duration": 5.339}, {"path": "range/7824858-7895926", "duration": 5.338}, {"path": "range/7895927-8029635", "duration": 5.339}, {"path": "range/8029636-8120424", "duration": 5.339}, {"path": "range/8120425-8196703", "duration": 5.338}, {"path": "range/8196704-8349986", "duration": 5.339}, {"path": "range/8349987-8436520", "duration": 5.339}, {"path": "range/8436521-8508585", "duration": 5.338}, {"path": "range/8508586-8580689", "duration": 5.339}, {"path": "range/8580690-8666974", "duration": 5.339}, {"path": "range/8666975-8681180", "duration": 5.338}, {"path": "range/8681181-8699443", "duration": 5.339}, {"path": "range/8699444-8711830", "duration": 5.339}, {"path": "range/8711831-8725629", "duration": 5.338}, {"path": "range/8725630-8739371", "duration": 5.339}, {"path": "range/8739372-8753164", "duration": 5.339}, {"path": "range/8753165-8766963", "duration": 5.338}, {"path": "range/8766964-8966963", "duration": 5.339}, {"path": "range/8966964-9164101", "duration": 5.339}, {"path": "range/9164102-9358178", "duration": 5.338}, {"path": "range/9358179-9527582", "duration": 5.339}, {"path": "range/9527583-9544438", "duration": 5.339}, {"path": "range/9544439-9564617", "duration": 5.338}, {"path": "range/9564618-9581389", "duration": 5.339}, {"path": "range/9581390-9598216", "duration": 5.339}, {"path": "range/9598217-9848932", "duration": 5.338}, {"path": "range/9848933-10036494", "duration": 5.339}, {"path": "range/10036495-10229785", "duration": 5.339}, {"path": "range/10229786-10421156", "duration": 5.338}, {"path": "range/10421157-10438167", "duration": 5.339}, {"path": "range/10438168-10455017", "duration": 5.339}, {"path": "range/10455018-10468325", "duration": 5.338}, {"path": "range/10468326-10481740", "duration": 5.339}, {"path": "range/10481741-10494257", "duration": 5.339}, {"path": "range/10494258-10510352", "duration": 5.338}, {"path": "range/10510353-10530213", "duration": 5.339}, {"path": "range/10530214-10548612", "duration": 5.339}, {"path": "range/10548613-10566509", "duration": 5.338}, {"path": "range/10566510-10584896", "duration": 5.339}, {"path": "range/10584897-10604977", "duration": 5.339}, {"path": "range/10604978-10625058", "duration": 5.338}, {"path": "range/10625059-10645021", "duration": 5.339}, {"path": "range/10645022-10665109", "duration": 5.339}, {"path": "range/10665110-10685071", "duration": 5.338}, {"path": "range/10685072-10705002", "duration": 5.339}, {"path": "range/10705003-10725070", "duration": 5.339}, {"path": "range/10725071-10917874", "duration": 5.338}, {"path": "range/10917875-11109637", "duration": 5.339}, {"path": "range/11109638-11303457", "duration": 5.339}, {"path": "range/11303458-11481273", "duration": 5.338}, {"path": "range/11481274-11498240", "duration": 5.339}, {"path": "range/11498241-11517378", "duration": 5.339}, {"path": "range/11517379-11537236", "duration": 5.338}, {"path": "range/11537237-11556892", "duration": 5.339}, {"path": "range/11556893-11577651", "duration": 5.339}, {"path": "range/11577652-11596396", "duration": 5.338}, {"path": "range/11596397-11615210", "duration": 5.339}, {"path": "range/11615211-11638703", "duration": 5.339}, {"path": "range/11638704-11665860", "duration": 5.338}, {"path": "range/11665861-11713131", "duration": 5.339}, {"path": "range/11713132-11739319", "duration": 5.339}, {"path": "range/11739320-11765656", "duration": 5.338}, {"path": "range/11765657-11792012", "duration": 5.339}, {"path": "range/11792013-11840658", "duration": 5.339}, {"path": "range/11840659-11870045", "duration": 5.338}, {"path": "range/11870046-12094572", "duration": 5.339}, {"path": "range/12094573-12289751", "duration": 5.339}, {"path": "range/12289752-12486224", "duration": 5.338}, {"path": "range/12486225-12686647", "duration": 5.339}, {"path": "range/12686648-12879415", "duration": 5.339}, {"path": "range/12879416-13082920", "duration": 5.338}, {"path": "range/13082921-13271669", "duration": 5.339}, {"path": "range/13271670-13285180", "duration": 5.339}, {"path": "range/13285181-13298844", "duration": 5.338}, {"path": "range/13298845-13314167", "duration": 5.339}, {"path": "range/13314168-13553966", "duration": 5.339}, {"path": "range/13553967-13753293", "duration": 5.338}, {"path": "range/13753294-13952059", "duration": 5.339}, {"path": "range/13952060-14153846", "duration": 5.339}, {"path": "range/14153847-14167506", "duration": 5.338}, {"path": "range/14167507-14186099", "duration": 5.339}, {"path": "range/14186100-14201544", "duration": 5.339}, {"path": "range/14201545-14215851", "duration": 5.338}, {"path": "range/14215852-14231731", "duration": 5.339}, {"path": "range/14231732-14242736", "duration": 5.339}, {"path": "range/14242737-14254125", "duration": 5.338}, {"path": "range/14254126-14268925", "duration": 5.339}, {"path": "range/14268926-14285095", "duration": 5.339}, {"path": "range/14285096-14299855", "duration": 5.338}, {"path": "range/14299856-14313784", "duration": 5.339}, {"path": "range/14313785-14327731", "duration": 5.339}, {"path": "range/14327732-14341634", "duration": 5.338}, {"path": "range/14341635-14355531", "duration": 5.339}, {"path": "range/14355532-14369424", "duration": 5.339}, {"path": "range/14369425-14386410", "duration": 5.338}, {"path": "range/14386411-14408167", "duration": 5.339}, {"path": "range/14408168-14425267", "duration": 5.339}, {"path": "range/14425268-14442376", "duration": 5.338}, {"path": "range/14442377-14459494", "duration": 5.339}, {"path": "range/14459495-14478569", "duration": 5.339}, {"path": "range/14478570-14497326", "duration": 5.338}, {"path": "range/14497327-14516085", "duration": 5.339}, {"path": "range/14516086-14534807", "duration": 5.339}, {"path": "range/14534808-14553597", "duration": 5.338}, {"path": "range/14553598-14574942", "duration": 5.339}, {"path": "range/14574943-14596376", "duration": 5.339}, {"path": "range/14596377-14619368", "duration": 5.338}, {"path": "range/14619369-14640900", "duration": 5.339}, {"path": "range/14640901-14662430", "duration": 5.339}, {"path": "range/14662431-14683960", "duration": 5.338}, {"path": "range/14683961-14705491", "duration": 5.339}, {"path": "range/14705492-14729219", "duration": 5.339}, {"path": "range/14729220-14753310", "duration": 5.338}, {"path": "range/14753311-14775914", "duration": 5.339}, {"path": "range/14775915-14798532", "duration": 5.339}, {"path": "range/14798533-14821150", "duration": 5.338}, {"path": "range/14821151-14843748", "duration": 5.339}, {"path": "range/14843749-14866366", "duration": 5.339}, {"path": "range/14866367-14888983", "duration": 5.338}, {"path": "range/14888984-15028758", "duration": 5.339}, {"path": "range/15028759-15253517", "duration": 5.339}, {"path": "range/15253518-15451012", "duration": 5.338}, {"path": "range/15451013-15644918", "duration": 5.339}, {"path": "range/15644919-15837862", "duration": 5.339}, {"path": "range/15837863-15967182", "duration": 3.036}], "protocol": "http_dash_segments", "format": "134 - 640x360 (DASH video)", "http_headers": {"User-Agent": "Mozilla/5.0 (X11; Linux x86_64; rv:59.0) Gecko/20100101 Firefox/59.0", "Accept-Charset": "ISO-8859-1,utf-8;q=0.7,*;q=0.7", "Accept": "text/html,application/xhtml+xml,application/xml;q=0.9,*/*;q=0.8", "Accept-Encoding": "gzip, deflate", "Accept-Language": "en-us,en;q=0.5"}}, {"ext": "mp4", "height": 480, "format_note": "DASH video", "vcodec": "avc1.4d400a", "format_id": "135", "url": "https://r2---sn-n4v7knl6.googlevideo.com/videoplayback/id/d0d24b9fd0ca4f75/itag/135/source/yt_otf/requiressl/yes/mv/m/pl/22/ms/au,onr/ei/OG3wW91eyYqSBoLAjbgH/mn/sn-n4v7knl6,sn-a5ms7n7e/mm/31,26/initcwndbps/1797500/ratebypass/yes/mime/video%2Fmp4/otfp/1/otf/1/lmt/1459059449428978/mt/1542483125/fvip/2/disable_polymer/true/ip/69.181.125.22/ipbits/0/expire/1542504856/sparams/ip,ipbits,expire,id,itag,source,requiressl,mv,pl,ms,ei,mn,mm,initcwndbps,ratebypass,mime,otfp,otf,lmt/signature/83F10B3A98A6EED754324962EC59E7018263C561.63FA5C4A123E1C40DCC24476353A9F574FA711E5/key/dg_yt0/", "manifest_url": "https://manifest.googlevideo.com/api/manifest/dash/as/fmp4_audio_clear%2Cfmp4_sd_hd_clear/signature/855A92DF78DE232AF6AB1481FE9A9258C4590F50.67E5FF029F0D1F235C4B988848B07A7CE3A13D39/expire/1542504856/mv/m/pl/22/mt/1542483125/ms/au%2Conr/ipbits/0/ei/OG3wW91eyYqSBoLAjbgH/mn/sn-n4v7knl6%2Csn-a5ms7n7e/mm/31%2C26/playback_host/r2---sn-n4v7knl6.googlevideo.com/sparams/as%2Cei%2Chfr%2Cid%2Cinitcwndbps%2Cip%2Cipbits%2Citag%2Cmm%2Cmn%2Cms%2Cmv%2Cpl%2Cplayback_host%2Crequiressl%2Csource%2Cexpire/source/youtube/key/yt6/id/d0d24b9fd0ca4f75/itag/0/hfr/all/requiressl/yes/initcwndbps/1797500/fvip/2/ip/69.181.125.22", "width": 854, "tbr": 1155.0, "asr": null, "fps": 30, "language": null, "filesize": null, "container": "mp4_dash", "acodec": "none", "fragment_base_url": "https://r2---sn-n4v7knl6.googlevideo.com/videoplayback/id/d0d24b9fd0ca4f75/itag/135/source/yt_otf/requiressl/yes/mv/m/pl/22/ms/au,onr/ei/OG3wW91eyYqSBoLAjbgH/mn/sn-n4v7knl6,sn-a5ms7n7e/mm/31,26/initcwndbps/1797500/ratebypass/yes/mime/video%2Fmp4/otfp/1/otf/1/lmt/1459059449428978/mt/1542483125/fvip/2/disable_polymer/true/ip/69.181.125.22/ipbits/0/expire/1542504856/sparams/ip,ipbits,expire,id,itag,source,requiressl,mv,pl,ms,ei,mn,mm,initcwndbps,ratebypass,mime,otfp,otf,lmt/signature/83F10B3A98A6EED754324962EC59E7018263C561.63FA5C4A123E1C40DCC24476353A9F574FA711E5/key/dg_yt0/", "fragments": [{"path": "sq/0"}, {"path": "sq/1/dur/5.339", "duration": 5.339}, {"path": "sq/2/dur/5.338", "duration": 5.338}, {"path": "sq/3/dur/5.339", "duration": 5.339}, {"path": "sq/4/dur/5.339", "duration": 5.339}, {"path": "sq/5/dur/5.338", "duration": 5.338}, {"path": "sq/6/dur/5.339", "duration": 5.339}, {"path": "sq/7/dur/5.339", "duration": 5.339}, {"path": "sq/8/dur/5.338", "duration": 5.338}, {"path": "sq/9/dur/5.339", "duration": 5.339}, {"path": "sq/10/dur/5.339", "duration": 5.339}, {"path": "sq/11/dur/5.338", "duration": 5.338}, {"path": "sq/12/dur/5.339", "duration": 5.339}, {"path": "sq/13/dur/5.339", "duration": 5.339}, {"path": "sq/14/dur/5.338", "duration": 5.338}, {"path": "sq/15/dur/5.339", "duration": 5.339}, {"path": "sq/16/dur/5.339", "duration": 5.339}, {"path": "sq/17/dur/5.338", "duration": 5.338}, {"path": "sq/18/dur/5.339", "duration": 5.339}, {"path": "sq/19/dur/5.339", "duration": 5.339}, {"path": "sq/20/dur/5.338", "duration": 5.338}, {"path": "sq/21/dur/5.339", "duration": 5.339}, {"path": "sq/22/dur/5.339", "duration": 5.339}, {"path": "sq/23/dur/5.338", "duration": 5.338}, {"path": "sq/24/dur/5.339", "duration": 5.339}, {"path": "sq/25/dur/5.339", "duration": 5.339}, {"path": "sq/26/dur/5.338", "duration": 5.338}, {"path": "sq/27/dur/5.339", "duration": 5.339}, {"path": "sq/28/dur/5.339", "duration": 5.339}, {"path": "sq/29/dur/5.338", "duration": 5.338}, {"path": "sq/30/dur/5.339", "duration": 5.339}, {"path": "sq/31/dur/5.339", "duration": 5.339}, {"path": "sq/32/dur/5.338", "duration": 5.338}, {"path": "sq/33/dur/5.339", "duration": 5.339}, {"path": "sq/34/dur/5.339", "duration": 5.339}, {"path": "sq/35/dur/5.338", "duration": 5.338}, {"path": "sq/36/dur/5.339", "duration": 5.339}, {"path": "sq/37/dur/5.339", "duration": 5.339}, {"path": "sq/38/dur/5.338", "duration": 5.338}, {"path": "sq/39/dur/5.339", "duration": 5.339}, {"path": "sq/40/dur/5.339", "duration": 5.339}, {"path": "sq/41/dur/5.338", "duration": 5.338}, {"path": "sq/42/dur/5.339", "duration": 5.339}, {"path": "sq/43/dur/5.339", "duration": 5.339}, {"path": "sq/44/dur/5.338", "duration": 5.338}, {"path": "sq/45/dur/5.339", "duration": 5.339}, {"path": "sq/46/dur/5.339", "duration": 5.339}, {"path": "sq/47/dur/5.338", "duration": 5.338}, {"path": "sq/48/dur/5.339", "duration": 5.339}, {"path": "sq/49/dur/5.339", "duration": 5.339}, {"path": "sq/50/dur/5.338", "duration": 5.338}, {"path": "sq/51/dur/5.339", "duration": 5.339}, {"path": "sq/52/dur/5.339", "duration": 5.339}, {"path": "sq/53/dur/5.338", "duration": 5.338}, {"path": "sq/54/dur/5.339", "duration": 5.339}, {"path": "sq/55/dur/5.339", "duration": 5.339}, {"path": "sq/56/dur/5.338", "duration": 5.338}, {"path": "sq/57/dur/5.339", "duration": 5.339}, {"path": "sq/58/dur/5.339", "duration": 5.339}, {"path": "sq/59/dur/5.338", "duration": 5.338}, {"path": "sq/60/dur/5.339", "duration": 5.339}, {"path": "sq/61/dur/5.339", "duration": 5.339}, {"path": "sq/62/dur/5.338", "duration": 5.338}, {"path": "sq/63/dur/5.339", "duration": 5.339}, {"path": "sq/64/dur/5.339", "duration": 5.339}, {"path": "sq/65/dur/5.338", "duration": 5.338}, {"path": "sq/66/dur/5.339", "duration": 5.339}, {"path": "sq/67/dur/5.339", "duration": 5.339}, {"path": "sq/68/dur/5.338", "duration": 5.338}, {"path": "sq/69/dur/5.339", "duration": 5.339}, {"path": "sq/70/dur/5.339", "duration": 5.339}, {"path": "sq/71/dur/5.338", "duration": 5.338}, {"path": "sq/72/dur/5.339", "duration": 5.339}, {"path": "sq/73/dur/5.339", "duration": 5.339}, {"path": "sq/74/dur/5.338", "duration": 5.338}, {"path": "sq/75/dur/5.339", "duration": 5.339}, {"path": "sq/76/dur/5.339", "duration": 5.339}, {"path": "sq/77/dur/5.338", "duration": 5.338}, {"path": "sq/78/dur/5.339", "duration": 5.339}, {"path": "sq/79/dur/5.339", "duration": 5.339}, {"path": "sq/80/dur/5.338", "duration": 5.338}, {"path": "sq/81/dur/5.339", "duration": 5.339}, {"path": "sq/82/dur/5.339", "duration": 5.339}, {"path": "sq/83/dur/5.338", "duration": 5.338}, {"path": "sq/84/dur/5.339", "duration": 5.339}, {"path": "sq/85/dur/5.339", "duration": 5.339}, {"path": "sq/86/dur/5.338", "duration": 5.338}, {"path": "sq/87/dur/5.339", "duration": 5.339}, {"path": "sq/88/dur/5.339", "duration": 5.339}, {"path": "sq/89/dur/5.338", "duration": 5.338}, {"path": "sq/90/dur/5.339", "duration": 5.339}, {"path": "sq/91/dur/5.339", "duration": 5.339}, {"path": "sq/92/dur/5.338", "duration": 5.338}, {"path": "sq/93/dur/5.339", "duration": 5.339}, {"path": "sq/94/dur/5.339", "duration": 5.339}, {"path": "sq/95/dur/5.338", "duration": 5.338}, {"path": "sq/96/dur/5.339", "duration": 5.339}, {"path": "sq/97/dur/5.339", "duration": 5.339}, {"path": "sq/98/dur/5.338", "duration": 5.338}, {"path": "sq/99/dur/5.339", "duration": 5.339}, {"path": "sq/100/dur/5.339", "duration": 5.339}, {"path": "sq/101/dur/5.338", "duration": 5.338}, {"path": "sq/102/dur/5.339", "duration": 5.339}, {"path": "sq/103/dur/5.339", "duration": 5.339}, {"path": "sq/104/dur/5.338", "duration": 5.338}, {"path": "sq/105/dur/5.339", "duration": 5.339}, {"path": "sq/106/dur/5.339", "duration": 5.339}, {"path": "sq/107/dur/5.338", "duration": 5.338}, {"path": "sq/108/dur/5.339", "duration": 5.339}, {"path": "sq/109/dur/5.339", "duration": 5.339}, {"path": "sq/110/dur/5.338", "duration": 5.338}, {"path": "sq/111/dur/5.339", "duration": 5.339}, {"path": "sq/112/dur/5.339", "duration": 5.339}, {"path": "sq/113/dur/5.338", "duration": 5.338}, {"path": "sq/114/dur/5.339", "duration": 5.339}, {"path": "sq/115/dur/5.339", "duration": 5.339}, {"path": "sq/116/dur/5.338", "duration": 5.338}, {"path": "sq/117/dur/5.339", "duration": 5.339}, {"path": "sq/118/dur/5.339", "duration": 5.339}, {"path": "sq/119/dur/5.338", "duration": 5.338}, {"path": "sq/120/dur/5.339", "duration": 5.339}, {"path": "sq/121/dur/5.339", "duration": 5.339}, {"path": "sq/122/dur/5.338", "duration": 5.338}, {"path": "sq/123/dur/5.339", "duration": 5.339}, {"path": "sq/124/dur/5.339", "duration": 5.339}, {"path": "sq/125/dur/5.338", "duration": 5.338}, {"path": "sq/126/dur/5.339", "duration": 5.339}, {"path": "sq/127/dur/5.339", "duration": 5.339}, {"path": "sq/128/dur/5.338", "duration": 5.338}, {"path": "sq/129/dur/5.339", "duration": 5.339}, {"path": "sq/130/dur/5.339", "duration": 5.339}, {"path": "sq/131/dur/5.338", "duration": 5.338}, {"path": "sq/132/dur/5.339", "duration": 5.339}, {"path": "sq/133/dur/5.339", "duration": 5.339}, {"path": "sq/134/dur/5.338", "duration": 5.338}, {"path": "sq/135/dur/5.339", "duration": 5.339}, {"path": "sq/136/dur/5.339", "duration": 5.339}, {"path": "sq/137/dur/5.338", "duration": 5.338}, {"path": "sq/138/dur/5.339", "duration": 5.339}, {"path": "sq/139/dur/5.339", "duration": 5.339}, {"path": "sq/140/dur/5.338", "duration": 5.338}, {"path": "sq/141/dur/5.339", "duration": 5.339}, {"path": "sq/142/dur/5.339", "duration": 5.339}, {"path": "sq/143/dur/5.338", "duration": 5.338}, {"path": "sq/144/dur/5.339", "duration": 5.339}, {"path": "sq/145/dur/5.339", "duration": 5.339}, {"path": "sq/146/dur/5.338", "duration": 5.338}, {"path": "sq/147/dur/5.339", "duration": 5.339}, {"path": "sq/148/dur/5.339", "duration": 5.339}, {"path": "sq/149/dur/5.338", "duration": 5.338}, {"path": "sq/150/dur/5.339", "duration": 5.339}, {"path": "sq/151/dur/5.339", "duration": 5.339}, {"path": "sq/152/dur/5.338", "duration": 5.338}, {"path": "sq/153/dur/5.339", "duration": 5.339}, {"path": "sq/154/dur/5.339", "duration": 5.339}, {"path": "sq/155/dur/5.338", "duration": 5.338}, {"path": "sq/156/dur/5.339", "duration": 5.339}, {"path": "sq/157/dur/5.339", "duration": 5.339}, {"path": "sq/158/dur/5.338", "duration": 5.338}, {"path": "sq/159/dur/5.339", "duration": 5.339}, {"path": "sq/160/dur/5.339", "duration": 5.339}, {"path": "sq/161/dur/5.338", "duration": 5.338}, {"path": "sq/162/dur/5.339", "duration": 5.339}, {"path": "sq/163/dur/5.339", "duration": 5.339}, {"path": "sq/164/dur/5.338", "duration": 5.338}, {"path": "sq/165/dur/5.339", "duration": 5.339}, {"path": "sq/166/dur/5.339", "duration": 5.339}, {"path": "sq/167/dur/5.338", "duration": 5.338}, {"path": "sq/168/dur/5.339", "duration": 5.339}, {"path": "sq/169/dur/5.339", "duration": 5.339}, {"path": "sq/170/dur/5.338", "duration": 5.338}, {"path": "sq/171/dur/5.339", "duration": 5.339}, {"path": "sq/172/dur/5.339", "duration": 5.339}, {"path": "sq/173/dur/5.338", "duration": 5.338}, {"path": "sq/174/dur/5.339", "duration": 5.339}, {"path": "sq/175/dur/5.339", "duration": 5.339}, {"path": "sq/176/dur/5.338", "duration": 5.338}, {"path": "sq/177/dur/5.339", "duration": 5.339}, {"path": "sq/178/dur/5.339", "duration": 5.339}, {"path": "sq/179/dur/5.338", "duration": 5.338}, {"path": "sq/180/dur/5.339", "duration": 5.339}, {"path": "sq/181/dur/5.339", "duration": 5.339}, {"path": "sq/182/dur/5.338", "duration": 5.338}, {"path": "sq/183/dur/5.339", "duration": 5.339}, {"path": "sq/184/dur/5.339", "duration": 5.339}, {"path": "sq/185/dur/5.338", "duration": 5.338}, {"path": "sq/186/dur/5.339", "duration": 5.339}, {"path": "sq/187/dur/5.339", "duration": 5.339}, {"path": "sq/188/dur/5.338", "duration": 5.338}, {"path": "sq/189/dur/5.339", "duration": 5.339}, {"path": "sq/190/dur/5.339", "duration": 5.339}, {"path": "sq/191/dur/5.338", "duration": 5.338}, {"path": "sq/192/dur/5.339", "duration": 5.339}, {"path": "sq/193/dur/5.339", "duration": 5.339}, {"path": "sq/194/dur/5.338", "duration": 5.338}, {"path": "sq/195/dur/5.339", "duration": 5.339}, {"path": "sq/196/dur/5.339", "duration": 5.339}, {"path": "sq/197/dur/5.338", "duration": 5.338}, {"path": "sq/198/dur/5.339", "duration": 5.339}, {"path": "sq/199/dur/5.339", "duration": 5.339}, {"path": "sq/200/dur/5.338", "duration": 5.338}, {"path": "sq/201/dur/5.339", "duration": 5.339}, {"path": "sq/202/dur/5.339", "duration": 5.339}, {"path": "sq/203/dur/5.338", "duration": 5.338}, {"path": "sq/204/dur/5.339", "duration": 5.339}, {"path": "sq/205/dur/5.339", "duration": 5.339}, {"path": "sq/206/dur/5.338", "duration": 5.338}, {"path": "sq/207/dur/5.339", "duration": 5.339}, {"path": "sq/208/dur/5.339", "duration": 5.339}, {"path": "sq/209/dur/5.338", "duration": 5.338}, {"path": "sq/210/dur/5.339", "duration": 5.339}, {"path": "sq/211/dur/5.339", "duration": 5.339}, {"path": "sq/212/dur/5.338", "duration": 5.338}, {"path": "sq/213/dur/5.339", "duration": 5.339}, {"path": "sq/214/dur/5.339", "duration": 5.339}, {"path": "sq/215/dur/5.338", "duration": 5.338}, {"path": "sq/216/dur/5.339", "duration": 5.339}, {"path": "sq/217/dur/5.339", "duration": 5.339}, {"path": "sq/218/dur/3.036", "duration": 3.036}], "protocol": "http_dash_segments", "format": "135 - 854x480 (DASH video)", "http_headers": {"User-Agent": "Mozilla/5.0 (X11; Linux x86_64; rv:59.0) Gecko/20100101 Firefox/59.0", "Accept-Charset": "ISO-8859-1,utf-8;q=0.7,*;q=0.7", "Accept": "text/html,application/xhtml+xml,application/xml;q=0.9,*/*;q=0.8", "Accept-Encoding": "gzip, deflate", "Accept-Language": "en-us,en;q=0.5"}}, {"format_id": "17", "url": "https://r2---sn-n4v7knl6.googlevideo.com/videoplayback?signature=4F2D328A2E808E7299EE1C46FE5568ACBA77623A.0629429F57EF1B127A1144A6E0A2B84D54DCA864&source=youtube&requiressl=yes&expire=1542504854&mime=video%2F3gpp&id=o-AGi56jd-pyv5N4gJU-P3CUlf8qh8BIdCOs3z3Bs2xreJ&initcwndbps=1797500&ipbits=0&clen=6400978&dur=1161.694&key=yt6&lmt=1459059372475896&mv=m&sparams=clen%2Cdur%2Cei%2Cgir%2Cid%2Cinitcwndbps%2Cip%2Cipbits%2Citag%2Clmt%2Cmime%2Cmm%2Cmn%2Cms%2Cmv%2Cpl%2Crequiressl%2Csource%2Cexpire&ip=69.181.125.22&gir=yes&c=WEB&fvip=2&mn=sn-n4v7knl6%2Csn-n4v7sn7s&mm=31%2C29&ms=au%2Crdu&ei=Nm3wW-OzJ9Tfkgbpjrb4Aw&pl=22&itag=17&mt=1542483125&ratebypass=yes", "player_url": "/yts/jsbin/player_ias-vflof8Kxx/en_US/base.js", "ext": "3gp", "width": 176, "height": 144, "acodec": "mp4a.40.2", "abr": 24, "vcodec": "mp4v.20.3", "resolution": "176x144", "filesize": 6400978, "format_note": "small", "format": "17 - 176x144 (small)", "protocol": "https", "http_headers": {"User-Agent": "Mozilla/5.0 (X11; Linux x86_64; rv:59.0) Gecko/20100101 Firefox/59.0", "Accept-Charset": "ISO-8859-1,utf-8;q=0.7,*;q=0.7", "Accept": "text/html,application/xhtml+xml,application/xml;q=0.9,*/*;q=0.8", "Accept-Encoding": "gzip, deflate", "Accept-Language": "en-us,en;q=0.5"}}, {"format_id": "36", "url": "https://r2---sn-n4v7knl6.googlevideo.com/videoplayback?signature=A5FC99C7D3DE0EE2849A76D6894823B72B340B92.1303B6228D58CB902498E029BAA5F657A0FA2C37&source=youtube&requiressl=yes&expire=1542504854&mime=video%2F3gpp&id=o-AGi56jd-pyv5N4gJU-P3CUlf8qh8BIdCOs3z3Bs2xreJ&initcwndbps=1797500&ipbits=0&clen=20799149&dur=1161.694&key=yt6&lmt=1459059372494317&mv=m&sparams=clen%2Cdur%2Cei%2Cgir%2Cid%2Cinitcwndbps%2Cip%2Cipbits%2Citag%2Clmt%2Cmime%2Cmm%2Cmn%2Cms%2Cmv%2Cpl%2Crequiressl%2Csource%2Cexpire&ip=69.181.125.22&gir=yes&c=WEB&fvip=2&mn=sn-n4v7knl6%2Csn-n4v7sn7s&mm=31%2C29&ms=au%2Crdu&ei=Nm3wW-OzJ9Tfkgbpjrb4Aw&pl=22&itag=36&mt=1542483125&ratebypass=yes", "player_url": "/yts/jsbin/player_ias-vflof8Kxx/en_US/base.js", "ext": "3gp", "width": 320, "acodec": "mp4a.40.2", "vcodec": "mp4v.20.3", "resolution": "320x180", "height": 180, "filesize": 20799149, "format_note": "small", "format": "36 - 320x180 (small)", "protocol": "https", "http_headers": {"User-Agent": "Mozilla/5.0 (X11; Linux x86_64; rv:59.0) Gecko/20100101 Firefox/59.0", "Accept-Charset": "ISO-8859-1,utf-8;q=0.7,*;q=0.7", "Accept": "text/html,application/xhtml+xml,application/xml;q=0.9,*/*;q=0.8", "Accept-Encoding": "gzip, deflate", "Accept-Language": "en-us,en;q=0.5"}}, {"format_id": "18", "url": "https://r2---sn-n4v7knl6.googlevideo.com/videoplayback?signature=B1D66B0D35E70C57162B901E12F48D99D6CD4A68.025C5BB1F8F091D25401EBE2196E247341F3877B&source=youtube&requiressl=yes&expire=1542504854&mime=video%2Fmp4&id=o-AGi56jd-pyv5N4gJU-P3CUlf8qh8BIdCOs3z3Bs2xreJ&initcwndbps=1797500&ipbits=0&clen=35079627&dur=1161.624&key=yt6&lmt=1459059423112742&mv=m&sparams=clen%2Cdur%2Cei%2Cgir%2Cid%2Cinitcwndbps%2Cip%2Cipbits%2Citag%2Clmt%2Cmime%2Cmm%2Cmn%2Cms%2Cmv%2Cpl%2Cratebypass%2Crequiressl%2Csource%2Cexpire&ip=69.181.125.22&ratebypass=yes&gir=yes&c=WEB&fvip=2&mn=sn-n4v7knl6%2Csn-n4v7sn7s&mm=31%2C29&ms=au%2Crdu&ei=Nm3wW-OzJ9Tfkgbpjrb4Aw&pl=22&itag=18&mt=1542483125", "player_url": "/yts/jsbin/player_ias-vflof8Kxx/en_US/base.js", "ext": "mp4", "width": 640, "height": 360, "acodec": "mp4a.40.2", "abr": 96, "vcodec": "avc1.42001E", "resolution": "640x360", "filesize": 35079627, "format_note": "medium", "quality": 1, "format": "18 - 640x360 (medium)", "protocol": "https", "http_headers": {"User-Agent": "Mozilla/5.0 (X11; Linux x86_64; rv:59.0) Gecko/20100101 Firefox/59.0", "Accept-Charset": "ISO-8859-1,utf-8;q=0.7,*;q=0.7", "Accept": "text/html,application/xhtml+xml,application/xml;q=0.9,*/*;q=0.8", "Accept-Encoding": "gzip, deflate", "Accept-Language": "en-us,en;q=0.5"}}, {"format_id": "43", "url": "https://r2---sn-n4v7knl6.googlevideo.com/videoplayback?signature=01F9B013A7A433EB1561E4E821993B74E8AD68D6.8C1B247B1A3D182A5AC7AF3E4EE3467A61FF8C0E&source=youtube&requiressl=yes&expire=1542504854&mime=video%2Fwebm&id=o-AGi56jd-pyv5N4gJU-P3CUlf8qh8BIdCOs3z3Bs2xreJ&initcwndbps=1797500&ipbits=0&clen=35690808&dur=0.000&key=yt6&lmt=1459168682865261&mv=m&sparams=clen%2Cdur%2Cei%2Cgir%2Cid%2Cinitcwndbps%2Cip%2Cipbits%2Citag%2Clmt%2Cmime%2Cmm%2Cmn%2Cms%2Cmv%2Cpl%2Cratebypass%2Crequiressl%2Csource%2Cexpire&ip=69.181.125.22&ratebypass=yes&gir=yes&c=WEB&fvip=2&mn=sn-n4v7knl6%2Csn-n4v7sn7s&mm=31%2C29&ms=au%2Crdu&ei=Nm3wW-OzJ9Tfkgbpjrb4Aw&pl=22&itag=43&mt=1542483125", "player_url": "/yts/jsbin/player_ias-vflof8Kxx/en_US/base.js", "ext": "webm", "width": 640, "height": 360, "acodec": "vorbis", "abr": 128, "vcodec": "vp8.0", "resolution": "640x360", "filesize": 35690808, "format_note": "medium", "quality": 1, "format": "43 - 640x360 (medium)", "protocol": "https", "http_headers": {"User-Agent": "Mozilla/5.0 (X11; Linux x86_64; rv:59.0) Gecko/20100101 Firefox/59.0", "Accept-Charset": "ISO-8859-1,utf-8;q=0.7,*;q=0.7", "Accept": "text/html,application/xhtml+xml,application/xml;q=0.9,*/*;q=0.8", "Accept-Encoding": "gzip, deflate", "Accept-Language": "en-us,en;q=0.5"}}], "is_live": null, "start_time": null, "end_time": null, "series": null, "season_number": null, "episode_number": null, "track": null, "artist": null, "extractor": "youtube", "webpage_url_basename": "0NJLn9DKT3U", "extractor_key": "Youtube", "n_entries": 81, "playlist": "Natural Language Processing - Coursera [FULL COURSE] | University of Michigan", "playlist_id": "PLLssT5z_DsK8BdawOVCCaTCO99Ya58ryR", "playlist_title": "Natural Language Processing - Coursera [FULL COURSE] | University of Michigan", "playlist_uploader": "Artificial Intelligence - All in One", "playlist_uploader_id": "UC5zx8Owijmv-bbhAK6Z9apg", "playlist_index": 37, "thumbnails": [{"url": "https://i.ytimg.com/vi/0NJLn9DKT3U/hqdefault.jpg", "id": "0"}], "display_id": "0NJLn9DKT3U", "format_id": "43", "url": "https://r2---sn-n4v7knl6.googlevideo.com/videoplayback?signature=01F9B013A7A433EB1561E4E821993B74E8AD68D6.8C1B247B1A3D182A5AC7AF3E4EE3467A61FF8C0E&source=youtube&requiressl=yes&expire=1542504854&mime=video%2Fwebm&id=o-AGi56jd-pyv5N4gJU-P3CUlf8qh8BIdCOs3z3Bs2xreJ&initcwndbps=1797500&ipbits=0&clen=35690808&dur=0.000&key=yt6&lmt=1459168682865261&mv=m&sparams=clen%2Cdur%2Cei%2Cgir%2Cid%2Cinitcwndbps%2Cip%2Cipbits%2Citag%2Clmt%2Cmime%2Cmm%2Cmn%2Cms%2Cmv%2Cpl%2Cratebypass%2Crequiressl%2Csource%2Cexpire&ip=69.181.125.22&ratebypass=yes&gir=yes&c=WEB&fvip=2&mn=sn-n4v7knl6%2Csn-n4v7sn7s&mm=31%2C29&ms=au%2Crdu&ei=Nm3wW-OzJ9Tfkgbpjrb4Aw&pl=22&itag=43&mt=1542483125", "player_url": "/yts/jsbin/player_ias-vflof8Kxx/en_US/base.js", "ext": "webm", "width": 640, "height": 360, "acodec": "vorbis", "abr": 128, "vcodec": "vp8.0", "resolution": "640x360", "filesize": 35690808, "format_note": "medium", "quality": 1, "format": "43 - 640x360 (medium)", "protocol": "https", "http_headers": {"User-Agent": "Mozilla/5.0 (X11; Linux x86_64; rv:59.0) Gecko/20100101 Firefox/59.0", "Accept-Charset": "ISO-8859-1,utf-8;q=0.7,*;q=0.7", "Accept": "text/html,application/xhtml+xml,application/xml;q=0.9,*/*;q=0.8", "Accept-Encoding": "gzip, deflate", "Accept-Language": "en-us,en;q=0.5"}, "fulltitle": "Lecture 37 \u2014 Language Modeling (1/3) - Natural Language Processing | Michigan", "_filename": "Lecture 37 \u2014 Language Modeling (1_3) - Natural Language Processing _ Michigan-0NJLn9DKT3U.webm"}